0.193185 0.537063 -0 0.559574 0.99657
0.19563 0.537063 -0 0.560239 0.996481
0.38637 0.537063 -0 0.610834 0.986124
0.19563 0.537063 -0 0.560239 0.996481
0.391259 0.537063 -0 0.612089 0.985777
0.38637 0.537063 -0 0.610834 0.986124
0.38637 0.537063 -0 0.610834 0.986124
0.391259 0.537063 -0 0.612089 0.985777
0.579556 0.537063 -0 0.658379 0.96981
0.391259 0.537063 -0 0.612089 0.985777
0.586889 0.537063 -0 0.660093 0.969097
0.579556 0.537063 -0 0.658379 0.96981
0.579556 0.537063 -0 0.658379 0.96981
0.586889 0.537063 -0 0.660093 0.969097
0.772741 0.537063 -0 0.701096 0.949315
0.586889 0.537063 -0 0.660093 0.969097
0.782518 0.537063 -0 0.703119 0.948198
0.772741 0.537063 -0 0.701096 0.949315
0.772741 0.537063 -0 0.701096 0.949315
0.782518 0.537063 -0 0.703119 0.948198
0.965926 0.537063 -0 0.738572 0.926358
0.782518 0.537063 -0 0.703119 0.948198
0.978148 0.537063 -0 0.740767 0.924858
0.965926 0.537063 -0 0.738572 0.926358
0.965926 0.537063 -0 0.738572 0.926358
0.978148 0.537063 -0 0.740767 0.924858
1.15911 0.537063 -0 0.770931 0.902396
0.978148 0.537063 -0 0.740767 0.924858
1.17378 0.537063 -0 0.77319 0.900569
1.15911 0.537063 -0 0.770931 0.902396
1.15911 0.537063 -0 0.770931 0.902396
1.17378 0.537063 -0 0.77319 0.900569
1.3523 0.537063 -0 0.798618 0.878506
1.17378 0.537063 -0 0.77319 0.900569
1.36941 0.537063 -0 0.800864 0.87642
1.3523 0.537063 -0 0.798618 0.878506
1.3523 0.537063 -0 0.798618 0.878506
1.36941 0.537063 -0 0.800864 0.87642
1.54548 0.537063 -0 0.822213 0.855395
1.36941 0.537063 -0 0.800864 0.87642
1.56504 0.537063 -0 0.824396 0.853117
1.54548 0.537063 -0 0.822213 0.855395
1.54548 0.537063 -0 0.822213 0.855395
1.56504 0.537063 -0 0.824396 0.853117
1.73867 0.537063 -0 0.842316 0.833476
1.56504 0.537063 -0 0.824396 0.853117
1.76067 0.537063 -0 0.84441 0.831067
1.73867 0.537063 -0 0.842316 0.833476
1.73867 0.537063 -0 0.842316 0.833476
1.76067 0.537063 -0 0.84441 0.831067
1.93185 0.537063 -0 0.859485 0.812955
1.76067 0.537063 -0 0.84441 0.831067
1.9563 0.537063 -0 0.861474 0.810462
1.93185 0.537063 -0 0.859485 0.812955
1.93185 0.537063 -0 0.859485 0.812955
1.9563 0.537063 -0 0.861474 0.810462
2.12504 0.569402 -0 0.872242 0.787879
1.9563 0.537063 -0 0.861474 0.810462
2.15192 0.537063 -0 0.876085 0.791359
2.12504 0.569402 -0 0.872242 0.787879
0.190211 0.537063 -0 0.558765 0.996678
0.193185 0.537063 -0 0.559574 0.99657
0.380423 0.537063 -0 0.609304 0.986541
0.193185 0.537063 -0 0.559574 0.99657
0.38637 0.537063 -0 0.610834 0.986124
0.380423 0.537063 -0 0.609304 0.986541
0.380423 0.537063 -0 0.609304 0.986541
0.38637 0.537063 -0 0.610834 0.986124
0.570634 0.537063 -0 0.656284 0.970669
0.38637 0.537063 -0 0.610834 0.986124
0.579556 0.537063 -0 0.658379 0.96981
0.570634 0.537063 -0 0.656284 0.970669
0.570634 0.537063 -0 0.656284 0.970669
0.579556 0.537063 -0 0.658379 0.96981
0.760845 0.537063 -0 0.698616 0.950664
0.579556 0.537063 -0 0.658379 0.96981
0.772741 0.537063 -0 0.701096 0.949315
0.760845 0.537063 -0 0.698616 0.950664
0.760845 0.537063 -0 0.698616 0.950664
0.772741 0.537063 -0 0.701096 0.949315
0.951057 0.537063 -0 0.735873 0.928176
0.772741 0.537063 -0 0.701096 0.949315
0.965926 0.537063 -0 0.738572 0.926358
0.951057 0.537063 -0 0.735873 0.928176
0.951057 0.537063 -0 0.735873 0.928176
0.965926 0.537063 -0 0.738572 0.926358
1.14127 0.537063 -0 0.768146 0.90462
0.965926 0.537063 -0 0.738572 0.926358
1.15911 0.537063 -0 0.770931 0.902396
1.14127 0.537063 -0 0.768146 0.90462
1.14127 0.537063 -0 0.768146 0.90462
1.15911 0.537063 -0 0.770931 0.902396
1.33148 0.537063 -0 0.795842 0.881053
1.15911 0.537063 -0 0.770931 0.902396
1.3523 0.537063 -0 0.798618 0.878506
1.33148 0.537063 -0 0.795842 0.881053
1.33148 0.537063 -0 0.795842 0.881053
1.3523 0.537063 -0 0.798618 0.878506
1.52169 0.537063 -0 0.819507 0.858182
1.3523 0.537063 -0 0.798618 0.878506
1.54548 0.537063 -0 0.822213 0.855395
1.52169 0.537063 -0 0.819507 0.858182
1.52169 0.537063 -0 0.819507 0.858182
1.54548 0.537063 -0 0.822213 0.855395
1.7119 0.556231 -0 0.838545 0.832259
1.54548 0.537063 -0 0.822213 0.855395
1.73867 0.537063 -0 0.842316 0.833476
1.7119 0.556231 -0 0.838545 0.832259
1.7119 0.556231 -0 0.838545 0.832259
1.73867 0.537063 -0 0.842316 0.833476
1.90211 0.618034 -0 0.851997 0.799718
1.73867 0.537063 -0 0.842316 0.833476
1.93185 0.537063 -0 0.859485 0.812955
1.90211 0.618034 -0 0.851997 0.799718
1.90211 0.618034 -0 0.851997 0.799718
1.93185 0.537063 -0 0.859485 0.812955
2.09232 0.679837 -0 0.86302 0.770404
1.93185 0.537063 -0 0.859485 0.812955
2.12504 0.569402 -0 0.872242 0.787879
2.09232 0.679837 -0 0.86302 0.770404
2.09232 0.679837 -0 0.86302 0.770404
2.12504 0.569402 -0 0.872242 0.787879
2.47671 0.804731 0.04 0.882847 0.71312
0.186716 0.537063 -0 0.557813 0.996803
0.190211 0.537063 -0 0.558765 0.996678
0.373432 0.537063 -0 0.607501 0.987024
0.190211 0.537063 -0 0.558765 0.996678
0.380423 0.537063 -0 0.609304 0.986541
0.373432 0.537063 -0 0.607501 0.987024
0.373432 0.537063 -0 0.607501 0.987024
0.380423 0.537063 -0 0.609304 0.986541
0.560148 0.537063 -0 0.653808 0.971668
0.380423 0.537063 -0 0.609304 0.986541
0.570634 0.537063 -0 0.656284 0.970669
0.560148 0.537063 -0 0.653808 0.971668
0.560148 0.537063 -0 0.653808 0.971668
0.570634 0.537063 -0 0.656284 0.970669
0.746864 0.537063 -0 0.695675 0.952239
0.570634 0.537063 -0 0.656284 0.970669
0.760845 0.537063 -0 0.698616 0.950664
0.746864 0.537063 -0 0.695675 0.952239
0.746864 0.537063 -0 0.695675 0.952239
0.760845 0.537063 -0 0.698616 0.950664
0.93358 0.537063 -0 0.732662 0.930307
0.760845 0.537063 -0 0.698616 0.950664
0.951057 0.537063 -0 0.735873 0.928176
0.93358 0.537063 -0 0.732662 0.930307
0.93358 0.537063 -0 0.732662 0.930307
0.951057 0.537063 -0 0.735873 0.928176
1.1203 0.537063 -0 0.764822 0.907234
0.951057 0.537063 -0 0.735873 0.928176
1.14127 0.537063 -0 0.768146 0.90462
1.1203 0.537063 -0 0.764822 0.907234
1.1203 0.537063 -0 0.764822 0.907234
1.14127 0.537063 -0 0.768146 0.90462
1.30701 0.537063 -0 0.792517 0.884057
1.14127 0.537063 -0 0.768146 0.90462
1.33148 0.537063 -0 0.795842 0.881053
1.30701 0.537063 -0 0.792517 0.884057
1.30701 0.537063 -0 0.792517 0.884057
1.33148 0.537063 -0 0.795842 0.881053
1.49373 0.573389 -0 0.814061 0.852877
1.33148 0.537063 -0 0.795842 0.881053
1.52169 0.537063 -0 0.819507 0.858182
1.49373 0.573389 -0 0.814061 0.852877
1.49373 0.573389 -0 0.814061 0.852877
1.52169 0.537063 -0 0.819507 0.858182
1.68044 0.645062 -0 0.829863 0.816318
1.52169 0.537063 -0 0.819507 0.858182
1.7119 0.556231 -0 0.838545 0.832259
1.68044 0.645062 -0 0.829863 0.816318
1.68044 0.645062 -0 0.829863 0.816318
1.7119 0.556231 -0 0.838545 0.832259
1.86716 0.716736 -0 0.842697 0.783352
1.7119 0.556231 -0 0.838545 0.832259
1.90211 0.618034 -0 0.851997 0.799718
1.86716 0.716736 -0 0.842697 0.783352
1.86716 0.716736 -0 0.842697 0.783352
1.90211 0.618034 -0 0.851997 0.799718
2.05388 0.788409 -0 0.853174 0.753738
1.90211 0.618034 -0 0.851997 0.799718
2.09232 0.679837 -0 0.86302 0.770404
2.05388 0.788409 -0 0.853174 0.753738
2.05388 0.788409 -0 0.853174 0.753738
2.09232 0.679837 -0 0.86302 0.770404
2.4312 0.933249 0.04 0.871956 0.696051
2.09232 0.679837 -0 0.86302 0.770404
2.47671 0.804731 0.04 0.882847 0.71312
2.4312 0.933249 0.04 0.871956 0.696051
2.4312 0.933249 0.04 0.871956 0.696051
2.47671 0.804731 0.04 0.882847 0.71312
2.61791 1.00492 0.16 0.885614 0.654096
2.47671 0.804731 0.04 0.882847 0.71312
2.66692 0.866534 0.16 0.897258 0.671358
2.61791 1.00492 0.16 0.885614 0.654096
2.61791 1.00492 0.16 0.885614 0.654096
2.66692 0.866534 0.16 0.897258 0.671358
2.80463 1.0766 0.36 0.901597 0.59984
0.182709 0.537063 -0 0.556721 0.996943
0.186716 0.537063 -0 0.557813 0.996803
0.365418 0.537063 -0 0.605428 0.987568
0.186716 0.537063 -0 0.557813 0.996803
0.373432 0.537063 -0 0.607501 0.987024
0.365418 0.537063 -0 0.605428 0.987568
0.365418 0.537063 -0 0.605428 0.987568
0.373432 0.537063 -0 0.607501 0.987024
0.548127 0.537063 -0 0.650953 0.972796
0.373432 0.537063 -0 0.607501 0.987024
0.560148 0.537063 -0 0.653808 0.971668
0.548127 0.537063 -0 0.650953 0.972796
0.548127 0.537063 -0 0.650953 0.972796
0.560148 0.537063 -0 0.653808 0.971668
0.730836 0.537063 -0 0.692271 0.954026
0.560148 0.537063 -0 0.653808 0.971668
0.746864 0.537063 -0 0.695675 0.952239
0.730836 0.537063 -0 0.692271 0.954026
0.730836 0.537063 -0 0.692271 0.954026
0.746864 0.537063 -0 0.695675 0.952239
0.913545 0.537063 -0 0.728929 0.932736
0.746864 0.537063 -0 0.695675 0.952239
0.93358 0.537063 -0 0.732662 0.930307
0.913545 0.537063 -0 0.728929 0.932736
0.913545 0.537063 -0 0.728929 0.932736
0.93358 0.537063 -0 0.732662 0.930307
1.09625 0.537063 -0 0.760941 0.910229
0.93358 0.537063 -0 0.732662 0.930307
1.1203 0.537063 -0 0.764822 0.907234
1.09625 0.537063 -0 0.760941 0.910229
1.09625 0.537063 -0 0.760941 0.910229
1.1203 0.537063 -0 0.764822 0.907234
1.27896 0.569431 -0 0.786742 0.879167
1.1203 0.537063 -0 0.764822 0.907234
1.30701 0.537063 -0 0.792517 0.884057
1.27896 0.569431 -0 0.786742 0.879167
1.27896 0.569431 -0 0.786742 0.879167
1.30701 0.537063 -0 0.792517 0.884057
1.46167 0.650779 -0 0.805463 0.838196
1.30701 0.537063 -0 0.792517 0.884057
1.49373 0.573389 -0 0.814061 0.852877
1.46167 0.650779 -0 0.805463 0.838196
1.46167 0.650779 -0 0.805463 0.838196
1.49373 0.573389 -0 0.814061 0.852877
1.64438 0.732126 -0 0.820565 0.801099
1.49373 0.573389 -0 0.814061 0.852877
1.68044 0.645062 -0 0.829863 0.816318
1.64438 0.732126 -0 0.820565 0.801099
1.64438 0.732126 -0 0.820565 0.801099
1.68044 0.645062 -0 0.829863 0.816318
1.82709 0.813473 -0 0.832786 0.76775
1.68044 0.645062 -0 0.829863 0.816318
1.86716 0.716736 -0 0.842697 0.783352
1.82709 0.813473 -0 0.832786 0.76775
1.82709 0.813473 -0 0.832786 0.76775
1.86716 0.716736 -0 0.842697 0.783352
2.0098 0.894821 -0 0.842726 0.737868
1.86716 0.716736 -0 0.842697 0.783352
2.05388 0.788409 -0 0.853174 0.753738
2.0098 0.894821 -0 0.842726 0.737868
2.0098 0.894821 -0 0.842726 0.737868
2.05388 0.788409 -0 0.853174 0.753738
2.37902 1.05921 0.04 0.860487 0.67983
2.05388 0.788409 -0 0.853174 0.753738
2.4312 0.933249 0.04 0.871956 0.696051
2.37902 1.05921 0.04 0.860487 0.67983
2.37902 1.05921 0.04 0.860487 0.67983
2.4312 0.933249 0.04 0.871956 0.696051
2.56173 1.14056 0.16 0.873414 0.637715
2.4312 0.933249 0.04 0.871956 0.696051
2.61791 1.00492 0.16 0.885614 0.654096
2.56173 1.14056 0.16 0.873414 0.637715
2.56173 1.14056 0.16 0.873414 0.637715
2.61791 1.00492 0.16 0.885614 0.654096
2.74444 1.2219 0.36 0.888499 0.583409
2.61791 1.00492 0.16 0.885614 0.654096
2.80463 1.0766 0.36 0.901597 0.59984
2.74444 1.2219 0.36 0.888499 0.583409
2.74444 1.2219 0.36 0.888499 0.583409
2.80463 1.0766 0.36 0.901597 0.59984
2.92715 1.30325 0.64 0.904103 0.516148
0.178201 0.537063 -0 0.555491 0.997096
0.182709 0.537063 -0 0.556721 0.996943
0.356403 0.537063 -0 0.603088 0.988167
0.182709 0.537063 -0 0.556721 0.996943
0.365418 0.537063 -0 0.605428 0.987568
0.356403 0.537063 -0 0.603088 0.988167
0.356403 0.537063 -0 0.603088 0.988167
0.365418 0.537063 -0 0.605428 0.987568
0.534604 0.537063 -0 0.647718 0.974045
0.365418 0.537063 -0 0.605428 0.987568
0.548127 0.537063 -0 0.650953 0.972796
0.534604 0.537063 -0 0.647718 0.974045
0.534604 0.537063 -0 0.647718 0.974045
0.548127 0.537063 -0 0.650953 0.972796
0.712805 0.537063 -0 0.688397 0.956014
0.548127 0.537063 -0 0.650953 0.972796
0.730836 0.537063 -0 0.692271 0.954026
0.712805 0.537063 -0 0.688397 0.956014
0.712805 0.537063 -0 0.688397 0.956014
0.730836 0.537063 -0 0.692271 0.954026
0.891007 0.537063 -0 0.724662 0.935452
0.730836 0.537063 -0 0.692271 0.954026
0.913545 0.537063 -0 0.728929 0.932736
0.891007 0.537063 -0 0.724662 0.935452
0.891007 0.537063 -0 0.724662 0.935452
0.913545 0.537063 -0 0.728929 0.932736
1.06921 0.544789 -0 0.756072 0.911431
0.913545 0.537063 -0 0.728929 0.932736
1.09625 0.537063 -0 0.760941 0.910229
1.06921 0.544789 -0 0.756072 0.911431
1.06921 0.544789 -0 0.756072 0.911431
1.09625 0.537063 -0 0.760941 0.910229
1.24741 0.635587 -0 0.778354 0.865833
1.09625 0.537063 -0 0.760941 0.910229
1.27896 0.569431 -0 0.786742 0.879167
1.24741 0.635587 -0 0.778354 0.865833
1.24741 0.635587 -0 0.778354 0.865833
1.27896 0.569431 -0 0.786742 0.879167
1.42561 0.726385 -0 0.796271 0.824185
1.27896 0.569431 -0 0.786742 0.879167
1.46167 0.650779 -0 0.805463 0.838196
1.42561 0.726385 -0 0.796271 0.824185
1.42561 0.726385 -0 0.796271 0.824185
1.46167 0.650779 -0 0.805463 0.838196
1.60381 0.817183 -0 0.810673 0.786597
1.46167 0.650779 -0 0.805463 0.838196
1.64438 0.732126 -0 0.820565 0.801099
1.60381 0.817183 -0 0.810673 0.786597
1.60381 0.817183 -0 0.810673 0.786597
1.64438 0.732126 -0 0.820565 0.801099
1.78201 0.907981 -0 0.822285 0.7529
1.64438 0.732126 -0 0.820565 0.801099
1.82709 0.813473 -0 0.832786 0.76775
1.78201 0.907981 -0 0.822285 0.7529
1.78201 0.907981 -0 0.822285 0.7529
1.82709 0.813473 -0 0.832786 0.76775
1.96021 0.998779 -0 0.831696 0.72278
1.82709 0.813473 -0 0.832786 0.76775
2.0098 0.894821 -0 0.842726 0.737868
1.96021 0.998779 -0 0.831696 0.72278
1.96021 0.998779 -0 0.831696 0.72278
2.0098 0.894821 -0 0.842726 0.737868
2.32033 1.18227 0.04 0.84846 0.664442
2.0098 0.894821 -0 0.842726 0.737868
2.37902 1.05921 0.04 0.860487 0.67983
2.32033 1.18227 0.04 0.84846 0.664442
2.32033 1.18227 0.04 0.84846 0.664442
2.37902 1.05921 0.04 0.860487 0.67983
2.49853 1.27306 0.16 0.860675 0.622194
2.37902 1.05921 0.04 0.860487 0.67983
2.56173 1.14056 0.16 0.873414 0.637715
2.49853 1.27306 0.16 0.860675 0.622194
2.49853 1.27306 0.16 0.860675 0.622194
2.56173 1.14056 0.16 0.873414 0.637715
2.67673 1.36386 0.36 0.874891 0.567861
2.56173 1.14056 0.16 0.873414 0.637715
2.74444 1.2219 0.36 0.888499 0.583409
2.67673 1.36386 0.36 0.874891 0.567861
2.67673 1.36386 0.36 0.874891 0.567861
2.74444 1.2219 0.36 0.888499 0.583409
2.85493 1.45466 0.64 0.889514 0.500801
2.74444 1.2219 0.36 0.888499 0.583409
2.92715 1.30325 0.64 0.904103 0.516148
2.85493 1.45466 0.64 0.889514 0.500801
2.85493 1.45466 0.64 0.889514 0.500801
2.92715 1.30325 0.64 0.904103 0.516148
3.03313 1.54546 1 0.902505 0.421224
0.173205 0.537063 -0 0.554127 0.997261
0.178201 0.537063 -0 0.555491 0.997096
0.34641 0.537063 -0 0.600486 0.988816
0.178201 0.537063 -0 0.555491 0.997096
0.356403 0.537063 -0 0.603088 0.988167
0.34641 0.537063 -0 0.600486 0.988816
0.34641 0.537063 -0 0.600486 0.988816
0.356403 0.537063 -0 0.603088 0.988167
0.519615 0.537063 -0 0.644106 0.975402
0.356403 0.537063 -0 0.603088 0.988167
0.534604 0.537063 -0 0.647718 0.974045
0.519615 0.537063 -0 0.644106 0.975402
0.519615 0.537063 -0 0.644106 0.975402
0.534604 0.537063 -0 0.647718 0.974045
0.69282 0.537063 -0 0.68405 0.958187
0.534604 0.537063 -0 0.647718 0.974045
0.712805 0.537063 -0 0.688397 0.956014
0.69282 0.537063 -0 0.68405 0.958187
0.69282 0.537063 -0 0.68405 0.958187
0.712805 0.537063 -0 0.688397 0.956014
0.866025 0.537063 -0 0.719849 0.938438
0.712805 0.537063 -0 0.688397 0.956014
0.891007 0.537063 -0 0.724662 0.935452
0.866025 0.537063 -0 0.719849 0.938438
0.866025 0.537063 -0 0.719849 0.938438
0.891007 0.537063 -0 0.724662 0.935452
1.03923 0.6 -0 0.748056 0.899561
0.891007 0.537063 -0 0.724662 0.935452
1.06921 0.544789 -0 0.756072 0.911431
1.03923 0.6 -0 0.748056 0.899561
1.03923 0.6 -0 0.748056 0.899561
1.06921 0.544789 -0 0.756072 0.911431
1.21244 0.7 -0 0.769402 0.853117
1.06921 0.544789 -0 0.756072 0.911431
1.24741 0.635587 -0 0.778354 0.865833
1.21244 0.7 -0 0.769402 0.853117
1.21244 0.7 -0 0.769402 0.853117
1.24741 0.635587 -0 0.778354 0.865833
1.38564 0.8 -0 0.786508 0.810843
1.24741 0.635587 -0 0.778354 0.865833
1.42561 0.726385 -0 0.796271 0.824185
1.38564 0.8 -0 0.786508 0.810843
1.38564 0.8 -0 0.786508 0.810843
1.42561 0.726385 -0 0.796271 0.824185
1.55885 0.9 -0 0.800209 0.772806
1.42561 0.726385 -0 0.796271 0.824185
1.60381 0.817183 -0 0.810673 0.786597
1.55885 0.9 -0 0.800209 0.772806
1.55885 0.9 -0 0.800209 0.772806
1.60381 0.817183 -0 0.810673 0.786597
1.73205 1 -0 0.811216 0.738795
1.60381 0.817183 -0 0.810673 0.786597
1.78201 0.907981 -0 0.822285 0.7529
1.73205 1 -0 0.811216 0.738795
1.73205 1 -0 0.811216 0.738795
1.78201 0.907981 -0 0.822285 0.7529
1.90526 1.1 -0 0.820107 0.708464
1.78201 0.907981 -0 0.822285 0.7529
1.96021 0.998779 -0 0.831696 0.72278
1.90526 1.1 -0 0.820107 0.708464
1.90526 1.1 -0 0.820107 0.708464
1.96021 0.998779 -0 0.831696 0.72278
2.25527 1.30208 0.04 0.835895 0.64987
1.96021 0.998779 -0 0.831696 0.72278
2.32033 1.18227 0.04 0.84846 0.664442
2.25527 1.30208 0.04 0.835895 0.64987
2.25527 1.30208 0.04 0.835895 0.64987
2.32033 1.18227 0.04 0.84846 0.664442
2.42848 1.40208 0.16 0.847413 0.607514
2.32033 1.18227 0.04 0.84846 0.664442
2.49853 1.27306 0.16 0.860675 0.622194
2.42848 1.40208 0.16 0.847413 0.607514
2.42848 1.40208 0.16 0.847413 0.607514
2.49853 1.27306 0.16 0.860675 0.622194
2.60168 1.50208 0.36 0.860788 0.553175
2.49853 1.27306 0.16 0.860675 0.622194
2.67673 1.36386 0.36 0.874891 0.567861
2.60168 1.50208 0.36 0.860788 0.553175
2.60168 1.50208 0.36 0.860788 0.553175
2.67673 1.36386 0.36 0.874891 0.567861
2.77489 1.60208 0.64 0.87447 0.486323
2.67673 1.36386 0.36 0.874891 0.567861
2.85493 1.45466 0.64 0.889514 0.500801
2.77489 1.60208 0.64 0.87447 0.486323
2.77489 1.60208 0.64 0.87447 0.486323
2.85493 1.45466 0.64 0.889514 0.500801
2.94809 1.70208 1 0.886496 0.407296
2.85493 1.45466 0.64 0.889514 0.500801
3.03313 1.54546 1 0.902505 0.421224
2.94809 1.70208 1 0.886496 0.407296
2.94809 1.70208 1 0.886496 0.407296
3.03313 1.54546 1 0.902505 0.421224
3.1213 1.80208 1.44 0.894663 0.318035
0.167734 0.537063 -0 0.552633 0.997437
0.173205 0.537063 -0 0.554127 0.997261
0.335468 0.537063 -0 0.597626 0.989508
0.173205 0.537063 -0 0.554127 0.997261
0.34641 0.537063 -0 0.600486 0.988816
0.335468 0.537063 -0 0.597626 0.989508
0.335468 0.537063 -0 0.597626 0.989508
0.34641 0.537063 -0 0.600486 0.988816
0.503202 0.537063 -0 0.640119 0.976857
0.34641 0.537063 -0 0.600486 0.988816
0.519615 0.537063 -0 0.644106 0.975402
0.503202 0.537063 -0 0.640119 0.976857
0.503202 0.537063 -0 0.640119 0.976857
0.519615 0.537063 -0 0.644106 0.975402
0.670936 0.537063 -0 0.679227 0.960528
0.519615 0.537063 -0 0.644106 0.975402
0.69282 0.537063 -0 0.68405 0.958187
0.670936 0.537063 -0 0.679227 0.960528
0.670936 0.537063 -0 0.679227 0.960528
0.69282 0.537063 -0 0.68405 0.958187
0.838671 0.544639 -0 0.714128 0.939371
0.69282 0.537063 -0 0.68405 0.958187
0.866025 0.537063 -0 0.719849 0.938438
0.838671 0.544639 -0 0.714128 0.939371
0.838671 0.544639 -0 0.714128 0.939371
0.866025 0.537063 -0 0.719849 0.938438
1.0064 0.653567 -0 0.739515 0.888249
0.866025 0.537063 -0 0.719849 0.938438
1.03923 0.6 -0 0.748056 0.899561
1.0064 0.653567 -0 0.739515 0.888249
1.0064 0.653567 -0 0.739515 0.888249
1.03923 0.6 -0 0.748056 0.899561
1.17414 0.762495 -0 0.759907 0.841017
1.03923 0.6 -0 0.748056 0.899561
1.21244 0.7 -0 0.769402 0.853117
1.17414 0.762495 -0 0.759907 0.841017
1.17414 0.762495 -0 0.759907 0.841017
1.21244 0.7 -0 0.769402 0.853117
1.34187 0.871422 -0 0.776193 0.798168
1.21244 0.7 -0 0.769402 0.853117
1.38564 0.8 -0 0.786508 0.810843
1.34187 0.871422 -0 0.776193 0.798168
1.34187 0.871422 -0 0.776193 0.798168
1.38564 0.8 -0 0.786508 0.810843
1.50961 0.98035 -0 0.789193 0.759721
1.38564 0.8 -0 0.786508 0.810843
1.55885 0.9 -0 0.800209 0.772806
1.50961 0.98035 -0 0.789193 0.759721
1.50961 0.98035 -0 0.789193 0.759721
1.55885 0.9 -0 0.800209 0.772806
1.67734 1.08928 -0 0.799601 0.725428
1.55885 0.9 -0 0.800209 0.772806
1.73205 1 -0 0.811216 0.738795
1.67734 1.08928 -0 0.799601 0.725428
1.67734 1.08928 -0 0.799601 0.725428
1.73205 1 -0 0.811216 0.738795
1.84508 1.19821 -0 0.807978 0.694911
1.73205 1 -0 0.811216 0.738795
1.90526 1.1 -0 0.820107 0.708464
1.84508 1.19821 -0 0.807978 0.694911
1.84508 1.19821 -0 0.807978 0.694911
1.90526 1.1 -0 0.820107 0.708464
2.18404 1.41833 0.04 0.822811 0.6361
1.90526 1.1 -0 0.820107 0.708464
2.25527 1.30208 0.04 0.835895 0.64987
2.18404 1.41833 0.04 0.822811 0.6361
2.18404 1.41833 0.04 0.822811 0.6361
2.25527 1.30208 0.04 0.835895 0.64987
2.35177 1.52726 0.16 0.833648 0.593659
2.25527 1.30208 0.04 0.835895 0.64987
2.42848 1.40208 0.16 0.847413 0.607514
2.35177 1.52726 0.16 0.833648 0.593659
2.35177 1.52726 0.16 0.833648 0.593659
2.42848 1.40208 0.16 0.847413 0.607514
2.5195 1.63618 0.36 0.846203 0.539332
2.42848 1.40208 0.16 0.847413 0.607514
2.60168 1.50208 0.36 0.860788 0.553175
2.5195 1.63618 0.36 0.846203 0.539332
2.5195 1.63618 0.36 0.846203 0.539332
2.60168 1.50208 0.36 0.860788 0.553175
2.68724 1.74511 0.64 0.85898 0.472693
2.60168 1.50208 0.36 0.860788 0.553175
2.77489 1.60208 0.64 0.87447 0.486323
2.68724 1.74511 0.64 0.85898 0.472693
2.68724 1.74511 0.64 0.85898 0.472693
2.77489 1.60208 0.64 0.87447 0.486323
2.85497 1.85404 1 0.870092 0.394195
2.77489 1.60208 0.64 0.87447 0.486323
2.94809 1.70208 1 0.886496 0.407296
2.85497 1.85404 1 0.870092 0.394195
2.85497 1.85404 1 0.870092 0.394195
2.94809 1.70208 1 0.886496 0.407296
3.02271 1.96297 1.44 0.87744 0.305886
2.94809 1.70208 1 0.886496 0.407296
3.1213 1.80208 1.44 0.894663 0.318035
3.02271 1.96297 1.44 0.87744 0.305886
3.02271 1.96297 1.44 0.87744 0.305886
3.1213 1.80208 1.44 0.894663 0.318035
3.19044 2.0719 1.96 0.879203 0.211676
0.161803 0.537063 -0 0.551011 0.997621
0.167734 0.537063 -0 0.552633 0.997437
0.323607 0.537063 -0 0.594513 0.990234
0.167734 0.537063 -0 0.552633 0.997437
0.335468 0.537063 -0 0.597626 0.989508
0.323607 0.537063 -0 0.594513 0.990234
0.323607 0.537063 -0 0.594513 0.990234
0.335468 0.537063 -0 0.597626 0.989508
0.48541 0.537063 -0 0.635761 0.978393
0.335468 0.537063 -0 0.597626 0.989508
0.503202 0.537063 -0 0.640119 0.976857
0.48541 0.537063 -0 0.635761 0.978393
0.48541 0.537063 -0 0.635761 0.978393
0.503202 0.537063 -0 0.640119 0.976857
0.647214 0.537063 -0 0.673924 0.963017
0.503202 0.537063 -0 0.640119 0.976857
0.670936 0.537063 -0 0.679227 0.960528
0.647214 0.537063 -0 0.673924 0.963017
0.647214 0.537063 -0 0.673924 0.963017
0.670936 0.537063 -0 0.679227 0.960528
0.809017 0.587785 -0 0.706219 0.929597
0.670936 0.537063 -0 0.679227 0.960528
0.838671 0.544639 -0 0.714128 0.939371
0.809017 0.587785 -0 0.706219 0.929597
0.809017 0.587785 -0 0.706219 0.929597
0.838671 0.544639 -0 0.714128 0.939371
0.97082 0.705342 -0 0.730472 0.8775
0.838671 0.544639 -0 0.714128 0.939371
1.0064 0.653567 -0 0.739515 0.888249
0.97082 0.705342 -0 0.730472 0.8775
0.97082 0.705342 -0 0.730472 0.8775
1.0064 0.653567 -0 0.739515 0.888249
1.13262 0.822899 -0 0.749891 0.829538
1.0064 0.653567 -0 0.739515 0.888249
1.17414 0.762495 -0 0.759907 0.841017
1.13262 0.822899 -0 0.749891 0.829538
1.13262 0.822899 -0 0.749891 0.829538
1.17414 0.762495 -0 0.759907 0.841017
1.29443 0.940456 -0 0.76535 0.786159
1.17414 0.762495 -0 0.759907 0.841017
1.34187 0.871422 -0 0.776193 0.798168
1.29443 0.940456 -0 0.76535 0.786159
1.29443 0.940456 -0 0.76535 0.786159
1.34187 0.871422 -0 0.776193 0.798168
1.45623 1.05801 -0 0.777649 0.747339
1.34187 0.871422 -0 0.776193 0.798168
1.50961 0.98035 -0 0.789193 0.759721
1.45623 1.05801 -0 0.777649 0.747339
1.45623 1.05801 -0 0.777649 0.747339
1.50961 0.98035 -0 0.789193 0.759721
1.61803 1.17557 -0 0.787462 0.712793
1.50961 0.98035 -0 0.789193 0.759721
1.67734 1.08928 -0 0.799601 0.725428
1.61803 1.17557 -0 0.787462 0.712793
1.61803 1.17557 -0 0.787462 0.712793
1.67734 1.08928 -0 0.799601 0.725428
1.77984 1.29313 -0 0.795333 0.682113
1.67734 1.08928 -0 0.799601 0.725428
1.84508 1.19821 -0 0.807978 0.694911
1.77984 1.29313 -0 0.795333 0.682113
1.77984 1.29313 -0 0.795333 0.682113
1.84508 1.19821 -0 0.807978 0.694911
2.10681 1.53069 0.04 0.80923 0.623122
1.84508 1.19821 -0 0.807978 0.694911
2.18404 1.41833 0.04 0.822811 0.6361
2.10681 1.53069 0.04 0.80923 0.623122
2.10681 1.53069 0.04 0.80923 0.623122
2.18404 1.41833 0.04 0.822811 0.6361
2.26862 1.64825 0.16 0.819399 0.580615
2.18404 1.41833 0.04 0.822811 0.6361
2.35177 1.52726 0.16 0.833648 0.593659
2.26862 1.64825 0.16 0.819399 0.580615
2.26862 1.64825 0.16 0.819399 0.580615
2.35177 1.52726 0.16 0.833648 0.593659
2.43042 1.7658 0.36 0.831153 0.526317
2.35177 1.52726 0.16 0.833648 0.593659
2.5195 1.63618 0.36 0.846203 0.539332
2.43042 1.7658 0.36 0.831153 0.526317
2.43042 1.7658 0.36 0.831153 0.526317
2.5195 1.63618 0.36 0.846203 0.539332
2.59222 1.88336 0.64 0.843055 0.459893
2.5195 1.63618 0.36 0.846203 0.539332
2.68724 1.74511 0.64 0.85898 0.472693
2.59222 1.88336 0.64 0.843055 0.459893
2.59222 1.88336 0.64 0.843055 0.459893
2.68724 1.74511 0.64 0.85898 0.472693
2.75403 2.00092 1 0.853298 0.381905
2.68724 1.74511 0.64 0.85898 0.472693
2.85497 1.85404 1 0.870092 0.394195
2.75403 2.00092 1 0.853298 0.381905
2.75403 2.00092 1 0.853298 0.381905
2.85497 1.85404 1 0.870092 0.394195
2.91583 2.11847 1.44 0.859886 0.294494
2.85497 1.85404 1 0.870092 0.394195
3.02271 1.96297 1.44 0.87744 0.305886
2.91583 2.11847 1.44 0.859886 0.294494
2.91583 2.11847 1.44 0.859886 0.294494
3.02271 1.96297 1.44 0.87744 0.305886
3.07763 2.23603 1.96 0.861111 0.201612
3.02271 1.96297 1.44 0.87744 0.305886
3.19044 2.0719 1.96 0.879203 0.211676
3.07763 2.23603 1.96 0.861111 0.201612
3.07763 2.23603 1.96 0.861111 0.201612
3.19044 2.0719 1.96 0.879203 0.211676
3.23944 2.35359 2.56 0.856136 0.108385
0.155429 0.537063 -0 0.549266 0.99781
0.161803 0.537063 -0 0.551011 0.997621
0.310858 0.537063 -0 0.591154 0.990988
0.161803 0.537063 -0 0.551011 0.997621
0.323607 0.537063 -0 0.594513 0.990234
0.310858 0.537063 -0 0.591154 0.990988
0.310858 0.537063 -0 0.591154 0.990988
0.323607 0.537063 -0 0.594513 0.990234
0.466288 0.537063 -0 0.631034 0.979996
0.323607 0.537063 -0 0.594513 0.990234
0.48541 0.537063 -0 0.635761 0.978393
0.466288 0.537063 -0 0.631034 0.979996
0.466288 0.537063 -0 0.631034 0.979996
0.48541 0.537063 -0 0.635761 0.978393
0.621717 0.537063 -0 0.668138 0.965632
0.48541 0.537063 -0 0.635761 0.978393
0.647214 0.537063 -0 0.673924 0.963017
0.621717 0.537063 -0 0.668138 0.965632
0.621717 0.537063 -0 0.668138 0.965632
0.647214 0.537063 -0 0.673924 0.963017
0.777146 0.62932 -0 0.697858 0.920322
0.647214 0.537063 -0 0.673924 0.963017
0.809017 0.587785 -0 0.706219 0.929597
0.777146 0.62932 -0 0.697858 0.920322
0.777146 0.62932 -0 0.697858 0.920322
0.809017 0.587785 -0 0.706219 0.929597
0.932575 0.755184 -0 0.720945 0.867316
0.809017 0.587785 -0 0.706219 0.929597
0.97082 0.705342 -0 0.730472 0.8775
0.932575 0.755184 -0 0.720945 0.867316
0.932575 0.755184 -0 0.720945 0.867316
0.97082 0.705342 -0 0.730472 0.8775
1.088 0.881049 -0 0.739377 0.81868
0.97082 0.705342 -0 0.730472 0.8775
1.13262 0.822899 -0 0.749891 0.829538
1.088 0.881049 -0 0.739377 0.81868
1.088 0.881049 -0 0.739377 0.81868
1.13262 0.822899 -0 0.749891 0.829538
1.24343 1.00691 -0 0.754003 0.774815
1.13262 0.822899 -0 0.749891 0.829538
1.29443 0.940456 -0 0.76535 0.786159
1.24343 1.00691 -0 0.754003 0.774815
1.24343 1.00691 -0 0.754003 0.774815
1.29443 0.940456 -0 0.76535 0.786159
1.39886 1.13278 -0 0.765599 0.735657
1.29443 0.940456 -0 0.76535 0.786159
1.45623 1.05801 -0 0.777649 0.747339
1.39886 1.13278 -0 0.765599 0.735657
1.39886 1.13278 -0 0.765599 0.735657
1.45623 1.05801 -0 0.777649 0.747339
1.55429 1.25864 -0 0.774821 0.700885
1.45623 1.05801 -0 0.777649 0.747339
1.61803 1.17557 -0 0.787462 0.712793
1.55429 1.25864 -0 0.774821 0.700885
1.55429 1.25864 -0 0.774821 0.700885
1.61803 1.17557 -0 0.787462 0.712793
1.70972 1.3845 -0 0.782194 0.670064
1.61803 1.17557 -0 0.787462 0.712793
1.77984 1.29313 -0 0.795333 0.682113
1.70972 1.3845 -0 0.782194 0.670064
1.70972 1.3845 -0 0.782194 0.670064
1.77984 1.29313 -0 0.795333 0.682113
2.02381 1.63885 0.04 0.795174 0.610927
1.77984 1.29313 -0 0.795333 0.682113
2.10681 1.53069 0.04 0.80923 0.623122
2.02381 1.63885 0.04 0.795174 0.610927
2.02381 1.63885 0.04 0.795174 0.610927
2.10681 1.53069 0.04 0.80923 0.623122
2.17924 1.76472 0.16 0.804685 0.568372
2.10681 1.53069 0.04 0.80923 0.623122
2.26862 1.64825 0.16 0.819399 0.580615
2.17924 1.76472 0.16 0.804685 0.568372
2.17924 1.76472 0.16 0.804685 0.568372
2.26862 1.64825 0.16 0.819399 0.580615
2.33467 1.89058 0.36 0.815658 0.514116
2.26862 1.64825 0.16 0.819399 0.580615
2.43042 1.7658 0.36 0.831153 0.526317
2.33467 1.89058 0.36 0.815658 0.514116
2.33467 1.89058 0.36 0.815658 0.514116
2.43042 1.7658 0.36 0.831153 0.526317
2.4901 2.01645 0.64 0.826711 0.44791
2.43042 1.7658 0.36 0.831153 0.526317
2.59222 1.88336 0.64 0.843055 0.459893
2.4901 2.01645 0.64 0.826711 0.44791
2.4901 2.01645 0.64 0.826711 0.44791
2.59222 1.88336 0.64 0.843055 0.459893
2.64553 2.14231 1 0.836124 0.370411
2.59222 1.88336 0.64 0.843055 0.459893
2.75403 2.00092 1 0.853298 0.381905
2.64553 2.14231 1 0.836124 0.370411
2.64553 2.14231 1 0.836124 0.370411
2.75403 2.00092 1 0.853298 0.381905
2.80096 2.26817 1.44 0.842003 0.283845
2.75403 2.00092 1 0.853298 0.381905
2.91583 2.11847 1.44 0.859886 0.294494
2.80096 2.26817 1.44 0.842003 0.283845
2.80096 2.26817 1.44 0.842003 0.283845
2.91583 2.11847 1.44 0.859886 0.294494
2.95639 2.39404 1.96 0.84275 0.192203
2.91583 2.11847 1.44 0.859886 0.294494
3.07763 2.23603 1.96 0.861111 0.201612
2.95639 2.39404 1.96 0.84275 0.192203
2.95639 2.39404 1.96 0.84275 0.192203
3.07763 2.23603 1.96 0.861111 0.201612
3.11182 2.5199 2.56 0.837611 0.100565
3.07763 2.23603 1.96 0.861111 0.201612
3.23944 2.35359 2.56 0.856136 0.108385
3.11182 2.5199 2.56 0.837611 0.100565
0.148629 0.537063 -0 0.547403 0.998004
0.155429 0.537063 -0 0.549266 0.99781
0.297258 0.537063 -0 0.587556 0.991761
0.155429 0.537063 -0 0.549266 0.99781
0.310858 0.537063 -0 0.591154 0.990988
0.297258 0.537063 -0 0.587556 0.991761
0.297258 0.537063 -0 0.587556 0.991761
0.310858 0.537063 -0 0.591154 0.990988
0.445887 0.537063 -0 0.625944 0.98165
0.310858 0.537063 -0 0.591154 0.990988
0.466288 0.537063 -0 0.631034 0.979996
0.445887 0.537063 -0 0.625944 0.98165
0.445887 0.537063 -0 0.625944 0.98165
0.466288 0.537063 -0 0.631034 0.979996
0.594516 0.537063 -0 0.661869 0.96835
0.466288 0.537063 -0 0.631034 0.979996
0.621717 0.537063 -0 0.668138 0.965632
0.594516 0.537063 -0 0.661869 0.96835
0.594516 0.537063 -0 0.661869 0.96835
0.621717 0.537063 -0 0.668138 0.965632
0.743145 0.669131 -0 0.689066 0.911552
0.621717 0.537063 -0 0.668138 0.965632
0.777146 0.62932 -0 0.697858 0.920322
0.743145 0.669131 -0 0.689066 0.911552
0.743145 0.669131 -0 0.689066 0.911552
0.777146 0.62932 -0 0.697858 0.920322
0.891774 0.802957 -0 0.71096 0.857702
0.777146 0.62932 -0 0.697858 0.920322
0.932575 0.755184 -0 0.720945 0.867316
0.891774 0.802957 -0 0.71096 0.857702
0.891774 0.802957 -0 0.71096 0.857702
0.932575 0.755184 -0 0.720945 0.867316
1.0404 0.936783 -0 0.728388 0.808444
0.932575 0.755184 -0 0.720945 0.867316
1.088 0.881049 -0 0.739377 0.81868
1.0404 0.936783 -0 0.728388 0.808444
1.0404 0.936783 -0 0.728388 0.808444
1.088 0.881049 -0 0.739377 0.81868
1.18903 1.07061 -0 0.742173 0.764136
1.088 0.881049 -0 0.739377 0.81868
1.24343 1.00691 -0 0.754003 0.774815
1.18903 1.07061 -0 0.742173 0.764136
1.18903 1.07061 -0 0.742173 0.764136
1.24343 1.00691 -0 0.754003 0.774815
1.33766 1.20444 -0 0.753069 0.724673
1.24343 1.00691 -0 0.754003 0.774815
1.39886 1.13278 -0 0.765599 0.735657
1.33766 1.20444 -0 0.753069 0.724673
1.33766 1.20444 -0 0.753069 0.724673
1.39886 1.13278 -0 0.765599 0.735657
1.48629 1.33826 -0 0.761705 0.689701
1.39886 1.13278 -0 0.765599 0.735657
1.55429 1.25864 -0 0.774821 0.700885
1.48629 1.33826 -0 0.761705 0.689701
1.48629 1.33826 -0 0.761705 0.689701
1.55429 1.25864 -0 0.774821 0.700885
1.63492 1.47209 -0 0.768586 0.658758
1.55429 1.25864 -0 0.774821 0.700885
1.70972 1.3845 -0 0.782194 0.670064
1.63492 1.47209 -0 0.768586 0.658758
1.63492 1.47209 -0 0.768586 0.658758
1.70972 1.3845 -0 0.782194 0.670064
1.93527 1.74253 0.04 0.780665 0.599506
1.70972 1.3845 -0 0.782194 0.670064
2.02381 1.63885 0.04 0.795174 0.610927
1.93527 1.74253 0.04 0.780665 0.599506
1.93527 1.74253 0.04 0.780665 0.599506
2.02381 1.63885 0.04 0.795174 0.610927
2.0839 1.87635 0.16 0.78953 0.55692
2.02381 1.63885 0.04 0.795174 0.610927
2.17924 1.76472 0.16 0.804685 0.568372
2.0839 1.87635 0.16 0.78953 0.55692
2.0839 1.87635 0.16 0.78953 0.55692
2.17924 1.76472 0.16 0.804685 0.568372
2.23253 2.01018 0.36 0.799734 0.502718
2.17924 1.76472 0.16 0.804685 0.568372
2.33467 1.89058 0.36 0.815658 0.514116
2.23253 2.01018 0.36 0.799734 0.502718
2.23253 2.01018 0.36 0.799734 0.502718
2.33467 1.89058 0.36 0.815658 0.514116
2.38116 2.144 0.64 0.809963 0.436731
2.33467 1.89058 0.36 0.815658 0.514116
2.4901 2.01645 0.64 0.826711 0.44791
2.38116 2.144 0.64 0.809963 0.436731
2.38116 2.144 0.64 0.809963 0.436731
2.4901 2.01645 0.64 0.826711 0.44791
2.52979 2.27783 1 0.81858 0.359702
2.4901 2.01645 0.64 0.826711 0.44791
2.64553 2.14231 1 0.836124 0.370411
2.52979 2.27783 1 0.81858 0.359702
2.52979 2.27783 1 0.81858 0.359702
2.64553 2.14231 1 0.836124 0.370411
2.67842 2.41166 1.44 0.823798 0.273932
2.64553 2.14231 1 0.836124 0.370411
2.80096 2.26817 1.44 0.842003 0.283845
2.67842 2.41166 1.44 0.823798 0.273932
2.67842 2.41166 1.44 0.823798 0.273932
2.80096 2.26817 1.44 0.842003 0.283845
2.82704 2.54548 1.96 0.82412 0.183444
2.80096 2.26817 1.44 0.842003 0.283845
2.95639 2.39404 1.96 0.84275 0.192203
2.82704 2.54548 1.96 0.82412 0.183444
2.82704 2.54548 1.96 0.82412 0.183444
2.95639 2.39404 1.96 0.84275 0.192203
2.97567 2.67931 2.56 0.818871 0.093278
2.95639 2.39404 1.96 0.84275 0.192203
3.11182 2.5199 2.56 0.837611 0.100565
2.97567 2.67931 2.56 0.818871 0.093278
0.141421 0.537063 -0 0.545426 0.9982
0.148629 0.537063 -0 0.547403 0.998004
0.282843 0.537063 -0 0.583725 0.992545
0.148629 0.537063 -0 0.547403 0.998004
0.297258 0.537063 -0 0.587556 0.991761
0.282843 0.537063 -0 0.583725 0.992545
0.282843 0.537063 -0 0.583725 0.992545
0.297258 0.537063 -0 0.587556 0.991761
0.424264 0.537063 -0 0.620499 0.983337
0.297258 0.537063 -0 0.587556 0.991761
0.445887 0.537063 -0 0.625944 0.98165
0.424264 0.537063 -0 0.620499 0.983337
0.424264 0.537063 -0 0.620499 0.983337
0.445887 0.537063 -0 0.625944 0.98165
0.565685 0.565685 -0 0.65417 0.961696
0.445887 0.537063 -0 0.625944 0.98165
0.594516 0.537063 -0 0.661869 0.96835
0.565685 0.565685 -0 0.65417 0.961696
0.565685 0.565685 -0 0.65417 0.961696
0.594516 0.537063 -0 0.661869 0.96835
0.707107 0.707107 -0 0.679863 0.903293
0.594516 0.537063 -0 0.661869 0.96835
0.743145 0.669131 -0 0.689066 0.911552
0.707107 0.707107 -0 0.679863 0.903293
0.707107 0.707107 -0 0.679863 0.903293
0.743145 0.669131 -0 0.689066 0.911552
0.848528 0.848528 -0 0.700539 0.848664
0.743145 0.669131 -0 0.689066 0.911552
0.891774 0.802957 -0 0.71096 0.857702
0.848528 0.848528 -0 0.700539 0.848664
0.848528 0.848528 -0 0.700539 0.848664
0.891774 0.802957 -0 0.71096 0.857702
0.98995 0.98995 -0 0.716948 0.798834
0.891774 0.802957 -0 0.71096 0.857702
1.0404 0.936783 -0 0.728388 0.808444
0.98995 0.98995 -0 0.716948 0.798834
0.98995 0.98995 -0 0.716948 0.798834
1.0404 0.936783 -0 0.728388 0.808444
1.13137 1.13137 -0 0.729888 0.754123
1.0404 0.936783 -0 0.728388 0.808444
1.18903 1.07061 -0 0.742173 0.764136
1.13137 1.13137 -0 0.729888 0.754123
1.13137 1.13137 -0 0.729888 0.754123
1.18903 1.07061 -0 0.742173 0.764136
1.27279 1.27279 -0 0.740083 0.714386
1.18903 1.07061 -0 0.742173 0.764136
1.33766 1.20444 -0 0.753069 0.724673
1.27279 1.27279 -0 0.740083 0.714386
1.27279 1.27279 -0 0.740083 0.714386
1.33766 1.20444 -0 0.753069 0.724673
1.41421 1.41421 -0 0.748137 0.679239
1.33766 1.20444 -0 0.753069 0.724673
1.48629 1.33826 -0 0.761705 0.689701
1.41421 1.41421 -0 0.748137 0.679239
1.41421 1.41421 -0 0.748137 0.679239
1.48629 1.33826 -0 0.761705 0.689701
1.55563 1.55563 -0 0.754534 0.648194
1.48629 1.33826 -0 0.761705 0.689701
1.63492 1.47209 -0 0.768586 0.658758
1.55563 1.55563 -0 0.754534 0.648194
1.55563 1.55563 -0 0.754534 0.648194
1.63492 1.47209 -0 0.768586 0.658758
1.84142 1.84142 0.04 0.76573 0.588853
1.63492 1.47209 -0 0.768586 0.658758
1.93527 1.74253 0.04 0.780665 0.599506
1.84142 1.84142 0.04 0.76573 0.588853
1.84142 1.84142 0.04 0.76573 0.588853
1.93527 1.74253 0.04 0.780665 0.599506
1.98284 1.98284 0.16 0.773957 0.546251
1.93527 1.74253 0.04 0.780665 0.599506
2.0839 1.87635 0.16 0.78953 0.55692
1.98284 1.98284 0.16 0.773957 0.546251
1.98284 1.98284 0.16 0.773957 0.546251
2.0839 1.87635 0.16 0.78953 0.55692
2.12426 2.12426 0.36 0.783406 0.492115
2.0839 1.87635 0.16 0.78953 0.55692
2.23253 2.01018 0.36 0.799734 0.502718
2.12426 2.12426 0.36 0.783406 0.492115
2.12426 2.12426 0.36 0.783406 0.492115
2.23253 2.01018 0.36 0.799734 0.502718
2.26569 2.26569 0.64 0.792831 0.426348
2.23253 2.01018 0.36 0.799734 0.502718
2.38116 2.144 0.64 0.809963 0.436731
2.26569 2.26569 0.64 0.792831 0.426348
2.26569 2.26569 0.64 0.792831 0.426348
2.38116 2.144 0.64 0.809963 0.436731
2.40711 2.40711 1 0.800683 0.349769
2.38116 2.144 0.64 0.809963 0.436731
2.52979 2.27783 1 0.81858 0.359702
2.40711 2.40711 1 0.800683 0.349769
2.40711 2.40711 1 0.800683 0.349769
2.52979 2.27783 1 0.81858 0.359702
2.54853 2.54853 1.44 0.805278 0.264747
2.52979 2.27783 1 0.81858 0.359702
2.67842 2.41166 1.44 0.823798 0.273932
2.54853 2.54853 1.44 0.805278 0.264747
2.54853 2.54853 1.44 0.805278 0.264747
2.67842 2.41166 1.44 0.823798 0.273932
2.68995 2.68995 1.96 0.805225 0.175332
2.67842 2.41166 1.44 0.823798 0.273932
2.82704 2.54548 1.96 0.82412 0.183444
2.68995 2.68995 1.96 0.805225 0.175332
2.68995 2.68995 1.96 0.805225 0.175332
2.82704 2.54548 1.96 0.82412 0.183444
2.83137 2.83137 2.56 0.799914 0.0865263
2.82704 2.54548 1.96 0.82412 0.183444
2.97567 2.67931 2.56 0.818871 0.093278
2.83137 2.83137 2.56 0.799914 0.0865263
0.133826 0.537063 -0 0.54334 0.998395
0.141421 0.537063 -0 0.545426 0.9982
0.267652 0.537063 -0 0.579672 0.993331
0.141421 0.537063 -0 0.545426 0.9982
0.282843 0.537063 -0 0.583725 0.992545
0.267652 0.537063 -0 0.579672 0.993331
0.267652 0.537063 -0 0.579672 0.993331
0.282843 0.537063 -0 0.583725 0.992545
0.401478 0.537063 -0 0.614705 0.985039
0.282843 0.537063 -0 0.583725 0.992545
0.424264 0.537063 -0 0.620499 0.983337
0.401478 0.537063 -0 0.614705 0.985039
0.401478 0.537063 -0 0.614705 0.985039
0.424264 0.537063 -0 0.620499 0.983337
0.535304 0.594516 -0 0.646064 0.954904
0.424264 0.537063 -0 0.620499 0.983337
0.565685 0.565685 -0 0.65417 0.961696
0.535304 0.594516 -0 0.646064 0.954904
0.535304 0.594516 -0 0.646064 0.954904
0.565685 0.565685 -0 0.65417 0.961696
0.669131 0.743145 -0 0.670273 0.895549
0.565685 0.565685 -0 0.65417 0.961696
0.707107 0.707107 -0 0.679863 0.903293
0.669131 0.743145 -0 0.670273 0.895549
0.669131 0.743145 -0 0.670273 0.895549
0.707107 0.707107 -0 0.679863 0.903293
0.802957 0.891774 -0 0.689705 0.840202
0.707107 0.707107 -0 0.679863 0.903293
0.848528 0.848528 -0 0.700539 0.848664
0.802957 0.891774 -0 0.689705 0.840202
0.802957 0.891774 -0 0.689705 0.840202
0.848528 0.848528 -0 0.700539 0.848664
0.936783 1.0404 -0 0.705084 0.789851
0.848528 0.848528 -0 0.700539 0.848664
0.98995 0.98995 -0 0.716948 0.798834
0.936783 1.0404 -0 0.705084 0.789851
0.936783 1.0404 -0 0.705084 0.789851
0.98995 0.98995 -0 0.716948 0.798834
1.07061 1.18903 -0 0.717174 0.744775
0.98995 0.98995 -0 0.716948 0.798834
1.13137 1.13137 -0 0.729888 0.754123
1.07061 1.18903 -0 0.717174 0.744775
1.07061 1.18903 -0 0.717174 0.744775
1.13137 1.13137 -0 0.729888 0.754123
1.20444 1.33766 -0 0.726669 0.704797
1.13137 1.13137 -0 0.729888 0.754123
1.27279 1.27279 -0 0.740083 0.714386
1.20444 1.33766 -0 0.726669 0.704797
1.20444 1.33766 -0 0.726669 0.704797
1.27279 1.27279 -0 0.740083 0.714386
1.33826 1.48629 -0 0.734146 0.669497
1.27279 1.27279 -0 0.740083 0.714386
1.41421 1.41421 -0 0.748137 0.679239
1.33826 1.48629 -0 0.734146 0.669497
1.33826 1.48629 -0 0.734146 0.669497
1.41421 1.41421 -0 0.748137 0.679239
1.47209 1.63492 -0 0.740065 0.638366
1.41421 1.41421 -0 0.748137 0.679239
1.55563 1.55563 -0 0.754534 0.648194
1.47209 1.63492 -0 0.740065 0.638366
1.47209 1.63492 -0 0.740065 0.638366
1.55563 1.55563 -0 0.754534 0.648194
1.74253 1.93527 0.04 0.750394 0.578964
1.55563 1.55563 -0 0.754534 0.648194
1.84142 1.84142 0.04 0.76573 0.588853
1.74253 1.93527 0.04 0.750394 0.578964
1.74253 1.93527 0.04 0.750394 0.578964
1.84142 1.84142 0.04 0.76573 0.588853
1.87635 2.0839 0.16 0.757991 0.53636
1.84142 1.84142 0.04 0.76573 0.588853
1.98284 1.98284 0.16 0.773957 0.546251
1.87635 2.0839 0.16 0.757991 0.53636
1.87635 2.0839 0.16 0.757991 0.53636
1.98284 1.98284 0.16 0.773957 0.546251
2.01018 2.23253 0.36 0.766698 0.482299
1.98284 1.98284 0.16 0.773957 0.546251
2.12426 2.12426 0.36 0.783406 0.492115
2.01018 2.23253 0.36 0.766698 0.482299
2.01018 2.23253 0.36 0.766698 0.482299
2.12426 2.12426 0.36 0.783406 0.492115
2.144 2.38116 0.64 0.775336 0.416751
2.12426 2.12426 0.36 0.783406 0.492115
2.26569 2.26569 0.64 0.792831 0.426348
2.144 2.38116 0.64 0.775336 0.416751
2.144 2.38116 0.64 0.775336 0.416751
2.26569 2.26569 0.64 0.792831 0.426348
2.27783 2.52979 1 0.782448 0.340604
2.26569 2.26569 0.64 0.792831 0.426348
2.40711 2.40711 1 0.800683 0.349769
2.27783 2.52979 1 0.782448 0.340604
2.27783 2.52979 1 0.782448 0.340604
2.40711 2.40711 1 0.800683 0.349769
2.41166 2.67842 1.44 0.786458 0.256286
2.40711 2.40711 1 0.800683 0.349769
2.54853 2.54853 1.44 0.805278 0.264747
2.41166 2.67842 1.44 0.786458 0.256286
2.41166 2.67842 1.44 0.786458 0.256286
2.54853 2.54853 1.44 0.805278 0.264747
2.54548 2.82704 1.96 0.786071 0.167866
2.54853 2.54853 1.44 0.805278 0.264747
2.68995 2.68995 1.96 0.805225 0.175332
2.54548 2.82704 1.96 0.786071 0.167866
2.54548 2.82704 1.96 0.786071 0.167866
2.68995 2.68995 1.96 0.805225 0.175332
2.67931 2.97567 2.56 0.780743 0.0803141
2.68995 2.68995 1.96 0.805225 0.175332
2.83137 2.83137 2.56 0.799914 0.0865263
2.67931 2.97567 2.56 0.780743 0.0803141
0.125864 0.537063 -0 0.541152 0.998587
0.133826 0.537063 -0 0.54334 0.998395
0.251728 0.537063 -0 0.575405 0.994111
0.133826 0.537063 -0 0.54334 0.998395
0.267652 0.537063 -0 0.579672 0.993331
0.251728 0.537063 -0 0.575405 0.994111
0.251728 0.537063 -0 0.575405 0.994111
0.267652 0.537063 -0 0.579672 0.993331
0.377592 0.537063 -0 0.608575 0.986737
0.267652 0.537063 -0 0.579672 0.993331
0.401478 0.537063 -0 0.614705 0.985039
0.377592 0.537063 -0 0.608575 0.986737
0.377592 0.537063 -0 0.608575 0.986737
0.401478 0.537063 -0 0.614705 0.985039
0.503456 0.621717 -0 0.637629 0.948559
0.401478 0.537063 -0 0.614705 0.985039
0.535304 0.594516 -0 0.646064 0.954904
0.503456 0.621717 -0 0.637629 0.948559
0.503456 0.621717 -0 0.637629 0.948559
0.535304 0.594516 -0 0.646064 0.954904
0.62932 0.777146 -0 0.660319 0.888326
0.535304 0.594516 -0 0.646064 0.954904
0.669131 0.743145 -0 0.670273 0.895549
0.62932 0.777146 -0 0.660319 0.888326
0.62932 0.777146 -0 0.660319 0.888326
0.669131 0.743145 -0 0.670273 0.895549
0.755184 0.932575 -0 0.678485 0.832322
0.669131 0.743145 -0 0.670273 0.895549
0.802957 0.891774 -0 0.689705 0.840202
0.755184 0.932575 -0 0.678485 0.832322
0.755184 0.932575 -0 0.678485 0.832322
0.802957 0.891774 -0 0.689705 0.840202
0.881049 1.088 -0 0.692821 0.781499
0.802957 0.891774 -0 0.689705 0.840202
0.936783 1.0404 -0 0.705084 0.789851
0.881049 1.088 -0 0.692821 0.781499
0.881049 1.088 -0 0.692821 0.781499
0.936783 1.0404 -0 0.705084 0.789851
1.00691 1.24343 -0 0.704057 0.736096
0.936783 1.0404 -0 0.705084 0.789851
1.07061 1.18903 -0 0.717174 0.744775
1.00691 1.24343 -0 0.704057 0.736096
1.00691 1.24343 -0 0.704057 0.736096
1.07061 1.18903 -0 0.717174 0.744775
1.13278 1.39886 -0 0.712855 0.695904
1.07061 1.18903 -0 0.717174 0.744775
1.20444 1.33766 -0 0.726669 0.704797
1.13278 1.39886 -0 0.712855 0.695904
1.13278 1.39886 -0 0.712855 0.695904
1.20444 1.33766 -0 0.726669 0.704797
1.25864 1.55429 -0 0.71976 0.660474
1.20444 1.33766 -0 0.726669 0.704797
1.33826 1.48629 -0 0.734146 0.669497
1.25864 1.55429 -0 0.71976 0.660474
1.25864 1.55429 -0 0.71976 0.660474
1.33826 1.48629 -0 0.734146 0.669497
1.3845 1.70972 -0 0.725208 0.629274
1.33826 1.48629 -0 0.734146 0.669497
1.47209 1.63492 -0 0.740065 0.638366
1.3845 1.70972 -0 0.725208 0.629274
1.3845 1.70972 -0 0.725208 0.629274
1.47209 1.63492 -0 0.740065 0.638366
1.63885 2.02381 0.04 0.734687 0.569834
1.47209 1.63492 -0 0.740065 0.638366
1.74253 1.93527 0.04 0.750394 0.578964
1.63885 2.02381 0.04 0.734687 0.569834
1.63885 2.02381 0.04 0.734687 0.569834
1.74253 1.93527 0.04 0.750394 0.578964
1.76472 2.17924 0.16 0.741662 0.527241
1.74253 1.93527 0.04 0.750394 0.578964
1.87635 2.0839 0.16 0.757991 0.53636
1.76472 2.17924 0.16 0.741662 0.527241
1.76472 2.17924 0.16 0.741662 0.527241
1.87635 2.0839 0.16 0.757991 0.53636
1.89058 2.33467 0.36 0.749637 0.473264
1.87635 2.0839 0.16 0.757991 0.53636
2.01018 2.23253 0.36 0.766698 0.482299
1.89058 2.33467 0.36 0.749637 0.473264
1.89058 2.33467 0.36 0.749637 0.473264
2.01018 2.23253 0.36 0.766698 0.482299
2.01645 2.4901 0.64 0.757501 0.407935
2.01018 2.23253 0.36 0.766698 0.482299
2.144 2.38116 0.64 0.775336 0.416751
2.01645 2.4901 0.64 0.757501 0.407935
2.01645 2.4901 0.64 0.757501 0.407935
2.144 2.38116 0.64 0.775336 0.416751
2.14231 2.64553 1 0.763896 0.332202
2.144 2.38116 0.64 0.775336 0.416751
2.27783 2.52979 1 0.782448 0.340604
2.14231 2.64553 1 0.763896 0.332202
2.14231 2.64553 1 0.763896 0.332202
2.27783 2.52979 1 0.782448 0.340604
2.26817 2.80096 1.44 0.767351 0.248542
2.27783 2.52979 1 0.782448 0.340604
2.41166 2.67842 1.44 0.786458 0.256286
2.26817 2.80096 1.44 0.767351 0.248542
2.26817 2.80096 1.44 0.767351 0.248542
2.41166 2.67842 1.44 0.786458 0.256286
2.39404 2.95639 1.96 0.766669 0.161044
2.41166 2.67842 1.44 0.786458 0.256286
2.54548 2.82704 1.96 0.786071 0.167866
2.39404 2.95639 1.96 0.766669 0.161044
2.39404 2.95639 1.96 0.766669 0.161044
2.54548 2.82704 1.96 0.786071 0.167866
2.5199 3.11182 2.56 0.761364 0.074644
2.54548 2.82704 1.96 0.786071 0.167866
2.67931 2.97567 2.56 0.780743 0.0803141
2.5199 3.11182 2.56 0.761364 0.074644
0.117557 0.537063 -0 0.538867 0.998774
0.125864 0.537063 -0 0.541152 0.998587
0.235114 0.537063 -0 0.570933 0.994874
0.125864 0.537063 -0 0.541152 0.998587
0.251728 0.537063 -0 0.575405 0.994111
0.235114 0.537063 -0 0.570933 0.994874
0.235114 0.537063 -0 0.570933 0.994874
0.251728 0.537063 -0 0.575405 0.994111
0.352671 0.537063 -0 0.602117 0.988411
0.251728 0.537063 -0 0.575405 0.994111
0.377592 0.537063 -0 0.608575 0.986737
0.352671 0.537063 -0 0.602117 0.988411
0.352671 0.537063 -0 0.602117 0.988411
0.377592 0.537063 -0 0.608575 0.986737
0.470228 0.647214 -0 0.628888 0.942664
0.377592 0.537063 -0 0.608575 0.986737
0.503456 0.621717 -0 0.637629 0.948559
0.470228 0.647214 -0 0.628888 0.942664
0.470228 0.647214 -0 0.628888 0.942664
0.503456 0.621717 -0 0.637629 0.948559
0.587785 0.809017 -0 0.650024 0.881629
0.503456 0.621717 -0 0.637629 0.948559
0.62932 0.777146 -0 0.660319 0.888326
0.587785 0.809017 -0 0.650024 0.881629
0.587785 0.809017 -0 0.650024 0.881629
0.62932 0.777146 -0 0.660319 0.888326
0.705342 0.97082 -0 0.666903 0.825029
0.62932 0.777146 -0 0.660319 0.888326
0.755184 0.932575 -0 0.678485 0.832322
0.705342 0.97082 -0 0.666903 0.825029
0.705342 0.97082 -0 0.666903 0.825029
0.755184 0.932575 -0 0.678485 0.832322
0.822899 1.13262 -0 0.680186 0.77378
0.755184 0.932575 -0 0.678485 0.832322
0.881049 1.088 -0 0.692821 0.781499
0.822899 1.13262 -0 0.680186 0.77378
0.822899 1.13262 -0 0.680186 0.77378
0.881049 1.088 -0 0.692821 0.781499
0.940456 1.29443 -0 0.690566 0.728087
0.881049 1.088 -0 0.692821 0.781499
1.00691 1.24343 -0 0.704057 0.736096
0.940456 1.29443 -0 0.690566 0.728087
0.940456 1.29443 -0 0.690566 0.728087
1.00691 1.24343 -0 0.704057 0.736096
1.05801 1.45623 -0 0.698668 0.687708
1.00691 1.24343 -0 0.704057 0.736096
1.13278 1.39886 -0 0.712855 0.695904
1.05801 1.45623 -0 0.698668 0.687708
1.05801 1.45623 -0 0.698668 0.687708
1.13278 1.39886 -0 0.712855 0.695904
1.17557 1.61803 -0 0.705007 0.65217
1.13278 1.39886 -0 0.712855 0.695904
1.25864 1.55429 -0 0.71976 0.660474
1.17557 1.61803 -0 0.705007 0.65217
1.17557 1.61803 -0 0.705007 0.65217
1.25864 1.55429 -0 0.71976 0.660474
1.29313 1.77984 -0 0.709993 0.620915
1.25864 1.55429 -0 0.71976 0.660474
1.3845 1.70972 -0 0.725208 0.629274
1.29313 1.77984 -0 0.709993 0.620915
1.29313 1.77984 -0 0.709993 0.620915
1.3845 1.70972 -0 0.725208 0.629274
1.53069 2.10681 0.04 0.718637 0.56146
1.3845 1.70972 -0 0.725208 0.629274
1.63885 2.02381 0.04 0.734687 0.569834
1.53069 2.10681 0.04 0.718637 0.56146
1.53069 2.10681 0.04 0.718637 0.56146
1.63885 2.02381 0.04 0.734687 0.569834
1.64825 2.26862 0.16 0.724998 0.518888
1.63885 2.02381 0.04 0.734687 0.569834
1.76472 2.17924 0.16 0.741662 0.527241
1.64825 2.26862 0.16 0.724998 0.518888
1.64825 2.26862 0.16 0.724998 0.518888
1.76472 2.17924 0.16 0.741662 0.527241
1.7658 2.43042 0.36 0.732247 0.465004
1.76472 2.17924 0.16 0.741662 0.527241
1.89058 2.33467 0.36 0.749637 0.473264
1.7658 2.43042 0.36 0.732247 0.465004
1.7658 2.43042 0.36 0.732247 0.465004
1.89058 2.33467 0.36 0.749637 0.473264
1.88336 2.59222 0.64 0.739354 0.399891
1.89058 2.33467 0.36 0.749637 0.473264
2.01645 2.4901 0.64 0.757501 0.407935
1.88336 2.59222 0.64 0.739354 0.399891
1.88336 2.59222 0.64 0.739354 0.399891
2.01645 2.4901 0.64 0.757501 0.407935
2.00092 2.75403 1 0.74505 0.324554
2.01645 2.4901 0.64 0.757501 0.407935
2.14231 2.64553 1 0.763896 0.332202
2.00092 2.75403 1 0.74505 0.324554
2.00092 2.75403 1 0.74505 0.324554
2.14231 2.64553 1 0.763896 0.332202
2.11847 2.91583 1.44 0.747976 0.241511
2.14231 2.64553 1 0.763896 0.332202
2.26817 2.80096 1.44 0.767351 0.248542
2.11847 2.91583 1.44 0.747976 0.241511
2.11847 2.91583 1.44 0.747976 0.241511
2.26817 2.80096 1.44 0.767351 0.248542
2.23603 3.07763 1.96 0.747032 0.154865
2.26817 2.80096 1.44 0.767351 0.248542
2.39404 2.95639 1.96 0.766669 0.161044
2.23603 3.07763 1.96 0.747032 0.154865
2.23603 3.07763 1.96 0.747032 0.154865
2.39404 2.95639 1.96 0.766669 0.161044
2.35359 3.23944 2.56 0.741784 0.0695206
2.39404 2.95639 1.96 0.766669 0.161044
2.5199 3.11182 2.56 0.761364 0.074644
2.35359 3.23944 2.56 0.741784 0.0695206
0.108928 0.537063 -0 0.536491 0.998954
0.117557 0.537063 -0 0.538867 0.998774
0.217856 0.537063 -0 0.56627 0.995612
0.117557 0.537063 -0 0.538867 0.998774
0.235114 0.537063 -0 0.570933 0.994874
0.217856 0.537063 -0 0.56627 0.995612
0.217856 0.537063 -0 0.56627 0.995612
0.235114 0.537063 -0 0.570933 0.994874
0.326783 0.537063 -0 0.595348 0.990042
0.235114 0.537063 -0 0.570933 0.994874
0.352671 0.537063 -0 0.602117 0.988411
0.326783 0.537063 -0 0.595348 0.990042
0.326783 0.537063 -0 0.595348 0.990042
0.352671 0.537063 -0 0.602117 0.988411
0.435711 0.670936 -0 0.619861 0.937225
0.352671 0.537063 -0 0.602117 0.988411
0.470228 0.647214 -0 0.628888 0.942664
0.435711 0.670936 -0 0.619861 0.937225
0.435711 0.670936 -0 0.619861 0.937225
0.470228 0.647214 -0 0.628888 0.942664
0.544639 0.838671 -0 0.639413 0.875463
0.470228 0.647214 -0 0.628888 0.942664
0.587785 0.809017 -0 0.650024 0.881629
0.544639 0.838671 -0 0.639413 0.875463
0.544639 0.838671 -0 0.639413 0.875463
0.587785 0.809017 -0 0.650024 0.881629
0.653567 1.0064 -0 0.654987 0.818325
0.587785 0.809017 -0 0.650024 0.881629
0.705342 0.97082 -0 0.666903 0.825029
0.653567 1.0064 -0 0.654987 0.818325
0.653567 1.0064 -0 0.654987 0.818325
0.705342 0.97082 -0 0.666903 0.825029
0.762495 1.17414 -0 0.667208 0.766696
0.705342 0.97082 -0 0.666903 0.825029
0.822899 1.13262 -0 0.680186 0.77378
0.762495 1.17414 -0 0.667208 0.766696
0.762495 1.17414 -0 0.667208 0.766696
0.822899 1.13262 -0 0.680186 0.77378
0.871422 1.34187 -0 0.676731 0.720751
0.822899 1.13262 -0 0.680186 0.77378
0.940456 1.29443 -0 0.690566 0.728087
0.871422 1.34187 -0 0.676731 0.720751
0.871422 1.34187 -0 0.676731 0.720751
0.940456 1.29443 -0 0.690566 0.728087
0.98035 1.50961 -0 0.684141 0.680212
0.940456 1.29443 -0 0.690566 0.728087
1.05801 1.45623 -0 0.698668 0.687708
0.98035 1.50961 -0 0.684141 0.680212
0.98035 1.50961 -0 0.684141 0.680212
1.05801 1.45623 -0 0.698668 0.687708
1.08928 1.67734 -0 0.68992 0.644584
1.05801 1.45623 -0 0.698668 0.687708
1.17557 1.61803 -0 0.705007 0.65217
1.08928 1.67734 -0 0.68992 0.644584
1.08928 1.67734 -0 0.68992 0.644584
1.17557 1.61803 -0 0.705007 0.65217
1.19821 1.84508 -0 0.69445 0.613289
1.17557 1.61803 -0 0.705007 0.65217
1.29313 1.77984 -0 0.709993 0.620915
1.19821 1.84508 -0 0.69445 0.613289
1.19821 1.84508 -0 0.69445 0.613289
1.29313 1.77984 -0 0.709993 0.620915
1.41833 2.18404 0.04 0.702276 0.553837
1.29313 1.77984 -0 0.709993 0.620915
1.53069 2.10681 0.04 0.718637 0.56146
1.41833 2.18404 0.04 0.702276 0.553837
1.41833 2.18404 0.04 0.702276 0.553837
1.53069 2.10681 0.04 0.718637 0.56146
1.52726 2.35177 0.16 0.708029 0.511297
1.53069 2.10681 0.04 0.718637 0.56146
1.64825 2.26862 0.16 0.724998 0.518888
1.52726 2.35177 0.16 0.708029 0.511297
1.52726 2.35177 0.16 0.708029 0.511297
1.64825 2.26862 0.16 0.724998 0.518888
1.63618 2.5195 0.36 0.714562 0.457512
1.64825 2.26862 0.16 0.724998 0.518888
1.7658 2.43042 0.36 0.732247 0.465004
1.63618 2.5195 0.36 0.714562 0.457512
1.63618 2.5195 0.36 0.714562 0.457512
1.7658 2.43042 0.36 0.732247 0.465004
1.74511 2.68724 0.64 0.720919 0.392614
1.7658 2.43042 0.36 0.732247 0.465004
1.88336 2.59222 0.64 0.739354 0.399891
1.74511 2.68724 0.64 0.720919 0.392614
1.74511 2.68724 0.64 0.720919 0.392614
1.88336 2.59222 0.64 0.739354 0.399891
1.85404 2.85497 1 0.725933 0.317655
1.88336 2.59222 0.64 0.739354 0.399891
2.00092 2.75403 1 0.74505 0.324554
1.85404 2.85497 1 0.725933 0.317655
1.85404 2.85497 1 0.725933 0.317655
2.00092 2.75403 1 0.74505 0.324554
1.96297 3.02271 1.44 0.728353 0.23519
2.00092 2.75403 1 0.74505 0.324554
2.11847 2.91583 1.44 0.747976 0.241511
1.96297 3.02271 1.44 0.728353 0.23519
1.96297 3.02271 1.44 0.728353 0.23519
2.11847 2.91583 1.44 0.747976 0.241511
2.0719 3.19044 1.96 0.727175 0.149327
2.11847 2.91583 1.44 0.747976 0.241511
2.23603 3.07763 1.96 0.747032 0.154865
2.0719 3.19044 1.96 0.727175 0.149327
2.0719 3.19044 1.96 0.727175 0.149327
2.23603 3.07763 1.96 0.747032 0.154865
2.18082 3.35817 2.56 0.722016 0.0649463
2.23603 3.07763 1.96 0.747032 0.154865
2.35359 3.23944 2.56 0.741784 0.0695206
2.18082 3.35817 2.56 0.722016 0.0649463
0.1 0.537063 -0 0.534031 0.999125
0.108928 0.537063 -0 0.536491 0.998954
0.2 0.537063 -0 0.561427 0.996318
0.108928 0.537063 -0 0.536491 0.998954
0.217856 0.537063 -0 0.56627 0.995612
0.2 0.537063 -0 0.561427 0.996318
0.2 0.537063 -0 0.561427 0.996318
0.217856 0.537063 -0 0.56627 0.995612
0.3 0.537063 -0 0.588282 0.991608
0.217856 0.537063 -0 0.56627 0.995612
0.326783 0.537063 -0 0.595348 0.990042
0.3 0.537063 -0 0.588282 0.991608
0.3 0.537063 -0 0.588282 0.991608
0.326783 0.537063 -0 0.595348 0.990042
0.4 0.69282 -0 0.610571 0.932248
0.326783 0.537063 -0 0.595348 0.990042
0.435711 0.670936 -0 0.619861 0.937225
0.4 0.69282 -0 0.610571 0.932248
0.4 0.69282 -0 0.610571 0.932248
0.435711 0.670936 -0 0.619861 0.937225
0.5 0.866025 -0 0.62851 0.869831
0.435711 0.670936 -0 0.619861 0.937225
0.544639 0.838671 -0 0.639413 0.875463
0.5 0.866025 -0 0.62851 0.869831
0.5 0.866025 -0 0.62851 0.869831
0.544639 0.838671 -0 0.639413 0.875463
0.6 1.03923 -0 0.642763 0.812215
0.544639 0.838671 -0 0.639413 0.875463
0.653567 1.0064 -0 0.654987 0.818325
0.6 1.03923 -0 0.642763 0.812215
0.6 1.03923 -0 0.642763 0.812215
0.653567 1.0064 -0 0.654987 0.818325
0.7 1.21244 -0 0.653916 0.760253
0.653567 1.0064 -0 0.654987 0.818325
0.762495 1.17414 -0 0.667208 0.766696
0.7 1.21244 -0 0.653916 0.760253
0.7 1.21244 -0 0.653916 0.760253
0.762495 1.17414 -0 0.667208 0.766696
0.8 1.38564 -0 0.662581 0.714088
0.762495 1.17414 -0 0.667208 0.766696
0.871422 1.34187 -0 0.676731 0.720751
0.8 1.38564 -0 0.662581 0.714088
0.8 1.38564 -0 0.662581 0.714088
0.871422 1.34187 -0 0.676731 0.720751
0.9 1.55885 -0 0.669302 0.673416
0.871422 1.34187 -0 0.676731 0.720751
0.98035 1.50961 -0 0.684141 0.680212
0.9 1.55885 -0 0.669302 0.673416
0.9 1.55885 -0 0.669302 0.673416
0.98035 1.50961 -0 0.684141 0.680212
1 1.73205 -0 0.674528 0.637717
0.98035 1.50961 -0 0.684141 0.680212
1.08928 1.67734 -0 0.68992 0.644584
1 1.73205 -0 0.674528 0.637717
1 1.73205 -0 0.674528 0.637717
1.08928 1.67734 -0 0.68992 0.644584
1.1 1.90526 -0 0.67861 0.606395
1.08928 1.67734 -0 0.68992 0.644584
1.19821 1.84508 -0 0.69445 0.613289
1.1 1.90526 -0 0.67861 0.606395
1.1 1.90526 -0 0.67861 0.606395
1.19821 1.84508 -0 0.69445 0.613289
1.30208 2.25527 0.04 0.685632 0.546964
1.19821 1.84508 -0 0.69445 0.613289
1.41833 2.18404 0.04 0.702276 0.553837
1.30208 2.25527 0.04 0.685632 0.546964
1.30208 2.25527 0.04 0.685632 0.546964
1.41833 2.18404 0.04 0.702276 0.553837
1.40208 2.42848 0.16 0.690784 0.504465
1.41833 2.18404 0.04 0.702276 0.553837
1.52726 2.35177 0.16 0.708029 0.511297
1.40208 2.42848 0.16 0.690784 0.504465
1.40208 2.42848 0.16 0.690784 0.504465
1.52726 2.35177 0.16 0.708029 0.511297
1.50208 2.60168 0.36 0.696608 0.450783
1.52726 2.35177 0.16 0.708029 0.511297
1.63618 2.5195 0.36 0.714562 0.457512
1.50208 2.60168 0.36 0.696608 0.450783
1.50208 2.60168 0.36 0.696608 0.450783
1.63618 2.5195 0.36 0.714562 0.457512
1.60208 2.77489 0.64 0.702228 0.386096
1.63618 2.5195 0.36 0.714562 0.457512
1.74511 2.68724 0.64 0.720919 0.392614
1.60208 2.77489 0.64 0.702228 0.386096
1.60208 2.77489 0.64 0.702228 0.386096
1.74511 2.68724 0.64 0.720919 0.392614
1.70208 2.94809 1 0.706573 0.311499
1.74511 2.68724 0.64 0.720919 0.392614
1.85404 2.85497 1 0.725933 0.317655
1.70208 2.94809 1 0.706573 0.311499
1.70208 2.94809 1 0.706573 0.311499
1.85404 2.85497 1 0.725933 0.317655
1.80208 3.1213 1.44 0.708505 0.229572
1.85404 2.85497 1 0.725933 0.317655
1.96297 3.02271 1.44 0.728353 0.23519
1.80208 3.1213 1.44 0.708505 0.229572
1.80208 3.1213 1.44 0.708505 0.229572
1.96297 3.02271 1.44 0.728353 0.23519
1.90208 3.2945 1.96 0.707116 0.14443
1.96297 3.02271 1.44 0.728353 0.23519
2.0719 3.19044 1.96 0.727175 0.149327
1.90208 3.2945 1.96 0.707116 0.14443
1.90208 3.2945 1.96 0.707116 0.14443
2.0719 3.19044 1.96 0.727175 0.149327
2.00208 3.46771 2.56 0.702071 0.0609223
2.0719 3.19044 1.96 0.727175 0.149327
2.18082 3.35817 2.56 0.722016 0.0649463
2.00208 3.46771 2.56 0.702071 0.0609223
0.0907981 0.537063 -0 0.531493 0.999284
0.1 0.537063 -0 0.534031 0.999125
0.181596 0.537063 -0 0.556417 0.996981
0.1 0.537063 -0 0.534031 0.999125
0.2 0.537063 -0 0.561427 0.996318
0.181596 0.537063 -0 0.556417 0.996981
0.181596 0.537063 -0 0.556417 0.996981
0.2 0.537063 -0 0.561427 0.996318
0.272394 0.537063 -0 0.580939 0.993091
0.2 0.537063 -0 0.561427 0.996318
0.3 0.537063 -0 0.588282 0.991608
0.272394 0.537063 -0 0.580939 0.993091
0.272394 0.537063 -0 0.580939 0.993091
0.3 0.537063 -0 0.588282 0.991608
0.363192 0.712805 -0 0.60104 0.927737
0.3 0.537063 -0 0.588282 0.991608
0.4 0.69282 -0 0.610571 0.932248
0.363192 0.712805 -0 0.60104 0.927737
0.363192 0.712805 -0 0.60104 0.927737
0.4 0.69282 -0 0.610571 0.932248
0.453991 0.891007 -0 0.617341 0.864738
0.4 0.69282 -0 0.610571 0.932248
0.5 0.866025 -0 0.62851 0.869831
0.453991 0.891007 -0 0.617341 0.864738
0.453991 0.891007 -0 0.617341 0.864738
0.5 0.866025 -0 0.62851 0.869831
0.544789 1.06921 -0 0.630259 0.806701
0.5 0.866025 -0 0.62851 0.869831
0.6 1.03923 -0 0.642763 0.812215
0.544789 1.06921 -0 0.630259 0.806701
0.544789 1.06921 -0 0.630259 0.806701
0.6 1.03923 -0 0.642763 0.812215
0.635587 1.24741 -0 0.640339 0.75445
0.6 1.03923 -0 0.642763 0.812215
0.7 1.21244 -0 0.653916 0.760253
0.635587 1.24741 -0 0.640339 0.75445
0.635587 1.24741 -0 0.640339 0.75445
0.7 1.21244 -0 0.653916 0.760253
0.726385 1.42561 -0 0.648147 0.7081
0.7 1.21244 -0 0.653916 0.760253
0.8 1.38564 -0 0.662581 0.714088
0.726385 1.42561 -0 0.648147 0.7081
0.726385 1.42561 -0 0.648147 0.7081
0.8 1.38564 -0 0.662581 0.714088
0.817183 1.60381 -0 0.654183 0.667321
0.8 1.38564 -0 0.662581 0.714088
0.9 1.55885 -0 0.669302 0.673416
0.817183 1.60381 -0 0.654183 0.667321
0.817183 1.60381 -0 0.654183 0.667321
0.9 1.55885 -0 0.669302 0.673416
0.907981 1.78201 -0 0.658861 0.631568
0.9 1.55885 -0 0.669302 0.673416
1 1.73205 -0 0.674528 0.637717
0.907981 1.78201 -0 0.658861 0.631568
0.907981 1.78201 -0 0.658861 0.631568
1 1.73205 -0 0.674528 0.637717
0.998779 1.96021 -0 0.662503 0.600233
1 1.73205 -0 0.674528 0.637717
1.1 1.90526 -0 0.67861 0.606395
0.998779 1.96021 -0 0.662503 0.600233
0.998779 1.96021 -0 0.662503 0.600233
1.1 1.90526 -0 0.67861 0.606395
1.18227 2.32033 0.04 0.668737 0.540837
1.1 1.90526 -0 0.67861 0.606395
1.30208 2.25527 0.04 0.685632 0.546964
1.18227 2.32033 0.04 0.668737 0.540837
1.18227 2.32033 0.04 0.668737 0.540837
1.30208 2.25527 0.04 0.685632 0.546964
1.27306 2.49853 0.16 0.673294 0.498385
1.30208 2.25527 0.04 0.685632 0.546964
1.40208 2.42848 0.16 0.690784 0.504465
1.27306 2.49853 0.16 0.673294 0.498385
1.27306 2.49853 0.16 0.673294 0.498385
1.40208 2.42848 0.16 0.690784 0.504465
1.36386 2.67673 0.36 0.678418 0.444812
1.40208 2.42848 0.16 0.690784 0.504465
1.50208 2.60168 0.36 0.696608 0.450783
1.36386 2.67673 0.36 0.678418 0.444812
1.36386 2.67673 0.36 0.678418 0.444812
1.50208 2.60168 0.36 0.696608 0.450783
1.45466 2.85493 0.64 0.683307 0.380332
1.50208 2.60168 0.36 0.696608 0.450783
1.60208 2.77489 0.64 0.702228 0.386096
1.45466 2.85493 0.64 0.683307 0.380332
1.45466 2.85493 0.64 0.683307 0.380332
1.60208 2.77489 0.64 0.702228 0.386096
1.54546 3.03313 1 0.686995 0.306078
1.60208 2.77489 0.64 0.702228 0.386096
1.70208 2.94809 1 0.706573 0.311499
1.54546 3.03313 1 0.686995 0.306078
1.54546 3.03313 1 0.686995 0.306078
1.70208 2.94809 1 0.706573 0.311499
1.63626 3.21133 1.44 0.688455 0.224652
1.70208 2.94809 1 0.706573 0.311499
1.80208 3.1213 1.44 0.708505 0.229572
1.63626 3.21133 1.44 0.688455 0.224652
1.63626 3.21133 1.44 0.688455 0.224652
1.80208 3.1213 1.44 0.708505 0.229572
1.72705 3.38953 1.96 0.686875 0.140168
1.80208 3.1213 1.44 0.708505 0.229572
1.90208 3.2945 1.96 0.707116 0.14443
1.72705 3.38953 1.96 0.686875 0.140168
1.72705 3.38953 1.96 0.686875 0.140168
1.90208 3.2945 1.96 0.707116 0.14443
1.81785 3.56774 2.56 0.681965 0.0574501
1.90208 3.2945 1.96 0.707116 0.14443
2.00208 3.46771 2.56 0.702071 0.0609223
1.81785 3.56774 2.56 0.681965 0.0574501
0.0813473 0.537063 -0 0.528885 0.99943
0.0907981 0.537063 -0 0.531493 0.999284
0.162695 0.537063 -0 0.551255 0.997593
0.0907981 0.537063 -0 0.531493 0.999284
0.181596 0.537063 -0 0.556417 0.996981
0.162695 0.537063 -0 0.551255 0.997593
0.162695 0.537063 -0 0.551255 0.997593
0.181596 0.537063 -0 0.556417 0.996981
0.244042 0.548127 -0 0.573219 0.990588
0.181596 0.537063 -0 0.556417 0.996981
0.272394 0.537063 -0 0.580939 0.993091
0.244042 0.548127 -0 0.573219 0.990588
0.244042 0.548127 -0 0.573219 0.990588
0.272394 0.537063 -0 0.580939 0.993091
0.325389 0.730836 -0 0.59129 0.923696
0.272394 0.537063 -0 0.580939 0.993091
0.363192 0.712805 -0 0.60104 0.927737
0.325389 0.730836 -0 0.59129 0.923696
0.325389 0.730836 -0 0.59129 0.923696
0.363192 0.712805 -0 0.60104 0.927737
0.406737 0.913545 -0 0.605933 0.860187
0.363192 0.712805 -0 0.60104 0.927737
0.453991 0.891007 -0 0.617341 0.864738
0.406737 0.913545 -0 0.605933 0.860187
0.406737 0.913545 -0 0.605933 0.860187
0.453991 0.891007 -0 0.617341 0.864738
0.488084 1.09625 -0 0.617504 0.801786
0.453991 0.891007 -0 0.617341 0.864738
0.544789 1.06921 -0 0.630259 0.806701
0.488084 1.09625 -0 0.617504 0.801786
0.488084 1.09625 -0 0.617504 0.801786
0.544789 1.06921 -0 0.630259 0.806701
0.569431 1.27896 -0 0.626507 0.749294
0.544789 1.06921 -0 0.630259 0.806701
0.635587 1.24741 -0 0.640339 0.75445
0.569431 1.27896 -0 0.626507 0.749294
0.569431 1.27896 -0 0.626507 0.749294
0.635587 1.24741 -0 0.640339 0.75445
0.650779 1.46167 -0 0.633458 0.702791
0.635587 1.24741 -0 0.640339 0.75445
0.726385 1.42561 -0 0.648147 0.7081
0.650779 1.46167 -0 0.633458 0.702791
0.650779 1.46167 -0 0.633458 0.702791
0.726385 1.42561 -0 0.648147 0.7081
0.732126 1.64438 -0 0.638815 0.661928
0.726385 1.42561 -0 0.648147 0.7081
0.817183 1.60381 -0 0.654183 0.667321
0.732126 1.64438 -0 0.638815 0.661928
0.732126 1.64438 -0 0.638815 0.661928
0.817183 1.60381 -0 0.654183 0.667321
0.813473 1.82709 -0 0.642952 0.626139
0.817183 1.60381 -0 0.654183 0.667321
0.907981 1.78201 -0 0.658861 0.631568
0.813473 1.82709 -0 0.642952 0.626139
0.813473 1.82709 -0 0.642952 0.626139
0.907981 1.78201 -0 0.658861 0.631568
0.894821 2.0098 -0 0.64616 0.594799
0.907981 1.78201 -0 0.658861 0.631568
0.998779 1.96021 -0 0.662503 0.600233
0.894821 2.0098 -0 0.64616 0.594799
0.894821 2.0098 -0 0.64616 0.594799
0.998779 1.96021 -0 0.662503 0.600233
1.05921 2.37902 0.04 0.65162 0.535452
0.998779 1.96021 -0 0.662503 0.600233
1.18227 2.32033 0.04 0.668737 0.540837
1.05921 2.37902 0.04 0.65162 0.535452
1.05921 2.37902 0.04 0.65162 0.535452
1.18227 2.32033 0.04 0.668737 0.540837
1.14056 2.56173 0.16 0.655589 0.493054
1.18227 2.32033 0.04 0.668737 0.540837
1.27306 2.49853 0.16 0.673294 0.498385
1.14056 2.56173 0.16 0.655589 0.493054
1.14056 2.56173 0.16 0.655589 0.493054
1.27306 2.49853 0.16 0.673294 0.498385
1.2219 2.74444 0.36 0.660019 0.439591
1.27306 2.49853 0.16 0.673294 0.498385
1.36386 2.67673 0.36 0.678418 0.444812
1.2219 2.74444 0.36 0.660019 0.439591
1.2219 2.74444 0.36 0.660019 0.439591
1.36386 2.67673 0.36 0.678418 0.444812
1.30325 2.92715 0.64 0.664186 0.375313
1.36386 2.67673 0.36 0.678418 0.444812
1.45466 2.85493 0.64 0.683307 0.380332
1.30325 2.92715 0.64 0.664186 0.375313
1.30325 2.92715 0.64 0.664186 0.375313
1.45466 2.85493 0.64 0.683307 0.380332
1.3846 3.10986 1 0.667226 0.301385
1.45466 2.85493 0.64 0.683307 0.380332
1.54546 3.03313 1 0.686995 0.306078
1.3846 3.10986 1 0.667226 0.301385
1.3846 3.10986 1 0.667226 0.301385
1.54546 3.03313 1 0.686995 0.306078
1.46595 3.29257 1.44 0.668226 0.220424
1.54546 3.03313 1 0.686995 0.306078
1.63626 3.21133 1.44 0.688455 0.224652
1.46595 3.29257 1.44 0.668226 0.220424
1.46595 3.29257 1.44 0.668226 0.220424
1.63626 3.21133 1.44 0.688455 0.224652
1.54729 3.47528 1.96 0.66647 0.13654
1.63626 3.21133 1.44 0.688455 0.224652
1.72705 3.38953 1.96 0.686875 0.140168
1.54729 3.47528 1.96 0.66647 0.13654
1.54729 3.47528 1.96 0.66647 0.13654
1.72705 3.38953 1.96 0.686875 0.140168
1.62864 3.65798 2.56 0.661715 0.0545297
1.72705 3.38953 1.96 0.686875 0.140168
1.81785 3.56774 2.56 0.681965 0.0574501
1.62864 3.65798 2.56 0.661715 0.0545297
0.0716736 0.537063 -0 0.526213 0.999561
0.0813473 0.537063 -0 0.528885 0.99943
0.143347 0.537063 -0 0.545954 0.998149
0.0813473 0.537063 -0 0.528885 0.99943
0.162695 0.537063 -0 0.551255 0.997593
0.143347 0.537063 -0 0.545954 0.998149
0.143347 0.537063 -0 0.545954 0.998149
0.162695 0.537063 -0 0.551255 0.997593
0.215021 0.560148 -0 0.565303 0.98761
0.162695 0.537063 -0 0.551255 0.997593
0.244042 0.548127 -0 0.573219 0.990588
0.215021 0.560148 -0 0.565303 0.98761
0.215021 0.560148 -0 0.565303 0.98761
0.244042 0.548127 -0 0.573219 0.990588
0.286694 0.746864 -0 0.581346 0.920127
0.244042 0.548127 -0 0.573219 0.990588
0.325389 0.730836 -0 0.59129 0.923696
0.286694 0.746864 -0 0.581346 0.920127
0.286694 0.746864 -0 0.581346 0.920127
0.325389 0.730836 -0 0.59129 0.923696
0.358368 0.93358 -0 0.59431 0.856182
0.325389 0.730836 -0 0.59129 0.923696
0.406737 0.913545 -0 0.605933 0.860187
0.358368 0.93358 -0 0.59431 0.856182
0.358368 0.93358 -0 0.59431 0.856182
0.406737 0.913545 -0 0.605933 0.860187
0.430042 1.1203 -0 0.604526 0.797475
0.406737 0.913545 -0 0.605933 0.860187
0.488084 1.09625 -0 0.617504 0.801786
0.430042 1.1203 -0 0.604526 0.797475
0.430042 1.1203 -0 0.604526 0.797475
0.488084 1.09625 -0 0.617504 0.801786
0.501715 1.30701 -0 0.612448 0.744781
0.488084 1.09625 -0 0.617504 0.801786
0.569431 1.27896 -0 0.626507 0.749294
0.501715 1.30701 -0 0.612448 0.744781
0.501715 1.30701 -0 0.612448 0.744781
0.569431 1.27896 -0 0.626507 0.749294
0.573389 1.49373 -0 0.618544 0.69816
0.569431 1.27896 -0 0.626507 0.749294
0.650779 1.46167 -0 0.633458 0.702791
0.573389 1.49373 -0 0.618544 0.69816
0.573389 1.49373 -0 0.618544 0.69816
0.650779 1.46167 -0 0.633458 0.702791
0.645062 1.68044 -0 0.623227 0.657236
0.650779 1.46167 -0 0.633458 0.702791
0.732126 1.64438 -0 0.638815 0.661928
0.645062 1.68044 -0 0.623227 0.657236
0.645062 1.68044 -0 0.623227 0.657236
0.732126 1.64438 -0 0.638815 0.661928
0.716736 1.86716 -0 0.626829 0.621426
0.732126 1.64438 -0 0.638815 0.661928
0.813473 1.82709 -0 0.642952 0.626139
0.716736 1.86716 -0 0.626829 0.621426
0.716736 1.86716 -0 0.626829 0.621426
0.813473 1.82709 -0 0.642952 0.626139
0.788409 2.05388 -0 0.629611 0.590094
0.813473 1.82709 -0 0.642952 0.626139
0.894821 2.0098 -0 0.64616 0.594799
0.788409 2.05388 -0 0.629611 0.590094
0.788409 2.05388 -0 0.629611 0.590094
0.894821 2.0098 -0 0.64616 0.594799
0.933249 2.4312 0.04 0.634311 0.530806
0.894821 2.0098 -0 0.64616 0.594799
1.05921 2.37902 0.04 0.65162 0.535452
0.933249 2.4312 0.04 0.634311 0.530806
0.933249 2.4312 0.04 0.634311 0.530806
1.05921 2.37902 0.04 0.65162 0.535452
1.00492 2.61791 0.16 0.637698 0.488467
1.05921 2.37902 0.04 0.65162 0.535452
1.14056 2.56173 0.16 0.655589 0.493054
1.00492 2.61791 0.16 0.637698 0.488467
1.00492 2.61791 0.16 0.637698 0.488467
1.14056 2.56173 0.16 0.655589 0.493054
1.0766 2.80463 0.36 0.641439 0.435115
1.14056 2.56173 0.16 0.655589 0.493054
1.2219 2.74444 0.36 0.660019 0.439591
1.0766 2.80463 0.36 0.641439 0.435115
1.0766 2.80463 0.36 0.641439 0.435115
1.2219 2.74444 0.36 0.660019 0.439591
1.14827 2.99134 0.64 0.644893 0.371032
1.2219 2.74444 0.36 0.660019 0.439591
1.30325 2.92715 0.64 0.664186 0.375313
1.14827 2.99134 0.64 0.644893 0.371032
1.14827 2.99134 0.64 0.644893 0.371032
1.30325 2.92715 0.64 0.664186 0.375313
1.21994 3.17806 1 0.647293 0.297412
1.30325 2.92715 0.64 0.664186 0.375313
1.3846 3.10986 1 0.667226 0.301385
1.21994 3.17806 1 0.647293 0.297412
1.21994 3.17806 1 0.647293 0.297412
1.3846 3.10986 1 0.667226 0.301385
1.29162 3.36478 1.44 0.647844 0.216882
1.3846 3.10986 1 0.667226 0.301385
1.46595 3.29257 1.44 0.668226 0.220424
1.29162 3.36478 1.44 0.647844 0.216882
1.29162 3.36478 1.44 0.647844 0.216882
1.46595 3.29257 1.44 0.668226 0.220424
1.36329 3.55149 1.96 0.645925 0.13354
1.46595 3.29257 1.44 0.668226 0.220424
1.54729 3.47528 1.96 0.66647 0.13654
1.36329 3.55149 1.96 0.645925 0.13354
1.36329 3.55149 1.96 0.645925 0.13354
1.54729 3.47528 1.96 0.66647 0.13654
1.43496 3.73821 2.56 0.641338 0.0521595
1.54729 3.47528 1.96 0.66647 0.13654
1.62864 3.65798 2.56 0.661715 0.0545297
1.43496 3.73821 2.56 0.641338 0.0521595
0.0618034 0.537063 -0 0.523486 0.999674
0.0716736 0.537063 -0 0.526213 0.999561
0.123607 0.537063 -0 0.540532 0.99864
0.0716736 0.537063 -0 0.526213 0.999561
0.143347 0.537063 -0 0.545954 0.998149
0.123607 0.537063 -0 0.540532 0.99864
0.123607 0.537063 -0 0.540532 0.99864
0.143347 0.537063 -0 0.545954 0.998149
0.18541 0.570634 -0 0.557242 0.985019
0.143347 0.537063 -0 0.545954 0.998149
0.215021 0.560148 -0 0.565303 0.98761
0.18541 0.570634 -0 0.557242 0.985019
0.18541 0.570634 -0 0.557242 0.985019
0.215021 0.560148 -0 0.565303 0.98761
0.247214 0.760845 -0 0.57123 0.917034
0.215021 0.560148 -0 0.565303 0.98761
0.286694 0.746864 -0 0.581346 0.920127
0.247214 0.760845 -0 0.57123 0.917034
0.247214 0.760845 -0 0.57123 0.917034
0.286694 0.746864 -0 0.581346 0.920127
0.309017 0.951057 -0 0.582501 0.852724
0.286694 0.746864 -0 0.581346 0.920127
0.358368 0.93358 -0 0.59431 0.856182
0.309017 0.951057 -0 0.582501 0.852724
0.309017 0.951057 -0 0.582501 0.852724
0.358368 0.93358 -0 0.59431 0.856182
0.37082 1.14127 -0 0.591352 0.793768
0.358368 0.93358 -0 0.59431 0.856182
0.430042 1.1203 -0 0.604526 0.797475
0.37082 1.14127 -0 0.591352 0.793768
0.37082 1.14127 -0 0.591352 0.793768
0.430042 1.1203 -0 0.604526 0.797475
0.432624 1.33148 -0 0.598193 0.740917
0.430042 1.1203 -0 0.604526 0.797475
0.501715 1.30701 -0 0.612448 0.744781
0.432624 1.33148 -0 0.598193 0.740917
0.432624 1.33148 -0 0.598193 0.740917
0.501715 1.30701 -0 0.612448 0.744781
0.494427 1.52169 -0 0.603437 0.69421
0.501715 1.30701 -0 0.612448 0.744781
0.573389 1.49373 -0 0.618544 0.69816
0.494427 1.52169 -0 0.603437 0.69421
0.494427 1.52169 -0 0.603437 0.69421
0.573389 1.49373 -0 0.618544 0.69816
0.556231 1.7119 -0 0.607449 0.653246
0.573389 1.49373 -0 0.618544 0.69816
0.645062 1.68044 -0 0.623227 0.657236
0.556231 1.7119 -0 0.607449 0.653246
0.556231 1.7119 -0 0.607449 0.653246
0.645062 1.68044 -0 0.623227 0.657236
0.618034 1.90211 -0 0.610521 0.617431
0.645062 1.68044 -0 0.623227 0.657236
0.716736 1.86716 -0 0.626829 0.621426
0.618034 1.90211 -0 0.610521 0.617431
0.618034 1.90211 -0 0.610521 0.617431
0.716736 1.86716 -0 0.626829 0.621426
0.679837 2.09232 -0 0.612883 0.586114
0.716736 1.86716 -0 0.626829 0.621426
0.788409 2.05388 -0 0.629611 0.590094
0.679837 2.09232 -0 0.612883 0.586114
0.679837 2.09232 -0 0.612883 0.586114
0.788409 2.05388 -0 0.629611 0.590094
0.804731 2.47671 0.04 0.616835 0.526896
0.788409 2.05388 -0 0.629611 0.590094
0.933249 2.4312 0.04 0.634311 0.530806
0.804731 2.47671 0.04 0.616835 0.526896
0.804731 2.47671 0.04 0.616835 0.526896
0.933249 2.4312 0.04 0.634311 0.530806
0.866534 2.66692 0.16 0.619646 0.484619
0.933249 2.4312 0.04 0.634311 0.530806
1.00492 2.61791 0.16 0.637698 0.488467
0.866534 2.66692 0.16 0.619646 0.484619
0.866534 2.66692 0.16 0.619646 0.484619
1.00492 2.61791 0.16 0.637698 0.488467
0.928337 2.85713 0.36 0.622706 0.431378
1.00492 2.61791 0.16 0.637698 0.488467
1.0766 2.80463 0.36 0.641439 0.435115
0.928337 2.85713 0.36 0.622706 0.431378
0.928337 2.85713 0.36 0.622706 0.431378
1.0766 2.80463 0.36 0.641439 0.435115
0.990141 3.04734 0.64 0.625452 0.367483
1.0766 2.80463 0.36 0.641439 0.435115
1.14827 2.99134 0.64 0.644893 0.371032
0.990141 3.04734 0.64 0.625452 0.367483
0.990141 3.04734 0.64 0.625452 0.367483
1.14827 2.99134 0.64 0.644893 0.371032
1.05194 3.23755 1 0.627221 0.294152
1.14827 2.99134 0.64 0.644893 0.371032
1.21994 3.17806 1 0.647293 0.297412
1.05194 3.23755 1 0.627221 0.294152
1.05194 3.23755 1 0.627221 0.294152
1.21994 3.17806 1 0.647293 0.297412
1.11375 3.42776 1.44 0.627332 0.214017
1.21994 3.17806 1 0.647293 0.297412
1.29162 3.36478 1.44 0.647844 0.216882
1.11375 3.42776 1.44 0.627332 0.214017
1.11375 3.42776 1.44 0.627332 0.214017
1.29162 3.36478 1.44 0.647844 0.216882
1.17555 3.61797 1.96 0.625261 0.131162
1.29162 3.36478 1.44 0.647844 0.216882
1.36329 3.55149 1.96 0.645925 0.13354
1.17555 3.61797 1.96 0.625261 0.131162
1.17555 3.61797 1.96 0.625261 0.131162
1.36329 3.55149 1.96 0.645925 0.13354
1.23735 3.80819 2.56 0.620852 0.0503373
1.36329 3.55149 1.96 0.645925 0.13354
1.43496 3.73821 2.56 0.641338 0.0521595
1.23735 3.80819 2.56 0.620852 0.0503373
0.0517638 0.537063 -0 0.520711 0.99977
0.0618034 0.537063 -0 0.523486 0.999674
0.103528 0.537063 -0 0.535003 0.999059
0.0618034 0.537063 -0 0.523486 0.999674
0.123607 0.537063 -0 0.540532 0.99864
0.103528 0.537063 -0 0.535003 0.999059
0.103528 0.537063 -0 0.535003 0.999059
0.123607 0.537063 -0 0.540532 0.99864
0.155291 0.579556 -0 0.549054 0.982817
0.123607 0.537063 -0 0.540532 0.99864
0.18541 0.570634 -0 0.557242 0.985019
0.155291 0.579556 -0 0.549054 0.982817
0.155291 0.579556 -0 0.549054 0.982817
0.18541 0.570634 -0 0.557242 0.985019
0.207055 0.772741 -0 0.560967 0.91442
0.18541 0.570634 -0 0.557242 0.985019
0.247214 0.760845 -0 0.57123 0.917034
0.207055 0.772741 -0 0.560967 0.91442
0.207055 0.772741 -0 0.560967 0.91442
0.247214 0.760845 -0 0.57123 0.917034
0.258819 0.965926 -0 0.570532 0.849817
0.247214 0.760845 -0 0.57123 0.917034
0.309017 0.951057 -0 0.582501 0.852724
0.258819 0.965926 -0 0.570532 0.849817
0.258819 0.965926 -0 0.570532 0.849817
0.309017 0.951057 -0 0.582501 0.852724
0.310583 1.15911 -0 0.578013 0.790667
0.309017 0.951057 -0 0.582501 0.852724
0.37082 1.14127 -0 0.591352 0.793768
0.310583 1.15911 -0 0.578013 0.790667
0.310583 1.15911 -0 0.578013 0.790667
0.37082 1.14127 -0 0.591352 0.793768
0.362347 1.3523 -0 0.583771 0.737702
0.37082 1.14127 -0 0.591352 0.793768
0.432624 1.33148 -0 0.598193 0.740917
0.362347 1.3523 -0 0.583771 0.737702
0.362347 1.3523 -0 0.583771 0.737702
0.432624 1.33148 -0 0.598193 0.740917
0.41411 1.54548 -0 0.588165 0.690937
0.432624 1.33148 -0 0.598193 0.740917
0.494427 1.52169 -0 0.603437 0.69421
0.41411 1.54548 -0 0.588165 0.690937
0.41411 1.54548 -0 0.588165 0.690937
0.494427 1.52169 -0 0.603437 0.69421
0.465874 1.73867 -0 0.59151 0.649957
0.494427 1.52169 -0 0.603437 0.69421
0.556231 1.7119 -0 0.607449 0.653246
0.465874 1.73867 -0 0.59151 0.649957
0.465874 1.73867 -0 0.59151 0.649957
0.556231 1.7119 -0 0.607449 0.653246
0.517638 1.93185 -0 0.594058 0.61415
0.556231 1.7119 -0 0.607449 0.653246
0.618034 1.90211 -0 0.610521 0.617431
0.517638 1.93185 -0 0.594058 0.61415
0.517638 1.93185 -0 0.594058 0.61415
0.618034 1.90211 -0 0.610521 0.617431
0.569402 2.12504 -0 0.596006 0.582857
0.618034 1.90211 -0 0.610521 0.617431
0.679837 2.09232 -0 0.612883 0.586114
0.569402 2.12504 -0 0.596006 0.582857
0.569402 2.12504 -0 0.596006 0.582857
0.679837 2.09232 -0 0.612883 0.586114
0.674007 2.51543 0.04 0.59922 0.523716
0.679837 2.09232 -0 0.612883 0.586114
0.804731 2.47671 0.04 0.616835 0.526896
0.674007 2.51543 0.04 0.59922 0.523716
0.674007 2.51543 0.04 0.59922 0.523716
0.804731 2.47671 0.04 0.616835 0.526896
0.725771 2.70861 0.16 0.60146 0.481505
0.804731 2.47671 0.04 0.616835 0.526896
0.866534 2.66692 0.16 0.619646 0.484619
0.725771 2.70861 0.16 0.60146 0.481505
0.725771 2.70861 0.16 0.60146 0.481505
0.866534 2.66692 0.16 0.619646 0.484619
0.777535 2.9018 0.36 0.603844 0.428373
0.866534 2.66692 0.16 0.619646 0.484619
0.928337 2.85713 0.36 0.622706 0.431378
0.777535 2.9018 0.36 0.603844 0.428373
0.777535 2.9018 0.36 0.603844 0.428373
0.928337 2.85713 0.36 0.622706 0.431378
0.829298 3.09498 0.64 0.60589 0.364657
0.928337 2.85713 0.36 0.622706 0.431378
0.990141 3.04734 0.64 0.625452 0.367483
0.829298 3.09498 0.64 0.60589 0.364657
0.829298 3.09498 0.64 0.60589 0.364657
0.990141 3.04734 0.64 0.625452 0.367483
0.881062 3.28817 1 0.607035 0.291597
0.990141 3.04734 0.64 0.625452 0.367483
1.05194 3.23755 1 0.627221 0.294152
0.881062 3.28817 1 0.607035 0.291597
0.881062 3.28817 1 0.607035 0.291597
1.05194 3.23755 1 0.627221 0.294152
0.932826 3.48135 1.44 0.606713 0.211824
1.05194 3.23755 1 0.627221 0.294152
1.11375 3.42776 1.44 0.627332 0.214017
0.932826 3.48135 1.44 0.606713 0.211824
0.932826 3.48135 1.44 0.606713 0.211824
1.11375 3.42776 1.44 0.627332 0.214017
0.98459 3.67454 1.96 0.604497 0.129404
1.11375 3.42776 1.44 0.627332 0.214017
1.17555 3.61797 1.96 0.625261 0.131162
0.98459 3.67454 1.96 0.604497 0.129404
0.98459 3.67454 1.96 0.604497 0.129404
1.17555 3.61797 1.96 0.625261 0.131162
1.03635 3.86772 2.56 0.600275 0.0490605
1.17555 3.61797 1.96 0.625261 0.131162
1.23735 3.80819 2.56 0.620852 0.0503373
1.03635 3.86772 2.56 0.600275 0.0490605
0.0415823 0.537063 -0 0.517896 0.999846
0.0517638 0.537063 -0 0.520711 0.99977
0.0831647 0.537063 -0 0.529387 0.999403
0.0517638 0.537063 -0 0.520711 0.99977
0.103528 0.537063 -0 0.535003 0.999059
0.0831647 0.537063 -0 0.529387 0.999403
0.0831647 0.537063 -0 0.529387 0.999403
0.103528 0.537063 -0 0.535003 0.999059
0.124747 0.586889 -0 0.54076 0.981007
0.103528 0.537063 -0 0.535003 0.999059
0.155291 0.579556 -0 0.549054 0.982817
0.124747 0.586889 -0 0.54076 0.981007
0.124747 0.586889 -0 0.54076 0.981007
0.155291 0.579556 -0 0.549054 0.982817
0.166329 0.782518 -0 0.550581 0.912287
0.155291 0.579556 -0 0.549054 0.982817
0.207055 0.772741 -0 0.560967 0.91442
0.166329 0.782518 -0 0.550581 0.912287
0.166329 0.782518 -0 0.550581 0.912287
0.207055 0.772741 -0 0.560967 0.91442
0.207912 0.978148 -0 0.558429 0.847461
0.207055 0.772741 -0 0.560967 0.91442
0.258819 0.965926 -0 0.570532 0.849817
0.207912 0.978148 -0 0.558429 0.847461
0.207912 0.978148 -0 0.558429 0.847461
0.258819 0.965926 -0 0.570532 0.849817
0.249494 1.17378 -0 0.564537 0.788172
0.258819 0.965926 -0 0.570532 0.849817
0.310583 1.15911 -0 0.578013 0.790667
0.249494 1.17378 -0 0.564537 0.788172
0.249494 1.17378 -0 0.564537 0.788172
0.310583 1.15911 -0 0.578013 0.790667
0.291076 1.36941 -0 0.569211 0.735134
0.310583 1.15911 -0 0.578013 0.790667
0.362347 1.3523 -0 0.583771 0.737702
0.291076 1.36941 -0 0.569211 0.735134
0.291076 1.36941 -0 0.569211 0.735134
0.362347 1.3523 -0 0.583771 0.737702
0.332659 1.56504 -0 0.572757 0.688342
0.362347 1.3523 -0 0.583771 0.737702
0.41411 1.54548 -0 0.588165 0.690937
0.332659 1.56504 -0 0.572757 0.688342
0.332659 1.56504 -0 0.572757 0.688342
0.41411 1.54548 -0 0.588165 0.690937
0.374241 1.76067 -0 0.575439 0.647366
0.41411 1.54548 -0 0.588165 0.690937
0.465874 1.73867 -0 0.59151 0.649957
0.374241 1.76067 -0 0.575439 0.647366
0.374241 1.76067 -0 0.575439 0.647366
0.465874 1.73867 -0 0.59151 0.649957
0.415823 1.9563 -0 0.577467 0.611581
0.465874 1.73867 -0 0.59151 0.649957
0.517638 1.93185 -0 0.594058 0.61415
0.415823 1.9563 -0 0.577467 0.611581
0.415823 1.9563 -0 0.577467 0.611581
0.517638 1.93185 -0 0.594058 0.61415
0.457406 2.15192 -0 0.579004 0.58032
0.517638 1.93185 -0 0.594058 0.61415
0.569402 2.12504 -0 0.596006 0.582857
0.457406 2.15192 -0 0.579004 0.58032
0.457406 2.15192 -0 0.579004 0.58032
0.569402 2.12504 -0 0.596006 0.582857
0.541436 2.54726 0.04 0.581489 0.521263
0.569402 2.12504 -0 0.596006 0.582857
0.674007 2.51543 0.04 0.59922 0.523716
0.541436 2.54726 0.04 0.581489 0.521263
0.541436 2.54726 0.04 0.581489 0.521263
0.674007 2.51543 0.04 0.59922 0.523716
0.583018 2.74289 0.16 0.583163 0.47912
0.674007 2.51543 0.04 0.59922 0.523716
0.725771 2.70861 0.16 0.60146 0.481505
0.583018 2.74289 0.16 0.583163 0.47912
0.583018 2.74289 0.16 0.583163 0.47912
0.725771 2.70861 0.16 0.60146 0.481505
0.624601 2.93851 0.36 0.584877 0.426095
0.725771 2.70861 0.16 0.60146 0.481505
0.777535 2.9018 0.36 0.603844 0.428373
0.624601 2.93851 0.36 0.584877 0.426095
0.624601 2.93851 0.36 0.584877 0.426095
0.777535 2.9018 0.36 0.603844 0.428373
0.666183 3.13414 0.64 0.586228 0.362551
0.777535 2.9018 0.36 0.603844 0.428373
0.829298 3.09498 0.64 0.60589 0.364657
0.666183 3.13414 0.64 0.586228 0.362551
0.666183 3.13414 0.64 0.586228 0.362551
0.829298 3.09498 0.64 0.60589 0.364657
0.707765 3.32977 1 0.586758 0.289741
0.829298 3.09498 0.64 0.60589 0.364657
0.881062 3.28817 1 0.607035 0.291597
0.707765 3.32977 1 0.586758 0.289741
0.707765 3.32977 1 0.586758 0.289741
0.881062 3.28817 1 0.607035 0.291597
0.749348 3.5254 1.44 0.586011 0.210295
0.881062 3.28817 1 0.607035 0.291597
0.932826 3.48135 1.44 0.606713 0.211824
0.749348 3.5254 1.44 0.586011 0.210295
0.749348 3.5254 1.44 0.586011 0.210295
0.932826 3.48135 1.44 0.606713 0.211824
0.79093 3.72103 1.96 0.583656 0.128256
0.932826 3.48135 1.44 0.606713 0.211824
0.98459 3.67454 1.96 0.604497 0.129404
0.79093 3.72103 1.96 0.583656 0.128256
0.79093 3.72103 1.96 0.583656 0.128256
0.98459 3.67454 1.96 0.604497 0.129404
0.832512 3.91666 2.56 0.579627 0.0483257
0.98459 3.67454 1.96 0.604497 0.129404
1.03635 3.86772 2.56 0.600275 0.0490605
0.832512 3.91666 2.56 0.579627 0.0483257
0.0312869 0.537063 -0 0.515048 0.999903
0.0415823 0.537063 -0 0.517896 0.999846
0.0625738 0.537063 -0 0.523699 0.999666
0.0415823 0.537063 -0 0.517896 0.999846
0.0831647 0.537063 -0 0.529387 0.999403
0.0625738 0.537063 -0 0.523699 0.999666
0.0625738 0.537063 -0 0.523699 0.999666
0.0831647 0.537063 -0 0.529387 0.999403
0.0938607 0.592613 -0 0.532379 0.979591
0.0831647 0.537063 -0 0.529387 0.999403
0.124747 0.586889 -0 0.54076 0.981007
0.0938607 0.592613 -0 0.532379 0.979591
0.0938607 0.592613 -0 0.532379 0.979591
0.124747 0.586889 -0 0.54076 0.981007
0.125148 0.790151 -0 0.540094 0.910634
0.124747 0.586889 -0 0.54076 0.981007
0.166329 0.782518 -0 0.550581 0.912287
0.125148 0.790151 -0 0.540094 0.910634
0.125148 0.790151 -0 0.540094 0.910634
0.166329 0.782518 -0 0.550581 0.912287
0.156434 0.987688 -0 0.54622 0.845657
0.166329 0.782518 -0 0.550581 0.912287
0.207912 0.978148 -0 0.558429 0.847461
0.156434 0.987688 -0 0.54622 0.845657
0.156434 0.987688 -0 0.54622 0.845657
0.207912 0.978148 -0 0.558429 0.847461
0.187721 1.18523 -0 0.550951 0.786284
0.207912 0.978148 -0 0.558429 0.847461
0.249494 1.17378 -0 0.564537 0.788172
0.187721 1.18523 -0 0.550951 0.786284
0.187721 1.18523 -0 0.550951 0.786284
0.249494 1.17378 -0 0.564537 0.788172
0.219008 1.38276 -0 0.554542 0.733212
0.249494 1.17378 -0 0.564537 0.788172
0.291076 1.36941 -0 0.569211 0.735134
0.219008 1.38276 -0 0.554542 0.733212
0.219008 1.38276 -0 0.554542 0.733212
0.291076 1.36941 -0 0.569211 0.735134
0.250295 1.5803 -0 0.557242 0.686423
0.291076 1.36941 -0 0.569211 0.735134
0.332659 1.56504 -0 0.572757 0.688342
0.250295 1.5803 -0 0.557242 0.686423
0.250295 1.5803 -0 0.557242 0.686423
0.332659 1.56504 -0 0.572757 0.688342
0.281582 1.77784 -0 0.559263 0.64547
0.332659 1.56504 -0 0.572757 0.688342
0.374241 1.76067 -0 0.575439 0.647366
0.281582 1.77784 -0 0.559263 0.64547
0.281582 1.77784 -0 0.559263 0.64547
0.374241 1.76067 -0 0.575439 0.647366
0.312869 1.97538 -0 0.560774 0.609719
0.374241 1.76067 -0 0.575439 0.647366
0.415823 1.9563 -0 0.577467 0.611581
0.312869 1.97538 -0 0.560774 0.609719
0.312869 1.97538 -0 0.560774 0.609719
0.415823 1.9563 -0 0.577467 0.611581
0.344156 2.17291 -0 0.561903 0.578498
0.415823 1.9563 -0 0.577467 0.611581
0.457406 2.15192 -0 0.579004 0.58032
0.344156 2.17291 -0 0.561903 0.578498
0.344156 2.17291 -0 0.561903 0.578498
0.457406 2.15192 -0 0.579004 0.58032
0.407381 2.5721 0.04 0.563666 0.519532
0.457406 2.15192 -0 0.579004 0.58032
0.541436 2.54726 0.04 0.581489 0.521263
0.407381 2.5721 0.04 0.563666 0.519532
0.407381 2.5721 0.04 0.563666 0.519532
0.541436 2.54726 0.04 0.581489 0.521263
0.438668 2.76964 0.16 0.564777 0.477459
0.541436 2.54726 0.04 0.581489 0.521263
0.583018 2.74289 0.16 0.583163 0.47912
0.438668 2.76964 0.16 0.564777 0.477459
0.438668 2.76964 0.16 0.564777 0.477459
0.583018 2.74289 0.16 0.583163 0.47912
0.469955 2.96718 0.36 0.565826 0.424541
0.583018 2.74289 0.16 0.583163 0.47912
0.624601 2.93851 0.36 0.584877 0.426095
0.469955 2.96718 0.36 0.565826 0.424541
0.469955 2.96718 0.36 0.565826 0.424541
0.624601 2.93851 0.36 0.584877 0.426095
0.501242 3.16471 0.64 0.56649 0.361159
0.624601 2.93851 0.36 0.584877 0.426095
0.666183 3.13414 0.64 0.586228 0.362551
0.501242 3.16471 0.64 0.56649 0.361159
0.501242 3.16471 0.64 0.56649 0.361159
0.666183 3.13414 0.64 0.586228 0.362551
0.532528 3.36225 1 0.566413 0.288579
0.666183 3.13414 0.64 0.586228 0.362551
0.707765 3.32977 1 0.586758 0.289741
0.532528 3.36225 1 0.566413 0.288579
0.532528 3.36225 1 0.566413 0.288579
0.707765 3.32977 1 0.586758 0.289741
0.563815 3.55979 1.44 0.565248 0.209426
0.707765 3.32977 1 0.586758 0.289741
0.749348 3.5254 1.44 0.586011 0.210295
0.563815 3.55979 1.44 0.565248 0.209426
0.563815 3.55979 1.44 0.565248 0.209426
0.749348 3.5254 1.44 0.586011 0.210295
0.595102 3.75733 1.96 0.562759 0.127717
0.749348 3.5254 1.44 0.586011 0.210295
0.79093 3.72103 1.96 0.583656 0.128256
0.595102 3.75733 1.96 0.562759 0.127717
0.595102 3.75733 1.96 0.562759 0.127717
0.79093 3.72103 1.96 0.583656 0.128256
0.626389 3.95487 2.56 0.558925 0.0481287
0.79093 3.72103 1.96 0.583656 0.128256
0.832512 3.91666 2.56 0.579627 0.0483257
0.626389 3.95487 2.56 0.558925 0.0481287
0.0209057 0.537063 -0 0.512177 0.999938
0.0312869 0.537063 -0 0.515048 0.999903
0.0418114 0.537063 -0 0.517959 0.999845
0.0312869 0.537063 -0 0.515048 0.999903
0.0625738 0.537063 -0 0.523699 0.999666
0.0418114 0.537063 -0 0.517959 0.999845
0.0418114 0.537063 -0 0.517959 0.999845
0.0625738 0.537063 -0 0.523699 0.999666
0.0627171 0.596713 -0 0.523932 0.978568
0.0625738 0.537063 -0 0.523699 0.999666
0.0938607 0.592613 -0 0.532379 0.979591
0.0627171 0.596713 -0 0.523932 0.978568
0.0627171 0.596713 -0 0.523932 0.978568
0.0938607 0.592613 -0 0.532379 0.979591
0.0836228 0.795618 -0 0.529533 0.909464
0.0938607 0.592613 -0 0.532379 0.979591
0.125148 0.790151 -0 0.540094 0.910634
0.0836228 0.795618 -0 0.529533 0.909464
0.0836228 0.795618 -0 0.529533 0.909464
0.125148 0.790151 -0 0.540094 0.910634
0.104528 0.994522 -0 0.533931 0.844404
0.125148 0.790151 -0 0.540094 0.910634
0.156434 0.987688 -0 0.54622 0.845657
0.104528 0.994522 -0 0.533931 0.844404
0.104528 0.994522 -0 0.533931 0.844404
0.156434 0.987688 -0 0.54622 0.845657
0.125434 1.19343 -0 0.537284 0.785001
0.156434 0.987688 -0 0.54622 0.845657
0.187721 1.18523 -0 0.550951 0.786284
0.125434 1.19343 -0 0.537284 0.785001
0.125434 1.19343 -0 0.537284 0.785001
0.187721 1.18523 -0 0.550951 0.786284
0.14634 1.39233 -0 0.539793 0.731936
0.187721 1.18523 -0 0.550951 0.786284
0.219008 1.38276 -0 0.554542 0.733212
0.14634 1.39233 -0 0.539793 0.731936
0.14634 1.39233 -0 0.539793 0.731936
0.219008 1.38276 -0 0.554542 0.733212
0.167246 1.59124 -0 0.541648 0.685176
0.219008 1.38276 -0 0.554542 0.733212
0.250295 1.5803 -0 0.557242 0.686423
0.167246 1.59124 -0 0.541648 0.685176
0.167246 1.59124 -0 0.541648 0.685176
0.250295 1.5803 -0 0.557242 0.686423
0.188151 1.79014 -0 0.543011 0.644265
0.250295 1.5803 -0 0.557242 0.686423
0.281582 1.77784 -0 0.559263 0.64547
0.188151 1.79014 -0 0.543011 0.644265
0.188151 1.79014 -0 0.543011 0.644265
0.281582 1.77784 -0 0.559263 0.64547
0.209057 1.98904 -0 0.544006 0.60856
0.281582 1.77784 -0 0.559263 0.64547
0.312869 1.97538 -0 0.560774 0.609719
0.209057 1.98904 -0 0.544006 0.60856
0.209057 1.98904 -0 0.544006 0.60856
0.312869 1.97538 -0 0.560774 0.609719
0.229963 2.18795 -0 0.54473 0.577385
0.312869 1.97538 -0 0.560774 0.609719
0.344156 2.17291 -0 0.561903 0.578498
0.229963 2.18795 -0 0.54473 0.577385
0.229963 2.18795 -0 0.54473 0.577385
0.344156 2.17291 -0 0.561903 0.578498
0.272209 2.5899 0.04 0.545775 0.518517
0.344156 2.17291 -0 0.561903 0.578498
0.407381 2.5721 0.04 0.563666 0.519532
0.272209 2.5899 0.04 0.545775 0.518517
0.272209 2.5899 0.04 0.545775 0.518517
0.407381 2.5721 0.04 0.563666 0.519532
0.293115 2.7888 0.16 0.546326 0.476519
0.407381 2.5721 0.04 0.563666 0.519532
0.438668 2.76964 0.16 0.564777 0.477459
0.293115 2.7888 0.16 0.546326 0.476519
0.293115 2.7888 0.16 0.546326 0.476519
0.438668 2.76964 0.16 0.564777 0.477459
0.314021 2.98771 0.36 0.546713 0.423707
0.438668 2.76964 0.16 0.564777 0.477459
0.469955 2.96718 0.36 0.565826 0.424541
0.314021 2.98771 0.36 0.546713 0.423707
0.314021 2.98771 0.36 0.546713 0.423707
0.469955 2.96718 0.36 0.565826 0.424541
0.334926 3.18661 0.64 0.546698 0.360477
0.469955 2.96718 0.36 0.565826 0.424541
0.501242 3.16471 0.64 0.56649 0.361159
0.334926 3.18661 0.64 0.546698 0.360477
0.334926 3.18661 0.64 0.546698 0.360477
0.501242 3.16471 0.64 0.56649 0.361159
0.355832 3.38551 1 0.54602 0.288108
0.501242 3.16471 0.64 0.56649 0.361159
0.532528 3.36225 1 0.566413 0.288579
0.355832 3.38551 1 0.54602 0.288108
0.355832 3.38551 1 0.54602 0.288108
0.532528 3.36225 1 0.566413 0.288579
0.376738 3.58442 1.44 0.544444 0.209211
0.532528 3.36225 1 0.566413 0.288579
0.563815 3.55979 1.44 0.565248 0.209426
0.376738 3.58442 1.44 0.544444 0.209211
0.376738 3.58442 1.44 0.544444 0.209211
0.563815 3.55979 1.44 0.565248 0.209426
0.397643 3.78332 1.96 0.541825 0.127778
0.563815 3.55979 1.44 0.565248 0.209426
0.595102 3.75733 1.96 0.562759 0.127717
0.397643 3.78332 1.96 0.541825 0.127778
0.397643 3.78332 1.96 0.541825 0.127778
0.595102 3.75733 1.96 0.562759 0.127717
0.418549 3.98223 2.56 0.538189 0.0484663
0.595102 3.75733 1.96 0.562759 0.127717
0.626389 3.95487 2.56 0.558925 0.0481287
0.418549 3.98223 2.56 0.538189 0.0484663
0.0104672 0.537063 -0 0.50929 0.999951
0.0209057 0.537063 -0 0.512177 0.999938
0.0209344 0.537063 -0 0.512185 0.999938
0.0209057 0.537063 -0 0.512177 0.999938
0.0418114 0.537063 -0 0.517959 0.999845
0.0209344 0.537063 -0 0.512185 0.999938
0.0209344 0.537063 -0 0.512185 0.999938
0.0418114 0.537063 -0 0.517959 0.999845
0.0314016 0.599178 -0 0.515439 0.977938
0.0418114 0.537063 -0 0.517959 0.999845
0.0627171 0.596713 -0 0.523932 0.978568
0.0314016 0.599178 -0 0.515439 0.977938
0.0314016 0.599178 -0 0.515439 0.977938
0.0627171 0.596713 -0 0.523932 0.978568
0.0418688 0.798904 -0 0.51892 0.908775
0.0627171 0.596713 -0 0.523932 0.978568
0.0836228 0.795618 -0 0.529533 0.909464
0.0418688 0.798904 -0 0.51892 0.908775
0.0418688 0.798904 -0 0.51892 0.908775
0.0836228 0.795618 -0 0.529533 0.909464
0.052336 0.99863 -0 0.521588 0.843703
0.0836228 0.795618 -0 0.529533 0.909464
0.104528 0.994522 -0 0.533931 0.844404
0.052336 0.99863 -0 0.521588 0.843703
0.052336 0.99863 -0 0.521588 0.843703
0.104528 0.994522 -0 0.533931 0.844404
0.0628031 1.19836 -0 0.523565 0.784322
0.104528 0.994522 -0 0.533931 0.844404
0.125434 1.19343 -0 0.537284 0.785001
0.0628031 1.19836 -0 0.523565 0.784322
0.0628031 1.19836 -0 0.523565 0.784322
0.125434 1.19343 -0 0.537284 0.785001
0.0732703 1.39808 -0 0.524993 0.731302
0.125434 1.19343 -0 0.537284 0.785001
0.14634 1.39233 -0 0.539793 0.731936
0.0732703 1.39808 -0 0.524993 0.731302
0.0732703 1.39808 -0 0.524993 0.731302
0.14634 1.39233 -0 0.539793 0.731936
0.0837375 1.59781 -0 0.526005 0.684599
0.14634 1.39233 -0 0.539793 0.731936
0.167246 1.59124 -0 0.541648 0.685176
0.0837375 1.59781 -0 0.526005 0.684599
0.0837375 1.59781 -0 0.526005 0.684599
0.167246 1.59124 -0 0.541648 0.685176
0.0942047 1.79753 -0 0.52671 0.643746
0.167246 1.59124 -0 0.541648 0.685176
0.188151 1.79014 -0 0.543011 0.644265
0.0942047 1.79753 -0 0.52671 0.643746
0.0942047 1.79753 -0 0.52671 0.643746
0.188151 1.79014 -0 0.543011 0.644265
0.104672 1.99726 -0 0.527192 0.6081
0.188151 1.79014 -0 0.543011 0.644265
0.209057 1.98904 -0 0.544006 0.60856
0.104672 1.99726 -0 0.527192 0.6081
0.104672 1.99726 -0 0.527192 0.6081
0.209057 1.98904 -0 0.544006 0.60856
0.115139 2.19699 -0 0.527511 0.576978
0.209057 1.98904 -0 0.544006 0.60856
0.229963 2.18795 -0 0.54473 0.577385
0.115139 2.19699 -0 0.527511 0.576978
0.115139 2.19699 -0 0.527511 0.576978
0.229963 2.18795 -0 0.54473 0.577385
0.136291 2.60059 0.04 0.52784 0.518215
0.229963 2.18795 -0 0.54473 0.577385
0.272209 2.5899 0.04 0.545775 0.518517
0.136291 2.60059 0.04 0.52784 0.518215
0.136291 2.60059 0.04 0.52784 0.518215
0.272209 2.5899 0.04 0.545775 0.518517
0.146759 2.80032 0.16 0.527831 0.476295
0.272209 2.5899 0.04 0.545775 0.518517
0.293115 2.7888 0.16 0.546326 0.476519
0.146759 2.80032 0.16 0.527831 0.476295
0.146759 2.80032 0.16 0.527831 0.476295
0.293115 2.7888 0.16 0.546326 0.476519
0.157226 3.00005 0.36 0.527563 0.42359
0.293115 2.7888 0.16 0.546326 0.476519
0.314021 2.98771 0.36 0.546713 0.423707
0.157226 3.00005 0.36 0.527563 0.42359
0.157226 3.00005 0.36 0.527563 0.42359
0.314021 2.98771 0.36 0.546713 0.423707
0.167693 3.19977 0.64 0.526875 0.360503
0.314021 2.98771 0.36 0.546713 0.423707
0.334926 3.18661 0.64 0.546698 0.360477
0.167693 3.19977 0.64 0.526875 0.360503
0.167693 3.19977 0.64 0.526875 0.360503
0.334926 3.18661 0.64 0.546698 0.360477
0.17816 3.3995 1 0.525604 0.288322
0.334926 3.18661 0.64 0.546698 0.360477
0.355832 3.38551 1 0.54602 0.288108
0.17816 3.3995 1 0.525604 0.288322
0.17816 3.3995 1 0.525604 0.288322
0.355832 3.38551 1 0.54602 0.288108
0.188627 3.59922 1.44 0.523621 0.209645
0.355832 3.38551 1 0.54602 0.288108
0.376738 3.58442 1.44 0.544444 0.209211
0.188627 3.59922 1.44 0.523621 0.209645
0.188627 3.59922 1.44 0.523621 0.209645
0.376738 3.58442 1.44 0.544444 0.209211
0.199095 3.79895 1.96 0.520875 0.128437
0.376738 3.58442 1.44 0.544444 0.209211
0.397643 3.78332 1.96 0.541825 0.127778
0.199095 3.79895 1.96 0.520875 0.128437
0.199095 3.79895 1.96 0.520875 0.128437
0.397643 3.78332 1.96 0.541825 0.127778
0.209562 3.99868 2.56 0.517436 0.049333
0.397643 3.78332 1.96 0.541825 0.127778
0.418549 3.98223 2.56 0.538189 0.0484663
0.209562 3.99868 2.56 0.517436 0.049333
1.22465e-17 0.537063 -0 0.506395 0.999943
0.0104672 0.537063 -0 0.50929 0.999951
2.44929e-17 0.537063 -0 0.506395 0.999943
0.0104672 0.537063 -0 0.50929 0.999951
0.0209344 0.537063 -0 0.512185 0.999938
2.44929e-17 0.537063 -0 0.506395 0.999943
2.44929e-17 0.537063 -0 0.506395 0.999943
0.0209344 0.537063 -0 0.512185 0.999938
3.67394e-17 0.6 -0 0.506919 0.977705
0.0209344 0.537063 -0 0.512185 0.999938
0.0314016 0.599178 -0 0.515439 0.977938
3.67394e-17 0.6 -0 0.506919 0.977705
3.67394e-17 0.6 -0 0.506919 0.977705
0.0314016 0.599178 -0 0.515439 0.977938
4.89859e-17 0.8 -0 0.50828 0.908568
0.0314016 0.599178 -0 0.515439 0.977938
0.0418688 0.798904 -0 0.51892 0.908775
4.89859e-17 0.8 -0 0.50828 0.908568
4.89859e-17 0.8 -0 0.50828 0.908568
0.0418688 0.798904 -0 0.51892 0.908775
6.12323e-17 1 -0 0.50922 0.843553
0.0418688 0.798904 -0 0.51892 0.908775
0.052336 0.99863 -0 0.521588 0.843703
6.12323e-17 1 -0 0.50922 0.843553
6.12323e-17 1 -0 0.50922 0.843553
0.052336 0.99863 -0 0.521588 0.843703
7.34788e-17 1.2 -0 0.509822 0.784247
0.052336 0.99863 -0 0.521588 0.843703
0.0628031 1.19836 -0 0.523565 0.784322
7.34788e-17 1.2 -0 0.509822 0.784247
7.34788e-17 1.2 -0 0.509822 0.784247
0.0628031 1.19836 -0 0.523565 0.784322
8.57253e-17 1.4 -0 0.510171 0.731307
0.0628031 1.19836 -0 0.523565 0.784322
0.0732703 1.39808 -0 0.524993 0.731302
8.57253e-17 1.4 -0 0.510171 0.731307
8.57253e-17 1.4 -0 0.510171 0.731307
0.0732703 1.39808 -0 0.524993 0.731302
9.79717e-17 1.6 -0 0.510342 0.684685
0.0732703 1.39808 -0 0.524993 0.731302
0.0837375 1.59781 -0 0.526005 0.684599
9.79717e-17 1.6 -0 0.510342 0.684685
9.79717e-17 1.6 -0 0.510342 0.684685
0.0837375 1.59781 -0 0.526005 0.684599
1.10218e-16 1.8 -0 0.51039 0.643909
0.0837375 1.59781 -0 0.526005 0.684599
0.0942047 1.79753 -0 0.52671 0.643746
1.10218e-16 1.8 -0 0.51039 0.643909
1.10218e-16 1.8 -0 0.51039 0.643909
0.0942047 1.79753 -0 0.52671 0.643746
1.22465e-16 2 -0 0.510358 0.608332
0.0942047 1.79753 -0 0.52671 0.643746
0.104672 1.99726 -0 0.527192 0.6081
1.22465e-16 2 -0 0.510358 0.608332
1.22465e-16 2 -0 0.510358 0.608332
0.104672 1.99726 -0 0.527192 0.6081
1.34711e-16 2.2 -0 0.510274 0.57727
0.104672 1.99726 -0 0.527192 0.6081
0.115139 2.19699 -0 0.527511 0.576978
1.34711e-16 2.2 -0 0.510274 0.57727
1.34711e-16 2.2 -0 0.510274 0.57727
0.115139 2.19699 -0 0.527511 0.576978
1.59459e-16 2.60416 0.04 0.509887 0.518617
0.115139 2.19699 -0 0.527511 0.576978
0.136291 2.60059 0.04 0.52784 0.518215
1.59459e-16 2.60416 0.04 0.509887 0.518617
1.59459e-16 2.60416 0.04 0.509887 0.518617
0.136291 2.60059 0.04 0.52784 0.518215
1.71705e-16 2.80416 0.16 0.509322 0.476782
0.136291 2.60059 0.04 0.52784 0.518215
0.146759 2.80032 0.16 0.527831 0.476295
1.71705e-16 2.80416 0.16 0.509322 0.476782
1.71705e-16 2.80416 0.16 0.509322 0.476782
0.146759 2.80032 0.16 0.527831 0.476295
1.83952e-16 3.00416 0.36 0.5084 0.424187
0.146759 2.80032 0.16 0.527831 0.476295
0.157226 3.00005 0.36 0.527563 0.42359
1.83952e-16 3.00416 0.36 0.5084 0.424187
1.83952e-16 3.00416 0.36 0.5084 0.424187
0.157226 3.00005 0.36 0.527563 0.42359
1.96198e-16 3.20416 0.64 0.507044 0.361236
0.157226 3.00005 0.36 0.527563 0.42359
0.167693 3.19977 0.64 0.526875 0.360503
1.96198e-16 3.20416 0.64 0.507044 0.361236
1.96198e-16 3.20416 0.64 0.507044 0.361236
0.167693 3.19977 0.64 0.526875 0.360503
2.08445e-16 3.40416 1 0.505186 0.289221
0.167693 3.19977 0.64 0.526875 0.360503
0.17816 3.3995 1 0.525604 0.288322
2.08445e-16 3.40416 1 0.505186 0.289221
2.08445e-16 3.40416 1 0.505186 0.289221
0.17816 3.3995 1 0.525604 0.288322
2.20691e-16 3.60416 1.44 0.502801 0.210723
0.17816 3.3995 1 0.525604 0.288322
0.188627 3.59922 1.44 0.523621 0.209645
2.20691e-16 3.60416 1.44 0.502801 0.210723
2.20691e-16 3.60416 1.44 0.502801 0.210723
0.188627 3.59922 1.44 0.523621 0.209645
2.32938e-16 3.80416 1.96 0.499927 0.129686
0.188627 3.59922 1.44 0.523621 0.209645
0.199095 3.79895 1.96 0.520875 0.128437
2.32938e-16 3.80416 1.96 0.499927 0.129686
2.32938e-16 3.80416 1.96 0.499927 0.129686
0.199095 3.79895 1.96 0.520875 0.128437
2.45184e-16 4.00416 2.56 0.496684 0.0507253
0.199095 3.79895 1.96 0.520875 0.128437
0.209562 3.99868 2.56 0.517436 0.049333
2.45184e-16 4.00416 2.56 0.496684 0.0507253
-0.0104672 0.537063 -0 0.503501 0.999912
1.22465e-17 0.537063 -0 0.506395 0.999943
-0.0209344 0.537063 -0 0.500609 0.999859
1.22465e-17 0.537063 -0 0.506395 0.999943
2.44929e-17 0.537063 -0 0.506395 0.999943
-0.0209344 0.537063 -0 0.500609 0.999859
-0.0209344 0.537063 -0 0.500609 0.999859
2.44929e-17 0.537063 -0 0.506395 0.999943
-0.0314016 0.599178 -0 0.498394 0.977864
2.44929e-17 0.537063 -0 0.506395 0.999943
3.67394e-17 0.6 -0 0.506919 0.977705
-0.0314016 0.599178 -0 0.498394 0.977864
-0.0314016 0.599178 -0 0.498394 0.977864
3.67394e-17 0.6 -0 0.506919 0.977705
-0.0418688 0.798904 -0 0.497636 0.908841
3.67394e-17 0.6 -0 0.506919 0.977705
4.89859e-17 0.8 -0 0.50828 0.908568
-0.0418688 0.798904 -0 0.497636 0.908841
-0.0418688 0.798904 -0 0.497636 0.908841
4.89859e-17 0.8 -0 0.50828 0.908568
-0.052336 0.99863 -0 0.496852 0.843951
4.89859e-17 0.8 -0 0.50828 0.908568
6.12323e-17 1 -0 0.50922 0.843553
-0.052336 0.99863 -0 0.496852 0.843951
-0.052336 0.99863 -0 0.496852 0.843951
6.12323e-17 1 -0 0.50922 0.843553
-0.0628031 1.19836 -0 0.496082 0.784771
6.12323e-17 1 -0 0.50922 0.843553
7.34788e-17 1.2 -0 0.509822 0.784247
-0.0628031 1.19836 -0 0.496082 0.784771
-0.0628031 1.19836 -0 0.496082 0.784771
7.34788e-17 1.2 -0 0.509822 0.784247
-0.0732703 1.39808 -0 0.495356 0.731948
7.34788e-17 1.2 -0 0.509822 0.784247
8.57253e-17 1.4 -0 0.510171 0.731307
-0.0732703 1.39808 -0 0.495356 0.731948
-0.0732703 1.39808 -0 0.495356 0.731948
8.57253e-17 1.4 -0 0.510171 0.731307
-0.0837375 1.59781 -0 0.494686 0.685433
8.57253e-17 1.4 -0 0.510171 0.731307
9.79717e-17 1.6 -0 0.510342 0.684685
-0.0837375 1.59781 -0 0.494686 0.685433
-0.0837375 1.59781 -0 0.494686 0.685433
9.79717e-17 1.6 -0 0.510342 0.684685
-0.0942047 1.79753 -0 0.49408 0.644749
9.79717e-17 1.6 -0 0.510342 0.684685
1.10218e-16 1.8 -0 0.51039 0.643909
-0.0942047 1.79753 -0 0.49408 0.644749
-0.0942047 1.79753 -0 0.49408 0.644749
1.10218e-16 1.8 -0 0.51039 0.643909
-0.104672 1.99726 -0 0.493535 0.609251
1.10218e-16 1.8 -0 0.51039 0.643909
1.22465e-16 2 -0 0.510358 0.608332
-0.104672 1.99726 -0 0.493535 0.609251
-0.104672 1.99726 -0 0.493535 0.609251
1.22465e-16 2 -0 0.510358 0.608332
-0.115139 2.19699 -0 0.493047 0.578256
1.22465e-16 2 -0 0.510358 0.608332
1.34711e-16 2.2 -0 0.510274 0.57727
-0.115139 2.19699 -0 0.493047 0.578256
-0.115139 2.19699 -0 0.493047 0.578256
1.34711e-16 2.2 -0 0.510274 0.57727
-0.136291 2.60059 0.04 0.491948 0.519723
1.34711e-16 2.2 -0 0.510274 0.57727
1.59459e-16 2.60416 0.04 0.509887 0.518617
-0.136291 2.60059 0.04 0.491948 0.519723
-0.136291 2.60059 0.04 0.491948 0.519723
1.59459e-16 2.60416 0.04 0.509887 0.518617
-0.146759 2.80032 0.16 0.490831 0.477978
1.59459e-16 2.60416 0.04 0.509887 0.518617
1.71705e-16 2.80416 0.16 0.509322 0.476782
-0.146759 2.80032 0.16 0.490831 0.477978
-0.146759 2.80032 0.16 0.490831 0.477978
1.71705e-16 2.80416 0.16 0.509322 0.476782
-0.157226 3.00005 0.36 0.489254 0.425494
1.71705e-16 2.80416 0.16 0.509322 0.476782
1.83952e-16 3.00416 0.36 0.5084 0.424187
-0.157226 3.00005 0.36 0.489254 0.425494
-0.157226 3.00005 0.36 0.489254 0.425494
1.83952e-16 3.00416 0.36 0.5084 0.424187
-0.167693 3.19977 0.64 0.48723 0.362671
1.83952e-16 3.00416 0.36 0.5084 0.424187
1.96198e-16 3.20416 0.64 0.507044 0.361236
-0.167693 3.19977 0.64 0.48723 0.362671
-0.167693 3.19977 0.64 0.48723 0.362671
1.96198e-16 3.20416 0.64 0.507044 0.361236
-0.17816 3.3995 1 0.484789 0.290799
1.96198e-16 3.20416 0.64 0.507044 0.361236
2.08445e-16 3.40416 1 0.505186 0.289221
-0.17816 3.3995 1 0.484789 0.290799
-0.17816 3.3995 1 0.484789 0.290799
2.08445e-16 3.40416 1 0.505186 0.289221
-0.188627 3.59922 1.44 0.482003 0.212442
2.08445e-16 3.40416 1 0.505186 0.289221
2.20691e-16 3.60416 1.44 0.502801 0.210723
-0.188627 3.59922 1.44 0.482003 0.212442
-0.188627 3.59922 1.44 0.482003 0.212442
2.20691e-16 3.60416 1.44 0.502801 0.210723
-0.199095 3.79895 1.96 0.479001 0.131522
2.20691e-16 3.60416 1.44 0.502801 0.210723
2.32938e-16 3.80416 1.96 0.499927 0.129686
-0.199095 3.79895 1.96 0.479001 0.131522
-0.199095 3.79895 1.96 0.479001 0.131522
2.32938e-16 3.80416 1.96 0.499927 0.129686
-0.209562 3.99868 2.56 0.47595 0.0526407
2.32938e-16 3.80416 1.96 0.499927 0.129686
2.45184e-16 4.00416 2.56 0.496684 0.0507253
-0.209562 3.99868 2.56 0.47595 0.0526407
-0.0209057 0.537063 -0 0.500616 0.999859
-0.0104672 0.537063 -0 0.503501 0.999912
-0.0418114 0.537063 -0 0.494844 0.999689
-0.0104672 0.537063 -0 0.503501 0.999912
-0.0209344 0.537063 -0 0.500609 0.999859
-0.0418114 0.537063 -0 0.494844 0.999689
-0.0418114 0.537063 -0 0.494844 0.999689
-0.0209344 0.537063 -0 0.500609 0.999859
-0.0627171 0.596713 -0 0.489882 0.978417
-0.0209344 0.537063 -0 0.500609 0.999859
-0.0314016 0.599178 -0 0.498394 0.977864
-0.0627171 0.596713 -0 0.489882 0.978417
-0.0627171 0.596713 -0 0.489882 0.978417
-0.0314016 0.599178 -0 0.498394 0.977864
-0.0836228 0.795618 -0 0.487013 0.909593
-0.0314016 0.599178 -0 0.498394 0.977864
-0.0418688 0.798904 -0 0.497636 0.908841
-0.0836228 0.795618 -0 0.487013 0.909593
-0.0836228 0.795618 -0 0.487013 0.909593
-0.0418688 0.798904 -0 0.497636 0.908841
-0.104528 0.994522 -0 0.48451 0.844895
-0.0418688 0.798904 -0 0.497636 0.908841
-0.052336 0.99863 -0 0.496852 0.843951
-0.104528 0.994522 -0 0.48451 0.844895
-0.104528 0.994522 -0 0.48451 0.844895
-0.052336 0.99863 -0 0.496852 0.843951
-0.125434 1.19343 -0 0.482374 0.785889
-0.052336 0.99863 -0 0.496852 0.843951
-0.0628031 1.19836 -0 0.496082 0.784771
-0.125434 1.19343 -0 0.482374 0.785889
-0.125434 1.19343 -0 0.482374 0.785889
-0.0628031 1.19836 -0 0.496082 0.784771
-0.14634 1.39233 -0 0.480575 0.733223
-0.0628031 1.19836 -0 0.496082 0.784771
-0.0732703 1.39808 -0 0.495356 0.731948
-0.14634 1.39233 -0 0.480575 0.733223
-0.14634 1.39233 -0 0.480575 0.733223
-0.0732703 1.39808 -0 0.495356 0.731948
-0.167246 1.59124 -0 0.479069 0.686836
-0.0732703 1.39808 -0 0.495356 0.731948
-0.0837375 1.59781 -0 0.494686 0.685433
-0.167246 1.59124 -0 0.479069 0.686836
-0.167246 1.59124 -0 0.479069 0.686836
-0.0837375 1.59781 -0 0.494686 0.685433
-0.188151 1.79014 -0 0.477808 0.646262
-0.0837375 1.59781 -0 0.494686 0.685433
-0.0942047 1.79753 -0 0.49408 0.644749
-0.188151 1.79014 -0 0.477808 0.646262
-0.188151 1.79014 -0 0.477808 0.646262
-0.0942047 1.79753 -0 0.49408 0.644749
-0.209057 1.98904 -0 0.476751 0.610853
-0.0942047 1.79753 -0 0.49408 0.644749
-0.104672 1.99726 -0 0.493535 0.609251
-0.209057 1.98904 -0 0.476751 0.610853
-0.209057 1.98904 -0 0.476751 0.610853
-0.104672 1.99726 -0 0.493535 0.609251
-0.229963 2.18795 -0 0.47586 0.579931
-0.104672 1.99726 -0 0.493535 0.609251
-0.115139 2.19699 -0 0.493047 0.578256
-0.229963 2.18795 -0 0.47586 0.579931
-0.229963 2.18795 -0 0.47586 0.579931
-0.115139 2.19699 -0 0.493047 0.578256
-0.272209 2.5899 0.04 0.474048 0.521528
-0.115139 2.19699 -0 0.493047 0.578256
-0.136291 2.60059 0.04 0.491948 0.519723
-0.272209 2.5899 0.04 0.474048 0.521528
-0.272209 2.5899 0.04 0.474048 0.521528
-0.136291 2.60059 0.04 0.491948 0.519723
-0.293115 2.7888 0.16 0.472375 0.479875
-0.136291 2.60059 0.04 0.491948 0.519723
-0.146759 2.80032 0.16 0.490831 0.477978
-0.293115 2.7888 0.16 0.472375 0.479875
-0.293115 2.7888 0.16 0.472375 0.479875
-0.146759 2.80032 0.16 0.490831 0.477978
-0.314021 2.98771 0.36 0.47015 0.427504
-0.146759 2.80032 0.16 0.490831 0.477978
-0.157226 3.00005 0.36 0.489254 0.425494
-0.314021 2.98771 0.36 0.47015 0.427504
-0.314021 2.98771 0.36 0.47015 0.427504
-0.157226 3.00005 0.36 0.489254 0.425494
-0.334926 3.18661 0.64 0.467461 0.364806
-0.157226 3.00005 0.36 0.489254 0.425494
-0.167693 3.19977 0.64 0.48723 0.362671
-0.334926 3.18661 0.64 0.467461 0.364806
-0.334926 3.18661 0.64 0.467461 0.364806
-0.167693 3.19977 0.64 0.48723 0.362671
-0.355832 3.38551 1 0.464436 0.293052
-0.167693 3.19977 0.64 0.48723 0.362671
-0.17816 3.3995 1 0.484789 0.290799
-0.355832 3.38551 1 0.464436 0.293052
-0.355832 3.38551 1 0.464436 0.293052
-0.17816 3.3995 1 0.484789 0.290799
-0.376738 3.58442 1.44 0.461249 0.214797
-0.17816 3.3995 1 0.484789 0.290799
-0.188627 3.59922 1.44 0.482003 0.212442
-0.376738 3.58442 1.44 0.461249 0.214797
-0.376738 3.58442 1.44 0.461249 0.214797
-0.188627 3.59922 1.44 0.482003 0.212442
-0.397643 3.78332 1.96 0.458116 0.133942
-0.188627 3.59922 1.44 0.482003 0.212442
-0.199095 3.79895 1.96 0.479001 0.131522
-0.397643 3.78332 1.96 0.458116 0.133942
-0.397643 3.78332 1.96 0.458116 0.133942
-0.199095 3.79895 1.96 0.479001 0.131522
-0.418549 3.98223 2.56 0.455252 0.0550733
-0.199095 3.79895 1.96 0.479001 0.131522
-0.209562 3.99868 2.56 0.47595 0.0526407
-0.418549 3.98223 2.56 0.455252 0.0550733
-0.0312869 0.537063 -0 0.497749 0.999786
-0.0209057 0.537063 -0 0.500616 0.999859
-0.0625738 0.537063 -0 0.48912 0.999433
-0.0209057 0.537063 -0 0.500616 0.999859
-0.0418114 0.537063 -0 0.494844 0.999689
-0.0625738 0.537063 -0 0.48912 0.999433
-0.0625738 0.537063 -0 0.48912 0.999433
-0.0418114 0.537063 -0 0.494844 0.999689
-0.0938607 0.592613 -0 0.481403 0.979361
-0.0418114 0.537063 -0 0.494844 0.999689
-0.0627171 0.596713 -0 0.489882 0.978417
-0.0938607 0.592613 -0 0.481403 0.979361
-0.0938607 0.592613 -0 0.481403 0.979361
-0.0627171 0.596713 -0 0.489882 0.978417
-0.125148 0.790151 -0 0.476434 0.910821
-0.0627171 0.596713 -0 0.489882 0.978417
-0.0836228 0.795618 -0 0.487013 0.909593
-0.125148 0.790151 -0 0.476434 0.910821
-0.125148 0.790151 -0 0.476434 0.910821
-0.0836228 0.795618 -0 0.487013 0.909593
-0.156434 0.987688 -0 0.472221 0.846383
-0.0836228 0.795618 -0 0.487013 0.909593
-0.104528 0.994522 -0 0.48451 0.844895
-0.156434 0.987688 -0 0.472221 0.846383
-0.156434 0.987688 -0 0.472221 0.846383
-0.104528 0.994522 -0 0.48451 0.844895
-0.187721 1.18523 -0 0.468725 0.787603
-0.104528 0.994522 -0 0.48451 0.844895
-0.125434 1.19343 -0 0.482374 0.785889
-0.187721 1.18523 -0 0.468725 0.787603
-0.187721 1.18523 -0 0.468725 0.787603
-0.125434 1.19343 -0 0.482374 0.785889
-0.219008 1.38276 -0 0.465858 0.735125
-0.125434 1.19343 -0 0.482374 0.785889
-0.14634 1.39233 -0 0.480575 0.733223
-0.219008 1.38276 -0 0.465858 0.735125
-0.219008 1.38276 -0 0.465858 0.735125
-0.14634 1.39233 -0 0.480575 0.733223
-0.250295 1.5803 -0 0.463517 0.688893
-0.14634 1.39233 -0 0.480575 0.733223
-0.167246 1.59124 -0 0.479069 0.686836
-0.250295 1.5803 -0 0.463517 0.688893
-0.250295 1.5803 -0 0.463517 0.688893
-0.167246 1.59124 -0 0.479069 0.686836
-0.281582 1.77784 -0 0.461604 0.648443
-0.167246 1.59124 -0 0.479069 0.686836
-0.188151 1.79014 -0 0.477808 0.646262
-0.281582 1.77784 -0 0.461604 0.648443
-0.281582 1.77784 -0 0.461604 0.648443
-0.188151 1.79014 -0 0.477808 0.646262
-0.312869 1.97538 -0 0.460036 0.613133
-0.188151 1.79014 -0 0.477808 0.646262
-0.209057 1.98904 -0 0.476751 0.610853
-0.312869 1.97538 -0 0.460036 0.613133
-0.312869 1.97538 -0 0.460036 0.613133
-0.209057 1.98904 -0 0.476751 0.610853
-0.344156 2.17291 -0 0.458741 0.582291
-0.209057 1.98904 -0 0.476751 0.610853
-0.229963 2.18795 -0 0.47586 0.579931
-0.344156 2.17291 -0 0.458741 0.582291
-0.344156 2.17291 -0 0.458741 0.582291
-0.229963 2.18795 -0 0.47586 0.579931
-0.407381 2.5721 0.04 0.456216 0.524028
-0.229963 2.18795 -0 0.47586 0.579931
-0.272209 2.5899 0.04 0.474048 0.521528
-0.407381 2.5721 0.04 0.456216 0.524028
-0.407381 2.5721 0.04 0.456216 0.524028
-0.272209 2.5899 0.04 0.474048 0.521528
-0.438668 2.76964 0.16 0.45399 0.482471
-0.272209 2.5899 0.04 0.474048 0.521528
-0.293115 2.7888 0.16 0.472375 0.479875
-0.438668 2.76964 0.16 0.45399 0.482471
-0.438668 2.76964 0.16 0.45399 0.482471
-0.293115 2.7888 0.16 0.472375 0.479875
-0.469955 2.96718 0.36 0.451115 0.430214
-0.293115 2.7888 0.16 0.472375 0.479875
-0.314021 2.98771 0.36 0.47015 0.427504
-0.469955 2.96718 0.36 0.451115 0.430214
-0.469955 2.96718 0.36 0.451115 0.430214
-0.314021 2.98771 0.36 0.47015 0.427504
-0.501242 3.16471 0.64 0.447762 0.367634
-0.314021 2.98771 0.36 0.47015 0.427504
-0.334926 3.18661 0.64 0.467461 0.364806
-0.501242 3.16471 0.64 0.447762 0.367634
-0.501242 3.16471 0.64 0.447762 0.367634
-0.334926 3.18661 0.64 0.467461 0.364806
-0.532528 3.36225 1 0.444152 0.295979
-0.334926 3.18661 0.64 0.467461 0.364806
-0.355832 3.38551 1 0.464436 0.293052
-0.532528 3.36225 1 0.444152 0.295979
-0.532528 3.36225 1 0.444152 0.295979
-0.355832 3.38551 1 0.464436 0.293052
-0.563815 3.55979 1.44 0.440559 0.217784
-0.355832 3.38551 1 0.464436 0.293052
-0.376738 3.58442 1.44 0.461249 0.214797
-0.563815 3.55979 1.44 0.440559 0.217784
-0.563815 3.55979 1.44 0.440559 0.217784
-0.376738 3.58442 1.44 0.461249 0.214797
-0.595102 3.75733 1.96 0.43729 0.136939
-0.376738 3.58442 1.44 0.461249 0.214797
-0.397643 3.78332 1.96 0.458116 0.133942
-0.595102 3.75733 1.96 0.43729 0.136939
-0.595102 3.75733 1.96 0.43729 0.136939
-0.397643 3.78332 1.96 0.458116 0.133942
-0.626389 3.95487 2.56 0.434607 0.0580196
-0.397643 3.78332 1.96 0.458116 0.133942
-0.418549 3.98223 2.56 0.455252 0.0550733
-0.626389 3.95487 2.56 0.434607 0.0580196
-0.0415823 0.537063 -0 0.494907 0.999692
-0.0312869 0.537063 -0 0.497749 0.999786
-0.0831647 0.537063 -0 0.483456 0.999096
-0.0312869 0.537063 -0 0.497749 0.999786
-0.0625738 0.537063 -0 0.48912 0.999433
-0.0831647 0.537063 -0 0.483456 0.999096
-0.0831647 0.537063 -0 0.483456 0.999096
-0.0625738 0.537063 -0 0.48912 0.999433
-0.124747 0.586889 -0 0.472978 0.980692
-0.0625738 0.537063 -0 0.48912 0.999433
-0.0938607 0.592613 -0 0.481403 0.979361
-0.124747 0.586889 -0 0.472978 0.980692
-0.124747 0.586889 -0 0.472978 0.980692
-0.0938607 0.592613 -0 0.481403 0.979361
-0.166329 0.782518 -0 0.465922 0.912523
-0.0938607 0.592613 -0 0.481403 0.979361
-0.125148 0.790151 -0 0.476434 0.910821
-0.166329 0.782518 -0 0.465922 0.912523
-0.166329 0.782518 -0 0.465922 0.912523
-0.125148 0.790151 -0 0.476434 0.910821
-0.207912 0.978148 -0 0.460011 0.84841
-0.125148 0.790151 -0 0.476434 0.910821
-0.156434 0.987688 -0 0.472221 0.846383
-0.207912 0.978148 -0 0.460011 0.84841
-0.207912 0.978148 -0 0.460011 0.84841
-0.156434 0.987688 -0 0.472221 0.846383
-0.249494 1.17378 -0 0.455162 0.789906
-0.156434 0.987688 -0 0.472221 0.846383
-0.187721 1.18523 -0 0.468725 0.787603
-0.249494 1.17378 -0 0.455162 0.789906
-0.249494 1.17378 -0 0.455162 0.789906
-0.187721 1.18523 -0 0.468725 0.787603
-0.291076 1.36941 -0 0.451231 0.737652
-0.187721 1.18523 -0 0.468725 0.787603
-0.219008 1.38276 -0 0.465858 0.735125
-0.291076 1.36941 -0 0.451231 0.737652
-0.291076 1.36941 -0 0.451231 0.737652
-0.219008 1.38276 -0 0.465858 0.735125
-0.332659 1.56504 -0 0.448059 0.691598
-0.219008 1.38276 -0 0.465858 0.735125
-0.250295 1.5803 -0 0.463517 0.688893
-0.332659 1.56504 -0 0.448059 0.691598
-0.332659 1.56504 -0 0.448059 0.691598
-0.250295 1.5803 -0 0.463517 0.688893
-0.374241 1.76067 -0 0.445497 0.651288
-0.250295 1.5803 -0 0.463517 0.688893
-0.281582 1.77784 -0 0.461604 0.648443
-0.374241 1.76067 -0 0.445497 0.651288
-0.374241 1.76067 -0 0.445497 0.651288
-0.281582 1.77784 -0 0.461604 0.648443
-0.415823 1.9563 -0 0.443417 0.616088
-0.281582 1.77784 -0 0.461604 0.648443
-0.312869 1.97538 -0 0.460036 0.613133
-0.415823 1.9563 -0 0.443417 0.616088
-0.415823 1.9563 -0 0.443417 0.616088
-0.312869 1.97538 -0 0.460036 0.613133
-0.457406 2.15192 -0 0.441719 0.585334
-0.312869 1.97538 -0 0.460036 0.613133
-0.344156 2.17291 -0 0.458741 0.582291
-0.457406 2.15192 -0 0.441719 0.585334
-0.457406 2.15192 -0 0.441719 0.585334
-0.344156 2.17291 -0 0.458741 0.582291
-0.541436 2.54726 0.04 0.43848 0.527216
-0.344156 2.17291 -0 0.458741 0.582291
-0.407381 2.5721 0.04 0.456216 0.524028
-0.541436 2.54726 0.04 0.43848 0.527216
-0.541436 2.54726 0.04 0.43848 0.527216
-0.407381 2.5721 0.04 0.456216 0.524028
-0.583018 2.74289 0.16 0.4357 0.485762
-0.407381 2.5721 0.04 0.456216 0.524028
-0.438668 2.76964 0.16 0.45399 0.482471
-0.583018 2.74289 0.16 0.4357 0.485762
-0.583018 2.74289 0.16 0.4357 0.485762
-0.438668 2.76964 0.16 0.45399 0.482471
-0.624601 2.93851 0.36 0.432176 0.433619
-0.438668 2.76964 0.16 0.45399 0.482471
-0.469955 2.96718 0.36 0.451115 0.430214
-0.624601 2.93851 0.36 0.432176 0.433619
-0.624601 2.93851 0.36 0.432176 0.433619
-0.469955 2.96718 0.36 0.451115 0.430214
-0.666183 3.13414 0.64 0.428158 0.37115
-0.469955 2.96718 0.36 0.451115 0.430214
-0.501242 3.16471 0.64 0.447762 0.367634
-0.666183 3.13414 0.64 0.428158 0.37115
-0.666183 3.13414 0.64 0.428158 0.37115
-0.501242 3.16471 0.64 0.447762 0.367634
-0.707765 3.32977 1 0.423958 0.299571
-0.501242 3.16471 0.64 0.447762 0.367634
-0.532528 3.36225 1 0.444152 0.295979
-0.707765 3.32977 1 0.423958 0.299571
-0.707765 3.32977 1 0.423958 0.299571
-0.532528 3.36225 1 0.444152 0.295979
-0.749348 3.5254 1.44 0.419954 0.2214
-0.532528 3.36225 1 0.444152 0.295979
-0.563815 3.55979 1.44 0.440559 0.217784
-0.749348 3.5254 1.44 0.419954 0.2214
-0.749348 3.5254 1.44 0.419954 0.2214
-0.563815 3.55979 1.44 0.440559 0.217784
-0.79093 3.72103 1.96 0.416542 0.140512
-0.563815 3.55979 1.44 0.440559 0.217784
-0.595102 3.75733 1.96 0.43729 0.136939
-0.79093 3.72103 1.96 0.416542 0.140512
-0.79093 3.72103 1.96 0.416542 0.140512
-0.595102 3.75733 1.96 0.43729 0.136939
-0.832512 3.91666 2.56 0.414032 0.0614784
-0.595102 3.75733 1.96 0.43729 0.136939
-0.626389 3.95487 2.56 0.434607 0.0580196
-0.832512 3.91666 2.56 0.414032 0.0614784
-0.0517638 0.537063 -0 0.492099 0.999577
-0.0415823 0.537063 -0 0.494907 0.999692
-0.103528 0.537063 -0 0.477868 0.99868
-0.0415823 0.537063 -0 0.494907 0.999692
-0.0831647 0.537063 -0 0.483456 0.999096
-0.103528 0.537063 -0 0.477868 0.99868
-0.103528 0.537063 -0 0.477868 0.99868
-0.0831647 0.537063 -0 0.483456 0.999096
-0.155291 0.579556 -0 0.464625 0.982411
-0.0831647 0.537063 -0 0.483456 0.999096
-0.124747 0.586889 -0 0.472978 0.980692
-0.155291 0.579556 -0 0.464625 0.982411
-0.155291 0.579556 -0 0.464625 0.982411
-0.124747 0.586889 -0 0.472978 0.980692
-0.207055 0.772741 -0 0.455501 0.914693
-0.124747 0.586889 -0 0.472978 0.980692
-0.166329 0.782518 -0 0.465922 0.912523
-0.207055 0.772741 -0 0.455501 0.914693
-0.207055 0.772741 -0 0.455501 0.914693
-0.166329 0.782518 -0 0.465922 0.912523
-0.258819 0.965926 -0 0.447903 0.850973
-0.166329 0.782518 -0 0.465922 0.912523
-0.207912 0.978148 -0 0.460011 0.84841
-0.258819 0.965926 -0 0.447903 0.850973
-0.258819 0.965926 -0 0.447903 0.850973
-0.207912 0.978148 -0 0.460011 0.84841
-0.310583 1.15911 -0 0.441711 0.792794
-0.207912 0.978148 -0 0.460011 0.84841
-0.249494 1.17378 -0 0.455162 0.789906
-0.310583 1.15911 -0 0.441711 0.792794
-0.310583 1.15911 -0 0.441711 0.792794
-0.249494 1.17378 -0 0.455162 0.789906
-0.362347 1.3523 -0 0.436723 0.740801
-0.249494 1.17378 -0 0.455162 0.789906
-0.291076 1.36941 -0 0.451231 0.737652
-0.362347 1.3523 -0 0.436723 0.740801
-0.362347 1.3523 -0 0.436723 0.740801
-0.291076 1.36941 -0 0.451231 0.737652
-0.41411 1.54548 -0 0.432723 0.694949
-0.291076 1.36941 -0 0.451231 0.737652
-0.332659 1.56504 -0 0.448059 0.691598
-0.41411 1.54548 -0 0.432723 0.694949
-0.41411 1.54548 -0 0.432723 0.694949
-0.332659 1.56504 -0 0.448059 0.691598
-0.465874 1.73867 -0 0.429512 0.654796
-0.332659 1.56504 -0 0.448059 0.691598
-0.374241 1.76067 -0 0.445497 0.651288
-0.465874 1.73867 -0 0.429512 0.654796
-0.465874 1.73867 -0 0.429512 0.654796
-0.374241 1.76067 -0 0.445497 0.651288
-0.517638 1.93185 -0 0.426923 0.619716
-0.374241 1.76067 -0 0.445497 0.651288
-0.415823 1.9563 -0 0.443417 0.616088
-0.517638 1.93185 -0 0.426923 0.619716
-0.517638 1.93185 -0 0.426923 0.619716
-0.415823 1.9563 -0 0.443417 0.616088
-0.569402 2.12504 -0 0.424822 0.589053
-0.415823 1.9563 -0 0.443417 0.616088
-0.457406 2.15192 -0 0.441719 0.585334
-0.569402 2.12504 -0 0.424822 0.589053
-0.569402 2.12504 -0 0.424822 0.589053
-0.457406 2.15192 -0 0.441719 0.585334
-0.674007 2.51543 0.04 0.420865 0.531088
-0.457406 2.15192 -0 0.441719 0.585334
-0.541436 2.54726 0.04 0.43848 0.527216
-0.674007 2.51543 0.04 0.420865 0.531088
-0.674007 2.51543 0.04 0.420865 0.531088
-0.541436 2.54726 0.04 0.43848 0.527216
-0.725771 2.70861 0.16 0.417533 0.48974
-0.541436 2.54726 0.04 0.43848 0.527216
-0.583018 2.74289 0.16 0.4357 0.485762
-0.725771 2.70861 0.16 0.417533 0.48974
-0.725771 2.70861 0.16 0.417533 0.48974
-0.583018 2.74289 0.16 0.4357 0.485762
-0.777535 2.9018 0.36 0.41336 0.437715
-0.583018 2.74289 0.16 0.4357 0.485762
-0.624601 2.93851 0.36 0.432176 0.433619
-0.777535 2.9018 0.36 0.41336 0.437715
-0.777535 2.9018 0.36 0.41336 0.437715
-0.624601 2.93851 0.36 0.432176 0.433619
-0.829298 3.09498 0.64 0.408672 0.375347
-0.624601 2.93851 0.36 0.432176 0.433619
-0.666183 3.13414 0.64 0.428158 0.37115
-0.829298 3.09498 0.64 0.408672 0.375347
-0.829298 3.09498 0.64 0.408672 0.375347
-0.666183 3.13414 0.64 0.428158 0.37115
-0.881062 3.28817 1 0.403876 0.303822
-0.666183 3.13414 0.64 0.428158 0.37115
-0.707765 3.32977 1 0.423958 0.299571
-0.881062 3.28817 1 0.403876 0.303822
-0.881062 3.28817 1 0.403876 0.303822
-0.707765 3.32977 1 0.423958 0.299571
-0.932826 3.48135 1.44 0.399453 0.225637
-0.707765 3.32977 1 0.423958 0.299571
-0.749348 3.5254 1.44 0.419954 0.2214
-0.932826 3.48135 1.44 0.399453 0.225637
-0.932826 3.48135 1.44 0.399453 0.225637
-0.749348 3.5254 1.44 0.419954 0.2214
-0.98459 3.67454 1.96 0.39589 0.144657
-0.749348 3.5254 1.44 0.419954 0.2214
-0.79093 3.72103 1.96 0.416542 0.140512
-0.98459 3.67454 1.96 0.39589 0.144657
-0.98459 3.67454 1.96 0.39589 0.144657
-0.79093 3.72103 1.96 0.416542 0.140512
-1.03635 3.86772 2.56 0.393543 0.0654433
-0.79093 3.72103 1.96 0.416542 0.140512
-0.832512 3.91666 2.56 0.414032 0.0614784
-1.03635 3.86772 2.56 0.393543 0.0654433
-0.0618034 0.537063 -0 0.489333 0.999444
-0.0517638 0.537063 -0 0.492099 0.999577
-0.123607 0.537063 -0 0.472374 0.998191
-0.0517638 0.537063 -0 0.492099 0.999577
-0.103528 0.537063 -0 0.477868 0.99868
-0.123607 0.537063 -0 0.472374 0.998191
-0.123607 0.537063 -0 0.472374 0.998191
-0.103528 0.537063 -0 0.477868 0.99868
-0.18541 0.570634 -0 0.456364 0.984511
-0.103528 0.537063 -0 0.477868 0.99868
-0.155291 0.579556 -0 0.464625 0.982411
-0.18541 0.570634 -0 0.456364 0.984511
-0.18541 0.570634 -0 0.456364 0.984511
-0.155291 0.579556 -0 0.464625 0.982411
-0.247214 0.760845 -0 0.445193 0.917329
-0.155291 0.579556 -0 0.464625 0.982411
-0.207055 0.772741 -0 0.455501 0.914693
-0.247214 0.760845 -0 0.445193 0.917329
-0.247214 0.760845 -0 0.445193 0.917329
-0.207055 0.772741 -0 0.455501 0.914693
-0.309017 0.951057 -0 0.435925 0.854066
-0.207055 0.772741 -0 0.455501 0.914693
-0.258819 0.965926 -0 0.447903 0.850973
-0.309017 0.951057 -0 0.435925 0.854066
-0.309017 0.951057 -0 0.435925 0.854066
-0.258819 0.965926 -0 0.447903 0.850973
-0.37082 1.14127 -0 0.428399 0.796263
-0.258819 0.965926 -0 0.447903 0.850973
-0.310583 1.15911 -0 0.441711 0.792794
-0.37082 1.14127 -0 0.428399 0.796263
-0.37082 1.14127 -0 0.428399 0.796263
-0.310583 1.15911 -0 0.441711 0.792794
-0.432624 1.33148 -0 0.42236 0.744564
-0.310583 1.15911 -0 0.441711 0.792794
-0.362347 1.3523 -0 0.436723 0.740801
-0.432624 1.33148 -0 0.42236 0.744564
-0.432624 1.33148 -0 0.42236 0.744564
-0.362347 1.3523 -0 0.436723 0.740801
-0.494427 1.52169 -0 0.417535 0.698941
-0.362347 1.3523 -0 0.436723 0.740801
-0.41411 1.54548 -0 0.432723 0.694949
-0.494427 1.52169 -0 0.417535 0.698941
-0.494427 1.52169 -0 0.417535 0.698941
-0.41411 1.54548 -0 0.432723 0.694949
-0.556231 1.7119 -0 0.413677 0.658961
-0.41411 1.54548 -0 0.432723 0.694949
-0.465874 1.73867 -0 0.429512 0.654796
-0.556231 1.7119 -0 0.413677 0.658961
-0.556231 1.7119 -0 0.413677 0.658961
-0.465874 1.73867 -0 0.429512 0.654796
-0.618034 1.90211 -0 0.410578 0.624012
-0.465874 1.73867 -0 0.429512 0.654796
-0.517638 1.93185 -0 0.426923 0.619716
-0.618034 1.90211 -0 0.410578 0.624012
-0.618034 1.90211 -0 0.410578 0.624012
-0.517638 1.93185 -0 0.426923 0.619716
-0.679837 2.09232 -0 0.408072 0.593448
-0.517638 1.93185 -0 0.426923 0.619716
-0.569402 2.12504 -0 0.424822 0.589053
-0.679837 2.09232 -0 0.408072 0.593448
-0.679837 2.09232 -0 0.408072 0.593448
-0.569402 2.12504 -0 0.424822 0.589053
-0.804731 2.47671 0.04 0.403397 0.535641
-0.569402 2.12504 -0 0.424822 0.589053
-0.674007 2.51543 0.04 0.420865 0.531088
-0.804731 2.47671 0.04 0.403397 0.535641
-0.804731 2.47671 0.04 0.403397 0.535641
-0.674007 2.51543 0.04 0.420865 0.531088
-0.866534 2.66692 0.16 0.399512 0.494404
-0.674007 2.51543 0.04 0.420865 0.531088
-0.725771 2.70861 0.16 0.417533 0.48974
-0.866534 2.66692 0.16 0.399512 0.494404
-0.866534 2.66692 0.16 0.399512 0.494404
-0.725771 2.70861 0.16 0.417533 0.48974
-0.928337 2.85713 0.36 0.394688 0.442495
-0.725771 2.70861 0.16 0.417533 0.48974
-0.777535 2.9018 0.36 0.41336 0.437715
-0.928337 2.85713 0.36 0.394688 0.442495
-0.928337 2.85713 0.36 0.394688 0.442495
-0.777535 2.9018 0.36 0.41336 0.437715
-0.990141 3.04734 0.64 0.389326 0.380219
-0.777535 2.9018 0.36 0.41336 0.437715
-0.829298 3.09498 0.64 0.408672 0.375347
-0.990141 3.04734 0.64 0.389326 0.380219
-0.990141 3.04734 0.64 0.389326 0.380219
-0.829298 3.09498 0.64 0.408672 0.375347
-1.05194 3.23755 1 0.383927 0.308727
-0.829298 3.09498 0.64 0.408672 0.375347
-0.881062 3.28817 1 0.403876 0.303822
-1.05194 3.23755 1 0.383927 0.308727
-1.05194 3.23755 1 0.383927 0.308727
-0.881062 3.28817 1 0.403876 0.303822
-1.11375 3.42776 1.44 0.379076 0.230494
-0.881062 3.28817 1 0.403876 0.303822
-0.932826 3.48135 1.44 0.399453 0.225637
-1.11375 3.42776 1.44 0.379076 0.230494
-1.11375 3.42776 1.44 0.379076 0.230494
-0.932826 3.48135 1.44 0.399453 0.225637
-1.17555 3.61797 1.96 0.375351 0.149369
-0.932826 3.48135 1.44 0.399453 0.225637
-0.98459 3.67454 1.96 0.39589 0.144657
-1.17555 3.61797 1.96 0.375351 0.149369
-1.17555 3.61797 1.96 0.375351 0.149369
-0.98459 3.67454 1.96 0.39589 0.144657
-1.23735 3.80819 2.56 0.373158 0.0699129
-0.98459 3.67454 1.96 0.39589 0.144657
-1.03635 3.86772 2.56 0.393543 0.0654433
-1.23735 3.80819 2.56 0.373158 0.0699129
-0.0716736 0.537063 -0 0.486615 0.999294
-0.0618034 0.537063 -0 0.489333 0.999444
-0.143347 0.537063 -0 0.46699 0.997634
-0.0618034 0.537063 -0 0.489333 0.999444
-0.123607 0.537063 -0 0.472374 0.998191
-0.143347 0.537063 -0 0.46699 0.997634
-0.143347 0.537063 -0 0.46699 0.997634
-0.123607 0.537063 -0 0.472374 0.998191
-0.215021 0.560148 -0 0.448214 0.986991
-0.123607 0.537063 -0 0.472374 0.998191
-0.18541 0.570634 -0 0.456364 0.984511
-0.215021 0.560148 -0 0.448214 0.986991
-0.215021 0.560148 -0 0.448214 0.986991
-0.18541 0.570634 -0 0.456364 0.984511
-0.286694 0.746864 -0 0.43502 0.920428
-0.18541 0.570634 -0 0.456364 0.984511
-0.247214 0.760845 -0 0.445193 0.917329
-0.286694 0.746864 -0 0.43502 0.920428
-0.286694 0.746864 -0 0.43502 0.920428
-0.247214 0.760845 -0 0.445193 0.917329
-0.358368 0.93358 -0 0.4241 0.857686
-0.247214 0.760845 -0 0.445193 0.917329
-0.309017 0.951057 -0 0.435925 0.854066
-0.358368 0.93358 -0 0.4241 0.857686
-0.358368 0.93358 -0 0.4241 0.857686
-0.309017 0.951057 -0 0.435925 0.854066
-0.430042 1.1203 -0 0.415252 0.800305
-0.309017 0.951057 -0 0.435925 0.854066
-0.37082 1.14127 -0 0.428399 0.796263
-0.430042 1.1203 -0 0.415252 0.800305
-0.430042 1.1203 -0 0.415252 0.800305
-0.37082 1.14127 -0 0.428399 0.796263
-0.501715 1.30701 -0 0.408168 0.748941
-0.37082 1.14127 -0 0.428399 0.796263
-0.432624 1.33148 -0 0.42236 0.744564
-0.501715 1.30701 -0 0.408168 0.748941
-0.501715 1.30701 -0 0.408168 0.748941
-0.432624 1.33148 -0 0.42236 0.744564
-0.573389 1.49373 -0 0.402522 0.703572
-0.432624 1.33148 -0 0.42236 0.744564
-0.494427 1.52169 -0 0.417535 0.698941
-0.573389 1.49373 -0 0.402522 0.703572
-0.573389 1.49373 -0 0.402522 0.703572
-0.494427 1.52169 -0 0.417535 0.698941
-0.645062 1.68044 -0 0.398017 0.663781
-0.494427 1.52169 -0 0.417535 0.698941
-0.556231 1.7119 -0 0.413677 0.658961
-0.645062 1.68044 -0 0.398017 0.663781
-0.645062 1.68044 -0 0.398017 0.663781
-0.556231 1.7119 -0 0.413677 0.658961
-0.716736 1.86716 -0 0.394407 0.628974
-0.556231 1.7119 -0 0.413677 0.658961
-0.618034 1.90211 -0 0.410578 0.624012
-0.716736 1.86716 -0 0.394407 0.628974
-0.716736 1.86716 -0 0.394407 0.628974
-0.618034 1.90211 -0 0.410578 0.624012
-0.788409 2.05388 -0 0.391496 0.598515
-0.618034 1.90211 -0 0.410578 0.624012
-0.679837 2.09232 -0 0.408072 0.593448
-0.788409 2.05388 -0 0.391496 0.598515
-0.788409 2.05388 -0 0.391496 0.598515
-0.679837 2.09232 -0 0.408072 0.593448
-0.933249 2.4312 0.04 0.386097 0.540873
-0.679837 2.09232 -0 0.408072 0.593448
-0.804731 2.47671 0.04 0.403397 0.535641
-0.933249 2.4312 0.04 0.386097 0.540873
-0.933249 2.4312 0.04 0.386097 0.540873
-0.804731 2.47671 0.04 0.403397 0.535641
-1.00492 2.61791 0.16 0.381659 0.499748
-0.804731 2.47671 0.04 0.403397 0.535641
-0.866534 2.66692 0.16 0.399512 0.494404
-1.00492 2.61791 0.16 0.381659 0.499748
-1.00492 2.61791 0.16 0.381659 0.499748
-0.866534 2.66692 0.16 0.399512 0.494404
-1.0766 2.80463 0.36 0.376181 0.447953
-0.866534 2.66692 0.16 0.399512 0.494404
-0.928337 2.85713 0.36 0.394688 0.442495
-1.0766 2.80463 0.36 0.376181 0.447953
-1.0766 2.80463 0.36 0.376181 0.447953
-0.928337 2.85713 0.36 0.394688 0.442495
-1.14827 2.99134 0.64 0.37014 0.385761
-0.928337 2.85713 0.36 0.394688 0.442495
-0.990141 3.04734 0.64 0.389326 0.380219
-1.14827 2.99134 0.64 0.37014 0.385761
-1.14827 2.99134 0.64 0.37014 0.385761
-0.990141 3.04734 0.64 0.389326 0.380219
-1.21994 3.17806 1 0.364129 0.314283
-0.990141 3.04734 0.64 0.389326 0.380219
-1.05194 3.23755 1 0.383927 0.308727
-1.21994 3.17806 1 0.364129 0.314283
-1.21994 3.17806 1 0.364129 0.314283
-1.05194 3.23755 1 0.383927 0.308727
-1.29162 3.36478 1.44 0.35884 0.235966
-1.05194 3.23755 1 0.383927 0.308727
-1.11375 3.42776 1.44 0.379076 0.230494
-1.29162 3.36478 1.44 0.35884 0.235966
-1.29162 3.36478 1.44 0.35884 0.235966
-1.11375 3.42776 1.44 0.379076 0.230494
-1.36329 3.55149 1.96 0.354944 0.154647
-1.11375 3.42776 1.44 0.379076 0.230494
-1.17555 3.61797 1.96 0.375351 0.149369
-1.36329 3.55149 1.96 0.354944 0.154647
-1.36329 3.55149 1.96 0.354944 0.154647
-1.17555 3.61797 1.96 0.375351 0.149369
-1.43496 3.73821 2.56 0.352892 0.0748839
-1.17555 3.61797 1.96 0.375351 0.149369
-1.23735 3.80819 2.56 0.373158 0.0699129
-1.43496 3.73821 2.56 0.352892 0.0748839
-0.0813473 0.537063 -0 0.483955 0.999129
-0.0716736 0.537063 -0 0.486615 0.999294
-0.162695 0.537063 -0 0.461734 0.997017
-0.0716736 0.537063 -0 0.486615 0.999294
-0.143347 0.537063 -0 0.46699 0.997634
-0.162695 0.537063 -0 0.461734 0.997017
-0.162695 0.537063 -0 0.461734 0.997017
-0.143347 0.537063 -0 0.46699 0.997634
-0.244042 0.548127 -0 0.440193 0.989846
-0.143347 0.537063 -0 0.46699 0.997634
-0.215021 0.560148 -0 0.448214 0.986991
-0.244042 0.548127 -0 0.440193 0.989846
-0.244042 0.548127 -0 0.440193 0.989846
-0.215021 0.560148 -0 0.448214 0.986991
-0.325389 0.730836 -0 0.425005 0.923981
-0.215021 0.560148 -0 0.448214 0.986991
-0.286694 0.746864 -0 0.43502 0.920428
-0.325389 0.730836 -0 0.425005 0.923981
-0.325389 0.730836 -0 0.425005 0.923981
-0.286694 0.746864 -0 0.43502 0.920428
-0.406737 0.913545 -0 0.412453 0.861825
-0.286694 0.746864 -0 0.43502 0.920428
-0.358368 0.93358 -0 0.4241 0.857686
-0.406737 0.913545 -0 0.412453 0.861825
-0.406737 0.913545 -0 0.412453 0.861825
-0.358368 0.93358 -0 0.4241 0.857686
-0.488084 1.09625 -0 0.402295 0.804919
-0.358368 0.93358 -0 0.4241 0.857686
-0.430042 1.1203 -0 0.415252 0.800305
-0.488084 1.09625 -0 0.402295 0.804919
-0.488084 1.09625 -0 0.402295 0.804919
-0.430042 1.1203 -0 0.415252 0.800305
-0.569431 1.27896 -0 0.394174 0.753923
-0.430042 1.1203 -0 0.415252 0.800305
-0.501715 1.30701 -0 0.408168 0.748941
-0.569431 1.27896 -0 0.394174 0.753923
-0.569431 1.27896 -0 0.394174 0.753923
-0.501715 1.30701 -0 0.408168 0.748941
-0.650779 1.46167 -0 0.387709 0.708833
-0.501715 1.30701 -0 0.408168 0.748941
-0.573389 1.49373 -0 0.402522 0.703572
-0.650779 1.46167 -0 0.387709 0.708833
-0.650779 1.46167 -0 0.387709 0.708833
-0.573389 1.49373 -0 0.402522 0.703572
-0.732126 1.64438 -0 0.382557 0.669251
-0.573389 1.49373 -0 0.402522 0.703572
-0.645062 1.68044 -0 0.398017 0.663781
-0.732126 1.64438 -0 0.382557 0.669251
-0.732126 1.64438 -0 0.382557 0.669251
-0.645062 1.68044 -0 0.398017 0.663781
-0.813473 1.82709 -0 0.378434 0.634599
-0.645062 1.68044 -0 0.398017 0.663781
-0.716736 1.86716 -0 0.394407 0.628974
-0.813473 1.82709 -0 0.378434 0.634599
-0.813473 1.82709 -0 0.378434 0.634599
-0.716736 1.86716 -0 0.394407 0.628974
-0.894821 2.0098 -0 0.375114 0.604253
-0.716736 1.86716 -0 0.394407 0.628974
-0.788409 2.05388 -0 0.391496 0.598515
-0.894821 2.0098 -0 0.375114 0.604253
-0.894821 2.0098 -0 0.375114 0.604253
-0.788409 2.05388 -0 0.391496 0.598515
-1.05921 2.37902 0.04 0.368985 0.546781
-0.788409 2.05388 -0 0.391496 0.598515
-0.933249 2.4312 0.04 0.386097 0.540873
-1.05921 2.37902 0.04 0.368985 0.546781
-1.05921 2.37902 0.04 0.368985 0.546781
-0.933249 2.4312 0.04 0.386097 0.540873
-1.14056 2.56173 0.16 0.363992 0.50577
-0.933249 2.4312 0.04 0.386097 0.540873
-1.00492 2.61791 0.16 0.381659 0.499748
-1.14056 2.56173 0.16 0.363992 0.50577
-1.14056 2.56173 0.16 0.363992 0.50577
-1.00492 2.61791 0.16 0.381659 0.499748
-1.2219 2.74444 0.36 0.357857 0.454087
-1.00492 2.61791 0.16 0.381659 0.499748
-1.0766 2.80463 0.36 0.376181 0.447953
-1.2219 2.74444 0.36 0.357857 0.454087
-1.2219 2.74444 0.36 0.357857 0.454087
-1.0766 2.80463 0.36 0.376181 0.447953
-1.30325 2.92715 0.64 0.351132 0.391968
-1.0766 2.80463 0.36 0.376181 0.447953
-1.14827 2.99134 0.64 0.37014 0.385761
-1.30325 2.92715 0.64 0.351132 0.391968
-1.30325 2.92715 0.64 0.351132 0.391968
-1.14827 2.99134 0.64 0.37014 0.385761
-1.3846 3.10986 1 0.344502 0.320485
-1.14827 2.99134 0.64 0.37014 0.385761
-1.21994 3.17806 1 0.364129 0.314283
-1.3846 3.10986 1 0.344502 0.320485
-1.3846 3.10986 1 0.344502 0.320485
-1.21994 3.17806 1 0.364129 0.314283
-1.46595 3.29257 1.44 0.338766 0.24205
-1.21994 3.17806 1 0.364129 0.314283
-1.29162 3.36478 1.44 0.35884 0.235966
-1.46595 3.29257 1.44 0.338766 0.24205
-1.46595 3.29257 1.44 0.338766 0.24205
-1.29162 3.36478 1.44 0.35884 0.235966
-1.54729 3.47528 1.96 0.334687 0.160489
-1.29162 3.36478 1.44 0.35884 0.235966
-1.36329 3.55149 1.96 0.354944 0.154647
-1.54729 3.47528 1.96 0.334687 0.160489
-1.54729 3.47528 1.96 0.334687 0.160489
-1.36329 3.55149 1.96 0.354944 0.154647
-1.62864 3.65798 2.56 0.332761 0.0803528
-1.36329 3.55149 1.96 0.354944 0.154647
-1.43496 3.73821 2.56 0.352892 0.0748839
-1.62864 3.65798 2.56 0.332761 0.0803528
-0.0907981 0.537063 -0 0.481359 0.99895
-0.0813473 0.537063 -0 0.483955 0.999129
-0.181596 0.537063 -0 0.456619 0.996347
-0.0813473 0.537063 -0 0.483955 0.999129
-0.162695 0.537063 -0 0.461734 0.997017
-0.181596 0.537063 -0 0.456619 0.996347
-0.181596 0.537063 -0 0.456619 0.996347
-0.162695 0.537063 -0 0.461734 0.997017
-0.272394 0.537063 -0 0.432392 0.992225
-0.162695 0.537063 -0 0.461734 0.997017
-0.244042 0.548127 -0 0.440193 0.989846
-0.272394 0.537063 -0 0.432392 0.992225
-0.272394 0.537063 -0 0.432392 0.992225
-0.244042 0.548127 -0 0.440193 0.989846
-0.363192 0.712805 -0 0.41517 0.927986
-0.244042 0.548127 -0 0.440193 0.989846
-0.325389 0.730836 -0 0.425005 0.923981
-0.363192 0.712805 -0 0.41517 0.927986
-0.363192 0.712805 -0 0.41517 0.927986
-0.325389 0.730836 -0 0.425005 0.923981
-0.453991 0.891007 -0 0.401007 0.86648
-0.325389 0.730836 -0 0.425005 0.923981
-0.406737 0.913545 -0 0.412453 0.861825
-0.453991 0.891007 -0 0.401007 0.86648
-0.453991 0.891007 -0 0.401007 0.86648
-0.406737 0.913545 -0 0.412453 0.861825
-0.544789 1.06921 -0 0.389554 0.810095
-0.406737 0.913545 -0 0.412453 0.861825
-0.488084 1.09625 -0 0.402295 0.804919
-0.544789 1.06921 -0 0.389554 0.810095
-0.544789 1.06921 -0 0.389554 0.810095
-0.488084 1.09625 -0 0.402295 0.804919
-0.635587 1.24741 -0 0.380402 0.759503
-0.488084 1.09625 -0 0.402295 0.804919
-0.569431 1.27896 -0 0.394174 0.753923
-0.635587 1.24741 -0 0.380402 0.759503
-0.635587 1.24741 -0 0.380402 0.759503
-0.569431 1.27896 -0 0.394174 0.753923
-0.726385 1.42561 -0 0.373119 0.714721
-0.569431 1.27896 -0 0.394174 0.753923
-0.650779 1.46167 -0 0.387709 0.708833
-0.726385 1.42561 -0 0.373119 0.714721
-0.726385 1.42561 -0 0.373119 0.714721
-0.650779 1.46167 -0 0.387709 0.708833
-0.817183 1.60381 -0 0.367321 0.675367
-0.650779 1.46167 -0 0.387709 0.708833
-0.732126 1.64438 -0 0.382557 0.669251
-0.817183 1.60381 -0 0.367321 0.675367
-0.817183 1.60381 -0 0.367321 0.675367
-0.732126 1.64438 -0 0.382557 0.669251
-0.907981 1.78201 -0 0.362683 0.640882
-0.732126 1.64438 -0 0.382557 0.669251
-0.813473 1.82709 -0 0.378434 0.634599
-0.907981 1.78201 -0 0.362683 0.640882
-0.907981 1.78201 -0 0.362683 0.640882
-0.813473 1.82709 -0 0.378434 0.634599
-0.998779 1.96021 -0 0.35895 0.610656
-0.813473 1.82709 -0 0.378434 0.634599
-0.894821 2.0098 -0 0.375114 0.604253
-0.998779 1.96021 -0 0.35895 0.610656
-0.998779 1.96021 -0 0.35895 0.610656
-0.894821 2.0098 -0 0.375114 0.604253
-1.18227 2.32033 0.04 0.352083 0.553363
-0.894821 2.0098 -0 0.375114 0.604253
-1.05921 2.37902 0.04 0.368985 0.546781
-1.18227 2.32033 0.04 0.352083 0.553363
-1.18227 2.32033 0.04 0.352083 0.553363
-1.05921 2.37902 0.04 0.368985 0.546781
-1.27306 2.49853 0.16 0.346531 0.512467
-1.05921 2.37902 0.04 0.368985 0.546781
-1.14056 2.56173 0.16 0.363992 0.50577
-1.27306 2.49853 0.16 0.346531 0.512467
-1.27306 2.49853 0.16 0.346531 0.512467
-1.14056 2.56173 0.16 0.363992 0.50577
-1.36386 2.67673 0.36 0.339736 0.460893
-1.14056 2.56173 0.16 0.363992 0.50577
-1.2219 2.74444 0.36 0.357857 0.454087
-1.36386 2.67673 0.36 0.339736 0.460893
-1.36386 2.67673 0.36 0.339736 0.460893
-1.2219 2.74444 0.36 0.357857 0.454087
-1.45466 2.85493 0.64 0.332321 0.398838
-1.2219 2.74444 0.36 0.357857 0.454087
-1.30325 2.92715 0.64 0.351132 0.391968
-1.45466 2.85493 0.64 0.332321 0.398838
-1.45466 2.85493 0.64 0.332321 0.398838
-1.30325 2.92715 0.64 0.351132 0.391968
-1.54546 3.03313 1 0.325066 0.327329
-1.30325 2.92715 0.64 0.351132 0.391968
-1.3846 3.10986 1 0.344502 0.320485
-1.54546 3.03313 1 0.325066 0.327329
-1.54546 3.03313 1 0.325066 0.327329
-1.3846 3.10986 1 0.344502 0.320485
-1.63626 3.21133 1.44 0.318873 0.248745
-1.3846 3.10986 1 0.344502 0.320485
-1.46595 3.29257 1.44 0.338766 0.24205
-1.63626 3.21133 1.44 0.318873 0.248745
-1.63626 3.21133 1.44 0.318873 0.248745
-1.46595 3.29257 1.44 0.338766 0.24205
-1.72705 3.38953 1.96 0.314598 0.166892
-1.46595 3.29257 1.44 0.338766 0.24205
-1.54729 3.47528 1.96 0.334687 0.160489
-1.72705 3.38953 1.96 0.314598 0.166892
-1.72705 3.38953 1.96 0.314598 0.166892
-1.54729 3.47528 1.96 0.334687 0.160489
-1.81785 3.56774 2.56 0.312782 0.086318
-1.54729 3.47528 1.96 0.334687 0.160489
-1.62864 3.65798 2.56 0.332761 0.0803528
-1.81785 3.56774 2.56 0.312782 0.086318
-0.1 0.537063 -0 0.478835 0.998758
-0.0907981 0.537063 -0 0.481359 0.99895
-0.2 0.537063 -0 0.45166 0.995631
-0.0907981 0.537063 -0 0.481359 0.99895
-0.181596 0.537063 -0 0.456619 0.996347
-0.2 0.537063 -0 0.45166 0.995631
-0.2 0.537063 -0 0.45166 0.995631
-0.181596 0.537063 -0 0.456619 0.996347
-0.3 0.537063 -0 0.425158 0.990689
-0.181596 0.537063 -0 0.456619 0.996347
-0.272394 0.537063 -0 0.432392 0.992225
-0.3 0.537063 -0 0.425158 0.990689
-0.3 0.537063 -0 0.425158 0.990689
-0.272394 0.537063 -0 0.432392 0.992225
-0.4 0.69282 -0 0.405535 0.932435
-0.272394 0.537063 -0 0.432392 0.992225
-0.363192 0.712805 -0 0.41517 0.927986
-0.4 0.69282 -0 0.405535 0.932435
-0.4 0.69282 -0 0.405535 0.932435
-0.363192 0.712805 -0 0.41517 0.927986
-0.5 0.866025 -0 0.389786 0.871641
-0.363192 0.712805 -0 0.41517 0.927986
-0.453991 0.891007 -0 0.401007 0.86648
-0.5 0.866025 -0 0.389786 0.871641
-0.5 0.866025 -0 0.389786 0.871641
-0.453991 0.891007 -0 0.401007 0.86648
-0.6 1.03923 -0 0.377052 0.815828
-0.453991 0.891007 -0 0.401007 0.86648
-0.544789 1.06921 -0 0.389554 0.810095
-0.6 1.03923 -0 0.377052 0.815828
-0.6 1.03923 -0 0.377052 0.815828
-0.544789 1.06921 -0 0.389554 0.810095
-0.7 1.21244 -0 0.366877 0.765678
-0.544789 1.06921 -0 0.389554 0.810095
-0.635587 1.24741 -0 0.380402 0.759503
-0.7 1.21244 -0 0.366877 0.765678
-0.7 1.21244 -0 0.366877 0.765678
-0.635587 1.24741 -0 0.380402 0.759503
-0.8 1.38564 -0 0.358781 0.72123
-0.635587 1.24741 -0 0.380402 0.759503
-0.726385 1.42561 -0 0.373119 0.714721
-0.8 1.38564 -0 0.358781 0.72123
-0.8 1.38564 -0 0.358781 0.72123
-0.726385 1.42561 -0 0.373119 0.714721
-0.9 1.55885 -0 0.352334 0.682124
-0.726385 1.42561 -0 0.373119 0.714721
-0.817183 1.60381 -0 0.367321 0.675367
-0.9 1.55885 -0 0.352334 0.682124
-0.9 1.55885 -0 0.352334 0.682124
-0.817183 1.60381 -0 0.367321 0.675367
-1 1.73205 -0 0.347177 0.647817
-0.817183 1.60381 -0 0.367321 0.675367
-0.907981 1.78201 -0 0.362683 0.640882
-1 1.73205 -0 0.347177 0.647817
-1 1.73205 -0 0.347177 0.647817
-0.907981 1.78201 -0 0.362683 0.640882
-1.1 1.90526 -0 0.343026 0.617721
-0.907981 1.78201 -0 0.362683 0.640882
-0.998779 1.96021 -0 0.35895 0.610656
-1.1 1.90526 -0 0.343026 0.617721
-1.1 1.90526 -0 0.343026 0.617721
-0.998779 1.96021 -0 0.35895 0.610656
-1.30208 2.25527 0.04 0.335411 0.560615
-0.998779 1.96021 -0 0.35895 0.610656
-1.18227 2.32033 0.04 0.352083 0.553363
-1.30208 2.25527 0.04 0.335411 0.560615
-1.30208 2.25527 0.04 0.335411 0.560615
-1.18227 2.32033 0.04 0.352083 0.553363
-1.40208 2.42848 0.16 0.329296 0.519836
-1.18227 2.32033 0.04 0.352083 0.553363
-1.27306 2.49853 0.16 0.346531 0.512467
-1.40208 2.42848 0.16 0.329296 0.519836
-1.40208 2.42848 0.16 0.329296 0.519836
-1.27306 2.49853 0.16 0.346531 0.512467
-1.50208 2.60168 0.36 0.321838 0.46837
-1.27306 2.49853 0.16 0.346531 0.512467
-1.36386 2.67673 0.36 0.339736 0.460893
-1.50208 2.60168 0.36 0.321838 0.46837
-1.50208 2.60168 0.36 0.321838 0.46837
-1.36386 2.67673 0.36 0.339736 0.460893
-1.60208 2.77489 0.64 0.313728 0.406369
-1.36386 2.67673 0.36 0.339736 0.460893
-1.45466 2.85493 0.64 0.332321 0.398838
-1.60208 2.77489 0.64 0.313728 0.406369
-1.60208 2.77489 0.64 0.313728 0.406369
-1.45466 2.85493 0.64 0.332321 0.398838
-1.70208 2.94809 1 0.30584 0.334816
-1.45466 2.85493 0.64 0.332321 0.398838
-1.54546 3.03313 1 0.325066 0.327329
-1.70208 2.94809 1 0.30584 0.334816
-1.70208 2.94809 1 0.30584 0.334816
-1.54546 3.03313 1 0.325066 0.327329
-1.80208 3.1213 1.44 0.29918 0.25605
-1.54546 3.03313 1 0.325066 0.327329
-1.63626 3.21133 1.44 0.318873 0.248745
-1.80208 3.1213 1.44 0.29918 0.25605
-1.80208 3.1213 1.44 0.29918 0.25605
-1.63626 3.21133 1.44 0.318873 0.248745
-1.90208 3.2945 1.96 0.294693 0.173853
-1.63626 3.21133 1.44 0.318873 0.248745
-1.72705 3.38953 1.96 0.314598 0.166892
-1.90208 3.2945 1.96 0.294693 0.173853
-1.90208 3.2945 1.96 0.294693 0.173853
-1.72705 3.38953 1.96 0.314598 0.166892
-2.00208 3.46771 2.56 0.292972 0.0927743
-1.72705 3.38953 1.96 0.314598 0.166892
-1.81785 3.56774 2.56 0.312782 0.086318
-2.00208 3.46771 2.56 0.292972 0.0927743
-0.108928 0.537063 -0 0.476388 0.998556
-0.1 0.537063 -0 0.478835 0.998758
-0.217856 0.537063 -0 0.446871 0.994877
-0.1 0.537063 -0 0.478835 0.998758
-0.2 0.537063 -0 0.45166 0.995631
-0.217856 0.537063 -0 0.446871 0.994877
-0.217856 0.537063 -0 0.446871 0.994877
-0.2 0.537063 -0 0.45166 0.995631
-0.326783 0.537063 -0 0.418207 0.989082
-0.2 0.537063 -0 0.45166 0.995631
-0.3 0.537063 -0 0.425158 0.990689
-0.326783 0.537063 -0 0.418207 0.989082
-0.326783 0.537063 -0 0.418207 0.989082
-0.3 0.537063 -0 0.425158 0.990689
-0.435711 0.670936 -0 0.396121 0.937322
-0.3 0.537063 -0 0.425158 0.990689
-0.4 0.69282 -0 0.405535 0.932435
-0.435711 0.670936 -0 0.396121 0.937322
-0.435711 0.670936 -0 0.396121 0.937322
-0.4 0.69282 -0 0.405535 0.932435
-0.544639 0.838671 -0 0.378813 0.877303
-0.4 0.69282 -0 0.405535 0.932435
-0.5 0.866025 -0 0.389786 0.871641
-0.544639 0.838671 -0 0.378813 0.877303
-0.544639 0.838671 -0 0.378813 0.877303
-0.5 0.866025 -0 0.389786 0.871641
-0.653567 1.0064 -0 0.364815 0.822109
-0.5 0.866025 -0 0.389786 0.871641
-0.6 1.03923 -0 0.377052 0.815828
-0.653567 1.0064 -0 0.364815 0.822109
-0.653567 1.0064 -0 0.364815 0.822109
-0.6 1.03923 -0 0.377052 0.815828
-0.762495 1.17414 -0 0.353625 0.772439
-0.6 1.03923 -0 0.377052 0.815828
-0.7 1.21244 -0 0.366877 0.765678
-0.762495 1.17414 -0 0.353625 0.772439
-0.762495 1.17414 -0 0.353625 0.772439
-0.7 1.21244 -0 0.366877 0.765678
-0.871422 1.34187 -0 0.344717 0.728352
-0.7 1.21244 -0 0.366877 0.765678
-0.8 1.38564 -0 0.358781 0.72123
-0.871422 1.34187 -0 0.344717 0.728352
-0.871422 1.34187 -0 0.344717 0.728352
-0.8 1.38564 -0 0.358781 0.72123
-0.98035 1.50961 -0 0.337621 0.689513
-0.8 1.38564 -0 0.358781 0.72123
-0.9 1.55885 -0 0.352334 0.682124
-0.98035 1.50961 -0 0.337621 0.689513
-0.98035 1.50961 -0 0.337621 0.689513
-0.9 1.55885 -0 0.352334 0.682124
-1.08928 1.67734 -0 0.331941 0.655401
-0.9 1.55885 -0 0.352334 0.682124
-1 1.73205 -0 0.347177 0.647817
-1.08928 1.67734 -0 0.331941 0.655401
-1.08928 1.67734 -0 0.331941 0.655401
-1 1.73205 -0 0.347177 0.647817
-1.19821 1.84508 -0 0.327366 0.625443
-1 1.73205 -0 0.347177 0.647817
-1.1 1.90526 -0 0.343026 0.617721
-1.19821 1.84508 -0 0.327366 0.625443
-1.19821 1.84508 -0 0.327366 0.625443
-1.1 1.90526 -0 0.343026 0.617721
-1.41833 2.18404 0.04 0.318991 0.568534
-1.1 1.90526 -0 0.343026 0.617721
-1.30208 2.25527 0.04 0.335411 0.560615
-1.41833 2.18404 0.04 0.318991 0.568534
-1.41833 2.18404 0.04 0.318991 0.568534
-1.30208 2.25527 0.04 0.335411 0.560615
-1.52726 2.35177 0.16 0.312311 0.527876
-1.30208 2.25527 0.04 0.335411 0.560615
-1.40208 2.42848 0.16 0.329296 0.519836
-1.52726 2.35177 0.16 0.312311 0.527876
-1.52726 2.35177 0.16 0.312311 0.527876
-1.40208 2.42848 0.16 0.329296 0.519836
-1.63618 2.5195 0.36 0.304184 0.476515
-1.40208 2.42848 0.16 0.329296 0.519836
-1.50208 2.60168 0.36 0.321838 0.46837
-1.63618 2.5195 0.36 0.304184 0.476515
-1.63618 2.5195 0.36 0.304184 0.476515
-1.50208 2.60168 0.36 0.321838 0.46837
-1.74511 2.68724 0.64 0.295375 0.41456
-1.50208 2.60168 0.36 0.321838 0.46837
-1.60208 2.77489 0.64 0.313728 0.406369
-1.74511 2.68724 0.64 0.295375 0.41456
-1.74511 2.68724 0.64 0.295375 0.41456
-1.60208 2.77489 0.64 0.313728 0.406369
-1.85404 2.85497 1 0.286845 0.342944
-1.60208 2.77489 0.64 0.313728 0.406369
-1.70208 2.94809 1 0.30584 0.334816
-1.85404 2.85497 1 0.286845 0.342944
-1.85404 2.85497 1 0.286845 0.342944
-1.70208 2.94809 1 0.30584 0.334816
-1.96297 3.02271 1.44 0.279706 0.263963
-1.70208 2.94809 1 0.30584 0.334816
-1.80208 3.1213 1.44 0.29918 0.25605
-1.96297 3.02271 1.44 0.279706 0.263963
-1.96297 3.02271 1.44 0.279706 0.263963
-1.80208 3.1213 1.44 0.29918 0.25605
-2.0719 3.19044 1.96 0.274993 0.181371
-1.80208 3.1213 1.44 0.29918 0.25605
-1.90208 3.2945 1.96 0.294693 0.173853
-2.0719 3.19044 1.96 0.274993 0.181371
-2.0719 3.19044 1.96 0.274993 0.181371
-1.90208 3.2945 1.96 0.294693 0.173853
-2.18082 3.35817 2.56 0.273343 0.0997198
-1.90208 3.2945 1.96 0.294693 0.173853
-2.00208 3.46771 2.56 0.292972 0.0927743
-2.18082 3.35817 2.56 0.273343 0.0997198
-0.117557 0.537063 -0 0.474027 0.998346
-0.108928 0.537063 -0 0.476388 0.998556
-0.235114 0.537063 -0 0.442264 0.994093
-0.108928 0.537063 -0 0.476388 0.998556
-0.217856 0.537063 -0 0.446871 0.994877
-0.235114 0.537063 -0 0.442264 0.994093
-0.235114 0.537063 -0 0.442264 0.994093
-0.217856 0.537063 -0 0.446871 0.994877
-0.352671 0.537063 -0 0.411555 0.987419
-0.217856 0.537063 -0 0.446871 0.994877
-0.326783 0.537063 -0 0.418207 0.989082
-0.352671 0.537063 -0 0.411555 0.987419
-0.352671 0.537063 -0 0.411555 0.987419
-0.326783 0.537063 -0 0.418207 0.989082
-0.470228 0.647214 -0 0.386949 0.942641
-0.326783 0.537063 -0 0.418207 0.989082
-0.435711 0.670936 -0 0.396121 0.937322
-0.470228 0.647214 -0 0.386949 0.942641
-0.470228 0.647214 -0 0.386949 0.942641
-0.435711 0.670936 -0 0.396121 0.937322
-0.587785 0.809017 -0 0.36811 0.883459
-0.435711 0.670936 -0 0.396121 0.937322
-0.544639 0.838671 -0 0.378813 0.877303
-0.587785 0.809017 -0 0.36811 0.883459
-0.587785 0.809017 -0 0.36811 0.883459
-0.544639 0.838671 -0 0.378813 0.877303
-0.705342 0.97082 -0 0.352866 0.828932
-0.544639 0.838671 -0 0.378813 0.877303
-0.653567 1.0064 -0 0.364815 0.822109
-0.705342 0.97082 -0 0.352866 0.828932
-0.705342 0.97082 -0 0.352866 0.828932
-0.653567 1.0064 -0 0.364815 0.822109
-0.822899 1.13262 -0 0.34067 0.779779
-0.653567 1.0064 -0 0.364815 0.822109
-0.762495 1.17414 -0 0.353625 0.772439
-0.822899 1.13262 -0 0.34067 0.779779
-0.822899 1.13262 -0 0.34067 0.779779
-0.762495 1.17414 -0 0.353625 0.772439
-0.940456 1.29443 -0 0.330953 0.736082
-0.762495 1.17414 -0 0.353625 0.772439
-0.871422 1.34187 -0 0.344717 0.728352
-0.940456 1.29443 -0 0.330953 0.736082
-0.940456 1.29443 -0 0.330953 0.736082
-0.871422 1.34187 -0 0.344717 0.728352
-1.05801 1.45623 -0 0.323205 0.69753
-0.871422 1.34187 -0 0.344717 0.728352
-0.98035 1.50961 -0 0.337621 0.689513
-1.05801 1.45623 -0 0.323205 0.69753
-1.05801 1.45623 -0 0.323205 0.69753
-0.98035 1.50961 -0 0.337621 0.689513
-1.17557 1.61803 -0 0.316999 0.663626
-0.98035 1.50961 -0 0.337621 0.689513
-1.08928 1.67734 -0 0.331941 0.655401
-1.17557 1.61803 -0 0.316999 0.663626
-1.17557 1.61803 -0 0.316999 0.663626
-1.08928 1.67734 -0 0.331941 0.655401
-1.29313 1.77984 -0 0.311995 0.633816
-1.08928 1.67734 -0 0.331941 0.655401
-1.19821 1.84508 -0 0.327366 0.625443
-1.29313 1.77984 -0 0.311995 0.633816
-1.29313 1.77984 -0 0.311995 0.633816
-1.19821 1.84508 -0 0.327366 0.625443
-1.53069 2.10681 0.04 0.302848 0.577117
-1.19821 1.84508 -0 0.327366 0.625443
-1.41833 2.18404 0.04 0.318991 0.568534
-1.53069 2.10681 0.04 0.302848 0.577117
-1.53069 2.10681 0.04 0.302848 0.577117
-1.41833 2.18404 0.04 0.318991 0.568534
-1.64825 2.26862 0.16 0.295597 0.536583
-1.41833 2.18404 0.04 0.318991 0.568534
-1.52726 2.35177 0.16 0.312311 0.527876
-1.64825 2.26862 0.16 0.295597 0.536583
-1.64825 2.26862 0.16 0.295597 0.536583
-1.52726 2.35177 0.16 0.312311 0.527876
-1.7658 2.43042 0.36 0.286798 0.485327
-1.52726 2.35177 0.16 0.312311 0.527876
-1.63618 2.5195 0.36 0.304184 0.476515
-1.7658 2.43042 0.36 0.286798 0.485327
-1.7658 2.43042 0.36 0.286798 0.485327
-1.63618 2.5195 0.36 0.304184 0.476515
-1.88336 2.59222 0.64 0.277283 0.423411
-1.63618 2.5195 0.36 0.304184 0.476515
-1.74511 2.68724 0.64 0.295375 0.41456
-1.88336 2.59222 0.64 0.277283 0.423411
-1.88336 2.59222 0.64 0.277283 0.423411
-1.74511 2.68724 0.64 0.295375 0.41456
-2.00092 2.75403 1 0.268103 0.351714
-1.74511 2.68724 0.64 0.295375 0.41456
-1.85404 2.85497 1 0.286845 0.342944
-2.00092 2.75403 1 0.268103 0.351714
-2.00092 2.75403 1 0.268103 0.351714
-1.85404 2.85497 1 0.286845 0.342944
-2.11847 2.91583 1.44 0.260472 0.272483
-1.85404 2.85497 1 0.286845 0.342944
-1.96297 3.02271 1.44 0.279706 0.263963
-2.11847 2.91583 1.44 0.260472 0.272483
-2.11847 2.91583 1.44 0.260472 0.272483
-1.96297 3.02271 1.44 0.279706 0.263963
-2.23603 3.07763 1.96 0.255514 0.189446
-1.96297 3.02271 1.44 0.279706 0.263963
-2.0719 3.19044 1.96 0.274993 0.181371
-2.23603 3.07763 1.96 0.255514 0.189446
-2.23603 3.07763 1.96 0.255514 0.189446
-2.0719 3.19044 1.96 0.274993 0.181371
-2.35359 3.23944 2.56 0.253914 0.107151
-2.0719 3.19044 1.96 0.274993 0.181371
-2.18082 3.35817 2.56 0.273343 0.0997198
-2.35359 3.23944 2.56 0.253914 0.107151
-0.125864 0.537063 -0 0.471757 0.998131
-0.117557 0.537063 -0 0.474027 0.998346
-0.251728 0.537063 -0 0.43785 0.993291
-0.117557 0.537063 -0 0.474027 0.998346
-0.235114 0.537063 -0 0.442264 0.994093
-0.251728 0.537063 -0 0.43785 0.993291
-0.251728 0.537063 -0 0.43785 0.993291
-0.235114 0.537063 -0 0.442264 0.994093
-0.377592 0.537063 -0 0.405218 0.985723
-0.235114 0.537063 -0 0.442264 0.994093
-0.352671 0.537063 -0 0.411555 0.987419
-0.377592 0.537063 -0 0.405218 0.985723
-0.377592 0.537063 -0 0.405218 0.985723
-0.352671 0.537063 -0 0.411555 0.987419
-0.503456 0.621717 -0 0.378039 0.948385
-0.352671 0.537063 -0 0.411555 0.987419
-0.470228 0.647214 -0 0.386949 0.942641
-0.503456 0.621717 -0 0.378039 0.948385
-0.503456 0.621717 -0 0.378039 0.948385
-0.470228 0.647214 -0 0.386949 0.942641
-0.62932 0.777146 -0 0.3577 0.890099
-0.470228 0.647214 -0 0.386949 0.942641
-0.587785 0.809017 -0 0.36811 0.883459
-0.62932 0.777146 -0 0.3577 0.890099
-0.62932 0.777146 -0 0.3577 0.890099
-0.587785 0.809017 -0 0.36811 0.883459
-0.755184 0.932575 -0 0.341228 0.836288
-0.587785 0.809017 -0 0.36811 0.883459
-0.705342 0.97082 -0 0.352866 0.828932
-0.755184 0.932575 -0 0.341228 0.836288
-0.755184 0.932575 -0 0.341228 0.836288
-0.705342 0.97082 -0 0.352866 0.828932
-0.881049 1.088 -0 0.328036 0.78769
-0.705342 0.97082 -0 0.352866 0.828932
-0.822899 1.13262 -0 0.34067 0.779779
-0.881049 1.088 -0 0.328036 0.78769
-0.881049 1.088 -0 0.328036 0.78769
-0.822899 1.13262 -0 0.34067 0.779779
-1.00691 1.24343 -0 0.317514 0.74441
-0.822899 1.13262 -0 0.34067 0.779779
-0.940456 1.29443 -0 0.330953 0.736082
-1.00691 1.24343 -0 0.317514 0.74441
-1.00691 1.24343 -0 0.317514 0.74441
-0.940456 1.29443 -0 0.330953 0.736082
-1.13278 1.39886 -0 0.309113 0.706166
-0.940456 1.29443 -0 0.330953 0.736082
-1.05801 1.45623 -0 0.323205 0.69753
-1.13278 1.39886 -0 0.309113 0.706166
-1.13278 1.39886 -0 0.309113 0.706166
-1.05801 1.45623 -0 0.323205 0.69753
-1.25864 1.55429 -0 0.302376 0.672487
-1.05801 1.45623 -0 0.323205 0.69753
-1.17557 1.61803 -0 0.316999 0.663626
-1.25864 1.55429 -0 0.302376 0.672487
-1.25864 1.55429 -0 0.302376 0.672487
-1.17557 1.61803 -0 0.316999 0.663626
-1.3845 1.70972 -0 0.296937 0.642835
-1.17557 1.61803 -0 0.316999 0.663626
-1.29313 1.77984 -0 0.311995 0.633816
-1.3845 1.70972 -0 0.296937 0.642835
-1.3845 1.70972 -0 0.296937 0.642835
-1.29313 1.77984 -0 0.311995 0.633816
-1.63885 2.02381 0.04 0.287005 0.586359
-1.29313 1.77984 -0 0.311995 0.633816
-1.53069 2.10681 0.04 0.302848 0.577117
-1.63885 2.02381 0.04 0.287005 0.586359
-1.63885 2.02381 0.04 0.287005 0.586359
-1.53069 2.10681 0.04 0.302848 0.577117
-1.76472 2.17924 0.16 0.27918 0.545955
-1.53069 2.10681 0.04 0.302848 0.577117
-1.64825 2.26862 0.16 0.295597 0.536583
-1.76472 2.17924 0.16 0.27918 0.545955
-1.76472 2.17924 0.16 0.27918 0.545955
-1.64825 2.26862 0.16 0.295597 0.536583
-1.89058 2.33467 0.36 0.269704 0.494806
-1.64825 2.26862 0.16 0.295597 0.536583
-1.7658 2.43042 0.36 0.286798 0.485327
-1.89058 2.33467 0.36 0.269704 0.494806
-1.89058 2.33467 0.36 0.269704 0.494806
-1.7658 2.43042 0.36 0.286798 0.485327
-2.01645 2.4901 0.64 0.259477 0.432921
-1.7658 2.43042 0.36 0.286798 0.485327
-1.88336 2.59222 0.64 0.277283 0.423411
-2.01645 2.4901 0.64 0.259477 0.432921
-2.01645 2.4901 0.64 0.259477 0.432921
-1.88336 2.59222 0.64 0.277283 0.423411
-2.14231 2.64553 1 0.249637 0.361125
-1.88336 2.59222 0.64 0.277283 0.423411
-2.00092 2.75403 1 0.268103 0.351714
-2.14231 2.64553 1 0.249637 0.361125
-2.14231 2.64553 1 0.249637 0.361125
-2.00092 2.75403 1 0.268103 0.351714
-2.26817 2.80096 1.44 0.241498 0.281611
-2.00092 2.75403 1 0.268103 0.351714
-2.11847 2.91583 1.44 0.260472 0.272483
-2.26817 2.80096 1.44 0.241498 0.281611
-2.26817 2.80096 1.44 0.241498 0.281611
-2.11847 2.91583 1.44 0.260472 0.272483
-2.39404 2.95639 1.96 0.236272 0.198072
-2.11847 2.91583 1.44 0.260472 0.272483
-2.23603 3.07763 1.96 0.255514 0.189446
-2.39404 2.95639 1.96 0.236272 0.198072
-2.39404 2.95639 1.96 0.236272 0.198072
-2.23603 3.07763 1.96 0.255514 0.189446
-2.5199 3.11182 2.56 0.234695 0.115061
-2.23603 3.07763 1.96 0.255514 0.189446
-2.35359 3.23944 2.56 0.253914 0.107151
-2.5199 3.11182 2.56 0.234695 0.115061
-0.133826 0.537063 -0 0.469584 0.997912
-0.125864 0.537063 -0 0.471757 0.998131
-0.267652 0.537063 -0 0.433641 0.992476
-0.125864 0.537063 -0 0.471757 0.998131
-0.251728 0.537063 -0 0.43785 0.993291
-0.267652 0.537063 -0 0.433641 0.992476
-0.267652 0.537063 -0 0.433641 0.992476
-0.251728 0.537063 -0 0.43785 0.993291
-0.401478 0.537063 -0 0.399206 0.984011
-0.251728 0.537063 -0 0.43785 0.993291
-0.377592 0.537063 -0 0.405218 0.985723
-0.401478 0.537063 -0 0.399206 0.984011
-0.401478 0.537063 -0 0.399206 0.984011
-0.377592 0.537063 -0 0.405218 0.985723
-0.535304 0.594516 -0 0.369408 0.954545
-0.377592 0.537063 -0 0.405218 0.985723
-0.503456 0.621717 -0 0.378039 0.948385
-0.535304 0.594516 -0 0.369408 0.954545
-0.535304 0.594516 -0 0.369408 0.954545
-0.503456 0.621717 -0 0.378039 0.948385
-0.669131 0.743145 -0 0.347603 0.897219
-0.503456 0.621717 -0 0.378039 0.948385
-0.62932 0.777146 -0 0.3577 0.890099
-0.669131 0.743145 -0 0.347603 0.897219
-0.669131 0.743145 -0 0.347603 0.897219
-0.62932 0.777146 -0 0.3577 0.890099
-0.802957 0.891774 -0 0.329924 0.84417
-0.62932 0.777146 -0 0.3577 0.890099
-0.755184 0.932575 -0 0.341228 0.836288
-0.802957 0.891774 -0 0.329924 0.84417
-0.802957 0.891774 -0 0.329924 0.84417
-0.755184 0.932575 -0 0.341228 0.836288
-0.936783 1.0404 -0 0.315748 0.796163
-0.755184 0.932575 -0 0.341228 0.836288
-0.881049 1.088 -0 0.328036 0.78769
-0.936783 1.0404 -0 0.315748 0.796163
-0.936783 1.0404 -0 0.315748 0.796163
-0.881049 1.088 -0 0.328036 0.78769
-1.07061 1.18903 -0 0.304424 0.75333
-0.881049 1.088 -0 0.328036 0.78769
-1.00691 1.24343 -0 0.317514 0.74441
-1.07061 1.18903 -0 0.304424 0.75333
-1.07061 1.18903 -0 0.304424 0.75333
-1.00691 1.24343 -0 0.317514 0.74441
-1.20444 1.33766 -0 0.295369 0.715417
-1.00691 1.24343 -0 0.317514 0.74441
-1.13278 1.39886 -0 0.309113 0.706166
-1.20444 1.33766 -0 0.295369 0.715417
-1.20444 1.33766 -0 0.295369 0.715417
-1.13278 1.39886 -0 0.309113 0.706166
-1.33826 1.48629 -0 0.288097 0.681977
-1.13278 1.39886 -0 0.309113 0.706166
-1.25864 1.55429 -0 0.302376 0.672487
-1.33826 1.48629 -0 0.288097 0.681977
-1.33826 1.48629 -0 0.288097 0.681977
-1.25864 1.55429 -0 0.302376 0.672487
-1.47209 1.63492 -0 0.282217 0.652496
-1.25864 1.55429 -0 0.302376 0.672487
-1.3845 1.70972 -0 0.296937 0.642835
-1.47209 1.63492 -0 0.282217 0.652496
-1.47209 1.63492 -0 0.282217 0.652496
-1.3845 1.70972 -0 0.296937 0.642835
-1.74253 1.93527 0.04 0.271488 0.596258
-1.3845 1.70972 -0 0.296937 0.642835
-1.63885 2.02381 0.04 0.287005 0.586359
-1.74253 1.93527 0.04 0.271488 0.596258
-1.74253 1.93527 0.04 0.271488 0.596258
-1.63885 2.02381 0.04 0.287005 0.586359
-1.87635 2.0839 0.16 0.263083 0.55599
-1.63885 2.02381 0.04 0.287005 0.586359
-1.76472 2.17924 0.16 0.27918 0.545955
-1.87635 2.0839 0.16 0.263083 0.55599
-1.87635 2.0839 0.16 0.263083 0.55599
-1.76472 2.17924 0.16 0.27918 0.545955
-2.01018 2.23253 0.36 0.252924 0.504949
-1.76472 2.17924 0.16 0.27918 0.545955
-1.89058 2.33467 0.36 0.269704 0.494806
-2.01018 2.23253 0.36 0.252924 0.504949
-2.01018 2.23253 0.36 0.252924 0.504949
-1.89058 2.33467 0.36 0.269704 0.494806
-2.144 2.38116 0.64 0.241978 0.443091
-1.89058 2.33467 0.36 0.269704 0.494806
-2.01645 2.4901 0.64 0.259477 0.432921
-2.144 2.38116 0.64 0.241978 0.443091
-2.144 2.38116 0.64 0.241978 0.443091
-2.01645 2.4901 0.64 0.259477 0.432921
-2.27783 2.52979 1 0.231467 0.371176
-2.01645 2.4901 0.64 0.259477 0.432921
-2.14231 2.64553 1 0.249637 0.361125
-2.27783 2.52979 1 0.231467 0.371176
-2.27783 2.52979 1 0.231467 0.371176
-2.14231 2.64553 1 0.249637 0.361125
-2.41166 2.67842 1.44 0.222802 0.291344
-2.14231 2.64553 1 0.249637 0.361125
-2.26817 2.80096 1.44 0.241498 0.281611
-2.41166 2.67842 1.44 0.222802 0.291344
-2.41166 2.67842 1.44 0.222802 0.291344
-2.26817 2.80096 1.44 0.241498 0.281611
-2.54548 2.82704 1.96 0.217285 0.207251
-2.26817 2.80096 1.44 0.241498 0.281611
-2.39404 2.95639 1.96 0.236272 0.198072
-2.54548 2.82704 1.96 0.217285 0.207251
-2.54548 2.82704 1.96 0.217285 0.207251
-2.39404 2.95639 1.96 0.236272 0.198072
-2.67931 2.97567 2.56 0.2157 0.123447
-2.39404 2.95639 1.96 0.236272 0.198072
-2.5199 3.11182 2.56 0.234695 0.115061
-2.67931 2.97567 2.56 0.2157 0.123447
-0.141421 0.537063 -0 0.467515 0.997692
-0.133826 0.537063 -0 0.469584 0.997912
-0.282843 0.537063 -0 0.429646 0.991659
-0.133826 0.537063 -0 0.469584 0.997912
-0.267652 0.537063 -0 0.433641 0.992476
-0.282843 0.537063 -0 0.429646 0.991659
-0.282843 0.537063 -0 0.429646 0.991659
-0.267652 0.537063 -0 0.433641 0.992476
-0.424264 0.537063 -0 0.393531 0.982304
-0.267652 0.537063 -0 0.433641 0.992476
-0.401478 0.537063 -0 0.399206 0.984011
-0.424264 0.537063 -0 0.393531 0.982304
-0.424264 0.537063 -0 0.393531 0.982304
-0.401478 0.537063 -0 0.399206 0.984011
-0.565685 0.565685 -0 0.361078 0.961115
-0.401478 0.537063 -0 0.399206 0.984011
-0.535304 0.594516 -0 0.369408 0.954545
-0.565685 0.565685 -0 0.361078 0.961115
-0.565685 0.565685 -0 0.361078 0.961115
-0.535304 0.594516 -0 0.369408 0.954545
-0.707107 0.707107 -0 0.337841 0.904808
-0.535304 0.594516 -0 0.369408 0.954545
-0.669131 0.743145 -0 0.347603 0.897219
-0.707107 0.707107 -0 0.337841 0.904808
-0.707107 0.707107 -0 0.337841 0.904808
-0.669131 0.743145 -0 0.347603 0.897219
-0.848528 0.848528 -0 0.318978 0.85257
-0.669131 0.743145 -0 0.347603 0.897219
-0.802957 0.891774 -0 0.329924 0.84417
-0.848528 0.848528 -0 0.318978 0.85257
-0.848528 0.848528 -0 0.318978 0.85257
-0.802957 0.891774 -0 0.329924 0.84417
-0.98995 0.98995 -0 0.303828 0.805191
-0.802957 0.891774 -0 0.329924 0.84417
-0.936783 1.0404 -0 0.315748 0.796163
-0.98995 0.98995 -0 0.303828 0.805191
-0.98995 0.98995 -0 0.303828 0.805191
-0.936783 1.0404 -0 0.315748 0.796163
-1.13137 1.13137 -0 0.291707 0.762834
-0.936783 1.0404 -0 0.315748 0.796163
-1.07061 1.18903 -0 0.304424 0.75333
-1.13137 1.13137 -0 0.291707 0.762834
-1.13137 1.13137 -0 0.291707 0.762834
-1.07061 1.18903 -0 0.304424 0.75333
-1.27279 1.27279 -0 0.281998 0.725273
-1.07061 1.18903 -0 0.304424 0.75333
-1.20444 1.33766 -0 0.295369 0.715417
-1.27279 1.27279 -0 0.281998 0.725273
-1.27279 1.27279 -0 0.281998 0.725273
-1.20444 1.33766 -0 0.295369 0.715417
-1.41421 1.41421 -0 0.274187 0.692089
-1.20444 1.33766 -0 0.295369 0.715417
-1.33826 1.48629 -0 0.288097 0.681977
-1.41421 1.41421 -0 0.274187 0.692089
-1.41421 1.41421 -0 0.274187 0.692089
-1.33826 1.48629 -0 0.288097 0.681977
-1.55563 1.55563 -0 0.267861 0.662792
-1.33826 1.48629 -0 0.288097 0.681977
-1.47209 1.63492 -0 0.282217 0.652496
-1.55563 1.55563 -0 0.267861 0.662792
-1.55563 1.55563 -0 0.267861 0.662792
-1.47209 1.63492 -0 0.282217 0.652496
-1.84142 1.84142 0.04 0.256322 0.60681
-1.47209 1.63492 -0 0.282217 0.652496
-1.74253 1.93527 0.04 0.271488 0.596258
-1.84142 1.84142 0.04 0.256322 0.60681
-1.84142 1.84142 0.04 0.256322 0.60681
-1.74253 1.93527 0.04 0.271488 0.596258
-1.98284 1.98284 0.16 0.247332 0.566684
-1.74253 1.93527 0.04 0.271488 0.596258
-1.87635 2.0839 0.16 0.263083 0.55599
-1.98284 1.98284 0.16 0.247332 0.566684
-1.98284 1.98284 0.16 0.247332 0.566684
-1.87635 2.0839 0.16 0.263083 0.55599
-2.12426 2.12426 0.36 0.236485 0.515755
-1.87635 2.0839 0.16 0.263083 0.55599
-2.01018 2.23253 0.36 0.252924 0.504949
-2.12426 2.12426 0.36 0.236485 0.515755
-2.12426 2.12426 0.36 0.236485 0.515755
-2.01018 2.23253 0.36 0.252924 0.504949
-2.26569 2.26569 0.64 0.22481 0.453918
-2.01018 2.23253 0.36 0.252924 0.504949
-2.144 2.38116 0.64 0.241978 0.443091
-2.26569 2.26569 0.64 0.22481 0.453918
-2.26569 2.26569 0.64 0.22481 0.453918
-2.144 2.38116 0.64 0.241978 0.443091
-2.40711 2.40711 1 0.213615 0.381868
-2.144 2.38116 0.64 0.241978 0.443091
-2.27783 2.52979 1 0.231467 0.371176
-2.40711 2.40711 1 0.213615 0.381868
-2.40711 2.40711 1 0.213615 0.381868
-2.27783 2.52979 1 0.231467 0.371176
-2.54853 2.54853 1.44 0.204403 0.301683
-2.27783 2.52979 1 0.231467 0.371176
-2.41166 2.67842 1.44 0.222802 0.291344
-2.54853 2.54853 1.44 0.204403 0.301683
-2.54853 2.54853 1.44 0.204403 0.301683
-2.41166 2.67842 1.44 0.222802 0.291344
-2.68995 2.68995 1.96 0.198566 0.216977
-2.41166 2.67842 1.44 0.222802 0.291344
-2.54548 2.82704 1.96 0.217285 0.207251
-2.68995 2.68995 1.96 0.198566 0.216977
-2.68995 2.68995 1.96 0.198566 0.216977
-2.54548 2.82704 1.96 0.217285 0.207251
-2.83137 2.83137 2.56 0.196941 0.132305
-2.54548 2.82704 1.96 0.217285 0.207251
-2.67931 2.97567 2.56 0.2157 0.123447
-2.83137 2.83137 2.56 0.196941 0.132305
-0.148629 0.537063 -0 0.465553 0.997473
-0.141421 0.537063 -0 0.467515 0.997692
-0.297258 0.537063 -0 0.425874 0.990848
-0.141421 0.537063 -0 0.467515 0.997692
-0.282843 0.537063 -0 0.429646 0.991659
-0.297258 0.537063 -0 0.425874 0.990848
-0.297258 0.537063 -0 0.425874 0.990848
-0.282843 0.537063 -0 0.429646 0.991659
-0.445887 0.537063 -0 0.388202 0.98062
-0.282843 0.537063 -0 0.429646 0.991659
-0.424264 0.537063 -0 0.393531 0.982304
-0.445887 0.537063 -0 0.388202 0.98062
-0.445887 0.537063 -0 0.388202 0.98062
-0.424264 0.537063 -0 0.393531 0.982304
-0.594516 0.537063 -0 0.35315 0.967528
-0.424264 0.537063 -0 0.393531 0.982304
-0.565685 0.565685 -0 0.361078 0.961115
-0.594516 0.537063 -0 0.35315 0.967528
-0.594516 0.537063 -0 0.35315 0.967528
-0.565685 0.565685 -0 0.361078 0.961115
-0.743145 0.669131 -0 0.328434 0.912858
-0.565685 0.565685 -0 0.361078 0.961115
-0.707107 0.707107 -0 0.337841 0.904808
-0.743145 0.669131 -0 0.328434 0.912858
-0.743145 0.669131 -0 0.328434 0.912858
-0.707107 0.707107 -0 0.337841 0.904808
-0.891774 0.802957 -0 0.308409 0.86148
-0.707107 0.707107 -0 0.337841 0.904808
-0.848528 0.848528 -0 0.318978 0.85257
-0.891774 0.802957 -0 0.308409 0.86148
-0.891774 0.802957 -0 0.308409 0.86148
-0.848528 0.848528 -0 0.318978 0.85257
-1.0404 0.936783 -0 0.292299 0.814768
-0.848528 0.848528 -0 0.318978 0.85257
-0.98995 0.98995 -0 0.303828 0.805191
-1.0404 0.936783 -0 0.292299 0.814768
-1.0404 0.936783 -0 0.292299 0.814768
-0.98995 0.98995 -0 0.303828 0.805191
-1.18903 1.07061 -0 0.279386 0.772914
-0.98995 0.98995 -0 0.303828 0.805191
-1.13137 1.13137 -0 0.291707 0.762834
-1.18903 1.07061 -0 0.279386 0.772914
-1.18903 1.07061 -0 0.279386 0.772914
-1.13137 1.13137 -0 0.291707 0.762834
-1.33766 1.20444 -0 0.269023 0.735729
-1.13137 1.13137 -0 0.291707 0.762834
-1.27279 1.27279 -0 0.281998 0.725273
-1.33766 1.20444 -0 0.269023 0.735729
-1.33766 1.20444 -0 0.269023 0.735729
-1.27279 1.27279 -0 0.281998 0.725273
-1.48629 1.33826 -0 0.26067 0.702819
-1.27279 1.27279 -0 0.281998 0.725273
-1.41421 1.41421 -0 0.274187 0.692089
-1.48629 1.33826 -0 0.26067 0.702819
-1.48629 1.33826 -0 0.26067 0.702819
-1.41421 1.41421 -0 0.274187 0.692089
-1.63492 1.47209 -0 0.253894 0.673717
-1.41421 1.41421 -0 0.274187 0.692089
-1.55563 1.55563 -0 0.267861 0.662792
-1.63492 1.47209 -0 0.253894 0.673717
-1.63492 1.47209 -0 0.253894 0.673717
-1.55563 1.55563 -0 0.267861 0.662792
-1.93527 1.74253 0.04 0.241532 0.61801
-1.55563 1.55563 -0 0.267861 0.662792
-1.84142 1.84142 0.04 0.256322 0.60681
-1.93527 1.74253 0.04 0.241532 0.61801
-1.93527 1.74253 0.04 0.241532 0.61801
-1.84142 1.84142 0.04 0.256322 0.60681
-2.0839 1.87635 0.16 0.231951 0.578037
-1.84142 1.84142 0.04 0.256322 0.60681
-1.98284 1.98284 0.16 0.247332 0.566684
-2.0839 1.87635 0.16 0.231951 0.578037
-2.0839 1.87635 0.16 0.231951 0.578037
-1.98284 1.98284 0.16 0.247332 0.566684
-2.23253 2.01018 0.36 0.22041 0.527223
-1.98284 1.98284 0.16 0.247332 0.566684
-2.12426 2.12426 0.36 0.236485 0.515755
-2.23253 2.01018 0.36 0.22041 0.527223
-2.23253 2.01018 0.36 0.22041 0.527223
-2.12426 2.12426 0.36 0.236485 0.515755
-2.38116 2.144 0.64 0.207997 0.465404
-2.12426 2.12426 0.36 0.236485 0.515755
-2.26569 2.26569 0.64 0.22481 0.453918
-2.38116 2.144 0.64 0.207997 0.465404
-2.38116 2.144 0.64 0.207997 0.465404
-2.26569 2.26569 0.64 0.22481 0.453918
-2.52979 2.27783 1 0.196101 0.393202
-2.26569 2.26569 0.64 0.22481 0.453918
-2.40711 2.40711 1 0.213615 0.381868
-2.52979 2.27783 1 0.196101 0.393202
-2.52979 2.27783 1 0.196101 0.393202
-2.40711 2.40711 1 0.213615 0.381868
-2.67842 2.41166 1.44 0.186319 0.312627
-2.40711 2.40711 1 0.213615 0.381868
-2.54853 2.54853 1.44 0.204403 0.301683
-2.67842 2.41166 1.44 0.186319 0.312627
-2.67842 2.41166 1.44 0.186319 0.312627
-2.54853 2.54853 1.44 0.204403 0.301683
-2.82704 2.54548 1.96 0.180129 0.227249
-2.54853 2.54853 1.44 0.204403 0.301683
-2.68995 2.68995 1.96 0.198566 0.216977
-2.82704 2.54548 1.96 0.180129 0.227249
-2.82704 2.54548 1.96 0.180129 0.227249
-2.68995 2.68995 1.96 0.198566 0.216977
-2.97567 2.67931 2.56 0.178425 0.141628
-2.68995 2.68995 1.96 0.198566 0.216977
-2.83137 2.83137 2.56 0.196941 0.132305
-2.97567 2.67931 2.56 0.178425 0.141628
-0.155429 0.537063 -0 0.463705 0.997258
-0.148629 0.537063 -0 0.465553 0.997473
-0.310858 0.537063 -0 0.422332 0.990051
-0.148629 0.537063 -0 0.465553 0.997473
-0.297258 0.537063 -0 0.425874 0.990848
-0.310858 0.537063 -0 0.422332 0.990051
-0.310858 0.537063 -0 0.422332 0.990051
-0.297258 0.537063 -0 0.425874 0.990848
-0.466288 0.537063 -0 0.383225 0.978974
-0.297258 0.537063 -0 0.425874 0.990848
-0.445887 0.537063 -0 0.388202 0.98062
-0.466288 0.537063 -0 0.383225 0.978974
-0.466288 0.537063 -0 0.383225 0.978974
-0.445887 0.537063 -0 0.388202 0.98062
-0.621717 0.537063 -0 0.34705 0.964886
-0.445887 0.537063 -0 0.388202 0.98062
-0.594516 0.537063 -0 0.35315 0.967528
-0.621717 0.537063 -0 0.34705 0.964886
-0.621717 0.537063 -0 0.34705 0.964886
-0.594516 0.537063 -0 0.35315 0.967528
-0.777146 0.62932 -0 0.3194 0.921363
-0.594516 0.537063 -0 0.35315 0.967528
-0.743145 0.669131 -0 0.328434 0.912858
-0.777146 0.62932 -0 0.3194 0.921363
-0.777146 0.62932 -0 0.3194 0.921363
-0.743145 0.669131 -0 0.328434 0.912858
-0.932575 0.755184 -0 0.29824 0.870892
-0.743145 0.669131 -0 0.328434 0.912858
-0.891774 0.802957 -0 0.308409 0.86148
-0.932575 0.755184 -0 0.29824 0.870892
-0.932575 0.755184 -0 0.29824 0.870892
-0.891774 0.802957 -0 0.308409 0.86148
-1.088 0.881049 -0 0.281184 0.824884
-0.891774 0.802957 -0 0.308409 0.86148
-1.0404 0.936783 -0 0.292299 0.814768
-1.088 0.881049 -0 0.281184 0.824884
-1.088 0.881049 -0 0.281184 0.824884
-1.0404 0.936783 -0 0.292299 0.814768
-1.24343 1.00691 -0 0.267486 0.783565
-1.0404 0.936783 -0 0.292299 0.814768
-1.18903 1.07061 -0 0.279386 0.772914
-1.24343 1.00691 -0 0.267486 0.783565
-1.24343 1.00691 -0 0.267486 0.783565
-1.18903 1.07061 -0 0.279386 0.772914
-1.39886 1.13278 -0 0.25647 0.746778
-1.18903 1.07061 -0 0.279386 0.772914
-1.33766 1.20444 -0 0.269023 0.735729
-1.39886 1.13278 -0 0.25647 0.746778
-1.39886 1.13278 -0 0.25647 0.746778
-1.33766 1.20444 -0 0.269023 0.735729
-1.55429 1.25864 -0 0.247572 0.71416
-1.33766 1.20444 -0 0.269023 0.735729
-1.48629 1.33826 -0 0.26067 0.702819
-1.55429 1.25864 -0 0.247572 0.71416
-1.55429 1.25864 -0 0.247572 0.71416
-1.48629 1.33826 -0 0.26067 0.702819
-1.70972 1.3845 -0 0.240338 0.685269
-1.48629 1.33826 -0 0.26067 0.702819
-1.63492 1.47209 -0 0.253894 0.673717
-1.70972 1.3845 -0 0.240338 0.685269
-1.70972 1.3845 -0 0.240338 0.685269
-1.63492 1.47209 -0 0.253894 0.673717
-2.02381 1.63885 0.04 0.227141 0.629857
-1.63492 1.47209 -0 0.253894 0.673717
-1.93527 1.74253 0.04 0.241532 0.61801
-2.02381 1.63885 0.04 0.227141 0.629857
-2.02381 1.63885 0.04 0.227141 0.629857
-1.93527 1.74253 0.04 0.241532 0.61801
-2.17924 1.76472 0.16 0.216966 0.590045
-1.93527 1.74253 0.04 0.241532 0.61801
-2.0839 1.87635 0.16 0.231951 0.578037
-2.17924 1.76472 0.16 0.216966 0.590045
-2.17924 1.76472 0.16 0.216966 0.590045
-2.0839 1.87635 0.16 0.231951 0.578037
-2.33467 1.89058 0.36 0.204723 0.539353
-2.0839 1.87635 0.16 0.231951 0.578037
-2.23253 2.01018 0.36 0.22041 0.527223
-2.33467 1.89058 0.36 0.204723 0.539353
-2.33467 1.89058 0.36 0.204723 0.539353
-2.23253 2.01018 0.36 0.22041 0.527223
-2.4901 2.01645 0.64 0.19156 0.477548
-2.23253 2.01018 0.36 0.22041 0.527223
-2.38116 2.144 0.64 0.207997 0.465404
-2.4901 2.01645 0.64 0.19156 0.477548
-2.4901 2.01645 0.64 0.19156 0.477548
-2.38116 2.144 0.64 0.207997 0.465404
-2.64553 2.14231 1 0.178944 0.405177
-2.38116 2.144 0.64 0.207997 0.465404
-2.52979 2.27783 1 0.196101 0.393202
-2.64553 2.14231 1 0.178944 0.405177
-2.64553 2.14231 1 0.178944 0.405177
-2.52979 2.27783 1 0.196101 0.393202
-2.80096 2.26817 1.44 0.168563 0.324175
-2.52979 2.27783 1 0.196101 0.393202
-2.67842 2.41166 1.44 0.186319 0.312627
-2.80096 2.26817 1.44 0.168563 0.324175
-2.80096 2.26817 1.44 0.168563 0.324175
-2.67842 2.41166 1.44 0.186319 0.312627
-2.95639 2.39404 1.96 0.161985 0.238065
-2.67842 2.41166 1.44 0.186319 0.312627
-2.82704 2.54548 1.96 0.180129 0.227249
-2.95639 2.39404 1.96 0.161985 0.238065
-2.95639 2.39404 1.96 0.161985 0.238065
-2.82704 2.54548 1.96 0.180129 0.227249
-3.11182 2.5199 2.56 0.160162 0.151412
-2.82704 2.54548 1.96 0.180129 0.227249
-2.97567 2.67931 2.56 0.178425 0.141628
-3.11182 2.5199 2.56 0.160162 0.151412
-0.161803 0.537063 -0 0.461975 0.997047
-0.155429 0.537063 -0 0.463705 0.997258
-0.323607 0.537063 -0 0.419028 0.989278
-0.155429 0.537063 -0 0.463705 0.997258
-0.310858 0.537063 -0 0.422332 0.990051
-0.323607 0.537063 -0 0.419028 0.989278
-0.323607 0.537063 -0 0.419028 0.989278
-0.310858 0.537063 -0 0.422332 0.990051
-0.48541 0.537063 -0 0.378606 0.977385
-0.310858 0.537063 -0 0.422332 0.990051
-0.466288 0.537063 -0 0.383225 0.978974
-0.48541 0.537063 -0 0.378606 0.977385
-0.48541 0.537063 -0 0.378606 0.977385
-0.466288 0.537063 -0 0.383225 0.978974
-0.647214 0.537063 -0 0.341425 0.962351
-0.466288 0.537063 -0 0.383225 0.978974
-0.621717 0.537063 -0 0.34705 0.964886
-0.647214 0.537063 -0 0.341425 0.962351
-0.647214 0.537063 -0 0.341425 0.962351
-0.621717 0.537063 -0 0.34705 0.964886
-0.809017 0.587785 -0 0.310759 0.930314
-0.621717 0.537063 -0 0.34705 0.964886
-0.777146 0.62932 -0 0.3194 0.921363
-0.809017 0.587785 -0 0.310759 0.930314
-0.809017 0.587785 -0 0.310759 0.930314
-0.777146 0.62932 -0 0.3194 0.921363
-0.97082 0.705342 -0 0.28849 0.880798
-0.777146 0.62932 -0 0.3194 0.921363
-0.932575 0.755184 -0 0.29824 0.870892
-0.97082 0.705342 -0 0.28849 0.880798
-0.97082 0.705342 -0 0.28849 0.880798
-0.932575 0.755184 -0 0.29824 0.870892
-1.13262 0.822899 -0 0.270504 0.835533
-0.932575 0.755184 -0 0.29824 0.870892
-1.088 0.881049 -0 0.281184 0.824884
-1.13262 0.822899 -0 0.270504 0.835533
-1.13262 0.822899 -0 0.270504 0.835533
-1.088 0.881049 -0 0.281184 0.824884
-1.29443 0.940456 -0 0.256027 0.79478
-1.088 0.881049 -0 0.281184 0.824884
-1.24343 1.00691 -0 0.267486 0.783565
-1.29443 0.940456 -0 0.256027 0.79478
-1.29443 0.940456 -0 0.256027 0.79478
-1.24343 1.00691 -0 0.267486 0.783565
-1.45623 1.05801 -0 0.24436 0.758416
-1.24343 1.00691 -0 0.267486 0.783565
-1.39886 1.13278 -0 0.25647 0.746778
-1.45623 1.05801 -0 0.24436 0.758416
-1.45623 1.05801 -0 0.24436 0.758416
-1.39886 1.13278 -0 0.25647 0.746778
-1.61803 1.17557 -0 0.234914 0.726109
-1.39886 1.13278 -0 0.25647 0.746778
-1.55429 1.25864 -0 0.247572 0.71416
-1.61803 1.17557 -0 0.234914 0.726109
-1.61803 1.17557 -0 0.234914 0.726109
-1.55429 1.25864 -0 0.247572 0.71416
-1.77984 1.29313 -0 0.227219 0.697442
-1.55429 1.25864 -0 0.247572 0.71416
-1.70972 1.3845 -0 0.240338 0.685269
-1.77984 1.29313 -0 0.227219 0.697442
-1.77984 1.29313 -0 0.227219 0.697442
-1.70972 1.3845 -0 0.240338 0.685269
-2.10681 1.53069 0.04 0.213176 0.642349
-1.70972 1.3845 -0 0.240338 0.685269
-2.02381 1.63885 0.04 0.227141 0.629857
-2.10681 1.53069 0.04 0.213176 0.642349
-2.10681 1.53069 0.04 0.213176 0.642349
-2.02381 1.63885 0.04 0.227141 0.629857
-2.26862 1.64825 0.16 0.2024 0.602709
-2.02381 1.63885 0.04 0.227141 0.629857
-2.17924 1.76472 0.16 0.216966 0.590045
-2.26862 1.64825 0.16 0.2024 0.602709
-2.26862 1.64825 0.16 0.2024 0.602709
-2.17924 1.76472 0.16 0.216966 0.590045
-2.43042 1.7658 0.36 0.189446 0.552145
-2.17924 1.76472 0.16 0.216966 0.590045
-2.33467 1.89058 0.36 0.204723 0.539353
-2.43042 1.7658 0.36 0.189446 0.552145
-2.43042 1.7658 0.36 0.189446 0.552145
-2.33467 1.89058 0.36 0.204723 0.539353
-2.59222 1.88336 0.64 0.17552 0.490353
-2.33467 1.89058 0.36 0.204723 0.539353
-2.4901 2.01645 0.64 0.19156 0.477548
-2.59222 1.88336 0.64 0.17552 0.490353
-2.59222 1.88336 0.64 0.17552 0.490353
-2.4901 2.01645 0.64 0.19156 0.477548
-2.75403 2.00092 1 0.162161 0.417796
-2.4901 2.01645 0.64 0.19156 0.477548
-2.64553 2.14231 1 0.178944 0.405177
-2.75403 2.00092 1 0.162161 0.417796
-2.75403 2.00092 1 0.162161 0.417796
-2.64553 2.14231 1 0.178944 0.405177
-2.91583 2.11847 1.44 0.151151 0.336328
-2.64553 2.14231 1 0.178944 0.405177
-2.80096 2.26817 1.44 0.168563 0.324175
-2.91583 2.11847 1.44 0.151151 0.336328
-2.91583 2.11847 1.44 0.151151 0.336328
-2.80096 2.26817 1.44 0.168563 0.324175
-3.07763 2.23603 1.96 0.144142 0.249423
-2.80096 2.26817 1.44 0.168563 0.324175
-2.95639 2.39404 1.96 0.161985 0.238065
-3.07763 2.23603 1.96 0.144142 0.249423
-3.07763 2.23603 1.96 0.144142 0.249423
-2.95639 2.39404 1.96 0.161985 0.238065
-3.23944 2.35359 2.56 0.142154 0.161651
-2.95639 2.39404 1.96 0.161985 0.238065
-3.11182 2.5199 2.56 0.160162 0.151412
-3.23944 2.35359 2.56 0.142154 0.161651
-0.167734 0.537063 -0 0.460368 0.996845
-0.161803 0.537063 -0 0.461975 0.997047
-0.335468 0.537063 -0 0.415968 0.988535
-0.161803 0.537063 -0 0.461975 0.997047
-0.323607 0.537063 -0 0.419028 0.989278
-0.335468 0.537063 -0 0.415968 0.988535
-0.335468 0.537063 -0 0.415968 0.988535
-0.323607 0.537063 -0 0.419028 0.989278
-0.503202 0.537063 -0 0.374349 0.975867
-0.323607 0.537063 -0 0.419028 0.989278
-0.48541 0.537063 -0 0.378606 0.977385
-0.503202 0.537063 -0 0.374349 0.975867
-0.503202 0.537063 -0 0.374349 0.975867
-0.48541 0.537063 -0 0.378606 0.977385
-0.670936 0.537063 -0 0.336272 0.959945
-0.48541 0.537063 -0 0.378606 0.977385
-0.647214 0.537063 -0 0.341425 0.962351
-0.670936 0.537063 -0 0.336272 0.959945
-0.670936 0.537063 -0 0.336272 0.959945
-0.647214 0.537063 -0 0.341425 0.962351
-0.838671 0.544639 -0 0.30253 0.939702
-0.647214 0.537063 -0 0.341425 0.962351
-0.809017 0.587785 -0 0.310759 0.930314
-0.838671 0.544639 -0 0.30253 0.939702
-0.838671 0.544639 -0 0.30253 0.939702
-0.809017 0.587785 -0 0.310759 0.930314
-1.0064 0.653567 -0 0.279179 0.891192
-0.809017 0.587785 -0 0.310759 0.930314
-0.97082 0.705342 -0 0.28849 0.880798
-1.0064 0.653567 -0 0.279179 0.891192
-1.0064 0.653567 -0 0.279179 0.891192
-0.97082 0.705342 -0 0.28849 0.880798
-1.17414 0.762495 -0 0.260279 0.846708
-0.97082 0.705342 -0 0.28849 0.880798
-1.13262 0.822899 -0 0.270504 0.835533
-1.17414 0.762495 -0 0.260279 0.846708
-1.17414 0.762495 -0 0.260279 0.846708
-1.13262 0.822899 -0 0.270504 0.835533
-1.34187 0.871422 -0 0.245032 0.806552
-1.13262 0.822899 -0 0.270504 0.835533
-1.29443 0.940456 -0 0.256027 0.79478
-1.34187 0.871422 -0 0.245032 0.806552
-1.34187 0.871422 -0 0.245032 0.806552
-1.29443 0.940456 -0 0.256027 0.79478
-1.50961 0.98035 -0 0.232715 0.770636
-1.29443 0.940456 -0 0.256027 0.79478
-1.45623 1.05801 -0 0.24436 0.758416
-1.50961 0.98035 -0 0.232715 0.770636
-1.50961 0.98035 -0 0.232715 0.770636
-1.45623 1.05801 -0 0.24436 0.758416
-1.67734 1.08928 -0 0.22272 0.73866
-1.45623 1.05801 -0 0.24436 0.758416
-1.61803 1.17557 -0 0.234914 0.726109
-1.67734 1.08928 -0 0.22272 0.73866
-1.67734 1.08928 -0 0.22272 0.73866
-1.61803 1.17557 -0 0.234914 0.726109
-1.84508 1.19821 -0 0.214559 0.710235
-1.61803 1.17557 -0 0.234914 0.726109
-1.77984 1.29313 -0 0.227219 0.697442
-1.84508 1.19821 -0 0.214559 0.710235
-1.84508 1.19821 -0 0.214559 0.710235
-1.77984 1.29313 -0 0.227219 0.697442
-2.18404 1.41833 0.04 0.199656 0.655485
-1.77984 1.29313 -0 0.227219 0.697442
-2.10681 1.53069 0.04 0.213176 0.642349
-2.18404 1.41833 0.04 0.199656 0.655485
-2.18404 1.41833 0.04 0.199656 0.655485
-2.10681 1.53069 0.04 0.213176 0.642349
-2.35177 1.52726 0.16 0.188273 0.616028
-2.10681 1.53069 0.04 0.213176 0.642349
-2.26862 1.64825 0.16 0.2024 0.602709
-2.35177 1.52726 0.16 0.188273 0.616028
-2.35177 1.52726 0.16 0.188273 0.616028
-2.26862 1.64825 0.16 0.2024 0.602709
-2.5195 1.63618 0.36 0.1746 0.565601
-2.26862 1.64825 0.16 0.2024 0.602709
-2.43042 1.7658 0.36 0.189446 0.552145
-2.5195 1.63618 0.36 0.1746 0.565601
-2.5195 1.63618 0.36 0.1746 0.565601
-2.43042 1.7658 0.36 0.189446 0.552145
-2.68724 1.74511 0.64 0.159894 0.503819
-2.43042 1.7658 0.36 0.189446 0.552145
-2.59222 1.88336 0.64 0.17552 0.490353
-2.68724 1.74511 0.64 0.159894 0.503819
-2.68724 1.74511 0.64 0.159894 0.503819
-2.59222 1.88336 0.64 0.17552 0.490353
-2.85497 1.85404 1 0.145768 0.43106
-2.59222 1.88336 0.64 0.17552 0.490353
-2.75403 2.00092 1 0.162161 0.417796
-2.85497 1.85404 1 0.145768 0.43106
-2.85497 1.85404 1 0.145768 0.43106
-2.75403 2.00092 1 0.162161 0.417796
-3.02271 1.96297 1.44 0.134091 0.349088
-2.75403 2.00092 1 0.162161 0.417796
-2.91583 2.11847 1.44 0.151151 0.336328
-3.02271 1.96297 1.44 0.134091 0.349088
-3.02271 1.96297 1.44 0.134091 0.349088
-2.91583 2.11847 1.44 0.151151 0.336328
-3.19044 2.0719 1.96 0.126607 0.261323
-2.91583 2.11847 1.44 0.151151 0.336328
-3.07763 2.23603 1.96 0.144142 0.249423
-3.19044 2.0719 1.96 0.126607 0.261323
-3.19044 2.0719 1.96 0.126607 0.261323
-3.07763 2.23603 1.96 0.144142 0.249423
-3.35817 2.18082 2.56 0.124405 0.17234
-3.07763 2.23603 1.96 0.144142 0.249423
-3.23944 2.35359 2.56 0.142154 0.161651
-3.35817 2.18082 2.56 0.124405 0.17234
-0.173205 0.537063 -0 0.458887 0.996653
-0.167734 0.537063 -0 0.460368 0.996845
-0.34641 0.537063 -0 0.413158 0.98783
-0.167734 0.537063 -0 0.460368 0.996845
-0.335468 0.537063 -0 0.415968 0.988535
-0.34641 0.537063 -0 0.413158 0.98783
-0.34641 0.537063 -0 0.413158 0.98783
-0.335468 0.537063 -0 0.415968 0.988535
-0.519615 0.537063 -0 0.370458 0.974434
-0.335468 0.537063 -0 0.415968 0.988535
-0.503202 0.537063 -0 0.374349 0.975867
-0.519615 0.537063 -0 0.370458 0.974434
-0.519615 0.537063 -0 0.370458 0.974434
-0.503202 0.537063 -0 0.374349 0.975867
-0.69282 0.537063 -0 0.331588 0.957689
-0.503202 0.537063 -0 0.374349 0.975867
-0.670936 0.537063 -0 0.336272 0.959945
-0.69282 0.537063 -0 0.331588 0.957689
-0.69282 0.537063 -0 0.331588 0.957689
-0.670936 0.537063 -0 0.336272 0.959945
-0.866025 0.537063 -0 0.296891 0.938834
-0.670936 0.537063 -0 0.336272 0.959945
-0.838671 0.544639 -0 0.30253 0.939702
-0.866025 0.537063 -0 0.296891 0.938834
-0.866025 0.537063 -0 0.296891 0.938834
-0.838671 0.544639 -0 0.30253 0.939702
-1.03923 0.6 -0 0.270327 0.902065
-0.838671 0.544639 -0 0.30253 0.939702
-1.0064 0.653567 -0 0.279179 0.891192
-1.03923 0.6 -0 0.270327 0.902065
-1.03923 0.6 -0 0.270327 0.902065
-1.0064 0.653567 -0 0.279179 0.891192
-1.21244 0.7 -0 0.25053 0.858405
-1.0064 0.653567 -0 0.279179 0.891192
-1.17414 0.762495 -0 0.260279 0.846708
-1.21244 0.7 -0 0.25053 0.858405
-1.21244 0.7 -0 0.25053 0.858405
-1.17414 0.762495 -0 0.260279 0.846708
-1.38564 0.8 -0 0.234521 0.818878
-1.17414 0.762495 -0 0.260279 0.846708
-1.34187 0.871422 -0 0.245032 0.806552
-1.38564 0.8 -0 0.234521 0.818878
-1.38564 0.8 -0 0.234521 0.818878
-1.34187 0.871422 -0 0.245032 0.806552
-1.55885 0.9 -0 0.221556 0.783437
-1.34187 0.871422 -0 0.245032 0.806552
-1.50961 0.98035 -0 0.232715 0.770636
-1.55885 0.9 -0 0.221556 0.783437
-1.55885 0.9 -0 0.221556 0.783437
-1.50961 0.98035 -0 0.232715 0.770636
-1.73205 1 -0 0.211011 0.751813
-1.50961 0.98035 -0 0.232715 0.770636
-1.67734 1.08928 -0 0.22272 0.73866
-1.73205 1 -0 0.211011 0.751813
-1.73205 1 -0 0.211011 0.751813
-1.67734 1.08928 -0 0.22272 0.73866
-1.90526 1.1 -0 0.202379 0.723644
-1.67734 1.08928 -0 0.22272 0.73866
-1.84508 1.19821 -0 0.214559 0.710235
-1.90526 1.1 -0 0.202379 0.723644
-1.90526 1.1 -0 0.202379 0.723644
-1.84508 1.19821 -0 0.214559 0.710235
-2.25527 1.30208 0.04 0.186605 0.669264
-1.84508 1.19821 -0 0.214559 0.710235
-2.18404 1.41833 0.04 0.199656 0.655485
-2.25527 1.30208 0.04 0.186605 0.669264
-2.25527 1.30208 0.04 0.186605 0.669264
-2.18404 1.41833 0.04 0.199656 0.655485
-2.42848 1.40208 0.16 0.174608 0.630004
-2.18404 1.41833 0.04 0.199656 0.655485
-2.35177 1.52726 0.16 0.188273 0.616028
-2.42848 1.40208 0.16 0.174608 0.630004
-2.42848 1.40208 0.16 0.174608 0.630004
-2.35177 1.52726 0.16 0.188273 0.616028
-2.60168 1.50208 0.36 0.160203 0.579722
-2.35177 1.52726 0.16 0.188273 0.616028
-2.5195 1.63618 0.36 0.1746 0.565601
-2.60168 1.50208 0.36 0.160203 0.579722
-2.60168 1.50208 0.36 0.160203 0.579722
-2.5195 1.63618 0.36 0.1746 0.565601
-2.77489 1.60208 0.64 0.1447 0.517952
-2.5195 1.63618 0.36 0.1746 0.565601
-2.68724 1.74511 0.64 0.159894 0.503819
-2.77489 1.60208 0.64 0.1447 0.517952
-2.77489 1.60208 0.64 0.1447 0.517952
-2.68724 1.74511 0.64 0.159894 0.503819
-2.94809 1.70208 1 0.129778 0.444973
-2.68724 1.74511 0.64 0.159894 0.503819
-2.85497 1.85404 1 0.145768 0.43106
-2.94809 1.70208 1 0.129778 0.444973
-2.94809 1.70208 1 0.129778 0.444973
-2.85497 1.85404 1 0.145768 0.43106
-3.1213 1.80208 1.44 0.117394 0.362458
-2.85497 1.85404 1 0.145768 0.43106
-3.02271 1.96297 1.44 0.134091 0.349088
-3.1213 1.80208 1.44 0.117394 0.362458
-3.1213 1.80208 1.44 0.117394 0.362458
-3.02271 1.96297 1.44 0.134091 0.349088
-3.2945 1.90208 1.96 0.109384 0.273764
-3.02271 1.96297 1.44 0.134091 0.349088
-3.19044 2.0719 1.96 0.126607 0.261323
-3.2945 1.90208 1.96 0.109384 0.273764
-3.2945 1.90208 1.96 0.109384 0.273764
-3.19044 2.0719 1.96 0.126607 0.261323
-3.46771 2.00208 2.56 0.106915 0.183477
-3.19044 2.0719 1.96 0.126607 0.261323
-3.35817 2.18082 2.56 0.124405 0.17234
-3.46771 2.00208 2.56 0.106915 0.183477
-0.178201 0.537063 -0 0.457536 0.996472
-0.173205 0.537063 -0 0.458887 0.996653
-0.356403 0.537063 -0 0.410602 0.98717
-0.173205 0.537063 -0 0.458887 0.996653
-0.34641 0.537063 -0 0.413158 0.98783
-0.356403 0.537063 -0 0.410602 0.98717
-0.356403 0.537063 -0 0.410602 0.98717
-0.34641 0.537063 -0 0.413158 0.98783
-0.534604 0.537063 -0 0.366936 0.973098
-0.34641 0.537063 -0 0.413158 0.98783
-0.519615 0.537063 -0 0.370458 0.974434
-0.534604 0.537063 -0 0.366936 0.973098
-0.534604 0.537063 -0 0.366936 0.973098
-0.519615 0.537063 -0 0.370458 0.974434
-0.712805 0.537063 -0 0.327369 0.955598
-0.519615 0.537063 -0 0.370458 0.974434
-0.69282 0.537063 -0 0.331588 0.957689
-0.712805 0.537063 -0 0.327369 0.955598
-0.712805 0.537063 -0 0.327369 0.955598
-0.69282 0.537063 -0 0.331588 0.957689
-0.891007 0.537063 -0 0.292233 0.936007
-0.69282 0.537063 -0 0.331588 0.957689
-0.866025 0.537063 -0 0.296891 0.938834
-0.891007 0.537063 -0 0.292233 0.936007
-0.891007 0.537063 -0 0.292233 0.936007
-0.866025 0.537063 -0 0.296891 0.938834
-1.06921 0.544789 -0 0.26195 0.913412
-0.866025 0.537063 -0 0.296891 0.938834
-1.03923 0.6 -0 0.270327 0.902065
-1.06921 0.544789 -0 0.26195 0.913412
-1.06921 0.544789 -0 0.26195 0.913412
-1.03923 0.6 -0 0.270327 0.902065
-1.24741 0.635587 -0 0.241276 0.870616
-1.03923 0.6 -0 0.270327 0.902065
-1.21244 0.7 -0 0.25053 0.858405
-1.24741 0.635587 -0 0.241276 0.870616
-1.24741 0.635587 -0 0.241276 0.870616
-1.21244 0.7 -0 0.25053 0.858405
-1.42561 0.726385 -0 0.224514 0.831754
-1.21244 0.7 -0 0.25053 0.858405
-1.38564 0.8 -0 0.234521 0.818878
-1.42561 0.726385 -0 0.224514 0.831754
-1.42561 0.726385 -0 0.224514 0.831754
-1.38564 0.8 -0 0.234521 0.818878
-1.60381 0.817183 -0 0.210905 0.796814
-1.38564 0.8 -0 0.234521 0.818878
-1.55885 0.9 -0 0.221556 0.783437
-1.60381 0.817183 -0 0.210905 0.796814
-1.60381 0.817183 -0 0.210905 0.796814
-1.55885 0.9 -0 0.221556 0.783437
-1.78201 0.907981 -0 0.199807 0.765564
-1.55885 0.9 -0 0.221556 0.783437
-1.73205 1 -0 0.211011 0.751813
-1.78201 0.907981 -0 0.199807 0.765564
-1.78201 0.907981 -0 0.199807 0.765564
-1.73205 1 -0 0.211011 0.751813
-1.96021 0.998779 -0 0.190701 0.737671
-1.73205 1 -0 0.211011 0.751813
-1.90526 1.1 -0 0.202379 0.723644
-1.96021 0.998779 -0 0.190701 0.737671
-1.96021 0.998779 -0 0.190701 0.737671
-1.90526 1.1 -0 0.202379 0.723644
-2.32033 1.18227 0.04 0.174042 0.68369
-1.90526 1.1 -0 0.202379 0.723644
-2.25527 1.30208 0.04 0.186605 0.669264
-2.32033 1.18227 0.04 0.174042 0.68369
-2.32033 1.18227 0.04 0.174042 0.68369
-2.25527 1.30208 0.04 0.186605 0.669264
-2.49853 1.27306 0.16 0.161423 0.644641
-2.25527 1.30208 0.04 0.186605 0.669264
-2.42848 1.40208 0.16 0.174608 0.630004
-2.49853 1.27306 0.16 0.161423 0.644641
-2.49853 1.27306 0.16 0.161423 0.644641
-2.42848 1.40208 0.16 0.174608 0.630004
-2.67673 1.36386 0.36 0.146274 0.594516
-2.42848 1.40208 0.16 0.174608 0.630004
-2.60168 1.50208 0.36 0.160203 0.579722
-2.67673 1.36386 0.36 0.146274 0.594516
-2.67673 1.36386 0.36 0.146274 0.594516
-2.60168 1.50208 0.36 0.160203 0.579722
-2.85493 1.45466 0.64 0.129952 0.532758
-2.60168 1.50208 0.36 0.160203 0.579722
-2.77489 1.60208 0.64 0.1447 0.517952
-2.85493 1.45466 0.64 0.129952 0.532758
-2.85493 1.45466 0.64 0.129952 0.532758
-2.77489 1.60208 0.64 0.1447 0.517952
-3.03313 1.54546 1 0.114201 0.459543
-2.77489 1.60208 0.64 0.1447 0.517952
-2.94809 1.70208 1 0.129778 0.444973
-3.03313 1.54546 1 0.114201 0.459543
-3.03313 1.54546 1 0.114201 0.459543
-2.94809 1.70208 1 0.129778 0.444973
-3.21133 1.63626 1.44 0.101065 0.376443
-2.94809 1.70208 1 0.129778 0.444973
-3.1213 1.80208 1.44 0.117394 0.362458
-3.21133 1.63626 1.44 0.101065 0.376443
-3.21133 1.63626 1.44 0.101065 0.376443
-3.1213 1.80208 1.44 0.117394 0.362458
-3.38953 1.72705 1.96 0.0924737 0.28675
-3.1213 1.80208 1.44 0.117394 0.362458
-3.2945 1.90208 1.96 0.109384 0.273764
-3.38953 1.72705 1.96 0.0924737 0.28675
-3.38953 1.72705 1.96 0.0924737 0.28675
-3.2945 1.90208 1.96 0.109384 0.273764
-3.56774 1.81785 2.56 0.0896792 0.19506
-3.2945 1.90208 1.96 0.109384 0.273764
-3.46771 2.00208 2.56 0.106915 0.183477
-3.56774 1.81785 2.56 0.0896792 0.19506
-0.182709 0.537063 -0 0.456318 0.996305
-0.178201 0.537063 -0 0.457536 0.996472
-0.365418 0.537063 -0 0.408305 0.986563
-0.178201 0.537063 -0 0.457536 0.996472
-0.356403 0.537063 -0 0.410602 0.98717
-0.365418 0.537063 -0 0.408305 0.986563
-0.365418 0.537063 -0 0.408305 0.986563
-0.356403 0.537063 -0 0.410602 0.98717
-0.548127 0.537063 -0 0.363782 0.971873
-0.356403 0.537063 -0 0.410602 0.98717
-0.534604 0.537063 -0 0.366936 0.973098
-0.548127 0.537063 -0 0.363782 0.971873
-0.548127 0.537063 -0 0.363782 0.971873
-0.534604 0.537063 -0 0.366936 0.973098
-0.730836 0.537063 -0 0.323611 0.95369
-0.534604 0.537063 -0 0.366936 0.973098
-0.712805 0.537063 -0 0.327369 0.955598
-0.730836 0.537063 -0 0.323611 0.95369
-0.730836 0.537063 -0 0.323611 0.95369
-0.712805 0.537063 -0 0.327369 0.955598
-0.913545 0.537063 -0 0.288105 0.933441
-0.712805 0.537063 -0 0.327369 0.955598
-0.891007 0.537063 -0 0.292233 0.936007
-0.913545 0.537063 -0 0.288105 0.933441
-0.913545 0.537063 -0 0.288105 0.933441
-0.891007 0.537063 -0 0.292233 0.936007
-1.09625 0.537063 -0 0.257155 0.912322
-0.891007 0.537063 -0 0.292233 0.936007
-1.06921 0.544789 -0 0.26195 0.913412
-1.09625 0.537063 -0 0.257155 0.912322
-1.09625 0.537063 -0 0.257155 0.912322
-1.06921 0.544789 -0 0.26195 0.913412
-1.27896 0.569431 -0 0.232534 0.883339
-1.06921 0.544789 -0 0.26195 0.913412
-1.24741 0.635587 -0 0.241276 0.870616
-1.27896 0.569431 -0 0.232534 0.883339
-1.27896 0.569431 -0 0.232534 0.883339
-1.24741 0.635587 -0 0.241276 0.870616
-1.46167 0.650779 -0 0.215029 0.845176
-1.24741 0.635587 -0 0.241276 0.870616
-1.42561 0.726385 -0 0.224514 0.831754
-1.46167 0.650779 -0 0.215029 0.845176
-1.46167 0.650779 -0 0.215029 0.845176
-1.42561 0.726385 -0 0.224514 0.831754
-1.64438 0.732126 -0 0.200779 0.810766
-1.42561 0.726385 -0 0.224514 0.831754
-1.60381 0.817183 -0 0.210905 0.796814
-1.64438 0.732126 -0 0.200779 0.810766
-1.64438 0.732126 -0 0.200779 0.810766
-1.60381 0.817183 -0 0.210905 0.796814
-1.82709 0.813473 -0 0.189128 0.779915
-1.60381 0.817183 -0 0.210905 0.796814
-1.78201 0.907981 -0 0.199807 0.765564
-1.82709 0.813473 -0 0.189128 0.779915
-1.82709 0.813473 -0 0.189128 0.779915
-1.78201 0.907981 -0 0.199807 0.765564
-2.0098 0.894821 -0 0.179543 0.752317
-1.78201 0.907981 -0 0.199807 0.765564
-1.96021 0.998779 -0 0.190701 0.737671
-2.0098 0.894821 -0 0.179543 0.752317
-2.0098 0.894821 -0 0.179543 0.752317
-1.96021 0.998779 -0 0.190701 0.737671
-2.37902 1.05921 0.04 0.161987 0.698765
-1.96021 0.998779 -0 0.190701 0.737671
-2.32033 1.18227 0.04 0.174042 0.68369
-2.37902 1.05921 0.04 0.161987 0.698765
-2.37902 1.05921 0.04 0.161987 0.698765
-2.32033 1.18227 0.04 0.174042 0.68369
-2.56173 1.14056 0.16 0.148737 0.659944
-2.32033 1.18227 0.04 0.174042 0.68369
-2.49853 1.27306 0.16 0.161423 0.644641
-2.56173 1.14056 0.16 0.148737 0.659944
-2.56173 1.14056 0.16 0.148737 0.659944
-2.49853 1.27306 0.16 0.161423 0.644641
-2.74444 1.2219 0.36 0.13283 0.609987
-2.49853 1.27306 0.16 0.161423 0.644641
-2.67673 1.36386 0.36 0.146274 0.594516
-2.74444 1.2219 0.36 0.13283 0.609987
-2.74444 1.2219 0.36 0.13283 0.609987
-2.67673 1.36386 0.36 0.146274 0.594516
-2.92715 1.30325 0.64 0.115664 0.548245
-2.67673 1.36386 0.36 0.146274 0.594516
-2.85493 1.45466 0.64 0.129952 0.532758
-2.92715 1.30325 0.64 0.115664 0.548245
-2.92715 1.30325 0.64 0.115664 0.548245
-2.85493 1.45466 0.64 0.129952 0.532758
-3.10986 1.3846 1 0.0990467 0.474779
-2.85493 1.45466 0.64 0.129952 0.532758
-3.03313 1.54546 1 0.114201 0.459543
-3.10986 1.3846 1 0.0990467 0.474779
-3.10986 1.3846 1 0.0990467 0.474779
-3.03313 1.54546 1 0.114201 0.459543
-3.29257 1.46595 1.44 0.0851062 0.391051
-3.03313 1.54546 1 0.114201 0.459543
-3.21133 1.63626 1.44 0.101065 0.376443
-3.29257 1.46595 1.44 0.0851062 0.391051
-3.29257 1.46595 1.44 0.0851062 0.391051
-3.21133 1.63626 1.44 0.101065 0.376443
-3.47528 1.54729 1.96 0.0758743 0.300285
-3.21133 1.63626 1.44 0.101065 0.376443
-3.38953 1.72705 1.96 0.0924737 0.28675
-3.47528 1.54729 1.96 0.0758743 0.300285
-0.186716 0.537063 -0 0.455237 0.996154
-0.182709 0.537063 -0 0.456318 0.996305
-0.373432 0.537063 -0 0.406271 0.986012
-0.182709 0.537063 -0 0.456318 0.996305
-0.365418 0.537063 -0 0.408305 0.986563
-0.373432 0.537063 -0 0.406271 0.986012
-0.373432 0.537063 -0 0.406271 0.986012
-0.365418 0.537063 -0 0.408305 0.986563
-0.560148 0.537063 -0 0.360999 0.970768
-0.365418 0.537063 -0 0.408305 0.986563
-0.548127 0.537063 -0 0.363782 0.971873
-0.560148 0.537063 -0 0.360999 0.970768
-0.560148 0.537063 -0 0.360999 0.970768
-0.548127 0.537063 -0 0.363782 0.971873
-0.746864 0.537063 -0 0.320309 0.951977
-0.548127 0.537063 -0 0.363782 0.971873
-0.730836 0.537063 -0 0.323611 0.95369
-0.746864 0.537063 -0 0.320309 0.951977
-0.746864 0.537063 -0 0.320309 0.951977
-0.730836 0.537063 -0 0.323611 0.95369
-0.93358 0.537063 -0 0.284494 0.931149
-0.730836 0.537063 -0 0.323611 0.95369
-0.913545 0.537063 -0 0.288105 0.933441
-0.93358 0.537063 -0 0.284494 0.931149
-0.93358 0.537063 -0 0.284494 0.931149
-0.913545 0.537063 -0 0.288105 0.933441
-1.1203 0.537063 -0 0.253405 0.909529
-0.913545 0.537063 -0 0.288105 0.933441
-1.09625 0.537063 -0 0.257155 0.912322
-1.1203 0.537063 -0 0.253405 0.909529
-1.1203 0.537063 -0 0.253405 0.909529
-1.09625 0.537063 -0 0.257155 0.912322
-1.30701 0.537063 -0 0.226634 0.888027
-1.09625 0.537063 -0 0.257155 0.912322
-1.27896 0.569431 -0 0.232534 0.883339
-1.30701 0.537063 -0 0.226634 0.888027
-1.30701 0.537063 -0 0.226634 0.888027
-1.27896 0.569431 -0 0.232534 0.883339
-1.49373 0.573389 -0 0.206085 0.859142
-1.27896 0.569431 -0 0.232534 0.883339
-1.46167 0.650779 -0 0.215029 0.845176
-1.49373 0.573389 -0 0.206085 0.859142
-1.49373 0.573389 -0 0.206085 0.859142
-1.46167 0.650779 -0 0.215029 0.845176
-1.68044 0.645062 -0 0.191198 0.825294
-1.46167 0.650779 -0 0.215029 0.845176
-1.64438 0.732126 -0 0.200779 0.810766
-1.68044 0.645062 -0 0.191198 0.825294
-1.68044 0.645062 -0 0.191198 0.825294
-1.64438 0.732126 -0 0.200779 0.810766
-1.86716 0.716736 -0 0.178992 0.794866
-1.64438 0.732126 -0 0.200779 0.810766
-1.82709 0.813473 -0 0.189128 0.779915
-1.86716 0.716736 -0 0.178992 0.794866
-1.86716 0.716736 -0 0.178992 0.794866
-1.82709 0.813473 -0 0.189128 0.779915
-2.05388 0.788409 -0 0.168925 0.767584
-1.82709 0.813473 -0 0.189128 0.779915
-2.0098 0.894821 -0 0.179543 0.752317
-2.05388 0.788409 -0 0.168925 0.767584
-2.05388 0.788409 -0 0.168925 0.767584
-2.0098 0.894821 -0 0.179543 0.752317
-2.4312 0.933249 0.04 0.150459 0.714496
-2.0098 0.894821 -0 0.179543 0.752317
-2.37902 1.05921 0.04 0.161987 0.698765
-2.4312 0.933249 0.04 0.150459 0.714496
-2.4312 0.933249 0.04 0.150459 0.714496
-2.37902 1.05921 0.04 0.161987 0.698765
-2.61791 1.00492 0.16 0.136567 0.675921
-2.37902 1.05921 0.04 0.161987 0.698765
-2.56173 1.14056 0.16 0.148737 0.659944
-2.61791 1.00492 0.16 0.136567 0.675921
-2.61791 1.00492 0.16 0.136567 0.675921
-2.56173 1.14056 0.16 0.148737 0.659944
-2.80463 1.0766 0.36 0.119884 0.626148
-2.56173 1.14056 0.16 0.148737 0.659944
-2.74444 1.2219 0.36 0.13283 0.609987
-2.80463 1.0766 0.36 0.119884 0.626148
-2.80463 1.0766 0.36 0.119884 0.626148
-2.74444 1.2219 0.36 0.13283 0.609987
-2.99134 1.14827 0.64 0.101845 0.564424
-2.74444 1.2219 0.36 0.13283 0.609987
-2.92715 1.30325 0.64 0.115664 0.548245
-2.99134 1.14827 0.64 0.101845 0.564424
-2.99134 1.14827 0.64 0.101845 0.564424
-2.92715 1.30325 0.64 0.115664 0.548245
-3.17806 1.21994 1 0.0843202 0.490692
-2.92715 1.30325 0.64 0.115664 0.548245
-3.10986 1.3846 1 0.0990467 0.474779
-3.17806 1.21994 1 0.0843202 0.490692
-3.17806 1.21994 1 0.0843202 0.490692
-3.10986 1.3846 1 0.0990467 0.474779
-3.36478 1.29162 1.44 0.0695201 0.406295
-3.10986 1.3846 1 0.0990467 0.474779
-3.29257 1.46595 1.44 0.0851062 0.391051
-3.36478 1.29162 1.44 0.0695201 0.406295
-0.190211 0.537063 -0 0.454295 0.996019
-0.186716 0.537063 -0 0.455237 0.996154
-0.380423 0.537063 -0 0.404502 0.985524
-0.186716 0.537063 -0 0.455237 0.996154
-0.373432 0.537063 -0 0.406271 0.986012
-0.380423 0.537063 -0 0.404502 0.985524
-0.380423 0.537063 -0 0.404502 0.985524
-0.373432 0.537063 -0 0.406271 0.986012
-0.570634 0.537063 -0 0.358588 0.969792
-0.373432 0.537063 -0 0.406271 0.986012
-0.560148 0.537063 -0 0.360999 0.970768
-0.570634 0.537063 -0 0.358588 0.969792
-0.570634 0.537063 -0 0.358588 0.969792
-0.560148 0.537063 -0 0.360999 0.970768
-0.760845 0.537063 -0 0.317458 0.950471
-0.560148 0.537063 -0 0.360999 0.970768
-0.746864 0.537063 -0 0.320309 0.951977
-0.760845 0.537063 -0 0.317458 0.950471
-0.760845 0.537063 -0 0.317458 0.950471
-0.746864 0.537063 -0 0.320309 0.951977
-0.951057 0.537063 -0 0.281388 0.929143
-0.746864 0.537063 -0 0.320309 0.951977
-0.93358 0.537063 -0 0.284494 0.931149
-0.951057 0.537063 -0 0.281388 0.929143
-0.951057 0.537063 -0 0.281388 0.929143
-0.93358 0.537063 -0 0.284494 0.931149
-1.14127 0.537063 -0 0.250192 0.907095
-0.93358 0.537063 -0 0.284494 0.931149
-1.1203 0.537063 -0 0.253405 0.909529
-1.14127 0.537063 -0 0.250192 0.907095
-1.14127 0.537063 -0 0.250192 0.907095
-1.1203 0.537063 -0 0.253405 0.909529
-1.33148 0.537063 -0 0.223419 0.885253
-1.1203 0.537063 -0 0.253405 0.909529
-1.30701 0.537063 -0 0.226634 0.888027
-1.33148 0.537063 -0 0.223419 0.885253
-1.33148 0.537063 -0 0.223419 0.885253
-1.30701 0.537063 -0 0.226634 0.888027
-1.52169 0.537063 -0 0.200514 0.864213
-1.30701 0.537063 -0 0.226634 0.888027
-1.49373 0.573389 -0 0.206085 0.859142
-1.52169 0.537063 -0 0.200514 0.864213
-1.52169 0.537063 -0 0.200514 0.864213
-1.49373 0.573389 -0 0.206085 0.859142
-1.7119 0.556231 -0 0.18218 0.840397
-1.49373 0.573389 -0 0.206085 0.859142
-1.68044 0.645062 -0 0.191198 0.825294
-1.7119 0.556231 -0 0.18218 0.840397
-1.7119 0.556231 -0 0.18218 0.840397
-1.68044 0.645062 -0 0.191198 0.825294
-1.90211 0.618034 -0 0.169419 0.81042
-1.68044 0.645062 -0 0.191198 0.825294
-1.86716 0.716736 -0 0.178992 0.794866
-1.90211 0.618034 -0 0.169419 0.81042
-1.90211 0.618034 -0 0.169419 0.81042
-1.86716 0.716736 -0 0.178992 0.794866
-2.09232 0.679837 -0 0.158865 0.783476
-1.86716 0.716736 -0 0.178992 0.794866
-2.05388 0.788409 -0 0.168925 0.767584
-2.09232 0.679837 -0 0.158865 0.783476
-2.09232 0.679837 -0 0.158865 0.783476
-2.05388 0.788409 -0 0.168925 0.767584
-2.47671 0.804731 0.04 0.139474 0.730891
-2.05388 0.788409 -0 0.168925 0.767584
-2.4312 0.933249 0.04 0.150459 0.714496
-2.47671 0.804731 0.04 0.139474 0.730891
-2.47671 0.804731 0.04 0.139474 0.730891
-2.4312 0.933249 0.04 0.150459 0.714496
-2.66692 0.866534 0.16 0.124929 0.692582
-2.4312 0.933249 0.04 0.150459 0.714496
-2.61791 1.00492 0.16 0.136567 0.675921
-2.66692 0.866534 0.16 0.124929 0.692582
-2.66692 0.866534 0.16 0.124929 0.692582
-2.61791 1.00492 0.16 0.136567 0.675921
-2.85713 0.928337 0.36 0.10745 0.643009
-2.61791 1.00492 0.16 0.136567 0.675921
-2.80463 1.0766 0.36 0.119884 0.626148
-2.85713 0.928337 0.36 0.10745 0.643009
-2.85713 0.928337 0.36 0.10745 0.643009
-2.80463 1.0766 0.36 0.119884 0.626148
-3.04734 0.990141 0.64 0.0885078 0.58131
-2.80463 1.0766 0.36 0.119884 0.626148
-2.99134 1.14827 0.64 0.101845 0.564424
-3.04734 0.990141 0.64 0.0885078 0.58131
-3.04734 0.990141 0.64 0.0885078 0.58131
-2.99134 1.14827 0.64 0.101845 0.564424
-3.23755 1.05194 1 0.0700272 0.507299
-2.99134 1.14827 0.64 0.101845 0.564424
-3.17806 1.21994 1 0.0843202 0.490692
-3.23755 1.05194 1 0.0700272 0.507299
-0.193185 0.537063 -0 0.453494 0.995903
-0.190211 0.537063 -0 0.454295 0.996019
-0.38637 0.537063 -0 0.403001 0.985104
-0.190211 0.537063 -0 0.454295 0.996019
-0.380423 0.537063 -0 0.404502 0.985524
-0.38637 0.537063 -0 0.403001 0.985104
-0.38637 0.537063 -0 0.403001 0.985104
-0.380423 0.537063 -0 0.404502 0.985524
-0.579556 0.537063 -0 0.356547 0.968953
-0.380423 0.537063 -0 0.404502 0.985524
-0.570634 0.537063 -0 0.358588 0.969792
-0.579556 0.537063 -0 0.356547 0.968953
-0.579556 0.537063 -0 0.356547 0.968953
-0.570634 0.537063 -0 0.358588 0.969792
-0.772741 0.537063 -0 0.315054 0.94918
-0.570634 0.537063 -0 0.358588 0.969792
-0.760845 0.537063 -0 0.317458 0.950471
-0.772741 0.537063 -0 0.315054 0.94918
-0.772741 0.537063 -0 0.315054 0.94918
-0.760845 0.537063 -0 0.317458 0.950471
-0.965926 0.537063 -0 0.278778 0.927431
-0.760845 0.537063 -0 0.317458 0.950471
-0.951057 0.537063 -0 0.281388 0.929143
-0.965926 0.537063 -0 0.278778 0.927431
-0.965926 0.537063 -0 0.278778 0.927431
-0.951057 0.537063 -0 0.281388 0.929143
-1.15911 0.537063 -0 0.2475 0.905026
-0.951057 0.537063 -0 0.281388 0.929143
-1.14127 0.537063 -0 0.250192 0.907095
-1.15911 0.537063 -0 0.2475 0.905026
-1.15911 0.537063 -0 0.2475 0.905026
-1.14127 0.537063 -0 0.250192 0.907095
-1.3523 0.537063 -0 0.220734 0.882904
-1.14127 0.537063 -0 0.250192 0.907095
-1.33148 0.537063 -0 0.223419 0.885253
-1.3523 0.537063 -0 0.220734 0.882904
-1.3523 0.537063 -0 0.220734 0.882904
-1.33148 0.537063 -0 0.223419 0.885253
-1.54548 0.537063 -0 0.197892 0.861657
-1.33148 0.537063 -0 0.223419 0.885253
-1.52169 0.537063 -0 0.200514 0.864213
-1.54548 0.537063 -0 0.197892 0.861657
-1.54548 0.537063 -0 0.197892 0.861657
-1.52169 0.537063 -0 0.200514 0.864213
-1.73867 0.537063 -0 0.178387 0.841617
-1.52169 0.537063 -0 0.200514 0.864213
-1.7119 0.556231 -0 0.18218 0.840397
-1.73867 0.537063 -0 0.178387 0.841617
-1.73867 0.537063 -0 0.178387 0.841617
-1.7119 0.556231 -0 0.18218 0.840397
-1.93185 0.537063 -0 0.161684 0.822931
-1.7119 0.556231 -0 0.18218 0.840397
-1.90211 0.618034 -0 0.169419 0.81042
-1.93185 0.537063 -0 0.161684 0.822931
-1.93185 0.537063 -0 0.161684 0.822931
-1.90211 0.618034 -0 0.169419 0.81042
-2.12504 0.569402 -0 0.149381 0.8
-1.90211 0.618034 -0 0.169419 0.81042
-2.09232 0.679837 -0 0.158865 0.783476
-2.12504 0.569402 -0 0.149381 0.8
-2.12504 0.569402 -0 0.149381 0.8
-2.09232 0.679837 -0 0.158865 0.783476
-2.51543 0.674007 0.04 0.129051 0.747958
-2.09232 0.679837 -0 0.158865 0.783476
-2.47671 0.804731 0.04 0.139474 0.730891
-2.51543 0.674007 0.04 0.129051 0.747958
-2.51543 0.674007 0.04 0.129051 0.747958
-2.47671 0.804731 0.04 0.139474 0.730891
-2.70861 0.725771 0.16 0.113839 0.709939
-2.47671 0.804731 0.04 0.139474 0.730891
-2.66692 0.866534 0.16 0.124929 0.692582
-2.70861 0.725771 0.16 0.113839 0.709939
-2.70861 0.725771 0.16 0.113839 0.709939
-2.66692 0.866534 0.16 0.124929 0.692582
-2.9018 0.777535 0.36 0.0955421 0.660586
-2.66692 0.866534 0.16 0.124929 0.692582
-2.85713 0.928337 0.36 0.10745 0.643009
-2.9018 0.777535 0.36 0.0955421 0.660586
-2.9018 0.777535 0.36 0.0955421 0.660586
-2.85713 0.928337 0.36 0.10745 0.643009
-3.09498 0.829298 0.64 0.0756599 0.598923
-2.85713 0.928337 0.36 0.10745 0.643009
-3.04734 0.990141 0.64 0.0885078 0.58131
-3.09498 0.829298 0.64 0.0756599 0.598923
-0.19563 0.537063 -0 0.452836 0.995806
-0.193185 0.537063 -0 0.453494 0.995903
-0.391259 0.537063 -0 0.40177 0.984754
-0.193185 0.537063 -0 0.453494 0.995903
-0.38637 0.537063 -0 0.403001 0.985104
-0.391259 0.537063 -0 0.40177 0.984754
-0.391259 0.537063 -0 0.40177 0.984754
-0.38637 0.537063 -0 0.403001 0.985104
-0.586889 0.537063 -0 0.354878 0.968257
-0.38637 0.537063 -0 0.403001 0.985104
-0.579556 0.537063 -0 0.356547 0.968953
-0.586889 0.537063 -0 0.354878 0.968257
-0.586889 0.537063 -0 0.354878 0.968257
-0.579556 0.537063 -0 0.356547 0.968953
-0.782518 0.537063 -0 0.313093 0.948114
-0.579556 0.537063 -0 0.356547 0.968953
-0.772741 0.537063 -0 0.315054 0.94918
-0.782518 0.537063 -0 0.313093 0.948114
-0.782518 0.537063 -0 0.313093 0.948114
-0.772741 0.537063 -0 0.315054 0.94918
-0.978148 0.537063 -0 0.276656 0.926021
-0.772741 0.537063 -0 0.315054 0.94918
-0.965926 0.537063 -0 0.278778 0.927431
-0.978148 0.537063 -0 0.276656 0.926021
-0.978148 0.537063 -0 0.276656 0.926021
-0.965926 0.537063 -0 0.278778 0.927431
-1.17378 0.537063 -0 0.245317 0.903327
-0.965926 0.537063 -0 0.278778 0.927431
-1.15911 0.537063 -0 0.2475 0.905026
-1.17378 0.537063 -0 0.245317 0.903327
-1.17378 0.537063 -0 0.245317 0.903327
-1.15911 0.537063 -0 0.2475 0.905026
-1.36941 0.537063 -0 0.218561 0.88098
-1.15911 0.537063 -0 0.2475 0.905026
-1.3523 0.537063 -0 0.220734 0.882904
-1.36941 0.537063 -0 0.218561 0.88098
-1.36941 0.537063 -0 0.218561 0.88098
-1.3523 0.537063 -0 0.220734 0.882904
-1.56504 0.537063 -0 0.195775 0.85957
-1.3523 0.537063 -0 0.220734 0.882904
-1.54548 0.537063 -0 0.197892 0.861657
-1.56504 0.537063 -0 0.195775 0.85957
-1.56504 0.537063 -0 0.195775 0.85957
-1.54548 0.537063 -0 0.197892 0.861657
-1.76067 0.537063 -0 0.176353 0.839419
-1.54548 0.537063 -0 0.197892 0.861657
-1.73867 0.537063 -0 0.178387 0.841617
-1.76067 0.537063 -0 0.176353 0.839419
-1.76067 0.537063 -0 0.176353 0.839419
-1.73867 0.537063 -0 0.178387 0.841617
-1.9563 0.537063 -0 0.159745 0.820666
-1.73867 0.537063 -0 0.178387 0.841617
-1.93185 0.537063 -0 0.161684 0.822931
-1.9563 0.537063 -0 0.159745 0.820666
-1.9563 0.537063 -0 0.159745 0.820666
-1.93185 0.537063 -0 0.161684 0.822931
-2.15192 0.537063 -0 0.145481 0.803334
-1.93185 0.537063 -0 0.161684 0.822931
-2.12504 0.569402 -0 0.149381 0.8
-2.15192 0.537063 -0 0.145481 0.803334
-2.15192 0.537063 -0 0.145481 0.803334
-2.12504 0.569402 -0 0.149381 0.8
-2.54726 0.541436 0.04 0.119207 0.76571
-2.12504 0.569402 -0 0.149381 0.8
-2.51543 0.674007 0.04 0.129051 0.747958
-2.54726 0.541436 0.04 0.119207 0.76571
-2.54726 0.541436 0.04 0.119207 0.76571
-2.51543 0.674007 0.04 0.129051 0.747958
-2.74289 0.583018 0.16 0.103313 0.728007
-2.51543 0.674007 0.04 0.129051 0.747958
-2.70861 0.725771 0.16 0.113839 0.709939
-2.74289 0.583018 0.16 0.103313 0.728007
-2.74289 0.583018 0.16 0.103313 0.728007
-2.70861 0.725771 0.16 0.113839 0.709939
-2.93851 0.624601 0.36 0.0841726 0.6789
-2.70861 0.725771 0.16 0.113839 0.709939
-2.9018 0.777535 0.36 0.0955421 0.660586
-2.93851 0.624601 0.36 0.0841726 0.6789
