0.531193 -0.193185 -0 0.582912 0.995807
0.531193 -0.19563 -0 0.583577 0.995707
0.531193 -0.38637 -0 0.633904 0.98476
0.531193 -0.19563 -0 0.583577 0.995707
0.531193 -0.391259 -0 0.635146 0.984403
0.531193 -0.38637 -0 0.633904 0.98476
0.531193 -0.38637 -0 0.633904 0.98476
0.531193 -0.391259 -0 0.635146 0.984403
0.531193 -0.579556 -0 0.680689 0.968369
0.531193 -0.391259 -0 0.635146 0.984403
0.531193 -0.586889 -0 0.682367 0.967666
0.531193 -0.579556 -0 0.680689 0.968369
0.531193 -0.579556 -0 0.680689 0.968369
0.531193 -0.586889 -0 0.682367 0.967666
0.531193 -0.772741 -0 0.722362 0.948398
0.531193 -0.586889 -0 0.682367 0.967666
0.531193 -0.782518 -0 0.72433 0.947323
0.531193 -0.772741 -0 0.722362 0.948398
0.531193 -0.772741 -0 0.722362 0.948398
0.531193 -0.782518 -0 0.72433 0.947323
0.531193 -0.965926 -0 0.758723 0.926507
0.531193 -0.782518 -0 0.72433 0.947323
0.531193 -0.978148 -0 0.76085 0.925091
0.531193 -0.965926 -0 0.758723 0.926507
0.531193 -0.965926 -0 0.758723 0.926507
0.531193 -0.978148 -0 0.76085 0.925091
0.531193 -1.15911 -0 0.790049 0.904016
0.531193 -0.978148 -0 0.76085 0.925091
0.531193 -1.17378 -0 0.792236 0.902313
0.531193 -1.15911 -0 0.790049 0.904016
0.531193 -0.190211 -0 0.582102 0.995927
0.531193 -0.193185 -0 0.582912 0.995807
0.531193 -0.380423 -0 0.632391 0.985188
0.531193 -0.193185 -0 0.582912 0.995807
0.531193 -0.38637 -0 0.633904 0.98476
0.531193 -0.380423 -0 0.632391 0.985188
0.531193 -0.380423 -0 0.632391 0.985188
0.531193 -0.38637 -0 0.633904 0.98476
0.531193 -0.570634 -0 0.678637 0.969219
0.531193 -0.38637 -0 0.633904 0.98476
0.531193 -0.579556 -0 0.680689 0.968369
0.531193 -0.570634 -0 0.678637 0.969219
0.531193 -0.570634 -0 0.678637 0.969219
0.531193 -0.579556 -0 0.680689 0.968369
0.531193 -0.760845 -0 0.719951 0.949699
0.531193 -0.579556 -0 0.680689 0.968369
0.531193 -0.772741 -0 0.722362 0.948398
0.531193 -0.760845 -0 0.719951 0.949699
0.531193 -0.760845 -0 0.719951 0.949699
0.531193 -0.772741 -0 0.722362 0.948398
0.531193 -0.951057 -0 0.756109 0.928227
0.531193 -0.772741 -0 0.722362 0.948398
0.531193 -0.965926 -0 0.758723 0.926507
0.531193 -0.951057 -0 0.756109 0.928227
0.531193 -0.951057 -0 0.756109 0.928227
0.531193 -0.965926 -0 0.758723 0.926507
0.531193 -1.14127 -0 0.787354 0.906091
0.531193 -0.965926 -0 0.758723 0.926507
0.531193 -1.15911 -0 0.790049 0.904016
0.531193 -1.14127 -0 0.787354 0.906091
0.531193 -0.186716 -0 0.581149 0.996066
0.531193 -0.190211 -0 0.582102 0.995927
0.531193 -0.373432 -0 0.630606 0.985685
0.531193 -0.190211 -0 0.582102 0.995927
0.531193 -0.380423 -0 0.632391 0.985188
0.531193 -0.373432 -0 0.630606 0.985685
0.531193 -0.373432 -0 0.630606 0.985685
0.531193 -0.380423 -0 0.632391 0.985188
0.531193 -0.560148 -0 0.676211 0.970207
0.531193 -0.380423 -0 0.632391 0.985188
0.531193 -0.570634 -0 0.678637 0.969219
0.531193 -0.560148 -0 0.676211 0.970207
0.531193 -0.560148 -0 0.676211 0.970207
0.531193 -0.570634 -0 0.678637 0.969219
0.531193 -0.746864 -0 0.71709 0.951218
0.531193 -0.570634 -0 0.678637 0.969219
0.531193 -0.760845 -0 0.719951 0.949699
0.531193 -0.746864 -0 0.71709 0.951218
0.531193 -0.746864 -0 0.71709 0.951218
0.531193 -0.760845 -0 0.719951 0.949699
0.531193 -0.93358 -0 0.752998 0.930245
0.531193 -0.760845 -0 0.719951 0.949699
0.531193 -0.951057 -0 0.756109 0.928227
0.531193 -0.93358 -0 0.752998 0.930245
0.531193 -0.93358 -0 0.752998 0.930245
0.531193 -0.951057 -0 0.756109 0.928227
0.531193 -1.1203 -0 0.784136 0.908533
0.531193 -0.951057 -0 0.756109 0.928227
0.531193 -1.14127 -0 0.787354 0.906091
0.531193 -1.1203 -0 0.784136 0.908533
0.531193 -0.182709 -0 0.580056 0.996222
0.531193 -0.186716 -0 0.581149 0.996066
0.531193 -0.365418 -0 0.628554 0.986247
0.531193 -0.186716 -0 0.581149 0.996066
0.531193 -0.373432 -0 0.630606 0.985685
0.531193 -0.365418 -0 0.628554 0.986247
0.531193 -0.365418 -0 0.628554 0.986247
0.531193 -0.373432 -0 0.630606 0.985685
0.531193 -0.548127 -0 0.673411 0.971327
0.531193 -0.373432 -0 0.630606 0.985685
0.531193 -0.560148 -0 0.676211 0.970207
0.531193 -0.548127 -0 0.673411 0.971327
0.531193 -0.548127 -0 0.673411 0.971327
0.531193 -0.560148 -0 0.676211 0.970207
0.531193 -0.730836 -0 0.713776 0.952946
0.531193 -0.560148 -0 0.676211 0.970207
0.531193 -0.746864 -0 0.71709 0.951218
0.531193 -0.730836 -0 0.713776 0.952946
0.531193 -0.730836 -0 0.713776 0.952946
0.531193 -0.746864 -0 0.71709 0.951218
0.531193 -0.913545 -0 0.74938 0.93255
0.531193 -0.746864 -0 0.71709 0.951218
0.531193 -0.93358 -0 0.752998 0.930245
0.531193 -0.913545 -0 0.74938 0.93255
0.531193 -0.913545 -0 0.74938 0.93255
0.531193 -0.93358 -0 0.752998 0.930245
0.531193 -1.09625 -0 0.78038 0.911336
0.531193 -0.93358 -0 0.752998 0.930245
0.531193 -1.1203 -0 0.784136 0.908533
0.531193 -1.09625 -0 0.78038 0.911336
0.531193 -0.178201 -0 0.578825 0.996395
0.531193 -0.182709 -0 0.580056 0.996222
0.531193 -0.356403 -0 0.626236 0.986866
0.531193 -0.182709 -0 0.580056 0.996222
0.531193 -0.365418 -0 0.628554 0.986247
0.531193 -0.356403 -0 0.626236 0.986866
0.531193 -0.356403 -0 0.626236 0.986866
0.531193 -0.365418 -0 0.628554 0.986247
0.531193 -0.534604 -0 0.670239 0.972569
0.531193 -0.365418 -0 0.628554 0.986247
0.531193 -0.548127 -0 0.673411 0.971327
0.531193 -0.534604 -0 0.670239 0.972569
0.531193 -0.534604 -0 0.670239 0.972569
0.531193 -0.548127 -0 0.673411 0.971327
0.531193 -0.712805 -0 0.710004 0.954871
0.531193 -0.548127 -0 0.673411 0.971327
0.531193 -0.730836 -0 0.713776 0.952946
0.531193 -0.712805 -0 0.710004 0.954871
0.531193 -0.712805 -0 0.710004 0.954871
0.531193 -0.730836 -0 0.713776 0.952946
0.531193 -0.891007 -0 0.745243 0.935131
0.531193 -0.730836 -0 0.713776 0.952946
0.531193 -0.913545 -0 0.74938 0.93255
0.531193 -0.891007 -0 0.745243 0.935131
0.531193 -0.891007 -0 0.745243 0.935131
0.531193 -0.913545 -0 0.74938 0.93255
0.544789 -1.06921 -0 0.775267 0.910547
0.531193 -0.913545 -0 0.74938 0.93255
0.531193 -1.09625 -0 0.78038 0.911336
0.544789 -1.06921 -0 0.775267 0.910547
0.531193 -0.173205 -0 0.577459 0.996582
0.531193 -0.178201 -0 0.578825 0.996395
0.531193 -0.34641 -0 0.623658 0.987539
0.531193 -0.178201 -0 0.578825 0.996395
0.531193 -0.356403 -0 0.626236 0.986866
0.531193 -0.34641 -0 0.623658 0.987539
0.531193 -0.34641 -0 0.623658 0.987539
0.531193 -0.356403 -0 0.626236 0.986866
0.531193 -0.519615 -0 0.666693 0.973922
0.531193 -0.356403 -0 0.626236 0.986866
0.531193 -0.534604 -0 0.670239 0.972569
0.531193 -0.519615 -0 0.666693 0.973922
0.531193 -0.519615 -0 0.666693 0.973922
0.531193 -0.534604 -0 0.670239 0.972569
0.531193 -0.69282 -0 0.705769 0.956981
0.531193 -0.534604 -0 0.670239 0.972569
0.531193 -0.712805 -0 0.710004 0.954871
0.531193 -0.69282 -0 0.705769 0.956981
0.531193 -0.69282 -0 0.705769 0.956981
0.531193 -0.712805 -0 0.710004 0.954871
0.531193 -0.866025 -0 0.740575 0.937976
0.531193 -0.712805 -0 0.710004 0.954871
0.531193 -0.891007 -0 0.745243 0.935131
0.531193 -0.866025 -0 0.740575 0.937976
0.531193 -0.866025 -0 0.740575 0.937976
0.531193 -0.891007 -0 0.745243 0.935131
0.6 -1.03923 -0 0.767136 0.897943
0.531193 -0.891007 -0 0.745243 0.935131
0.544789 -1.06921 -0 0.775267 0.910547
0.6 -1.03923 -0 0.767136 0.897943
0.6 -1.03923 -0 0.767136 0.897943
0.544789 -1.06921 -0 0.775267 0.910547
0.7 -1.21244 -0 0.787088 0.852346
0.544789 -1.06921 -0 0.775267 0.910547
0.635587 -1.24741 -0 0.796159 0.865799
0.7 -1.21244 -0 0.787088 0.852346
0.7 -1.21244 -0 0.787088 0.852346
0.635587 -1.24741 -0 0.796159 0.865799
0.8 -1.38564 -0 0.802992 0.81125
0.635587 -1.24741 -0 0.796159 0.865799
0.726385 -1.42561 -0 0.812883 0.825323
0.8 -1.38564 -0 0.802992 0.81125
0.8 -1.38564 -0 0.802992 0.81125
0.726385 -1.42561 -0 0.812883 0.825323
0.9 -1.55885 -0 0.815693 0.774538
0.726385 -1.42561 -0 0.812883 0.825323
0.817183 -1.60381 -0 0.826292 0.789057
0.9 -1.55885 -0 0.815693 0.774538
0.9 -1.55885 -0 0.815693 0.774538
0.817183 -1.60381 -0 0.826292 0.789057
1 -1.73205 -0 0.825882 0.741884
0.817183 -1.60381 -0 0.826292 0.789057
0.907981 -1.78201 -0 0.837097 0.756714
1 -1.73205 -0 0.825882 0.741884
1 -1.73205 -0 0.825882 0.741884
0.907981 -1.78201 -0 0.837097 0.756714
1.1 -1.90526 -0 0.834112 0.712875
0.907981 -1.78201 -0 0.837097 0.756714
0.998779 -1.96021 -0 0.84586 0.727913
1.1 -1.90526 -0 0.834112 0.712875
1.1 -1.90526 -0 0.834112 0.712875
0.998779 -1.96021 -0 0.84586 0.727913
1.30208 -2.25527 0.04 0.848987 0.656791
0.998779 -1.96021 -0 0.84586 0.727913
1.18227 -2.32033 0.04 0.86175 0.672085
1.30208 -2.25527 0.04 0.848987 0.656791
1.30208 -2.25527 0.04 0.848987 0.656791
1.18227 -2.32033 0.04 0.86175 0.672085
1.40208 -2.42848 0.16 0.860334 0.615813
1.18227 -2.32033 0.04 0.86175 0.672085
1.27306 -2.49853 0.16 0.873846 0.631216
1.40208 -2.42848 0.16 0.860334 0.615813
1.40208 -2.42848 0.16 0.860334 0.615813
1.27306 -2.49853 0.16 0.873846 0.631216
1.50208 -2.60168 0.36 0.873781 0.563072
1.27306 -2.49853 0.16 0.873846 0.631216
1.36386 -2.67673 0.36 0.888222 0.578471
1.50208 -2.60168 0.36 0.873781 0.563072
1.50208 -2.60168 0.36 0.873781 0.563072
1.36386 -2.67673 0.36 0.888222 0.578471
1.60208 -2.77489 0.64 0.887872 0.498046
0.531193 -0.167734 -0 0.575961 0.996781
0.531193 -0.173205 -0 0.577459 0.996582
0.531193 -0.335468 -0 0.620821 0.988257
0.531193 -0.173205 -0 0.577459 0.996582
0.531193 -0.34641 -0 0.623658 0.987539
0.531193 -0.335468 -0 0.620821 0.988257
0.531193 -0.335468 -0 0.620821 0.988257
0.531193 -0.34641 -0 0.623658 0.987539
0.531193 -0.503202 -0 0.662776 0.975375
0.531193 -0.34641 -0 0.623658 0.987539
0.531193 -0.519615 -0 0.666693 0.973922
0.531193 -0.503202 -0 0.662776 0.975375
0.531193 -0.503202 -0 0.662776 0.975375
0.531193 -0.519615 -0 0.666693 0.973922
0.531193 -0.670936 -0 0.701065 0.959261
0.531193 -0.519615 -0 0.666693 0.973922
0.531193 -0.69282 -0 0.705769 0.956981
0.531193 -0.670936 -0 0.701065 0.959261
0.531193 -0.670936 -0 0.701065 0.959261
0.531193 -0.69282 -0 0.705769 0.956981
0.544639 -0.838671 -0 0.734676 0.936837
0.531193 -0.69282 -0 0.705769 0.956981
0.531193 -0.866025 -0 0.740575 0.937976
0.544639 -0.838671 -0 0.734676 0.936837
0.544639 -0.838671 -0 0.734676 0.936837
0.531193 -0.866025 -0 0.740575 0.937976
0.653567 -1.0064 -0 0.758539 0.885979
0.531193 -0.866025 -0 0.740575 0.937976
0.6 -1.03923 -0 0.767136 0.897943
0.653567 -1.0064 -0 0.758539 0.885979
0.653567 -1.0064 -0 0.758539 0.885979
0.6 -1.03923 -0 0.767136 0.897943
0.762495 -1.17414 -0 0.777544 0.839598
0.6 -1.03923 -0 0.767136 0.897943
0.7 -1.21244 -0 0.787088 0.852346
0.762495 -1.17414 -0 0.777544 0.839598
0.762495 -1.17414 -0 0.777544 0.839598
0.7 -1.21244 -0 0.787088 0.852346
0.871422 -1.34187 -0 0.792634 0.797927
0.7 -1.21244 -0 0.787088 0.852346
0.8 -1.38564 -0 0.802992 0.81125
0.871422 -1.34187 -0 0.792634 0.797927
0.871422 -1.34187 -0 0.792634 0.797927
0.8 -1.38564 -0 0.802992 0.81125
0.98035 -1.50961 -0 0.804634 0.760808
0.8 -1.38564 -0 0.802992 0.81125
0.9 -1.55885 -0 0.815693 0.774538
0.98035 -1.50961 -0 0.804634 0.760808
0.98035 -1.50961 -0 0.804634 0.760808
0.9 -1.55885 -0 0.815693 0.774538
1.08928 -1.67734 -0 0.814221 0.727873
0.9 -1.55885 -0 0.815693 0.774538
1 -1.73205 -0 0.825882 0.741884
1.08928 -1.67734 -0 0.814221 0.727873
1.08928 -1.67734 -0 0.814221 0.727873
1 -1.73205 -0 0.825882 0.741884
1.19821 -1.84508 -0 0.821931 0.698677
1 -1.73205 -0 0.825882 0.741884
1.1 -1.90526 -0 0.834112 0.712875
1.19821 -1.84508 -0 0.821931 0.698677
1.19821 -1.84508 -0 0.821931 0.698677
1.1 -1.90526 -0 0.834112 0.712875
1.41833 -2.18404 0.04 0.835824 0.642372
1.1 -1.90526 -0 0.834112 0.712875
1.30208 -2.25527 0.04 0.848987 0.656791
1.41833 -2.18404 0.04 0.835824 0.642372
1.41833 -2.18404 0.04 0.835824 0.642372
1.30208 -2.25527 0.04 0.848987 0.656791
1.52726 -2.35177 0.16 0.84645 0.601305
1.30208 -2.25527 0.04 0.848987 0.656791
1.40208 -2.42848 0.16 0.860334 0.615813
1.52726 -2.35177 0.16 0.84645 0.601305
1.52726 -2.35177 0.16 0.84645 0.601305
1.40208 -2.42848 0.16 0.860334 0.615813
1.63618 -2.5195 0.36 0.859006 0.548579
1.40208 -2.42848 0.16 0.860334 0.615813
1.50208 -2.60168 0.36 0.873781 0.563072
1.63618 -2.5195 0.36 0.859006 0.548579
1.63618 -2.5195 0.36 0.859006 0.548579
1.50208 -2.60168 0.36 0.873781 0.563072
1.74511 -2.68724 0.64 0.872081 0.483791
1.50208 -2.60168 0.36 0.873781 0.563072
1.60208 -2.77489 0.64 0.887872 0.498046
1.74511 -2.68724 0.64 0.872081 0.483791
1.74511 -2.68724 0.64 0.872081 0.483791
1.60208 -2.77489 0.64 0.887872 0.498046
1.85404 -2.85497 1 0.883925 0.407287
1.60208 -2.77489 0.64 0.887872 0.498046
1.70208 -2.94809 1 0.900791 0.420947
1.85404 -2.85497 1 0.883925 0.407287
1.85404 -2.85497 1 0.883925 0.407287
1.70208 -2.94809 1 0.900791 0.420947
1.96297 -3.02271 1.44 0.892594 0.320799
1.70208 -2.94809 1 0.900791 0.420947
1.80208 -3.1213 1.44 0.910489 0.333382
1.96297 -3.02271 1.44 0.892594 0.320799
1.96297 -3.02271 1.44 0.892594 0.320799
1.80208 -3.1213 1.44 0.910489 0.333382
2.0719 -3.19044 1.96 0.896351 0.227703
0.531193 -0.161803 -0 0.574335 0.996991
0.531193 -0.167734 -0 0.575961 0.996781
0.531193 -0.323607 -0 0.617733 0.989016
0.531193 -0.167734 -0 0.575961 0.996781
0.531193 -0.335468 -0 0.620821 0.988257
0.531193 -0.323607 -0 0.617733 0.989016
0.531193 -0.323607 -0 0.617733 0.989016
0.531193 -0.335468 -0 0.620821 0.988257
0.531193 -0.48541 -0 0.658491 0.976915
0.531193 -0.335468 -0 0.620821 0.988257
0.531193 -0.503202 -0 0.662776 0.975375
0.531193 -0.48541 -0 0.658491 0.976915
0.531193 -0.48541 -0 0.658491 0.976915
0.531193 -0.503202 -0 0.662776 0.975375
0.531193 -0.647214 -0 0.695889 0.961692
0.531193 -0.503202 -0 0.662776 0.975375
0.531193 -0.670936 -0 0.701065 0.959261
0.531193 -0.647214 -0 0.695889 0.961692
0.531193 -0.647214 -0 0.695889 0.961692
0.531193 -0.670936 -0 0.701065 0.959261
0.587785 -0.809017 -0 0.726741 0.92649
0.531193 -0.670936 -0 0.701065 0.959261
0.544639 -0.838671 -0 0.734676 0.936837
0.587785 -0.809017 -0 0.726741 0.92649
0.587785 -0.809017 -0 0.726741 0.92649
0.544639 -0.838671 -0 0.734676 0.936837
0.705342 -0.97082 -0 0.749492 0.874655
0.544639 -0.838671 -0 0.734676 0.936837
0.653567 -1.0064 -0 0.758539 0.885979
0.705342 -0.97082 -0 0.749492 0.874655
0.705342 -0.97082 -0 0.749492 0.874655
0.653567 -1.0064 -0 0.758539 0.885979
0.822899 -1.13262 -0 0.767546 0.827544
0.653567 -1.0064 -0 0.758539 0.885979
0.762495 -1.17414 -0 0.777544 0.839598
0.822899 -1.13262 -0 0.767546 0.827544
0.822899 -1.13262 -0 0.767546 0.827544
0.762495 -1.17414 -0 0.777544 0.839598
0.940456 -1.29443 -0 0.781824 0.785345
0.762495 -1.17414 -0 0.777544 0.839598
0.871422 -1.34187 -0 0.792634 0.797927
0.940456 -1.29443 -0 0.781824 0.785345
0.940456 -1.29443 -0 0.781824 0.785345
0.871422 -1.34187 -0 0.792634 0.797927
1.05801 -1.45623 -0 0.793131 0.747852
0.871422 -1.34187 -0 0.792634 0.797927
0.98035 -1.50961 -0 0.804634 0.760808
1.05801 -1.45623 -0 0.793131 0.747852
1.05801 -1.45623 -0 0.793131 0.747852
0.98035 -1.50961 -0 0.804634 0.760808
1.17557 -1.61803 -0 0.802127 0.714662
0.98035 -1.50961 -0 0.804634 0.760808
1.08928 -1.67734 -0 0.814221 0.727873
1.17557 -1.61803 -0 0.802127 0.714662
1.17557 -1.61803 -0 0.802127 0.714662
1.08928 -1.67734 -0 0.814221 0.727873
1.29313 -1.77984 -0 0.809331 0.6853
1.08928 -1.67734 -0 0.814221 0.727873
1.19821 -1.84508 -0 0.821931 0.698677
1.29313 -1.77984 -0 0.809331 0.6853
1.29313 -1.77984 -0 0.809331 0.6853
1.19821 -1.84508 -0 0.821931 0.698677
1.53069 -2.10681 0.04 0.822272 0.628805
1.19821 -1.84508 -0 0.821931 0.698677
1.41833 -2.18404 0.04 0.835824 0.642372
1.53069 -2.10681 0.04 0.822272 0.628805
1.53069 -2.10681 0.04 0.822272 0.628805
1.41833 -2.18404 0.04 0.835824 0.642372
1.64825 -2.26862 0.16 0.8322 0.587663
1.41833 -2.18404 0.04 0.835824 0.642372
1.52726 -2.35177 0.16 0.84645 0.601305
1.64825 -2.26862 0.16 0.8322 0.587663
1.64825 -2.26862 0.16 0.8322 0.587663
1.52726 -2.35177 0.16 0.84645 0.601305
1.7658 -2.43042 0.36 0.843901 0.534963
1.52726 -2.35177 0.16 0.84645 0.601305
1.63618 -2.5195 0.36 0.859006 0.548579
1.7658 -2.43042 0.36 0.843901 0.534963
1.7658 -2.43042 0.36 0.843901 0.534963
1.63618 -2.5195 0.36 0.859006 0.548579
1.88336 -2.59222 0.64 0.856009 0.470406
1.63618 -2.5195 0.36 0.859006 0.548579
1.74511 -2.68724 0.64 0.872081 0.483791
1.88336 -2.59222 0.64 0.856009 0.470406
1.88336 -2.59222 0.64 0.856009 0.470406
1.74511 -2.68724 0.64 0.872081 0.483791
2.00092 -2.75403 1 0.866843 0.394464
1.74511 -2.68724 0.64 0.872081 0.483791
1.85404 -2.85497 1 0.883925 0.407287
2.00092 -2.75403 1 0.866843 0.394464
2.00092 -2.75403 1 0.866843 0.394464
1.85404 -2.85497 1 0.883925 0.407287
2.11847 -2.91583 1.44 0.874559 0.308984
1.85404 -2.85497 1 0.883925 0.407287
1.96297 -3.02271 1.44 0.892594 0.320799
2.11847 -2.91583 1.44 0.874559 0.308984
2.11847 -2.91583 1.44 0.874559 0.308984
1.96297 -3.02271 1.44 0.892594 0.320799
2.23603 -3.07763 1.96 0.877545 0.217399
1.96297 -3.02271 1.44 0.892594 0.320799
2.0719 -3.19044 1.96 0.896351 0.227703
2.23603 -3.07763 1.96 0.877545 0.217399
2.23603 -3.07763 1.96 0.877545 0.217399
2.0719 -3.19044 1.96 0.896351 0.227703
2.35359 -3.23944 2.56 0.874904 0.124243
0.531193 -0.155429 -0 0.572586 0.997209
0.531193 -0.161803 -0 0.574335 0.996991
0.531193 -0.310858 -0 0.614397 0.989806
0.531193 -0.161803 -0 0.574335 0.996991
0.531193 -0.323607 -0 0.617733 0.989016
0.531193 -0.310858 -0 0.614397 0.989806
0.531193 -0.310858 -0 0.614397 0.989806
0.531193 -0.323607 -0 0.617733 0.989016
0.531193 -0.466288 -0 0.653838 0.978529
0.531193 -0.323607 -0 0.617733 0.989016
0.531193 -0.48541 -0 0.658491 0.976915
0.531193 -0.466288 -0 0.653838 0.978529
0.531193 -0.466288 -0 0.653838 0.978529
0.531193 -0.48541 -0 0.658491 0.976915
0.531193 -0.621717 -0 0.690236 0.964255
0.531193 -0.48541 -0 0.658491 0.976915
0.531193 -0.647214 -0 0.695889 0.961692
0.531193 -0.621717 -0 0.690236 0.964255
0.531193 -0.621717 -0 0.690236 0.964255
0.531193 -0.647214 -0 0.695889 0.961692
0.62932 -0.777146 -0 0.718392 0.91671
0.531193 -0.647214 -0 0.695889 0.961692
0.587785 -0.809017 -0 0.726741 0.92649
0.62932 -0.777146 -0 0.718392 0.91671
0.62932 -0.777146 -0 0.718392 0.91671
0.587785 -0.809017 -0 0.726741 0.92649
0.755184 -0.932575 -0 0.740013 0.863965
0.587785 -0.809017 -0 0.726741 0.92649
0.705342 -0.97082 -0 0.749492 0.874655
0.755184 -0.932575 -0 0.740013 0.863965
0.755184 -0.932575 -0 0.740013 0.863965
0.705342 -0.97082 -0 0.749492 0.874655
0.881049 -1.088 -0 0.757108 0.816179
0.705342 -0.97082 -0 0.749492 0.874655
0.822899 -1.13262 -0 0.767546 0.827544
0.881049 -1.088 -0 0.757108 0.816179
0.881049 -1.088 -0 0.757108 0.816179
0.822899 -1.13262 -0 0.767546 0.827544
1.00691 -1.24343 -0 0.770575 0.773494
0.822899 -1.13262 -0 0.767546 0.827544
0.940456 -1.29443 -0 0.781824 0.785345
1.00691 -1.24343 -0 0.770575 0.773494
1.00691 -1.24343 -0 0.770575 0.773494
0.940456 -1.29443 -0 0.781824 0.785345
1.13278 -1.39886 -0 0.781196 0.735659
0.940456 -1.29443 -0 0.781824 0.785345
1.05801 -1.45623 -0 0.793131 0.747852
1.13278 -1.39886 -0 0.781196 0.735659
1.13278 -1.39886 -0 0.781196 0.735659
1.05801 -1.45623 -0 0.793131 0.747852
1.25864 -1.55429 -0 0.789611 0.702238
1.05801 -1.45623 -0 0.793131 0.747852
1.17557 -1.61803 -0 0.802127 0.714662
1.25864 -1.55429 -0 0.789611 0.702238
1.25864 -1.55429 -0 0.789611 0.702238
1.17557 -1.61803 -0 0.802127 0.714662
1.3845 -1.70972 -0 0.796321 0.672728
1.17557 -1.61803 -0 0.802127 0.714662
1.29313 -1.77984 -0 0.809331 0.6853
1.3845 -1.70972 -0 0.796321 0.672728
1.3845 -1.70972 -0 0.796321 0.672728
1.29313 -1.77984 -0 0.809331 0.6853
1.63885 -2.02381 0.04 0.808339 0.616068
1.29313 -1.77984 -0 0.809331 0.6853
1.53069 -2.10681 0.04 0.822272 0.628805
1.63885 -2.02381 0.04 0.808339 0.616068
1.63885 -2.02381 0.04 0.808339 0.616068
1.53069 -2.10681 0.04 0.822272 0.628805
1.76472 -2.17924 0.16 0.81759 0.574866
1.53069 -2.10681 0.04 0.822272 0.628805
1.64825 -2.26862 0.16 0.8322 0.587663
1.76472 -2.17924 0.16 0.81759 0.574866
1.76472 -2.17924 0.16 0.81759 0.574866
1.64825 -2.26862 0.16 0.8322 0.587663
1.89058 -2.33467 0.36 0.828468 0.522198
1.64825 -2.26862 0.16 0.8322 0.587663
1.7658 -2.43042 0.36 0.843901 0.534963
1.89058 -2.33467 0.36 0.828468 0.522198
1.89058 -2.33467 0.36 0.828468 0.522198
1.7658 -2.43042 0.36 0.843901 0.534963
2.01645 -2.4901 0.64 0.839653 0.457865
1.7658 -2.43042 0.36 0.843901 0.534963
1.88336 -2.59222 0.64 0.856009 0.470406
2.01645 -2.4901 0.64 0.839653 0.457865
2.01645 -2.4901 0.64 0.839653 0.457865
1.88336 -2.59222 0.64 0.856009 0.470406
2.14231 -2.64553 1 0.849535 0.382451
1.88336 -2.59222 0.64 0.856009 0.470406
2.00092 -2.75403 1 0.866843 0.394464
2.14231 -2.64553 1 0.849535 0.382451
2.14231 -2.64553 1 0.849535 0.382451
2.00092 -2.75403 1 0.866843 0.394464
2.26817 -2.80096 1.44 0.856369 0.297911
2.00092 -2.75403 1 0.866843 0.394464
2.11847 -2.91583 1.44 0.874559 0.308984
2.26817 -2.80096 1.44 0.856369 0.297911
2.26817 -2.80096 1.44 0.856369 0.297911
2.11847 -2.91583 1.44 0.874559 0.308984
2.39404 -2.95639 1.96 0.858657 0.20773
2.11847 -2.91583 1.44 0.874559 0.308984
2.23603 -3.07763 1.96 0.877545 0.217399
2.39404 -2.95639 1.96 0.858657 0.20773
2.39404 -2.95639 1.96 0.858657 0.20773
2.23603 -3.07763 1.96 0.877545 0.217399
2.5199 -3.11182 2.56 0.855612 0.116399
2.23603 -3.07763 1.96 0.877545 0.217399
2.35359 -3.23944 2.56 0.874904 0.124243
2.5199 -3.11182 2.56 0.855612 0.116399
0.531193 -0.148629 -0 0.570716 0.997432
0.531193 -0.155429 -0 0.572586 0.997209
0.531193 -0.297258 -0 0.610821 0.990619
0.531193 -0.155429 -0 0.572586 0.997209
0.531193 -0.310858 -0 0.614397 0.989806
0.531193 -0.297258 -0 0.610821 0.990619
0.531193 -0.297258 -0 0.610821 0.990619
0.531193 -0.310858 -0 0.614397 0.989806
0.531193 -0.445887 -0 0.648824 0.9802
0.531193 -0.310858 -0 0.614397 0.989806
0.531193 -0.466288 -0 0.653838 0.978529
0.531193 -0.445887 -0 0.648824 0.9802
0.531193 -0.445887 -0 0.648824 0.9802
0.531193 -0.466288 -0 0.653838 0.978529
0.535304 -0.594516 -0 0.683947 0.965532
0.531193 -0.466288 -0 0.653838 0.978529
0.531193 -0.621717 -0 0.690236 0.964255
0.535304 -0.594516 -0 0.683947 0.965532
0.535304 -0.594516 -0 0.683947 0.965532
0.531193 -0.621717 -0 0.690236 0.964255
0.669131 -0.743145 -0 0.709644 0.907498
0.531193 -0.621717 -0 0.690236 0.964255
0.62932 -0.777146 -0 0.718392 0.91671
0.669131 -0.743145 -0 0.709644 0.907498
0.669131 -0.743145 -0 0.709644 0.907498
0.62932 -0.777146 -0 0.718392 0.91671
0.802957 -0.891774 -0 0.730116 0.853909
0.62932 -0.777146 -0 0.718392 0.91671
0.755184 -0.932575 -0 0.740013 0.863965
0.802957 -0.891774 -0 0.730116 0.853909
0.802957 -0.891774 -0 0.730116 0.853909
0.755184 -0.932575 -0 0.740013 0.863965
0.936783 -1.0404 -0 0.746246 0.805498
0.755184 -0.932575 -0 0.740013 0.863965
0.881049 -1.088 -0 0.757108 0.816179
0.936783 -1.0404 -0 0.746246 0.805498
0.936783 -1.0404 -0 0.746246 0.805498
0.881049 -1.088 -0 0.757108 0.816179
1.07061 -1.18903 -0 0.758903 0.762363
0.881049 -1.088 -0 0.757108 0.816179
1.00691 -1.24343 -0 0.770575 0.773494
1.07061 -1.18903 -0 0.758903 0.762363
1.07061 -1.18903 -0 0.758903 0.762363
1.00691 -1.24343 -0 0.770575 0.773494
1.20444 -1.33766 -0 0.768845 0.724216
1.00691 -1.24343 -0 0.770575 0.773494
1.13278 -1.39886 -0 0.781196 0.735659
1.20444 -1.33766 -0 0.768845 0.724216
1.20444 -1.33766 -0 0.768845 0.724216
1.13278 -1.39886 -0 0.781196 0.735659
1.33826 -1.48629 -0 0.776687 0.690586
1.13278 -1.39886 -0 0.781196 0.735659
1.25864 -1.55429 -0 0.789611 0.702238
1.33826 -1.48629 -0 0.776687 0.690586
1.33826 -1.48629 -0 0.776687 0.690586
1.25864 -1.55429 -0 0.789611 0.702238
1.47209 -1.63492 -0 0.782913 0.660944
1.25864 -1.55429 -0 0.789611 0.702238
1.3845 -1.70972 -0 0.796321 0.672728
1.47209 -1.63492 -0 0.782913 0.660944
1.47209 -1.63492 -0 0.782913 0.660944
1.3845 -1.70972 -0 0.796321 0.672728
1.74253 -1.93527 0.04 0.794033 0.604144
1.3845 -1.70972 -0 0.796321 0.672728
1.63885 -2.02381 0.04 0.808339 0.616068
1.74253 -1.93527 0.04 0.794033 0.604144
1.74253 -1.93527 0.04 0.794033 0.604144
1.63885 -2.02381 0.04 0.808339 0.616068
1.87635 -2.0839 0.16 0.802628 0.562893
1.63885 -2.02381 0.04 0.808339 0.616068
1.76472 -2.17924 0.16 0.81759 0.574866
1.87635 -2.0839 0.16 0.802628 0.562893
1.87635 -2.0839 0.16 0.802628 0.562893
1.76472 -2.17924 0.16 0.81759 0.574866
2.01018 -2.23253 0.36 0.81271 0.510263
1.76472 -2.17924 0.16 0.81759 0.574866
1.89058 -2.33467 0.36 0.828468 0.522198
2.01018 -2.23253 0.36 0.81271 0.510263
2.01018 -2.23253 0.36 0.81271 0.510263
1.89058 -2.33467 0.36 0.828468 0.522198
2.144 -2.38116 0.64 0.823012 0.446144
1.89058 -2.33467 0.36 0.828468 0.522198
2.01645 -2.4901 0.64 0.839653 0.457865
2.144 -2.38116 0.64 0.823012 0.446144
2.144 -2.38116 0.64 0.823012 0.446144
2.01645 -2.4901 0.64 0.839653 0.457865
2.27783 -2.52979 1 0.831996 0.371226
2.01645 -2.4901 0.64 0.839653 0.457865
2.14231 -2.64553 1 0.849535 0.382451
2.27783 -2.52979 1 0.831996 0.371226
2.27783 -2.52979 1 0.831996 0.371226
2.14231 -2.64553 1 0.849535 0.382451
2.41166 -2.67842 1.44 0.838011 0.28756
2.14231 -2.64553 1 0.849535 0.382451
2.26817 -2.80096 1.44 0.856369 0.297911
2.41166 -2.67842 1.44 0.838011 0.28756
2.41166 -2.67842 1.44 0.838011 0.28756
2.26817 -2.80096 1.44 0.856369 0.297911
2.54548 -2.82704 1.96 0.839671 0.198682
2.26817 -2.80096 1.44 0.856369 0.297911
2.39404 -2.95639 1.96 0.858657 0.20773
2.54548 -2.82704 1.96 0.839671 0.198682
2.54548 -2.82704 1.96 0.839671 0.198682
2.39404 -2.95639 1.96 0.858657 0.20773
2.67931 -2.97567 2.56 0.836284 0.10904
2.39404 -2.95639 1.96 0.858657 0.20773
2.5199 -3.11182 2.56 0.855612 0.116399
2.67931 -2.97567 2.56 0.836284 0.10904
0.531193 -0.141421 -0 0.568733 0.997661
0.531193 -0.148629 -0 0.570716 0.997432
0.531193 -0.282843 -0 0.607011 0.991449
0.531193 -0.148629 -0 0.570716 0.997432
0.531193 -0.297258 -0 0.610821 0.990619
0.531193 -0.282843 -0 0.607011 0.991449
0.531193 -0.282843 -0 0.607011 0.991449
0.531193 -0.297258 -0 0.610821 0.990619
0.531193 -0.424264 -0 0.643453 0.981912
0.531193 -0.297258 -0 0.610821 0.990619
0.531193 -0.445887 -0 0.648824 0.9802
0.531193 -0.424264 -0 0.643453 0.981912
0.531193 -0.424264 -0 0.643453 0.981912
0.531193 -0.445887 -0 0.648824 0.9802
0.565685 -0.565685 -0 0.676206 0.957918
0.531193 -0.445887 -0 0.648824 0.9802
0.535304 -0.594516 -0 0.683947 0.965532
0.565685 -0.565685 -0 0.676206 0.957918
0.565685 -0.565685 -0 0.676206 0.957918
0.535304 -0.594516 -0 0.683947 0.965532
0.707107 -0.707107 -0 0.700514 0.898854
0.535304 -0.594516 -0 0.683947 0.965532
0.669131 -0.743145 -0 0.709644 0.907498
0.707107 -0.707107 -0 0.700514 0.898854
0.707107 -0.707107 -0 0.700514 0.898854
0.669131 -0.743145 -0 0.709644 0.907498
0.848528 -0.848528 -0 0.71982 0.844483
0.669131 -0.743145 -0 0.709644 0.907498
0.802957 -0.891774 -0 0.730116 0.853909
0.848528 -0.848528 -0 0.71982 0.844483
0.848528 -0.848528 -0 0.71982 0.844483
0.802957 -0.891774 -0 0.730116 0.853909
0.98995 -0.98995 -0 0.734976 0.795496
0.802957 -0.891774 -0 0.730116 0.853909
0.936783 -1.0404 -0 0.746246 0.805498
0.98995 -0.98995 -0 0.734976 0.795496
0.98995 -0.98995 -0 0.734976 0.795496
0.936783 -1.0404 -0 0.746246 0.805498
1.13137 -1.13137 -0 0.746823 0.751947
0.936783 -1.0404 -0 0.746246 0.805498
1.07061 -1.18903 -0 0.758903 0.762363
1.13137 -1.13137 -0 0.746823 0.751947
1.13137 -1.13137 -0 0.746823 0.751947
1.07061 -1.18903 -0 0.758903 0.762363
1.27279 -1.27279 -0 0.756089 0.713514
1.07061 -1.18903 -0 0.758903 0.762363
1.20444 -1.33766 -0 0.768845 0.724216
1.27279 -1.27279 -0 0.756089 0.713514
1.27279 -1.27279 -0 0.756089 0.713514
1.20444 -1.33766 -0 0.768845 0.724216
1.41421 -1.41421 -0 0.763368 0.679695
1.20444 -1.33766 -0 0.768845 0.724216
1.33826 -1.48629 -0 0.776687 0.690586
1.41421 -1.41421 -0 0.763368 0.679695
1.41421 -1.41421 -0 0.763368 0.679695
1.33826 -1.48629 -0 0.776687 0.690586
1.55563 -1.55563 -0 0.76912 0.649936
1.33826 -1.48629 -0 0.776687 0.690586
1.47209 -1.63492 -0 0.782913 0.660944
1.55563 -1.55563 -0 0.76912 0.649936
1.55563 -1.55563 -0 0.76912 0.649936
1.47209 -1.63492 -0 0.782913 0.660944
1.84142 -1.84142 0.04 0.779365 0.593017
1.47209 -1.63492 -0 0.782913 0.660944
1.74253 -1.93527 0.04 0.794033 0.604144
1.84142 -1.84142 0.04 0.779365 0.593017
1.84142 -1.84142 0.04 0.779365 0.593017
1.74253 -1.93527 0.04 0.794033 0.604144
1.98284 -1.98284 0.16 0.78732 0.551728
1.74253 -1.93527 0.04 0.794033 0.604144
1.87635 -2.0839 0.16 0.802628 0.562893
1.98284 -1.98284 0.16 0.78732 0.551728
1.98284 -1.98284 0.16 0.78732 0.551728
1.87635 -2.0839 0.16 0.802628 0.562893
2.12426 -2.12426 0.36 0.796631 0.49914
1.87635 -2.0839 0.16 0.802628 0.562893
2.01018 -2.23253 0.36 0.81271 0.510263
2.12426 -2.12426 0.36 0.796631 0.49914
2.12426 -2.12426 0.36 0.796631 0.49914
2.01018 -2.23253 0.36 0.81271 0.510263
2.26569 -2.26569 0.64 0.806086 0.435226
2.01018 -2.23253 0.36 0.81271 0.510263
2.144 -2.38116 0.64 0.823012 0.446144
2.26569 -2.26569 0.64 0.806086 0.435226
2.26569 -2.26569 0.64 0.806086 0.435226
2.144 -2.38116 0.64 0.823012 0.446144
2.40711 -2.40711 1 0.814219 0.360772
2.144 -2.38116 0.64 0.823012 0.446144
2.27783 -2.52979 1 0.831996 0.371226
2.40711 -2.40711 1 0.814219 0.360772
2.40711 -2.40711 1 0.814219 0.360772
2.27783 -2.52979 1 0.831996 0.371226
2.54853 -2.54853 1.44 0.819475 0.277917
2.27783 -2.52979 1 0.831996 0.371226
2.41166 -2.67842 1.44 0.838011 0.28756
2.54853 -2.54853 1.44 0.819475 0.277917
2.54853 -2.54853 1.44 0.819475 0.277917
2.41166 -2.67842 1.44 0.838011 0.28756
2.68995 -2.68995 1.96 0.820569 0.190244
2.41166 -2.67842 1.44 0.838011 0.28756
2.54548 -2.82704 1.96 0.839671 0.198682
2.68995 -2.68995 1.96 0.820569 0.190244
2.68995 -2.68995 1.96 0.820569 0.190244
2.54548 -2.82704 1.96 0.839671 0.198682
2.83137 -2.83137 2.56 0.816899 0.102165
2.54548 -2.82704 1.96 0.839671 0.198682
2.67931 -2.97567 2.56 0.836284 0.10904
2.83137 -2.83137 2.56 0.816899 0.102165
0.531193 -0.133826 -0 0.566639 0.99789
0.531193 -0.141421 -0 0.568733 0.997661
0.531193 -0.267652 -0 0.602975 0.992286
0.531193 -0.141421 -0 0.568733 0.997661
0.531193 -0.282843 -0 0.607011 0.991449
0.531193 -0.267652 -0 0.602975 0.992286
0.531193 -0.267652 -0 0.602975 0.992286
0.531193 -0.282843 -0 0.607011 0.991449
0.531193 -0.401478 -0 0.637732 0.983649
0.531193 -0.282843 -0 0.607011 0.991449
0.531193 -0.424264 -0 0.643453 0.981912
0.531193 -0.401478 -0 0.637732 0.983649
0.531193 -0.401478 -0 0.637732 0.983649
0.531193 -0.424264 -0 0.643453 0.981912
0.594516 -0.535304 -0 0.668134 0.950796
0.531193 -0.424264 -0 0.643453 0.981912
0.565685 -0.565685 -0 0.676206 0.957918
0.594516 -0.535304 -0 0.668134 0.950796
0.594516 -0.535304 -0 0.668134 0.950796
0.565685 -0.565685 -0 0.676206 0.957918
0.743145 -0.669131 -0 0.69102 0.890778
0.565685 -0.565685 -0 0.676206 0.957918
0.707107 -0.707107 -0 0.700514 0.898854
0.743145 -0.669131 -0 0.69102 0.890778
0.743145 -0.669131 -0 0.69102 0.890778
0.707107 -0.707107 -0 0.700514 0.898854
0.891774 -0.802957 -0 0.70914 0.835684
0.707107 -0.707107 -0 0.700514 0.898854
0.848528 -0.848528 -0 0.71982 0.844483
0.891774 -0.802957 -0 0.70914 0.835684
0.891774 -0.802957 -0 0.70914 0.835684
0.848528 -0.848528 -0 0.71982 0.844483
1.0404 -0.936783 -0 0.723315 0.786165
0.848528 -0.848528 -0 0.71982 0.844483
0.98995 -0.98995 -0 0.734976 0.795496
1.0404 -0.936783 -0 0.723315 0.786165
1.0404 -0.936783 -0 0.723315 0.786165
0.98995 -0.98995 -0 0.734976 0.795496
1.18903 -1.07061 -0 0.73435 0.742237
0.98995 -0.98995 -0 0.734976 0.795496
1.13137 -1.13137 -0 0.746823 0.751947
1.18903 -1.07061 -0 0.73435 0.742237
1.18903 -1.07061 -0 0.73435 0.742237
1.13137 -1.13137 -0 0.746823 0.751947
1.33766 -1.20444 -0 0.742945 0.703544
1.13137 -1.13137 -0 0.746823 0.751947
1.27279 -1.27279 -0 0.756089 0.713514
1.33766 -1.20444 -0 0.742945 0.703544
1.33766 -1.20444 -0 0.742945 0.703544
1.27279 -1.27279 -0 0.756089 0.713514
1.48629 -1.33826 -0 0.749666 0.669555
1.27279 -1.27279 -0 0.756089 0.713514
1.41421 -1.41421 -0 0.763368 0.679695
1.48629 -1.33826 -0 0.749666 0.669555
1.48629 -1.33826 -0 0.749666 0.669555
1.41421 -1.41421 -0 0.763368 0.679695
1.63492 -1.47209 -0 0.754954 0.639693
1.41421 -1.41421 -0 0.763368 0.679695
1.55563 -1.55563 -0 0.76912 0.649936
1.63492 -1.47209 -0 0.754954 0.639693
1.63492 -1.47209 -0 0.754954 0.639693
1.55563 -1.55563 -0 0.76912 0.649936
1.93527 -1.74253 0.04 0.764346 0.582675
1.55563 -1.55563 -0 0.76912 0.649936
1.84142 -1.84142 0.04 0.779365 0.593017
1.93527 -1.74253 0.04 0.764346 0.582675
1.93527 -1.74253 0.04 0.764346 0.582675
1.84142 -1.84142 0.04 0.779365 0.593017
2.0839 -1.87635 0.16 0.771675 0.541357
1.84142 -1.84142 0.04 0.779365 0.593017
1.98284 -1.98284 0.16 0.78732 0.551728
2.0839 -1.87635 0.16 0.771675 0.541357
2.0839 -1.87635 0.16 0.771675 0.541357
1.98284 -1.98284 0.16 0.78732 0.551728
2.23253 -2.01018 0.36 0.780237 0.488815
1.98284 -1.98284 0.16 0.78732 0.551728
2.12426 -2.12426 0.36 0.796631 0.49914
2.23253 -2.01018 0.36 0.780237 0.488815
2.23253 -2.01018 0.36 0.780237 0.488815
2.12426 -2.12426 0.36 0.796631 0.49914
2.38116 -2.144 0.64 0.788875 0.425097
2.12426 -2.12426 0.36 0.796631 0.49914
2.26569 -2.26569 0.64 0.806086 0.435226
2.38116 -2.144 0.64 0.788875 0.425097
2.38116 -2.144 0.64 0.788875 0.425097
2.26569 -2.26569 0.64 0.806086 0.435226
2.52979 -2.27783 1 0.796202 0.351074
2.26569 -2.26569 0.64 0.806086 0.435226
2.40711 -2.40711 1 0.814219 0.360772
2.52979 -2.27783 1 0.796202 0.351074
2.52979 -2.27783 1 0.796202 0.351074
2.40711 -2.40711 1 0.814219 0.360772
2.67842 -2.41166 1.44 0.800751 0.268969
2.40711 -2.40711 1 0.814219 0.360772
2.54853 -2.54853 1.44 0.819475 0.277917
2.67842 -2.41166 1.44 0.800751 0.268969
2.67842 -2.41166 1.44 0.800751 0.268969
2.54853 -2.54853 1.44 0.819475 0.277917
2.82704 -2.54548 1.96 0.80134 0.182409
2.54853 -2.54853 1.44 0.819475 0.277917
2.68995 -2.68995 1.96 0.820569 0.190244
2.82704 -2.54548 1.96 0.80134 0.182409
2.82704 -2.54548 1.96 0.80134 0.182409
2.68995 -2.68995 1.96 0.820569 0.190244
2.97567 -2.67931 2.56 0.797444 0.0957732
2.68995 -2.68995 1.96 0.820569 0.190244
2.83137 -2.83137 2.56 0.816899 0.102165
2.97567 -2.67931 2.56 0.797444 0.0957732
0.531193 -0.125864 -0 0.564441 0.998119
0.531193 -0.133826 -0 0.566639 0.99789
0.531193 -0.251728 -0 0.598723 0.993121
0.531193 -0.133826 -0 0.566639 0.99789
0.531193 -0.267652 -0 0.602975 0.992286
0.531193 -0.251728 -0 0.598723 0.993121
0.531193 -0.251728 -0 0.598723 0.993121
0.531193 -0.267652 -0 0.602975 0.992286
0.531193 -0.377592 -0 0.631669 0.98539
0.531193 -0.267652 -0 0.602975 0.992286
0.531193 -0.401478 -0 0.637732 0.983649
0.531193 -0.377592 -0 0.631669 0.98539
0.531193 -0.377592 -0 0.631669 0.98539
0.531193 -0.401478 -0 0.637732 0.983649
0.621717 -0.503456 -0 0.659746 0.944168
0.531193 -0.401478 -0 0.637732 0.983649
0.594516 -0.535304 -0 0.668134 0.950796
0.621717 -0.503456 -0 0.659746 0.944168
0.621717 -0.503456 -0 0.659746 0.944168
0.594516 -0.535304 -0 0.668134 0.950796
0.777146 -0.62932 -0 0.681179 0.883271
0.594516 -0.535304 -0 0.668134 0.950796
0.743145 -0.669131 -0 0.69102 0.890778
0.777146 -0.62932 -0 0.681179 0.883271
0.777146 -0.62932 -0 0.681179 0.883271
0.743145 -0.669131 -0 0.69102 0.890778
0.932575 -0.755184 -0 0.698094 0.827512
0.743145 -0.669131 -0 0.69102 0.890778
0.891774 -0.802957 -0 0.70914 0.835684
0.932575 -0.755184 -0 0.698094 0.827512
0.932575 -0.755184 -0 0.698094 0.827512
0.891774 -0.802957 -0 0.70914 0.835684
1.088 -0.881049 -0 0.711278 0.777503
0.891774 -0.802957 -0 0.70914 0.835684
1.0404 -0.936783 -0 0.723315 0.786165
1.088 -0.881049 -0 0.711278 0.777503
1.088 -0.881049 -0 0.711278 0.777503
1.0404 -0.936783 -0 0.723315 0.786165
1.24343 -1.00691 -0 0.7215 0.733229
1.0404 -0.936783 -0 0.723315 0.786165
1.18903 -1.07061 -0 0.73435 0.742237
1.24343 -1.00691 -0 0.7215 0.733229
1.24343 -1.00691 -0 0.7215 0.733229
1.18903 -1.07061 -0 0.73435 0.742237
1.39886 -1.13278 -0 0.729427 0.694299
1.18903 -1.07061 -0 0.73435 0.742237
1.33766 -1.20444 -0 0.742945 0.703544
1.39886 -1.13278 -0 0.729427 0.694299
1.39886 -1.13278 -0 0.729427 0.694299
1.33766 -1.20444 -0 0.742945 0.703544
1.55429 -1.25864 -0 0.735598 0.660158
1.33766 -1.20444 -0 0.742945 0.703544
1.48629 -1.33826 -0 0.749666 0.669555
1.55429 -1.25864 -0 0.735598 0.660158
1.55429 -1.25864 -0 0.735598 0.660158
1.48629 -1.33826 -0 0.749666 0.669555
1.70972 -1.3845 -0 0.740428 0.630205
1.48629 -1.33826 -0 0.749666 0.669555
1.63492 -1.47209 -0 0.754954 0.639693
1.70972 -1.3845 -0 0.740428 0.630205
1.70972 -1.3845 -0 0.740428 0.630205
1.63492 -1.47209 -0 0.754954 0.639693
2.02381 -1.63885 0.04 0.748986 0.573107
1.63492 -1.47209 -0 0.754954 0.639693
1.93527 -1.74253 0.04 0.764346 0.582675
2.02381 -1.63885 0.04 0.748986 0.573107
2.02381 -1.63885 0.04 0.748986 0.573107
1.93527 -1.74253 0.04 0.764346 0.582675
2.17924 -1.76472 0.16 0.755702 0.53177
1.93527 -1.74253 0.04 0.764346 0.582675
2.0839 -1.87635 0.16 0.771675 0.541357
2.17924 -1.76472 0.16 0.755702 0.53177
2.17924 -1.76472 0.16 0.755702 0.53177
2.0839 -1.87635 0.16 0.771675 0.541357
2.33467 -1.89058 0.36 0.763534 0.479277
2.0839 -1.87635 0.16 0.771675 0.541357
2.23253 -2.01018 0.36 0.780237 0.488815
2.33467 -1.89058 0.36 0.763534 0.479277
2.33467 -1.89058 0.36 0.763534 0.479277
2.23253 -2.01018 0.36 0.780237 0.488815
2.4901 -2.01645 0.64 0.771384 0.415745
2.23253 -2.01018 0.36 0.780237 0.488815
2.38116 -2.144 0.64 0.788875 0.425097
2.4901 -2.01645 0.64 0.771384 0.415745
2.4901 -2.01645 0.64 0.771384 0.415745
2.38116 -2.144 0.64 0.788875 0.425097
2.64553 -2.14231 1 0.777942 0.342123
2.38116 -2.144 0.64 0.788875 0.425097
2.52979 -2.27783 1 0.796202 0.351074
2.64553 -2.14231 1 0.777942 0.342123
2.64553 -2.14231 1 0.777942 0.342123
2.52979 -2.27783 1 0.796202 0.351074
2.80096 -2.26817 1.44 0.781836 0.260711
2.52979 -2.27783 1 0.796202 0.351074
2.67842 -2.41166 1.44 0.800751 0.268969
2.80096 -2.26817 1.44 0.781836 0.260711
2.80096 -2.26817 1.44 0.781836 0.260711
2.67842 -2.41166 1.44 0.800751 0.268969
2.95639 -2.39404 1.96 0.781972 0.175175
2.67842 -2.41166 1.44 0.800751 0.268969
2.82704 -2.54548 1.96 0.80134 0.182409
2.95639 -2.39404 1.96 0.781972 0.175175
2.95639 -2.39404 1.96 0.781972 0.175175
2.82704 -2.54548 1.96 0.80134 0.182409
3.11182 -2.5199 2.56 0.777902 0.0898658
2.82704 -2.54548 1.96 0.80134 0.182409
2.97567 -2.67931 2.56 0.797444 0.0957732
3.11182 -2.5199 2.56 0.777902 0.0898658
0.531193 -0.117557 -0 0.562144 0.998345
0.531193 -0.125864 -0 0.564441 0.998119
0.531193 -0.235114 -0 0.594263 0.993945
0.531193 -0.125864 -0 0.564441 0.998119
0.531193 -0.251728 -0 0.598723 0.993121
0.531193 -0.235114 -0 0.594263 0.993945
0.531193 -0.235114 -0 0.594263 0.993945
0.531193 -0.251728 -0 0.598723 0.993121
0.531193 -0.352671 -0 0.625275 0.987119
0.531193 -0.251728 -0 0.598723 0.993121
0.531193 -0.377592 -0 0.631669 0.98539
0.531193 -0.352671 -0 0.625275 0.987119
0.531193 -0.352671 -0 0.625275 0.987119
0.531193 -0.377592 -0 0.631669 0.98539
0.647214 -0.470228 -0 0.65106 0.938035
0.531193 -0.377592 -0 0.631669 0.98539
0.621717 -0.503456 -0 0.659746 0.944168
0.647214 -0.470228 -0 0.65106 0.938035
0.647214 -0.470228 -0 0.65106 0.938035
0.621717 -0.503456 -0 0.659746 0.944168
0.809017 -0.587785 -0 0.671008 0.876332
0.621717 -0.503456 -0 0.659746 0.944168
0.777146 -0.62932 -0 0.681179 0.883271
0.809017 -0.587785 -0 0.671008 0.876332
0.809017 -0.587785 -0 0.671008 0.876332
0.777146 -0.62932 -0 0.681179 0.883271
0.97082 -0.705342 -0 0.686701 0.819962
0.777146 -0.62932 -0 0.681179 0.883271
0.932575 -0.755184 -0 0.698094 0.827512
0.97082 -0.705342 -0 0.686701 0.819962
0.97082 -0.705342 -0 0.686701 0.819962
0.932575 -0.755184 -0 0.698094 0.827512
1.13262 -0.822899 -0 0.698885 0.769506
0.932575 -0.755184 -0 0.698094 0.827512
1.088 -0.881049 -0 0.711278 0.777503
1.13262 -0.822899 -0 0.698885 0.769506
1.13262 -0.822899 -0 0.698885 0.769506
1.088 -0.881049 -0 0.711278 0.777503
1.29443 -0.940456 -0 0.708292 0.724916
1.088 -0.881049 -0 0.711278 0.777503
1.24343 -1.00691 -0 0.7215 0.733229
1.29443 -0.940456 -0 0.708292 0.724916
1.29443 -0.940456 -0 0.708292 0.724916
1.24343 -1.00691 -0 0.7215 0.733229
1.45623 -1.05801 -0 0.715553 0.685773
1.24343 -1.00691 -0 0.7215 0.733229
1.39886 -1.13278 -0 0.729427 0.694299
1.45623 -1.05801 -0 0.715553 0.685773
1.45623 -1.05801 -0 0.715553 0.685773
1.39886 -1.13278 -0 0.729427 0.694299
1.61803 -1.17557 -0 0.721178 0.651497
1.39886 -1.13278 -0 0.729427 0.694299
1.55429 -1.25864 -0 0.735598 0.660158
1.61803 -1.17557 -0 0.721178 0.651497
1.61803 -1.17557 -0 0.721178 0.651497
1.55429 -1.25864 -0 0.735598 0.660158
1.77984 -1.29313 -0 0.725559 0.621466
1.55429 -1.25864 -0 0.735598 0.660158
1.70972 -1.3845 -0 0.740428 0.630205
1.77984 -1.29313 -0 0.725559 0.621466
1.77984 -1.29313 -0 0.725559 0.621466
1.70972 -1.3845 -0 0.740428 0.630205
2.10681 -1.53069 0.04 0.733301 0.564306
1.70972 -1.3845 -0 0.740428 0.630205
2.02381 -1.63885 0.04 0.748986 0.573107
2.10681 -1.53069 0.04 0.733301 0.564306
2.10681 -1.53069 0.04 0.733301 0.564306
2.02381 -1.63885 0.04 0.748986 0.573107
2.26862 -1.64825 0.16 0.739415 0.522957
2.02381 -1.63885 0.04 0.748986 0.573107
2.17924 -1.76472 0.16 0.755702 0.53177
2.26862 -1.64825 0.16 0.739415 0.522957
2.26862 -1.64825 0.16 0.739415 0.522957
2.17924 -1.76472 0.16 0.755702 0.53177
2.43042 -1.7658 0.36 0.746531 0.470518
2.17924 -1.76472 0.16 0.755702 0.53177
2.33467 -1.89058 0.36 0.763534 0.479277
2.43042 -1.7658 0.36 0.746531 0.470518
2.43042 -1.7658 0.36 0.746531 0.470518
2.33467 -1.89058 0.36 0.763534 0.479277
2.59222 -1.88336 0.64 0.753618 0.407163
2.33467 -1.89058 0.36 0.763534 0.479277
2.4901 -2.01645 0.64 0.771384 0.415745
2.59222 -1.88336 0.64 0.753618 0.407163
2.59222 -1.88336 0.64 0.753618 0.407163
2.4901 -2.01645 0.64 0.771384 0.415745
2.75403 -2.00092 1 0.759443 0.333914
2.4901 -2.01645 0.64 0.771384 0.415745
2.64553 -2.14231 1 0.777942 0.342123
2.75403 -2.00092 1 0.759443 0.333914
2.75403 -2.00092 1 0.759443 0.333914
2.64553 -2.14231 1 0.777942 0.342123
2.91583 -2.11847 1.44 0.762724 0.253137
2.64553 -2.14231 1 0.777942 0.342123
2.80096 -2.26817 1.44 0.781836 0.260711
2.91583 -2.11847 1.44 0.762724 0.253137
2.91583 -2.11847 1.44 0.762724 0.253137
2.80096 -2.26817 1.44 0.781836 0.260711
3.07763 -2.23603 1.96 0.76246 0.168539
2.80096 -2.26817 1.44 0.781836 0.260711
2.95639 -2.39404 1.96 0.781972 0.175175
3.07763 -2.23603 1.96 0.76246 0.168539
3.07763 -2.23603 1.96 0.76246 0.168539
2.95639 -2.39404 1.96 0.781972 0.175175
3.23944 -2.35359 2.56 0.758266 0.0844466
2.95639 -2.39404 1.96 0.781972 0.175175
3.11182 -2.5199 2.56 0.777902 0.0898658
3.23944 -2.35359 2.56 0.758266 0.0844466
0.531193 -0.108928 -0 0.559755 0.998565
0.531193 -0.117557 -0 0.562144 0.998345
0.531193 -0.217856 -0 0.589607 0.99475
0.531193 -0.117557 -0 0.562144 0.998345
0.531193 -0.235114 -0 0.594263 0.993945
0.531193 -0.217856 -0 0.589607 0.99475
0.531193 -0.217856 -0 0.589607 0.99475
0.531193 -0.235114 -0 0.594263 0.993945
0.531193 -0.326783 -0 0.618561 0.988815
0.531193 -0.235114 -0 0.594263 0.993945
0.531193 -0.352671 -0 0.625275 0.987119
0.531193 -0.326783 -0 0.618561 0.988815
0.531193 -0.326783 -0 0.618561 0.988815
0.531193 -0.352671 -0 0.625275 0.987119
0.670936 -0.435711 -0 0.642095 0.9324
0.531193 -0.352671 -0 0.625275 0.987119
0.647214 -0.470228 -0 0.65106 0.938035
0.670936 -0.435711 -0 0.642095 0.9324
0.670936 -0.435711 -0 0.642095 0.9324
0.647214 -0.470228 -0 0.65106 0.938035
0.838671 -0.544639 -0 0.660528 0.869962
0.647214 -0.470228 -0 0.65106 0.938035
0.809017 -0.587785 -0 0.671008 0.876332
0.838671 -0.544639 -0 0.660528 0.869962
0.838671 -0.544639 -0 0.660528 0.869962
0.809017 -0.587785 -0 0.671008 0.876332
1.0064 -0.653567 -0 0.67498 0.813035
0.809017 -0.587785 -0 0.671008 0.876332
0.97082 -0.705342 -0 0.686701 0.819962
1.0064 -0.653567 -0 0.67498 0.813035
1.0064 -0.653567 -0 0.67498 0.813035
0.97082 -0.705342 -0 0.686701 0.819962
1.17414 -0.762495 -0 0.686155 0.762171
0.97082 -0.705342 -0 0.686701 0.819962
1.13262 -0.822899 -0 0.698885 0.769506
1.17414 -0.762495 -0 0.686155 0.762171
1.17414 -0.762495 -0 0.686155 0.762171
1.13262 -0.822899 -0 0.698885 0.769506
1.34187 -0.871422 -0 0.694744 0.717295
1.13262 -0.822899 -0 0.698885 0.769506
1.29443 -0.940456 -0 0.708292 0.724916
1.34187 -0.871422 -0 0.694744 0.717295
1.34187 -0.871422 -0 0.694744 0.717295
1.29443 -0.940456 -0 0.708292 0.724916
1.50961 -0.98035 -0 0.701342 0.677961
1.29443 -0.940456 -0 0.708292 0.724916
1.45623 -1.05801 -0 0.715553 0.685773
1.50961 -0.98035 -0 0.701342 0.677961
1.50961 -0.98035 -0 0.701342 0.677961
1.45623 -1.05801 -0 0.715553 0.685773
1.67734 -1.08928 -0 0.706427 0.643565
1.45623 -1.05801 -0 0.715553 0.685773
1.61803 -1.17557 -0 0.721178 0.651497
1.67734 -1.08928 -0 0.706427 0.643565
1.67734 -1.08928 -0 0.706427 0.643565
1.61803 -1.17557 -0 0.721178 0.651497
1.84508 -1.19821 -0 0.710366 0.613469
1.61803 -1.17557 -0 0.721178 0.651497
1.77984 -1.29313 -0 0.725559 0.621466
1.84508 -1.19821 -0 0.710366 0.613469
1.84508 -1.19821 -0 0.710366 0.613469
1.77984 -1.29313 -0 0.725559 0.621466
2.18404 -1.41833 0.04 0.717306 0.556264
1.77984 -1.29313 -0 0.725559 0.621466
2.10681 -1.53069 0.04 0.733301 0.564306
2.18404 -1.41833 0.04 0.717306 0.556264
2.18404 -1.41833 0.04 0.717306 0.556264
2.10681 -1.53069 0.04 0.733301 0.564306
2.35177 -1.52726 0.16 0.722828 0.514913
2.10681 -1.53069 0.04 0.733301 0.564306
2.26862 -1.64825 0.16 0.739415 0.522957
2.35177 -1.52726 0.16 0.722828 0.514913
2.35177 -1.52726 0.16 0.722828 0.514913
2.26862 -1.64825 0.16 0.739415 0.522957
2.5195 -1.63618 0.36 0.729244 0.462531
2.26862 -1.64825 0.16 0.739415 0.522957
2.43042 -1.7658 0.36 0.746531 0.470518
2.5195 -1.63618 0.36 0.729244 0.462531
2.5195 -1.63618 0.36 0.729244 0.462531
2.43042 -1.7658 0.36 0.746531 0.470518
2.68724 -1.74511 0.64 0.735588 0.399346
2.43042 -1.7658 0.36 0.746531 0.470518
2.59222 -1.88336 0.64 0.753618 0.407163
2.68724 -1.74511 0.64 0.735588 0.399346
2.68724 -1.74511 0.64 0.735588 0.399346
2.59222 -1.88336 0.64 0.753618 0.407163
2.85497 -1.85404 1 0.740709 0.32644
2.59222 -1.88336 0.64 0.753618 0.407163
2.75403 -2.00092 1 0.759443 0.333914
2.85497 -1.85404 1 0.740709 0.32644
2.85497 -1.85404 1 0.740709 0.32644
2.75403 -2.00092 1 0.759443 0.333914
3.02271 -1.96297 1.44 0.743419 0.246246
2.75403 -2.00092 1 0.759443 0.333914
2.91583 -2.11847 1.44 0.762724 0.253137
3.02271 -1.96297 1.44 0.743419 0.246246
3.02271 -1.96297 1.44 0.743419 0.246246
2.91583 -2.11847 1.44 0.762724 0.253137
3.19044 -2.0719 1.96 0.7428 0.162503
2.91583 -2.11847 1.44 0.762724 0.253137
3.07763 -2.23603 1.96 0.76246 0.168539
3.19044 -2.0719 1.96 0.7428 0.162503
3.19044 -2.0719 1.96 0.7428 0.162503
3.07763 -2.23603 1.96 0.76246 0.168539
3.35817 -2.18082 2.56 0.738527 0.0795202
3.07763 -2.23603 1.96 0.76246 0.168539
3.23944 -2.35359 2.56 0.758266 0.0844466
3.35817 -2.18082 2.56 0.738527 0.0795202
0.531193 -0.1 -0 0.55728 0.998778
0.531193 -0.108928 -0 0.559755 0.998565
0.531193 -0.2 -0 0.584766 0.995526
0.531193 -0.108928 -0 0.559755 0.998565
0.531193 -0.217856 -0 0.589607 0.99475
0.531193 -0.2 -0 0.584766 0.995526
0.531193 -0.2 -0 0.584766 0.995526
0.531193 -0.217856 -0 0.589607 0.99475
0.531193 -0.3 -0 0.611544 0.990458
0.531193 -0.217856 -0 0.589607 0.99475
0.531193 -0.326783 -0 0.618561 0.988815
0.531193 -0.3 -0 0.611544 0.990458
0.531193 -0.3 -0 0.611544 0.990458
0.531193 -0.326783 -0 0.618561 0.988815
0.69282 -0.4 -0 0.632868 0.927264
0.531193 -0.326783 -0 0.618561 0.988815
0.670936 -0.435711 -0 0.642095 0.9324
0.69282 -0.4 -0 0.632868 0.927264
0.69282 -0.4 -0 0.632868 0.927264
0.670936 -0.435711 -0 0.642095 0.9324
0.866025 -0.5 -0 0.649758 0.864161
0.670936 -0.435711 -0 0.642095 0.9324
0.838671 -0.544639 -0 0.660528 0.869962
0.866025 -0.5 -0 0.649758 0.864161
0.866025 -0.5 -0 0.649758 0.864161
0.838671 -0.544639 -0 0.660528 0.869962
1.03923 -0.6 -0 0.662952 0.806729
0.838671 -0.544639 -0 0.660528 0.869962
1.0064 -0.653567 -0 0.67498 0.813035
1.03923 -0.6 -0 0.662952 0.806729
1.03923 -0.6 -0 0.662952 0.806729
1.0064 -0.653567 -0 0.67498 0.813035
1.21244 -0.7 -0 0.67311 0.755497
1.0064 -0.653567 -0 0.67498 0.813035
1.17414 -0.762495 -0 0.686155 0.762171
1.21244 -0.7 -0 0.67311 0.755497
1.21244 -0.7 -0 0.67311 0.755497
1.17414 -0.762495 -0 0.686155 0.762171
1.38564 -0.8 -0 0.680878 0.710362
1.17414 -0.762495 -0 0.686155 0.762171
1.34187 -0.871422 -0 0.694744 0.717295
1.38564 -0.8 -0 0.680878 0.710362
1.38564 -0.8 -0 0.680878 0.710362
1.34187 -0.871422 -0 0.694744 0.717295
1.55885 -0.9 -0 0.686814 0.670859
1.34187 -0.871422 -0 0.694744 0.717295
1.50961 -0.98035 -0 0.701342 0.677961
1.55885 -0.9 -0 0.686814 0.670859
1.55885 -0.9 -0 0.686814 0.670859
1.50961 -0.98035 -0 0.701342 0.677961
1.73205 -1 -0 0.691363 0.636361
1.50961 -0.98035 -0 0.701342 0.677961
1.67734 -1.08928 -0 0.706427 0.643565
1.73205 -1 -0 0.691363 0.636361
1.73205 -1 -0 0.691363 0.636361
1.67734 -1.08928 -0 0.706427 0.643565
1.90526 -1.1 -0 0.694866 0.60621
1.67734 -1.08928 -0 0.706427 0.643565
1.84508 -1.19821 -0 0.710366 0.613469
1.90526 -1.1 -0 0.694866 0.60621
1.90526 -1.1 -0 0.694866 0.60621
1.84508 -1.19821 -0 0.710366 0.613469
2.25527 -1.30208 0.04 0.70102 0.548976
1.84508 -1.19821 -0 0.710366 0.613469
2.18404 -1.41833 0.04 0.717306 0.556264
2.25527 -1.30208 0.04 0.70102 0.548976
2.25527 -1.30208 0.04 0.70102 0.548976
2.18404 -1.41833 0.04 0.717306 0.556264
2.42848 -1.40208 0.16 0.705957 0.507632
2.18404 -1.41833 0.04 0.717306 0.556264
2.35177 -1.52726 0.16 0.722828 0.514913
2.42848 -1.40208 0.16 0.705957 0.507632
2.42848 -1.40208 0.16 0.705957 0.507632
2.35177 -1.52726 0.16 0.722828 0.514913
2.60168 -1.50208 0.36 0.711684 0.455312
2.35177 -1.52726 0.16 0.722828 0.514913
2.5195 -1.63618 0.36 0.729244 0.462531
2.60168 -1.50208 0.36 0.711684 0.455312
2.60168 -1.50208 0.36 0.711684 0.455312
2.5195 -1.63618 0.36 0.729244 0.462531
2.77489 -1.60208 0.64 0.717303 0.392289
2.5195 -1.63618 0.36 0.729244 0.462531
2.68724 -1.74511 0.64 0.735588 0.399346
2.77489 -1.60208 0.64 0.717303 0.392289
2.77489 -1.60208 0.64 0.717303 0.392289
2.68724 -1.74511 0.64 0.735588 0.399346
2.94809 -1.70208 1 0.721749 0.319702
2.68724 -1.74511 0.64 0.735588 0.399346
2.85497 -1.85404 1 0.740709 0.32644
2.94809 -1.70208 1 0.721749 0.319702
2.94809 -1.70208 1 0.721749 0.319702
2.85497 -1.85404 1 0.740709 0.32644
3.1213 -1.80208 1.44 0.723923 0.240035
2.85497 -1.85404 1 0.740709 0.32644
3.02271 -1.96297 1.44 0.743419 0.246246
3.1213 -1.80208 1.44 0.723923 0.240035
3.1213 -1.80208 1.44 0.723923 0.240035
3.02271 -1.96297 1.44 0.743419 0.246246
3.2945 -1.90208 1.96 0.722991 0.157068
3.02271 -1.96297 1.44 0.743419 0.246246
3.19044 -2.0719 1.96 0.7428 0.162503
3.2945 -1.90208 1.96 0.722991 0.157068
3.2945 -1.90208 1.96 0.722991 0.157068
3.19044 -2.0719 1.96 0.7428 0.162503
3.46771 -2.00208 2.56 0.718682 0.075094
3.19044 -2.0719 1.96 0.7428 0.162503
3.35817 -2.18082 2.56 0.738527 0.0795202
3.46771 -2.00208 2.56 0.718682 0.075094
0.531193 -0.0907981 -0 0.554726 0.998981
0.531193 -0.1 -0 0.55728 0.998778
0.531193 -0.181596 -0 0.579752 0.996266
0.531193 -0.1 -0 0.55728 0.998778
0.531193 -0.2 -0 0.584766 0.995526
0.531193 -0.181596 -0 0.579752 0.996266
0.531193 -0.181596 -0 0.579752 0.996266
0.531193 -0.2 -0 0.584766 0.995526
0.534604 -0.272394 -0 0.604183 0.990788
0.531193 -0.2 -0 0.584766 0.995526
0.531193 -0.3 -0 0.611544 0.990458
0.534604 -0.272394 -0 0.604183 0.990788
0.534604 -0.272394 -0 0.604183 0.990788
0.531193 -0.3 -0 0.611544 0.990458
0.712805 -0.363192 -0 0.623398 0.92263
0.531193 -0.3 -0 0.611544 0.990458
0.69282 -0.4 -0 0.632868 0.927264
0.712805 -0.363192 -0 0.623398 0.92263
0.712805 -0.363192 -0 0.623398 0.92263
0.69282 -0.4 -0 0.632868 0.927264
0.891007 -0.453991 -0 0.638719 0.858929
0.69282 -0.4 -0 0.632868 0.927264
0.866025 -0.5 -0 0.649758 0.864161
0.891007 -0.453991 -0 0.638719 0.858929
0.891007 -0.453991 -0 0.638719 0.858929
0.866025 -0.5 -0 0.649758 0.864161
1.06921 -0.544789 -0 0.650639 0.801043
0.866025 -0.5 -0 0.649758 0.864161
1.03923 -0.6 -0 0.662952 0.806729
1.06921 -0.544789 -0 0.650639 0.801043
1.06921 -0.544789 -0 0.650639 0.801043
1.03923 -0.6 -0 0.662952 0.806729
1.24741 -0.635587 -0 0.659771 0.749479
1.03923 -0.6 -0 0.662952 0.806729
1.21244 -0.7 -0 0.67311 0.755497
1.24741 -0.635587 -0 0.659771 0.749479
1.24741 -0.635587 -0 0.659771 0.749479
1.21244 -0.7 -0 0.67311 0.755497
1.42561 -0.726385 -0 0.666717 0.704117
1.21244 -0.7 -0 0.67311 0.755497
1.38564 -0.8 -0 0.680878 0.710362
1.42561 -0.726385 -0 0.666717 0.704117
1.42561 -0.726385 -0 0.666717 0.704117
1.38564 -0.8 -0 0.680878 0.710362
1.60381 -0.817183 -0 0.671993 0.664465
1.38564 -0.8 -0 0.680878 0.710362
1.55885 -0.9 -0 0.686814 0.670859
1.60381 -0.817183 -0 0.671993 0.664465
1.60381 -0.817183 -0 0.671993 0.664465
1.55885 -0.9 -0 0.686814 0.670859
1.78201 -0.907981 -0 0.67601 0.629878
1.55885 -0.9 -0 0.686814 0.670859
1.73205 -1 -0 0.691363 0.636361
1.78201 -0.907981 -0 0.67601 0.629878
1.78201 -0.907981 -0 0.67601 0.629878
1.73205 -1 -0 0.691363 0.636361
1.96021 -0.998779 -0 0.679083 0.599685
1.73205 -1 -0 0.691363 0.636361
1.90526 -1.1 -0 0.694866 0.60621
1.96021 -0.998779 -0 0.679083 0.599685
1.96021 -0.998779 -0 0.679083 0.599685
1.90526 -1.1 -0 0.694866 0.60621
2.32033 -1.18227 0.04 0.684465 0.542439
1.90526 -1.1 -0 0.694866 0.60621
2.25527 -1.30208 0.04 0.70102 0.548976
2.32033 -1.18227 0.04 0.684465 0.542439
2.32033 -1.18227 0.04 0.684465 0.542439
2.25527 -1.30208 0.04 0.70102 0.548976
2.49853 -1.27306 0.16 0.688824 0.501111
2.25527 -1.30208 0.04 0.70102 0.548976
2.42848 -1.40208 0.16 0.705957 0.507632
2.49853 -1.27306 0.16 0.688824 0.501111
2.49853 -1.27306 0.16 0.688824 0.501111
2.42848 -1.40208 0.16 0.705957 0.507632
2.67673 -1.36386 0.36 0.693871 0.448857
2.42848 -1.40208 0.16 0.705957 0.507632
2.60168 -1.50208 0.36 0.711684 0.455312
2.67673 -1.36386 0.36 0.693871 0.448857
2.67673 -1.36386 0.36 0.693871 0.448857
2.60168 -1.50208 0.36 0.711684 0.455312
2.85493 -1.45466 0.64 0.698782 0.385991
2.60168 -1.50208 0.36 0.711684 0.455312
2.77489 -1.60208 0.64 0.717303 0.392289
2.85493 -1.45466 0.64 0.698782 0.385991
2.85493 -1.45466 0.64 0.698782 0.385991
2.77489 -1.60208 0.64 0.717303 0.392289
3.03313 -1.54546 1 0.702575 0.313697
2.77489 -1.60208 0.64 0.717303 0.392289
2.94809 -1.70208 1 0.721749 0.319702
3.03313 -1.54546 1 0.702575 0.313697
3.03313 -1.54546 1 0.702575 0.313697
2.94809 -1.70208 1 0.721749 0.319702
3.21133 -1.63626 1.44 0.704244 0.234508
2.94809 -1.70208 1 0.721749 0.319702
3.1213 -1.80208 1.44 0.723923 0.240035
3.21133 -1.63626 1.44 0.704244 0.234508
3.21133 -1.63626 1.44 0.704244 0.234508
3.1213 -1.80208 1.44 0.723923 0.240035
3.38953 -1.72705 1.96 0.703037 0.15224
3.1213 -1.80208 1.44 0.723923 0.240035
3.2945 -1.90208 1.96 0.722991 0.157068
3.38953 -1.72705 1.96 0.703037 0.15224
3.38953 -1.72705 1.96 0.703037 0.15224
3.2945 -1.90208 1.96 0.722991 0.157068
3.56774 -1.81785 2.56 0.698731 0.0711726
3.2945 -1.90208 1.96 0.722991 0.157068
3.46771 -2.00208 2.56 0.718682 0.075094
3.56774 -1.81785 2.56 0.698731 0.0711726
0.531193 -0.0813473 -0 0.552099 0.999172
0.531193 -0.0907981 -0 0.554726 0.998981
0.531193 -0.162695 -0 0.57458 0.99696
0.531193 -0.0907981 -0 0.554726 0.998981
0.531193 -0.181596 -0 0.579752 0.996266
0.531193 -0.162695 -0 0.57458 0.99696
0.531193 -0.162695 -0 0.57458 0.99696
0.531193 -0.181596 -0 0.579752 0.996266
0.548127 -0.244042 -0 0.596427 0.987336
0.531193 -0.181596 -0 0.579752 0.996266
0.534604 -0.272394 -0 0.604183 0.990788
0.548127 -0.244042 -0 0.596427 0.987336
0.548127 -0.244042 -0 0.596427 0.987336
0.534604 -0.272394 -0 0.604183 0.990788
0.730836 -0.325389 -0 0.613705 0.918497
0.534604 -0.272394 -0 0.604183 0.990788
0.712805 -0.363192 -0 0.623398 0.92263
0.730836 -0.325389 -0 0.613705 0.918497
0.730836 -0.325389 -0 0.613705 0.918497
0.712805 -0.363192 -0 0.623398 0.92263
0.913545 -0.406737 -0 0.627433 0.854267
0.712805 -0.363192 -0 0.623398 0.92263
0.891007 -0.453991 -0 0.638719 0.858929
0.913545 -0.406737 -0 0.627433 0.854267
0.913545 -0.406737 -0 0.627433 0.854267
0.891007 -0.453991 -0 0.638719 0.858929
1.09625 -0.488084 -0 0.638064 0.795978
0.891007 -0.453991 -0 0.638719 0.858929
1.06921 -0.544789 -0 0.650639 0.801043
1.09625 -0.488084 -0 0.638064 0.795978
1.09625 -0.488084 -0 0.638064 0.795978
1.06921 -0.544789 -0 0.650639 0.801043
1.27896 -0.569431 -0 0.646163 0.74412
1.06921 -0.544789 -0 0.650639 0.801043
1.24741 -0.635587 -0 0.659771 0.749479
1.27896 -0.569431 -0 0.646163 0.74412
1.27896 -0.569431 -0 0.646163 0.74412
1.24741 -0.635587 -0 0.659771 0.749479
1.46167 -0.650779 -0 0.652285 0.698556
1.24741 -0.635587 -0 0.659771 0.749479
1.42561 -0.726385 -0 0.666717 0.704117
1.46167 -0.650779 -0 0.652285 0.698556
1.46167 -0.650779 -0 0.652285 0.698556
1.42561 -0.726385 -0 0.666717 0.704117
1.64438 -0.732126 -0 0.656903 0.658776
1.42561 -0.726385 -0 0.666717 0.704117
1.60381 -0.817183 -0 0.671993 0.664465
1.64438 -0.732126 -0 0.656903 0.658776
1.64438 -0.732126 -0 0.656903 0.658776
1.60381 -0.817183 -0 0.671993 0.664465
1.82709 -0.813473 -0 0.660394 0.624118
1.60381 -0.817183 -0 0.671993 0.664465
1.78201 -0.907981 -0 0.67601 0.629878
1.82709 -0.813473 -0 0.660394 0.624118
1.82709 -0.813473 -0 0.660394 0.624118
1.78201 -0.907981 -0 0.67601 0.629878
2.0098 -0.894821 -0 0.663043 0.593893
1.78201 -0.907981 -0 0.67601 0.629878
1.96021 -0.998779 -0 0.679083 0.599685
2.0098 -0.894821 -0 0.663043 0.593893
2.0098 -0.894821 -0 0.663043 0.593893
1.96021 -0.998779 -0 0.679083 0.599685
2.37902 -1.05921 0.04 0.667665 0.53665
1.96021 -0.998779 -0 0.679083 0.599685
2.32033 -1.18227 0.04 0.684465 0.542439
2.37902 -1.05921 0.04 0.667665 0.53665
2.37902 -1.05921 0.04 0.667665 0.53665
2.32033 -1.18227 0.04 0.684465 0.542439
2.56173 -1.14056 0.16 0.671452 0.495347
2.32033 -1.18227 0.04 0.684465 0.542439
2.49853 -1.27306 0.16 0.688824 0.501111
2.56173 -1.14056 0.16 0.671452 0.495347
3.47528 -1.54729 1.96 0.682943 0.14802
3.38953 -1.72705 1.96 0.703037 0.15224
3.65798 -1.62864 2.56 0.678674 0.0677642
3.38953 -1.72705 1.96 0.703037 0.15224
3.56774 -1.81785 2.56 0.698731 0.0711726
3.65798 -1.62864 2.56 0.678674 0.0677642
0.531193 -0.0716736 -0 0.549407 0.99935
0.531193 -0.0813473 -0 0.552099 0.999172
0.531193 -0.143347 -0 0.569263 0.9976
0.531193 -0.0813473 -0 0.552099 0.999172
0.531193 -0.162695 -0 0.57458 0.99696
0.531193 -0.143347 -0 0.569263 0.9976
0.531193 -0.143347 -0 0.569263 0.9976
0.531193 -0.162695 -0 0.57458 0.99696
0.560148 -0.215021 -0 0.588502 0.984298
0.531193 -0.162695 -0 0.57458 0.99696
0.548127 -0.244042 -0 0.596427 0.987336
0.560148 -0.215021 -0 0.588502 0.984298
0.560148 -0.215021 -0 0.588502 0.984298
0.548127 -0.244042 -0 0.596427 0.987336
0.746864 -0.286694 -0 0.603811 0.914869
0.548127 -0.244042 -0 0.596427 0.987336
0.730836 -0.325389 -0 0.613705 0.918497
0.746864 -0.286694 -0 0.603811 0.914869
0.730836 -0.325389 -0 0.613705 0.918497
0.913545 -0.406737 -0 0.627433 0.854267
0.93358 -0.358368 -0 0.615923 0.850176
0.93358 -0.358368 -0 0.615923 0.850176
0.913545 -0.406737 -0 0.627433 0.854267
1.1203 -0.430042 -0 0.625251 0.791533
0.913545 -0.406737 -0 0.627433 0.854267
1.09625 -0.488084 -0 0.638064 0.795978
1.1203 -0.430042 -0 0.625251 0.791533
3.55149 -1.36329 1.96 0.662718 0.144413
3.47528 -1.54729 1.96 0.682943 0.14802
3.73821 -1.43496 2.56 0.658517 0.0648746
3.47528 -1.54729 1.96 0.682943 0.14802
3.65798 -1.62864 2.56 0.678674 0.0677642
3.73821 -1.43496 2.56 0.658517 0.0648746
0.531193 -0.0618034 -0 0.546657 0.999512
0.531193 -0.0716736 -0 0.549407 0.99935
0.531193 -0.123607 -0 0.563817 0.998182
0.531193 -0.0716736 -0 0.549407 0.99935
0.531193 -0.143347 -0 0.569263 0.9976
0.531193 -0.123607 -0 0.563817 0.998182
0.531193 -0.123607 -0 0.563817 0.998182
0.531193 -0.143347 -0 0.569263 0.9976
0.570634 -0.18541 -0 0.580426 0.981679
0.531193 -0.143347 -0 0.569263 0.9976
0.560148 -0.215021 -0 0.588502 0.984298
0.570634 -0.18541 -0 0.580426 0.981679
0.570634 -0.18541 -0 0.580426 0.981679
0.560148 -0.215021 -0 0.588502 0.984298
0.760845 -0.247214 -0 0.593736 0.911745
0.560148 -0.215021 -0 0.588502 0.984298
0.746864 -0.286694 -0 0.603811 0.914869
0.760845 -0.247214 -0 0.593736 0.911745
3.61797 -1.17555 1.96 0.642373 0.14142
3.55149 -1.36329 1.96 0.662718 0.144413
3.80819 -1.23735 2.56 0.638267 0.0625081
3.55149 -1.36329 1.96 0.662718 0.144413
3.73821 -1.43496 2.56 0.658517 0.0648746
3.80819 -1.23735 2.56 0.638267 0.0625081
0.531193 -0.0517638 -0 0.543857 0.999657
0.531193 -0.0618034 -0 0.546657 0.999512
0.531193 -0.103528 -0 0.558259 0.998695
0.531193 -0.0618034 -0 0.546657 0.999512
0.531193 -0.123607 -0 0.563817 0.998182
0.531193 -0.103528 -0 0.558259 0.998695
0.531193 -0.103528 -0 0.558259 0.998695
0.531193 -0.123607 -0 0.563817 0.998182
0.579556 -0.155291 -0 0.572216 0.979478
0.531193 -0.123607 -0 0.563817 0.998182
0.570634 -0.18541 -0 0.580426 0.981679
0.579556 -0.155291 -0 0.572216 0.979478
0.579556 -0.155291 -0 0.572216 0.979478
0.570634 -0.18541 -0 0.580426 0.981679
0.772741 -0.207055 -0 0.583501 0.909125
0.570634 -0.18541 -0 0.580426 0.981679
0.760845 -0.247214 -0 0.593736 0.911745
0.772741 -0.207055 -0 0.583501 0.909125
3.67454 -0.98459 1.96 0.621922 0.139044
3.61797 -1.17555 1.96 0.642373 0.14142
3.86772 -1.03635 2.56 0.617933 0.0606712
3.61797 -1.17555 1.96 0.642373 0.14142
3.80819 -1.23735 2.56 0.638267 0.0625081
3.86772 -1.03635 2.56 0.617933 0.0606712
0.531193 -0.0415823 -0 0.541015 0.999784
0.531193 -0.0517638 -0 0.543857 0.999657
0.531193 -0.0831647 -0 0.552604 0.999137
0.531193 -0.0517638 -0 0.543857 0.999657
0.531193 -0.103528 -0 0.558259 0.998695
0.531193 -0.0831647 -0 0.552604 0.999137
0.531193 -0.0831647 -0 0.552604 0.999137
0.531193 -0.103528 -0 0.558259 0.998695
0.586889 -0.124747 -0 0.563892 0.977697
0.531193 -0.103528 -0 0.558259 0.998695
0.579556 -0.155291 -0 0.572216 0.979478
0.586889 -0.124747 -0 0.563892 0.977697
0.586889 -0.124747 -0 0.563892 0.977697
0.579556 -0.155291 -0 0.572216 0.979478
0.782518 -0.166329 -0 0.573129 0.907012
0.579556 -0.155291 -0 0.572216 0.979478
0.772741 -0.207055 -0 0.583501 0.909125
0.782518 -0.166329 -0 0.573129 0.907012
3.72103 -0.79093 1.96 0.601381 0.137284
3.67454 -0.98459 1.96 0.621922 0.139044
3.91666 -0.832512 2.56 0.597526 0.0593679
3.67454 -0.98459 1.96 0.621922 0.139044
3.86772 -1.03635 2.56 0.617933 0.0606712
3.91666 -0.832512 2.56 0.597526 0.0593679
0.531193 -0.0312869 -0 0.538139 0.999892
0.531193 -0.0415823 -0 0.541015 0.999784
0.531193 -0.0625738 -0 0.546872 0.9995
0.531193 -0.0415823 -0 0.541015 0.999784
0.531193 -0.0831647 -0 0.552604 0.999137
0.531193 -0.0625738 -0 0.546872 0.9995
0.531193 -0.0625738 -0 0.546872 0.9995
0.531193 -0.0831647 -0 0.552604 0.999137
0.592613 -0.0938607 -0 0.555472 0.976336
0.531193 -0.0831647 -0 0.552604 0.999137
0.586889 -0.124747 -0 0.563892 0.977697
0.592613 -0.0938607 -0 0.555472 0.976336
0.592613 -0.0938607 -0 0.555472 0.976336
0.586889 -0.124747 -0 0.563892 0.977697
0.790151 -0.125148 -0 0.562642 0.905405
0.586889 -0.124747 -0 0.563892 0.977697
0.782518 -0.166329 -0 0.573129 0.907012
0.790151 -0.125148 -0 0.562642 0.905405
3.75733 -0.595102 1.96 0.580764 0.136142
3.72103 -0.79093 1.96 0.601381 0.137284
3.95487 -0.626389 2.56 0.577058 0.0585992
3.72103 -0.79093 1.96 0.601381 0.137284
3.91666 -0.832512 2.56 0.597526 0.0593679
3.95487 -0.626389 2.56 0.577058 0.0585992
0.531193 -0.0209057 -0 0.535237 0.999979
0.531193 -0.0312869 -0 0.538139 0.999892
0.531193 -0.0418114 -0 0.541079 0.999781
0.531193 -0.0312869 -0 0.538139 0.999892
0.531193 -0.0625738 -0 0.546872 0.9995
0.531193 -0.0418114 -0 0.541079 0.999781
0.531193 -0.0418114 -0 0.541079 0.999781
0.531193 -0.0625738 -0 0.546872 0.9995
0.596713 -0.0627171 -0 0.546976 0.975395
0.531193 -0.0625738 -0 0.546872 0.9995
0.592613 -0.0938607 -0 0.555472 0.976336
0.596713 -0.0627171 -0 0.546976 0.975395
0.596713 -0.0627171 -0 0.546976 0.975395
0.592613 -0.0938607 -0 0.555472 0.976336
0.795618 -0.0836228 -0 0.552065 0.904303
0.592613 -0.0938607 -0 0.555472 0.976336
0.790151 -0.125148 -0 0.562642 0.905405
0.795618 -0.0836228 -0 0.552065 0.904303
3.78332 -0.397643 1.96 0.560091 0.135617
3.75733 -0.595102 1.96 0.580764 0.136142
3.98223 -0.418549 2.56 0.556542 0.0583682
3.75733 -0.595102 1.96 0.580764 0.136142
3.95487 -0.626389 2.56 0.577058 0.0585992
3.98223 -0.418549 2.56 0.556542 0.0583682
0.531193 -0.0104672 -0 0.532317 1.00004
0.531193 -0.0209057 -0 0.535237 0.999979
0.531193 -0.0209344 -0 0.535245 0.999978
0.531193 -0.0209057 -0 0.535237 0.999979
0.531193 -0.0418114 -0 0.541079 0.999781
0.531193 -0.0209344 -0 0.535245 0.999978
0.531193 -0.0209344 -0 0.535245 0.999978
0.531193 -0.0418114 -0 0.541079 0.999781
0.599178 -0.0314016 -0 0.538422 0.974874
0.531193 -0.0418114 -0 0.541079 0.999781
0.596713 -0.0627171 -0 0.546976 0.975395
0.599178 -0.0314016 -0 0.538422 0.974874
0.599178 -0.0314016 -0 0.538422 0.974874
0.596713 -0.0627171 -0 0.546976 0.975395
0.798904 -0.0418688 -0 0.541418 0.903708
0.596713 -0.0627171 -0 0.546976 0.975395
0.795618 -0.0836228 -0 0.552065 0.904303
0.798904 -0.0418688 -0 0.541418 0.903708
3.79895 -0.199095 1.96 0.539378 0.135704
3.78332 -0.397643 1.96 0.560091 0.135617
3.99868 -0.209562 2.56 0.535995 0.0586751
3.78332 -0.397643 1.96 0.560091 0.135617
3.98223 -0.418549 2.56 0.556542 0.0583682
3.99868 -0.209562 2.56 0.535995 0.0586751
0.531193 -1.22465e-17 -0 0.529388 1.00009
0.531193 -0.0104672 -0 0.532317 1.00004
0.531193 -2.44929e-17 -0 0.529388 1.00009
0.531193 -0.0104672 -0 0.532317 1.00004
0.531193 -0.0209344 -0 0.535245 0.999978
0.531193 -2.44929e-17 -0 0.529388 1.00009
0.531193 -2.44929e-17 -0 0.529388 1.00009
0.531193 -0.0209344 -0 0.535245 0.999978
0.6 -3.67394e-17 -0 0.529831 0.974772
0.531193 -0.0209344 -0 0.535245 0.999978
0.599178 -0.0314016 -0 0.538422 0.974874
0.6 -3.67394e-17 -0 0.529831 0.974772
0.6 -3.67394e-17 -0 0.529831 0.974772
0.599178 -0.0314016 -0 0.538422 0.974874
0.8 -4.89859e-17 -0 0.530727 0.903617
0.599178 -0.0314016 -0 0.538422 0.974874
0.798904 -0.0418688 -0 0.541418 0.903708
0.8 -4.89859e-17 -0 0.530727 0.903617
3.80416 -2.32938e-16 1.96 0.518644 0.136403
3.79895 -0.199095 1.96 0.539378 0.135704
4.00416 -2.45184e-16 2.56 0.515429 0.0595207
3.79895 -0.199095 1.96 0.539378 0.135704
3.99868 -0.209562 2.56 0.535995 0.0586751
4.00416 -2.45184e-16 2.56 0.515429 0.0595207
0.531193 0.0104672 -0 0.526458 1.00011
0.531193 -1.22465e-17 -0 0.529388 1.00009
0.531193 0.0209344 -0 0.523527 1.00011
0.531193 -1.22465e-17 -0 0.529388 1.00009
0.531193 -2.44929e-17 -0 0.529388 1.00009
0.531193 0.0209344 -0 0.523527 1.00011
0.531193 0.0209344 -0 0.523527 1.00011
0.531193 -2.44929e-17 -0 0.529388 1.00009
0.599178 0.0314016 -0 0.521222 0.975089
0.531193 -2.44929e-17 -0 0.529388 1.00009
0.6 -3.67394e-17 -0 0.529831 0.974772
0.599178 0.0314016 -0 0.521222 0.975089
0.599178 0.0314016 -0 0.521222 0.975089
0.6 -3.67394e-17 -0 0.529831 0.974772
0.798904 0.0418688 -0 0.520015 0.90403
0.6 -3.67394e-17 -0 0.529831 0.974772
0.8 -4.89859e-17 -0 0.530727 0.903617
0.798904 0.0418688 -0 0.520015 0.90403
3.79895 0.199095 1.96 0.497907 0.137711
3.80416 -2.32938e-16 1.96 0.518644 0.136403
3.99868 0.209562 2.56 0.494861 0.0609026
3.80416 -2.32938e-16 1.96 0.518644 0.136403
4.00416 -2.45184e-16 2.56 0.515429 0.0595207
3.99868 0.209562 2.56 0.494861 0.0609026
0.531193 0.0209057 -0 0.523535 1.00011
0.531193 0.0104672 -0 0.526458 1.00011
0.531193 0.0418114 -0 0.517682 1.00004
0.531193 0.0104672 -0 0.526458 1.00011
0.531193 0.0209344 -0 0.523527 1.00011
0.531193 0.0418114 -0 0.517682 1.00004
0.531193 0.0418114 -0 0.517682 1.00004
0.531193 0.0209344 -0 0.523527 1.00011
0.596713 0.0627171 -0 0.512614 0.975822
0.531193 0.0209344 -0 0.523527 1.00011
0.599178 0.0314016 -0 0.521222 0.975089
0.596713 0.0627171 -0 0.512614 0.975822
0.596713 0.0627171 -0 0.512614 0.975822
0.599178 0.0314016 -0 0.521222 0.975089
0.795618 0.0836228 -0 0.509305 0.904946
0.599178 0.0314016 -0 0.521222 0.975089
0.798904 0.0418688 -0 0.520015 0.90403
0.795618 0.0836228 -0 0.509305 0.904946
3.78332 0.397643 1.96 0.477184 0.139626
3.79895 0.199095 1.96 0.497907 0.137711
3.98223 0.418549 2.56 0.474306 0.0628215
3.79895 0.199095 1.96 0.497907 0.137711
3.99868 0.209562 2.56 0.494861 0.0609026
3.98223 0.418549 2.56 0.474306 0.0628215
0.531193 0.0312869 -0 0.520629 1.00009
0.531193 0.0209057 -0 0.523535 1.00011
0.531193 0.0625738 -0 0.511872 0.999894
0.531193 0.0209057 -0 0.523535 1.00011
0.531193 0.0418114 -0 0.517682 1.00004
0.531193 0.0625738 -0 0.511872 0.999894
0.531193 0.0625738 -0 0.511872 0.999894
0.531193 0.0418114 -0 0.517682 1.00004
0.592613 0.0938607 -0 0.504028 0.976971
0.531193 0.0418114 -0 0.517682 1.00004
0.596713 0.0627171 -0 0.512614 0.975822
0.592613 0.0938607 -0 0.504028 0.976971
0.592613 0.0938607 -0 0.504028 0.976971
0.596713 0.0627171 -0 0.512614 0.975822
0.790151 0.125148 -0 0.498621 0.906361
0.596713 0.0627171 -0 0.512614 0.975822
0.795618 0.0836228 -0 0.509305 0.904946
0.790151 0.125148 -0 0.498621 0.906361
3.75733 0.595102 1.96 0.456493 0.142145
3.78332 0.397643 1.96 0.477184 0.139626
3.95487 0.626389 2.56 0.45378 0.0652744
3.78332 0.397643 1.96 0.477184 0.139626
3.98223 0.418549 2.56 0.474306 0.0628215
3.95487 0.626389 2.56 0.45378 0.0652744
0.531193 0.0415823 -0 0.517746 1.00005
0.531193 0.0312869 -0 0.520629 1.00009
0.531193 0.0831647 -0 0.506115 0.999658
0.531193 0.0312869 -0 0.520629 1.00009
0.531193 0.0625738 -0 0.511872 0.999894
0.531193 0.0831647 -0 0.506115 0.999658
0.531193 0.0831647 -0 0.506115 0.999658
0.531193 0.0625738 -0 0.511872 0.999894
0.586889 0.124747 -0 0.495484 0.978532
0.531193 0.0625738 -0 0.511872 0.999894
0.592613 0.0938607 -0 0.504028 0.976971
0.586889 0.124747 -0 0.495484 0.978532
0.586889 0.124747 -0 0.495484 0.978532
0.592613 0.0938607 -0 0.504028 0.976971
0.782518 0.166329 -0 0.487988 0.908275
0.592613 0.0938607 -0 0.504028 0.976971
0.790151 0.125148 -0 0.498621 0.906361
0.782518 0.166329 -0 0.487988 0.908275
3.72103 0.79093 1.96 0.435852 0.145264
3.75733 0.595102 1.96 0.456493 0.142145
3.91666 0.832512 2.56 0.433297 0.068258
3.75733 0.595102 1.96 0.456493 0.142145
3.95487 0.626389 2.56 0.45378 0.0652744
3.91666 0.832512 2.56 0.433297 0.068258
0.531193 0.0517638 -0 0.514896 0.999983
0.531193 0.0415823 -0 0.517746 1.00005
0.531193 0.103528 -0 0.50043 0.999343
0.531193 0.0415823 -0 0.517746 1.00005
0.531193 0.0831647 -0 0.506115 0.999658
0.531193 0.103528 -0 0.50043 0.999343
0.531193 0.103528 -0 0.50043 0.999343
0.531193 0.0831647 -0 0.506115 0.999658
0.579556 0.155291 -0 0.487001 0.980504
0.531193 0.0831647 -0 0.506115 0.999658
0.586889 0.124747 -0 0.495484 0.978532
0.579556 0.155291 -0 0.487001 0.980504
0.579556 0.155291 -0 0.487001 0.980504
0.586889 0.124747 -0 0.495484 0.978532
0.772741 0.207055 -0 0.477427 0.910682
0.586889 0.124747 -0 0.495484 0.978532
0.782518 0.166329 -0 0.487988 0.908275
0.772741 0.207055 -0 0.477427 0.910682
3.67454 0.98459 1.96 0.415279 0.148986
3.72103 0.79093 1.96 0.435852 0.145264
3.86772 1.03635 2.56 0.412874 0.0717713
3.72103 0.79093 1.96 0.435852 0.145264
3.91666 0.832512 2.56 0.433297 0.068258
3.86772 1.03635 2.56 0.412874 0.0717713
0.531193 0.0618034 -0 0.512087 0.999901
0.531193 0.0517638 -0 0.514896 0.999983
0.531193 0.123607 -0 0.494835 0.998953
0.531193 0.0517638 -0 0.514896 0.999983
0.531193 0.103528 -0 0.50043 0.999343
0.531193 0.123607 -0 0.494835 0.998953
0.531193 0.123607 -0 0.494835 0.998953
0.531193 0.103528 -0 0.50043 0.999343
0.570634 0.18541 -0 0.478598 0.982883
0.531193 0.103528 -0 0.50043 0.999343
0.579556 0.155291 -0 0.487001 0.980504
0.570634 0.18541 -0 0.478598 0.982883
0.570634 0.18541 -0 0.478598 0.982883
0.579556 0.155291 -0 0.487001 0.980504
0.760845 0.247214 -0 0.466964 0.91358
0.579556 0.155291 -0 0.487001 0.980504
0.772741 0.207055 -0 0.477427 0.910682
0.760845 0.247214 -0 0.466964 0.91358
3.61797 1.17555 1.96 0.394791 0.153304
3.67454 0.98459 1.96 0.415279 0.148986
3.80819 1.23735 2.56 0.392525 0.0758094
3.67454 0.98459 1.96 0.415279 0.148986
3.86772 1.03635 2.56 0.412874 0.0717713
3.80819 1.23735 2.56 0.392525 0.0758094
0.531193 0.0716736 -0 0.509327 0.999801
0.531193 0.0618034 -0 0.512087 0.999901
0.531193 0.143347 -0 0.489348 0.998492
0.531193 0.0618034 -0 0.512087 0.999901
0.531193 0.123607 -0 0.494835 0.998953
0.531193 0.143347 -0 0.489348 0.998492
0.531193 0.143347 -0 0.489348 0.998492
0.531193 0.123607 -0 0.494835 0.998953
0.560148 0.215021 -0 0.470295 0.985667
0.531193 0.123607 -0 0.494835 0.998953
0.570634 0.18541 -0 0.478598 0.982883
0.560148 0.215021 -0 0.470295 0.985667
0.560148 0.215021 -0 0.470295 0.985667
0.570634 0.18541 -0 0.478598 0.982883
0.746864 0.286694 -0 0.45662 0.916965
0.570634 0.18541 -0 0.478598 0.982883
0.760845 0.247214 -0 0.466964 0.91358
0.746864 0.286694 -0 0.45662 0.916965
3.55149 1.36329 1.96 0.374406 0.158218
3.61797 1.17555 1.96 0.394791 0.153304
3.73821 1.43496 2.56 0.372264 0.0803689
3.61797 1.17555 1.96 0.394791 0.153304
3.80819 1.23735 2.56 0.392525 0.0758094
3.73821 1.43496 2.56 0.372264 0.0803689
0.531193 0.0813473 -0 0.506623 0.999683
0.531193 0.0716736 -0 0.509327 0.999801
0.531193 0.162695 -0 0.483984 0.997967
0.531193 0.0716736 -0 0.509327 0.999801
0.531193 0.143347 -0 0.489348 0.998492
0.531193 0.162695 -0 0.483984 0.997967
0.531193 0.162695 -0 0.483984 0.997967
0.531193 0.143347 -0 0.489348 0.998492
0.548127 0.244042 -0 0.46211 0.988852
0.531193 0.143347 -0 0.489348 0.998492
0.560148 0.215021 -0 0.470295 0.985667
0.548127 0.244042 -0 0.46211 0.988852
0.548127 0.244042 -0 0.46211 0.988852
0.560148 0.215021 -0 0.470295 0.985667
0.730836 0.325389 -0 0.44642 0.920834
0.560148 0.215021 -0 0.470295 0.985667
0.746864 0.286694 -0 0.45662 0.916965
0.730836 0.325389 -0 0.44642 0.920834
3.47528 1.54729 1.96 0.35414 0.163726
3.55149 1.36329 1.96 0.374406 0.158218
3.65798 1.62864 2.56 0.352103 0.0854447
3.55149 1.36329 1.96 0.374406 0.158218
3.73821 1.43496 2.56 0.372264 0.0803689
3.65798 1.62864 2.56 0.352103 0.0854447
0.531193 0.0907981 -0 0.503983 0.99955
0.531193 0.0813473 -0 0.506623 0.999683
0.531193 0.181596 -0 0.478761 0.997385
0.531193 0.0813473 -0 0.506623 0.999683
0.531193 0.162695 -0 0.483984 0.997967
0.531193 0.181596 -0 0.478761 0.997385
0.531193 0.181596 -0 0.478761 0.997385
0.531193 0.162695 -0 0.483984 0.997967
0.534604 0.272394 -0 0.454064 0.992432
0.531193 0.162695 -0 0.483984 0.997967
0.548127 0.244042 -0 0.46211 0.988852
0.534604 0.272394 -0 0.454064 0.992432
0.534604 0.272394 -0 0.454064 0.992432
0.548127 0.244042 -0 0.46211 0.988852
0.712805 0.363192 -0 0.436385 0.92518
0.548127 0.244042 -0 0.46211 0.988852
0.730836 0.325389 -0 0.44642 0.920834
0.712805 0.363192 -0 0.436385 0.92518
3.38953 1.72705 1.96 0.334009 0.169825
3.47528 1.54729 1.96 0.35414 0.163726
3.56774 1.81785 2.56 0.332056 0.0910312
3.47528 1.54729 1.96 0.35414 0.163726
3.65798 1.62864 2.56 0.352103 0.0854447
3.56774 1.81785 2.56 0.332056 0.0910312
0.531193 0.1 -0 0.501414 0.999404
0.531193 0.0907981 -0 0.503983 0.99955
0.531193 0.2 -0 0.473693 0.996753
0.531193 0.0907981 -0 0.503983 0.99955
0.531193 0.181596 -0 0.478761 0.997385
0.531193 0.2 -0 0.473693 0.996753
0.531193 0.2 -0 0.473693 0.996753
0.531193 0.181596 -0 0.478761 0.997385
0.531193 0.3 -0 0.446541 0.99224
0.531193 0.181596 -0 0.478761 0.997385
0.534604 0.272394 -0 0.454064 0.992432
0.531193 0.3 -0 0.446541 0.99224
0.531193 0.3 -0 0.446541 0.99224
0.534604 0.272394 -0 0.454064 0.992432
0.69282 0.4 -0 0.426537 0.93
0.534604 0.272394 -0 0.454064 0.992432
0.712805 0.363192 -0 0.436385 0.92518
0.69282 0.4 -0 0.426537 0.93
0.69282 0.4 -0 0.426537 0.93
0.712805 0.363192 -0 0.436385 0.92518
0.866025 0.5 -0 0.410277 0.867773
0.712805 0.363192 -0 0.436385 0.92518
0.891007 0.453991 -0 0.421725 0.862275
0.866025 0.5 -0 0.410277 0.867773
0.866025 0.5 -0 0.410277 0.867773
0.891007 0.453991 -0 0.421725 0.862275
1.03923 0.6 -0 0.397103 0.811102
3.2945 1.90208 1.96 0.314029 0.176511
3.38953 1.72705 1.96 0.334009 0.169825
3.46771 2.00208 2.56 0.312132 0.0971235
3.38953 1.72705 1.96 0.334009 0.169825
3.56774 1.81785 2.56 0.332056 0.0910312
3.46771 2.00208 2.56 0.312132 0.0971235
0.531193 0.108928 -0 0.498924 0.999246
0.531193 0.1 -0 0.501414 0.999404
0.531193 0.217856 -0 0.468795 0.99608
0.531193 0.1 -0 0.501414 0.999404
0.531193 0.2 -0 0.473693 0.996753
0.531193 0.217856 -0 0.468795 0.99608
0.531193 0.217856 -0 0.468795 0.99608
0.531193 0.2 -0 0.473693 0.996753
0.531193 0.326783 -0 0.439403 0.990736
0.531193 0.2 -0 0.473693 0.996753
0.531193 0.3 -0 0.446541 0.99224
0.531193 0.326783 -0 0.439403 0.990736
0.531193 0.326783 -0 0.439403 0.990736
0.531193 0.3 -0 0.446541 0.99224
0.670936 0.435711 -0 0.416898 0.935288
0.531193 0.3 -0 0.446541 0.99224
0.69282 0.4 -0 0.426537 0.93
0.670936 0.435711 -0 0.416898 0.935288
0.670936 0.435711 -0 0.416898 0.935288
0.69282 0.4 -0 0.426537 0.93
0.838671 0.544639 -0 0.399062 0.873801
0.69282 0.4 -0 0.426537 0.93
0.866025 0.5 -0 0.410277 0.867773
0.838671 0.544639 -0 0.399062 0.873801
0.838671 0.544639 -0 0.399062 0.873801
0.866025 0.5 -0 0.410277 0.867773
1.0064 0.653567 -0 0.38462 0.817708
0.866025 0.5 -0 0.410277 0.867773
1.03923 0.6 -0 0.397103 0.811102
1.0064 0.653567 -0 0.38462 0.817708
1.0064 0.653567 -0 0.38462 0.817708
1.03923 0.6 -0 0.397103 0.811102
1.17414 0.762495 -0 0.373069 0.767595
1.03923 0.6 -0 0.397103 0.811102
1.21244 0.7 -0 0.386561 0.760551
1.17414 0.762495 -0 0.373069 0.767595
1.17414 0.762495 -0 0.373069 0.767595
1.21244 0.7 -0 0.386561 0.760551
1.34187 0.871422 -0 0.363869 0.723416
1.21244 0.7 -0 0.386561 0.760551
1.38564 0.8 -0 0.378162 0.71605
1.34187 0.871422 -0 0.363869 0.723416
1.34187 0.871422 -0 0.363869 0.723416
1.38564 0.8 -0 0.378162 0.71605
1.50961 0.98035 -0 0.35653 0.684742
1.38564 0.8 -0 0.378162 0.71605
1.55885 0.9 -0 0.371461 0.677151
1.50961 0.98035 -0 0.35653 0.684742
1.50961 0.98035 -0 0.35653 0.684742
1.55885 0.9 -0 0.371461 0.677151
1.67734 1.08928 -0 0.350645 0.650972
1.55885 0.9 -0 0.371461 0.677151
1.73205 1 -0 0.366083 0.643229
1.67734 1.08928 -0 0.350645 0.650972
1.67734 1.08928 -0 0.350645 0.650972
1.73205 1 -0 0.366083 0.643229
1.84508 1.19821 -0 0.345887 0.621469
1.73205 1 -0 0.366083 0.643229
1.90526 1.1 -0 0.361733 0.613627
1.84508 1.19821 -0 0.345887 0.621469
1.84508 1.19821 -0 0.345887 0.621469
1.90526 1.1 -0 0.361733 0.613627
2.18404 1.41833 0.04 0.337263 0.565565
1.90526 1.1 -0 0.361733 0.613627
2.25527 1.30208 0.04 0.353841 0.557599
2.18404 1.41833 0.04 0.337263 0.565565
2.18404 1.41833 0.04 0.337263 0.565565
2.25527 1.30208 0.04 0.353841 0.557599
2.35177 1.52726 0.16 0.330637 0.525329
2.25527 1.30208 0.04 0.353841 0.557599
2.42848 1.40208 0.16 0.347774 0.517287
2.35177 1.52726 0.16 0.330637 0.525329
2.35177 1.52726 0.16 0.330637 0.525329
2.42848 1.40208 0.16 0.347774 0.517287
2.5195 1.63618 0.36 0.322659 0.474443
3.19044 2.0719 1.96 0.294211 0.183777
3.2945 1.90208 1.96 0.314029 0.176511
3.35817 2.18082 2.56 0.29234 0.103714
3.2945 1.90208 1.96 0.314029 0.176511
3.46771 2.00208 2.56 0.312132 0.0971235
3.35817 2.18082 2.56 0.29234 0.103714
0.531193 0.117557 -0 0.49652 0.999079
0.531193 0.108928 -0 0.498924 0.999246
0.531193 0.235114 -0 0.464079 0.995373
0.531193 0.108928 -0 0.498924 0.999246
0.531193 0.217856 -0 0.468795 0.99608
0.531193 0.235114 -0 0.464079 0.995373
0.531193 0.235114 -0 0.464079 0.995373
0.531193 0.217856 -0 0.468795 0.99608
0.531193 0.352671 -0 0.432566 0.989169
0.531193 0.217856 -0 0.468795 0.99608
0.531193 0.326783 -0 0.439403 0.990736
0.531193 0.352671 -0 0.432566 0.989169
0.531193 0.352671 -0 0.432566 0.989169
0.531193 0.326783 -0 0.439403 0.990736
0.647214 0.470228 -0 0.407488 0.941041
0.531193 0.326783 -0 0.439403 0.990736
0.670936 0.435711 -0 0.416898 0.935288
0.647214 0.470228 -0 0.407488 0.941041
0.647214 0.470228 -0 0.407488 0.941041
0.670936 0.435711 -0 0.416898 0.935288
0.809017 0.587785 -0 0.388103 0.880356
0.670936 0.435711 -0 0.416898 0.935288
0.838671 0.544639 -0 0.399062 0.873801
0.809017 0.587785 -0 0.388103 0.880356
0.809017 0.587785 -0 0.388103 0.880356
0.838671 0.544639 -0 0.399062 0.873801
0.97082 0.705342 -0 0.37241 0.824889
0.838671 0.544639 -0 0.399062 0.873801
1.0064 0.653567 -0 0.38462 0.817708
0.97082 0.705342 -0 0.37241 0.824889
0.97082 0.705342 -0 0.37241 0.824889
1.0064 0.653567 -0 0.38462 0.817708
1.13262 0.822899 -0 0.359857 0.77525
1.0064 0.653567 -0 0.38462 0.817708
1.17414 0.762495 -0 0.373069 0.767595
1.13262 0.822899 -0 0.359857 0.77525
1.13262 0.822899 -0 0.359857 0.77525
1.17414 0.762495 -0 0.373069 0.767595
1.29443 0.940456 -0 0.349859 0.731416
1.17414 0.762495 -0 0.373069 0.767595
1.34187 0.871422 -0 0.363869 0.723416
1.29443 0.940456 -0 0.349859 0.731416
1.29443 0.940456 -0 0.349859 0.731416
1.34187 0.871422 -0 0.363869 0.723416
1.45623 1.05801 -0 0.341882 0.692988
1.34187 0.871422 -0 0.363869 0.723416
1.50961 0.98035 -0 0.35653 0.684742
1.45623 1.05801 -0 0.341882 0.692988
1.45623 1.05801 -0 0.341882 0.692988
1.50961 0.98035 -0 0.35653 0.684742
1.61803 1.17557 -0 0.335484 0.659386
1.50961 0.98035 -0 0.35653 0.684742
1.67734 1.08928 -0 0.350645 0.650972
1.61803 1.17557 -0 0.335484 0.659386
1.61803 1.17557 -0 0.335484 0.659386
1.67734 1.08928 -0 0.350645 0.650972
1.77984 1.29313 -0 0.330314 0.629992
1.67734 1.08928 -0 0.350645 0.650972
1.84508 1.19821 -0 0.345887 0.621469
1.77984 1.29313 -0 0.330314 0.629992
1.77984 1.29313 -0 0.330314 0.629992
1.84508 1.19821 -0 0.345887 0.621469
2.10681 1.53069 0.04 0.320947 0.574227
1.84508 1.19821 -0 0.345887 0.621469
2.18404 1.41833 0.04 0.337263 0.565565
2.10681 1.53069 0.04 0.320947 0.574227
2.10681 1.53069 0.04 0.320947 0.574227
2.18404 1.41833 0.04 0.337263 0.565565
2.26862 1.64825 0.16 0.313758 0.534077
2.18404 1.41833 0.04 0.337263 0.565565
2.35177 1.52726 0.16 0.330637 0.525329
2.26862 1.64825 0.16 0.313758 0.534077
2.26862 1.64825 0.16 0.313758 0.534077
2.35177 1.52726 0.16 0.330637 0.525329
2.43042 1.7658 0.36 0.305116 0.483253
2.35177 1.52726 0.16 0.330637 0.525329
2.5195 1.63618 0.36 0.322659 0.474443
2.43042 1.7658 0.36 0.305116 0.483253
2.43042 1.7658 0.36 0.305116 0.483253
2.5195 1.63618 0.36 0.322659 0.474443
2.59222 1.88336 0.64 0.295824 0.421928
2.5195 1.63618 0.36 0.322659 0.474443
2.68724 1.74511 0.64 0.31406 0.413124
2.59222 1.88336 0.64 0.295824 0.421928
2.59222 1.88336 0.64 0.295824 0.421928
2.68724 1.74511 0.64 0.31406 0.413124
2.75403 2.00092 1 0.286897 0.351106
2.68724 1.74511 0.64 0.31406 0.413124
2.85497 1.85404 1 0.305773 0.342427
2.75403 2.00092 1 0.286897 0.351106
2.75403 2.00092 1 0.286897 0.351106
2.85497 1.85404 1 0.305773 0.342427
2.91583 2.11847 1.44 0.279481 0.273122
2.85497 1.85404 1 0.305773 0.342427
3.02271 1.96297 1.44 0.29885 0.264747
2.91583 2.11847 1.44 0.279481 0.273122
2.91583 2.11847 1.44 0.279481 0.273122
3.02271 1.96297 1.44 0.29885 0.264747
3.07763 2.23603 1.96 0.274569 0.191622
3.02271 1.96297 1.44 0.29885 0.264747
3.19044 2.0719 1.96 0.294211 0.183777
3.07763 2.23603 1.96 0.274569 0.191622
3.07763 2.23603 1.96 0.274569 0.191622
3.19044 2.0719 1.96 0.294211 0.183777
3.23944 2.35359 2.56 0.272688 0.110796
3.19044 2.0719 1.96 0.294211 0.183777
3.35817 2.18082 2.56 0.29234 0.103714
3.23944 2.35359 2.56 0.272688 0.110796
0.531193 0.125864 -0 0.494207 0.998904
0.531193 0.117557 -0 0.49652 0.999079
0.531193 0.251728 -0 0.459558 0.994642
0.531193 0.117557 -0 0.49652 0.999079
0.531193 0.235114 -0 0.464079 0.995373
0.531193 0.251728 -0 0.459558 0.994642
0.531193 0.251728 -0 0.459558 0.994642
0.531193 0.235114 -0 0.464079 0.995373
0.531193 0.377592 -0 0.426047 0.987561
0.531193 0.235114 -0 0.464079 0.995373
0.531193 0.352671 -0 0.432566 0.989169
0.531193 0.377592 -0 0.426047 0.987561
0.531193 0.377592 -0 0.426047 0.987561
0.531193 0.352671 -0 0.432566 0.989169
0.621717 0.503456 -0 0.398329 0.947252
0.531193 0.352671 -0 0.432566 0.989169
0.647214 0.470228 -0 0.407488 0.941041
0.621717 0.503456 -0 0.398329 0.947252
0.621717 0.503456 -0 0.398329 0.947252
0.647214 0.470228 -0 0.407488 0.941041
0.777146 0.62932 -0 0.377423 0.887432
0.647214 0.470228 -0 0.407488 0.941041
0.809017 0.587785 -0 0.388103 0.880356
0.777146 0.62932 -0 0.377423 0.887432
0.777146 0.62932 -0 0.377423 0.887432
0.809017 0.587785 -0 0.388103 0.880356
0.932575 0.755184 -0 0.360497 0.832638
0.809017 0.587785 -0 0.388103 0.880356
0.97082 0.705342 -0 0.37241 0.824889
0.932575 0.755184 -0 0.360497 0.832638
0.932575 0.755184 -0 0.360497 0.832638
0.97082 0.705342 -0 0.37241 0.824889
1.088 0.881049 -0 0.346952 0.783508
0.97082 0.705342 -0 0.37241 0.824889
1.13262 0.822899 -0 0.359857 0.77525
1.088 0.881049 -0 0.346952 0.783508
1.088 0.881049 -0 0.346952 0.783508
1.13262 0.822899 -0 0.359857 0.77525
1.24343 1.00691 -0 0.336157 0.740047
1.13262 0.822899 -0 0.359857 0.77525
1.29443 0.940456 -0 0.349859 0.731416
1.24343 1.00691 -0 0.336157 0.740047
1.24343 1.00691 -0 0.336157 0.740047
1.29443 0.940456 -0 0.349859 0.731416
1.39886 1.13278 -0 0.327541 0.701884
1.29443 0.940456 -0 0.349859 0.731416
1.45623 1.05801 -0 0.341882 0.692988
1.39886 1.13278 -0 0.327541 0.701884
1.39886 1.13278 -0 0.327541 0.701884
1.45623 1.05801 -0 0.341882 0.692988
1.55429 1.25864 -0 0.320629 0.668464
1.45623 1.05801 -0 0.341882 0.692988
1.61803 1.17557 -0 0.335484 0.659386
1.55429 1.25864 -0 0.320629 0.668464
1.55429 1.25864 -0 0.320629 0.668464
1.61803 1.17557 -0 0.335484 0.659386
1.70972 1.3845 -0 0.31504 0.639192
1.61803 1.17557 -0 0.335484 0.659386
1.77984 1.29313 -0 0.330314 0.629992
1.70972 1.3845 -0 0.31504 0.639192
1.70972 1.3845 -0 0.31504 0.639192
1.77984 1.29313 -0 0.330314 0.629992
2.02381 1.63885 0.04 0.304922 0.583583
1.77984 1.29313 -0 0.330314 0.629992
2.10681 1.53069 0.04 0.320947 0.574227
2.02381 1.63885 0.04 0.304922 0.583583
2.02381 1.63885 0.04 0.304922 0.583583
2.10681 1.53069 0.04 0.320947 0.574227
2.17924 1.76472 0.16 0.297164 0.543527
2.10681 1.53069 0.04 0.320947 0.574227
2.26862 1.64825 0.16 0.313758 0.534077
2.17924 1.76472 0.16 0.297164 0.543527
2.17924 1.76472 0.16 0.297164 0.543527
2.26862 1.64825 0.16 0.313758 0.534077
2.33467 1.89058 0.36 0.28785 0.492771
2.26862 1.64825 0.16 0.313758 0.534077
2.43042 1.7658 0.36 0.305116 0.483253
2.33467 1.89058 0.36 0.28785 0.492771
2.33467 1.89058 0.36 0.28785 0.492771
2.43042 1.7658 0.36 0.305116 0.483253
2.4901 2.01645 0.64 0.277852 0.431436
2.43042 1.7658 0.36 0.305116 0.483253
2.59222 1.88336 0.64 0.295824 0.421928
2.4901 2.01645 0.64 0.277852 0.431436
2.4901 2.01645 0.64 0.277852 0.431436
2.59222 1.88336 0.64 0.295824 0.421928
2.64553 2.14231 1 0.268269 0.360468
2.59222 1.88336 0.64 0.295824 0.421928
2.75403 2.00092 1 0.286897 0.351106
2.64553 2.14231 1 0.268269 0.360468
2.64553 2.14231 1 0.268269 0.360468
2.75403 2.00092 1 0.286897 0.351106
2.80096 2.26817 1.44 0.26033 0.282137
2.75403 2.00092 1 0.286897 0.351106
2.91583 2.11847 1.44 0.279481 0.273122
2.80096 2.26817 1.44 0.26033 0.282137
2.80096 2.26817 1.44 0.26033 0.282137
2.91583 2.11847 1.44 0.279481 0.273122
2.95639 2.39404 1.96 0.255109 0.200039
2.91583 2.11847 1.44 0.279481 0.273122
3.07763 2.23603 1.96 0.274569 0.191622
2.95639 2.39404 1.96 0.255109 0.200039
2.95639 2.39404 1.96 0.255109 0.200039
3.07763 2.23603 1.96 0.274569 0.191622
3.11182 2.5199 2.56 0.253179 0.118362
3.07763 2.23603 1.96 0.274569 0.191622
3.23944 2.35359 2.56 0.272688 0.110796
3.11182 2.5199 2.56 0.253179 0.118362
0.531193 0.133826 -0 0.491993 0.998724
0.531193 0.125864 -0 0.494207 0.998904
0.531193 0.267652 -0 0.455244 0.993894
0.531193 0.125864 -0 0.494207 0.998904
0.531193 0.251728 -0 0.459558 0.994642
0.531193 0.267652 -0 0.455244 0.993894
0.531193 0.267652 -0 0.455244 0.993894
0.531193 0.251728 -0 0.459558 0.994642
0.531193 0.401478 -0 0.419859 0.985931
0.531193 0.251728 -0 0.459558 0.994642
0.531193 0.377592 -0 0.426047 0.987561
0.531193 0.401478 -0 0.419859 0.985931
0.531193 0.401478 -0 0.419859 0.985931
0.531193 0.377592 -0 0.426047 0.987561
0.594516 0.535304 -0 0.389441 0.953917
0.531193 0.377592 -0 0.426047 0.987561
0.621717 0.503456 -0 0.398329 0.947252
0.594516 0.535304 -0 0.389441 0.953917
0.594516 0.535304 -0 0.389441 0.953917
0.621717 0.503456 -0 0.398329 0.947252
0.743145 0.669131 -0 0.367044 0.895025
0.621717 0.503456 -0 0.398329 0.947252
0.777146 0.62932 -0 0.377423 0.887432
0.743145 0.669131 -0 0.367044 0.895025
0.743145 0.669131 -0 0.367044 0.895025
0.777146 0.62932 -0 0.377423 0.887432
0.891774 0.802957 -0 0.348903 0.840951
0.777146 0.62932 -0 0.377423 0.887432
0.932575 0.755184 -0 0.360497 0.832638
0.891774 0.802957 -0 0.348903 0.840951
0.891774 0.802957 -0 0.348903 0.840951
0.932575 0.755184 -0 0.360497 0.832638
1.0404 0.936783 -0 0.334376 0.792365
0.932575 0.755184 -0 0.360497 0.832638
1.088 0.881049 -0 0.346952 0.783508
1.0404 0.936783 -0 0.334376 0.792365
1.0404 0.936783 -0 0.334376 0.792365
1.088 0.881049 -0 0.346952 0.783508
1.18903 1.07061 -0 0.32279 0.749305
1.088 0.881049 -0 0.346952 0.783508
1.24343 1.00691 -0 0.336157 0.740047
1.18903 1.07061 -0 0.32279 0.749305
1.18903 1.07061 -0 0.32279 0.749305
1.24343 1.00691 -0 0.336157 0.740047
1.33766 1.20444 -0 0.313535 0.711427
1.24343 1.00691 -0 0.336157 0.740047
1.39886 1.13278 -0 0.327541 0.701884
1.33766 1.20444 -0 0.313535 0.711427
1.33766 1.20444 -0 0.313535 0.711427
1.39886 1.13278 -0 0.327541 0.701884
1.48629 1.33826 -0 0.306104 0.678206
1.39886 1.13278 -0 0.327541 0.701884
1.55429 1.25864 -0 0.320629 0.668464
1.48629 1.33826 -0 0.306104 0.678206
1.48629 1.33826 -0 0.306104 0.678206
1.55429 1.25864 -0 0.320629 0.668464
1.63492 1.47209 -0 0.300093 0.649066
1.55429 1.25864 -0 0.320629 0.668464
1.70972 1.3845 -0 0.31504 0.639192
1.63492 1.47209 -0 0.300093 0.649066
1.63492 1.47209 -0 0.300093 0.649066
1.70972 1.3845 -0 0.31504 0.639192
1.93527 1.74253 0.04 0.289209 0.59363
1.70972 1.3845 -0 0.31504 0.639192
2.02381 1.63885 0.04 0.304922 0.583583
1.93527 1.74253 0.04 0.289209 0.59363
1.93527 1.74253 0.04 0.289209 0.59363
2.02381 1.63885 0.04 0.304922 0.583583
2.0839 1.87635 0.16 0.280877 0.553679
2.02381 1.63885 0.04 0.304922 0.583583
2.17924 1.76472 0.16 0.297164 0.543527
2.0839 1.87635 0.16 0.280877 0.553679
2.0839 1.87635 0.16 0.280877 0.553679
2.17924 1.76472 0.16 0.297164 0.543527
2.23253 2.01018 0.36 0.270883 0.502995
2.17924 1.76472 0.16 0.297164 0.543527
2.33467 1.89058 0.36 0.28785 0.492771
2.23253 2.01018 0.36 0.270883 0.502995
2.23253 2.01018 0.36 0.270883 0.502995
2.33467 1.89058 0.36 0.28785 0.492771
2.38116 2.144 0.64 0.260166 0.441647
2.33467 1.89058 0.36 0.28785 0.492771
2.4901 2.01645 0.64 0.277852 0.431436
2.38116 2.144 0.64 0.260166 0.441647
2.38116 2.144 0.64 0.260166 0.441647
2.4901 2.01645 0.64 0.277852 0.431436
2.52979 2.27783 1 0.249902 0.370512
2.4901 2.01645 0.64 0.277852 0.431436
2.64553 2.14231 1 0.268269 0.360468
2.52979 2.27783 1 0.249902 0.370512
2.52979 2.27783 1 0.249902 0.370512
2.64553 2.14231 1 0.268269 0.360468
2.67842 2.41166 1.44 0.241409 0.291789
2.64553 2.14231 1 0.268269 0.360468
2.80096 2.26817 1.44 0.26033 0.282137
2.67842 2.41166 1.44 0.241409 0.291789
2.67842 2.41166 1.44 0.241409 0.291789
2.80096 2.26817 1.44 0.26033 0.282137
2.82704 2.54548 1.96 0.235838 0.209023
2.80096 2.26817 1.44 0.26033 0.282137
2.95639 2.39404 1.96 0.255109 0.200039
2.82704 2.54548 1.96 0.235838 0.209023
2.82704 2.54548 1.96 0.235838 0.209023
2.95639 2.39404 1.96 0.255109 0.200039
2.97567 2.67931 2.56 0.233815 0.126405
2.95639 2.39404 1.96 0.255109 0.200039
3.11182 2.5199 2.56 0.253179 0.118362
2.97567 2.67931 2.56 0.233815 0.126405
0.531193 0.141421 -0 0.489883 0.99854
0.531193 0.133826 -0 0.491993 0.998724
0.531193 0.282843 -0 0.451147 0.99314
0.531193 0.133826 -0 0.491993 0.998724
0.531193 0.267652 -0 0.455244 0.993894
0.531193 0.282843 -0 0.451147 0.99314
0.531193 0.282843 -0 0.451147 0.99314
0.531193 0.267652 -0 0.455244 0.993894
0.531193 0.424264 -0 0.414014 0.984297
0.531193 0.267652 -0 0.455244 0.993894
0.531193 0.401478 -0 0.419859 0.985931
0.531193 0.424264 -0 0.414014 0.984297
0.531193 0.424264 -0 0.414014 0.984297
0.531193 0.401478 -0 0.419859 0.985931
0.565685 0.565685 -0 0.380841 0.961031
0.531193 0.401478 -0 0.419859 0.985931
0.594516 0.535304 -0 0.389441 0.953917
0.565685 0.565685 -0 0.380841 0.961031
0.565685 0.565685 -0 0.380841 0.961031
0.594516 0.535304 -0 0.389441 0.953917
0.707107 0.707107 -0 0.356986 0.903129
0.594516 0.535304 -0 0.389441 0.953917
0.743145 0.669131 -0 0.367044 0.895025
0.707107 0.707107 -0 0.356986 0.903129
0.707107 0.707107 -0 0.356986 0.903129
0.743145 0.669131 -0 0.367044 0.895025
0.848528 0.848528 -0 0.337651 0.849823
0.743145 0.669131 -0 0.367044 0.895025
0.891774 0.802957 -0 0.348903 0.840951
0.848528 0.848528 -0 0.337651 0.849823
0.848528 0.848528 -0 0.337651 0.849823
0.891774 0.802957 -0 0.348903 0.840951
0.98995 0.98995 -0 0.322154 0.801818
0.891774 0.802957 -0 0.348903 0.840951
1.0404 0.936783 -0 0.334376 0.792365
0.98995 0.98995 -0 0.322154 0.801818
0.98995 0.98995 -0 0.322154 0.801818
1.0404 0.936783 -0 0.334376 0.792365
1.13137 1.13137 -0 0.309781 0.759186
1.0404 0.936783 -0 0.334376 0.792365
1.18903 1.07061 -0 0.32279 0.749305
1.13137 1.13137 -0 0.309781 0.759186
1.13137 1.13137 -0 0.309781 0.759186
1.18903 1.07061 -0 0.32279 0.749305
1.27279 1.27279 -0 0.299886 0.721615
1.18903 1.07061 -0 0.32279 0.749305
1.33766 1.20444 -0 0.313535 0.711427
1.27279 1.27279 -0 0.299886 0.721615
1.27279 1.27279 -0 0.299886 0.721615
1.33766 1.20444 -0 0.313535 0.711427
1.41421 1.41421 -0 0.291933 0.688608
1.33766 1.20444 -0 0.313535 0.711427
1.48629 1.33826 -0 0.306104 0.678206
1.41421 1.41421 -0 0.291933 0.688608
1.41421 1.41421 -0 0.291933 0.688608
1.48629 1.33826 -0 0.306104 0.678206
1.55563 1.55563 -0 0.285495 0.659613
1.48629 1.33826 -0 0.306104 0.678206
1.63492 1.47209 -0 0.300093 0.649066
1.55563 1.55563 -0 0.285495 0.659613
1.55563 1.55563 -0 0.285495 0.659613
1.63492 1.47209 -0 0.300093 0.649066
1.84142 1.84142 0.04 0.273832 0.604368
1.63492 1.47209 -0 0.300093 0.649066
1.93527 1.74253 0.04 0.289209 0.59363
1.84142 1.84142 0.04 0.273832 0.604368
1.84142 1.84142 0.04 0.273832 0.604368
1.93527 1.74253 0.04 0.289209 0.59363
1.98284 1.98284 0.16 0.26492 0.564531
1.93527 1.74253 0.04 0.289209 0.59363
2.0839 1.87635 0.16 0.280877 0.553679
1.98284 1.98284 0.16 0.26492 0.564531
1.98284 1.98284 0.16 0.26492 0.564531
2.0839 1.87635 0.16 0.280877 0.553679
2.12426 2.12426 0.36 0.254236 0.513926
2.0839 1.87635 0.16 0.280877 0.553679
2.23253 2.01018 0.36 0.270883 0.502995
2.12426 2.12426 0.36 0.254236 0.513926
2.12426 2.12426 0.36 0.254236 0.513926
2.23253 2.01018 0.36 0.270883 0.502995
2.26569 2.26569 0.64 0.24278 0.45256
2.23253 2.01018 0.36 0.270883 0.502995
2.38116 2.144 0.64 0.260166 0.441647
2.26569 2.26569 0.64 0.24278 0.45256
2.26569 2.26569 0.64 0.24278 0.45256
2.38116 2.144 0.64 0.260166 0.441647
2.40711 2.40711 1 0.23181 0.381235
2.38116 2.144 0.64 0.260166 0.441647
2.52979 2.27783 1 0.249902 0.370512
2.40711 2.40711 1 0.23181 0.381235
2.40711 2.40711 1 0.23181 0.381235
2.52979 2.27783 1 0.249902 0.370512
2.54853 2.54853 1.44 0.222726 0.302075
2.52979 2.27783 1 0.249902 0.370512
2.67842 2.41166 1.44 0.241409 0.291789
2.54853 2.54853 1.44 0.222726 0.302075
2.54853 2.54853 1.44 0.222726 0.302075
2.67842 2.41166 1.44 0.241409 0.291789
2.68995 2.68995 1.96 0.216761 0.21857
2.67842 2.41166 1.44 0.241409 0.291789
2.82704 2.54548 1.96 0.235838 0.209023
2.68995 2.68995 1.96 0.216761 0.21857
2.68995 2.68995 1.96 0.216761 0.21857
2.82704 2.54548 1.96 0.235838 0.209023
2.83137 2.83137 2.56 0.214596 0.134919
2.82704 2.54548 1.96 0.235838 0.209023
2.97567 2.67931 2.56 0.233815 0.126405
2.83137 2.83137 2.56 0.214596 0.134919
0.531193 0.148629 -0 0.487882 0.998355
0.531193 0.141421 -0 0.489883 0.99854
0.531193 0.297258 -0 0.447276 0.992387
0.531193 0.141421 -0 0.489883 0.99854
0.531193 0.282843 -0 0.451147 0.99314
0.531193 0.297258 -0 0.447276 0.992387
0.531193 0.297258 -0 0.447276 0.992387
0.531193 0.282843 -0 0.451147 0.99314
0.531193 0.445887 -0 0.408522 0.982679
0.531193 0.282843 -0 0.451147 0.99314
0.531193 0.424264 -0 0.414014 0.984297
0.531193 0.445887 -0 0.408522 0.982679
0.531193 0.445887 -0 0.408522 0.982679
0.531193 0.424264 -0 0.414014 0.984297
0.535304 0.594516 -0 0.372549 0.968589
0.531193 0.424264 -0 0.414014 0.984297
0.565685 0.565685 -0 0.380841 0.961031
0.535304 0.594516 -0 0.372549 0.968589
0.535304 0.594516 -0 0.372549 0.968589
0.565685 0.565685 -0 0.380841 0.961031
0.669131 0.743145 -0 0.34727 0.911741
0.565685 0.565685 -0 0.380841 0.961031
0.707107 0.707107 -0 0.356986 0.903129
0.669131 0.743145 -0 0.34727 0.911741
0.669131 0.743145 -0 0.34727 0.911741
0.707107 0.707107 -0 0.356986 0.903129
0.802957 0.891774 -0 0.326762 0.859252
0.707107 0.707107 -0 0.356986 0.903129
0.848528 0.848528 -0 0.337651 0.849823
0.802957 0.891774 -0 0.326762 0.859252
0.802957 0.891774 -0 0.326762 0.859252
0.848528 0.848528 -0 0.337651 0.849823
0.936783 1.0404 -0 0.310306 0.811865
0.848528 0.848528 -0 0.337651 0.849823
0.98995 0.98995 -0 0.322154 0.801818
0.936783 1.0404 -0 0.310306 0.811865
0.936783 1.0404 -0 0.310306 0.811865
0.98995 0.98995 -0 0.322154 0.801818
1.07061 1.18903 -0 0.29715 0.769688
0.98995 0.98995 -0 0.322154 0.801818
1.13137 1.13137 -0 0.309781 0.759186
1.07061 1.18903 -0 0.29715 0.769688
1.07061 1.18903 -0 0.29715 0.769688
1.13137 1.13137 -0 0.309781 0.759186
1.20444 1.33766 -0 0.286615 0.732446
1.13137 1.13137 -0 0.309781 0.759186
1.27279 1.27279 -0 0.299886 0.721615
1.20444 1.33766 -0 0.286615 0.732446
1.20444 1.33766 -0 0.286615 0.732446
1.27279 1.27279 -0 0.299886 0.721615
1.33826 1.48629 -0 0.278138 0.69967
1.27279 1.27279 -0 0.299886 0.721615
1.41421 1.41421 -0 0.291933 0.688608
1.33826 1.48629 -0 0.278138 0.69967
1.33826 1.48629 -0 0.278138 0.69967
1.41421 1.41421 -0 0.291933 0.688608
1.47209 1.63492 -0 0.271266 0.670832
1.41421 1.41421 -0 0.291933 0.688608
1.55563 1.55563 -0 0.285495 0.659613
1.47209 1.63492 -0 0.271266 0.670832
1.47209 1.63492 -0 0.271266 0.670832
1.55563 1.55563 -0 0.285495 0.659613
1.74253 1.93527 0.04 0.25881 0.615798
1.55563 1.55563 -0 0.285495 0.659613
1.84142 1.84142 0.04 0.273832 0.604368
1.74253 1.93527 0.04 0.25881 0.615798
1.74253 1.93527 0.04 0.25881 0.615798
1.84142 1.84142 0.04 0.273832 0.604368
1.87635 2.0839 0.16 0.24931 0.576084
1.84142 1.84142 0.04 0.273832 0.604368
1.98284 1.98284 0.16 0.26492 0.564531
1.87635 2.0839 0.16 0.24931 0.576084
1.87635 2.0839 0.16 0.24931 0.576084
1.98284 1.98284 0.16 0.26492 0.564531
2.01018 2.23253 0.36 0.237923 0.525565
1.98284 1.98284 0.16 0.26492 0.564531
2.12426 2.12426 0.36 0.254236 0.513926
2.01018 2.23253 0.36 0.237923 0.525565
2.01018 2.23253 0.36 0.237923 0.525565
2.12426 2.12426 0.36 0.254236 0.513926
2.144 2.38116 0.64 0.22571 0.464175
2.12426 2.12426 0.36 0.254236 0.513926
2.26569 2.26569 0.64 0.24278 0.45256
2.144 2.38116 0.64 0.22571 0.464175
2.144 2.38116 0.64 0.22571 0.464175
2.26569 2.26569 0.64 0.24278 0.45256
2.27783 2.52979 1 0.214002 0.392638
2.26569 2.26569 0.64 0.24278 0.45256
2.40711 2.40711 1 0.23181 0.381235
2.27783 2.52979 1 0.214002 0.392638
2.27783 2.52979 1 0.214002 0.392638
2.40711 2.40711 1 0.23181 0.381235
2.41166 2.67842 1.44 0.204285 0.312995
2.40711 2.40711 1 0.23181 0.381235
2.54853 2.54853 1.44 0.222726 0.302075
2.41166 2.67842 1.44 0.204285 0.312995
2.41166 2.67842 1.44 0.204285 0.312995
2.54853 2.54853 1.44 0.222726 0.302075
2.54548 2.82704 1.96 0.197875 0.228678
2.54853 2.54853 1.44 0.222726 0.302075
2.68995 2.68995 1.96 0.216761 0.21857
2.54548 2.82704 1.96 0.197875 0.228678
2.54548 2.82704 1.96 0.197875 0.228678
2.68995 2.68995 1.96 0.216761 0.21857
2.67931 2.97567 2.56 0.195518 0.143898
2.68995 2.68995 1.96 0.216761 0.21857
2.83137 2.83137 2.56 0.214596 0.134919
2.67931 2.97567 2.56 0.195518 0.143898
0.531193 0.155429 -0 0.485997 0.998173
0.531193 0.148629 -0 0.487882 0.998355
0.531193 0.310858 -0 0.44364 0.991644
0.531193 0.148629 -0 0.487882 0.998355
0.531193 0.297258 -0 0.447276 0.992387
0.531193 0.310858 -0 0.44364 0.991644
0.531193 0.310858 -0 0.44364 0.991644
0.531193 0.297258 -0 0.447276 0.992387
0.531193 0.466288 -0 0.40339 0.981093
0.531193 0.297258 -0 0.447276 0.992387
0.531193 0.445887 -0 0.408522 0.982679
0.531193 0.466288 -0 0.40339 0.981093
0.531193 0.466288 -0 0.40339 0.981093
0.531193 0.445887 -0 0.408522 0.982679
0.531193 0.621717 -0 0.366034 0.967374
0.531193 0.445887 -0 0.408522 0.982679
0.535304 0.594516 -0 0.372549 0.968589
0.531193 0.621717 -0 0.366034 0.967374
0.531193 0.621717 -0 0.366034 0.967374
0.535304 0.594516 -0 0.372549 0.968589
0.62932 0.777146 -0 0.337914 0.920856
0.535304 0.594516 -0 0.372549 0.968589
0.669131 0.743145 -0 0.34727 0.911741
0.62932 0.777146 -0 0.337914 0.920856
0.62932 0.777146 -0 0.337914 0.920856
0.669131 0.743145 -0 0.34727 0.911741
0.755184 0.932575 -0 0.316256 0.869235
0.669131 0.743145 -0 0.34727 0.911741
0.802957 0.891774 -0 0.326762 0.859252
0.755184 0.932575 -0 0.316256 0.869235
0.755184 0.932575 -0 0.316256 0.869235
0.802957 0.891774 -0 0.326762 0.859252
0.881049 1.088 -0 0.298852 0.822504
0.802957 0.891774 -0 0.326762 0.859252
0.936783 1.0404 -0 0.310306 0.811865
0.881049 1.088 -0 0.298852 0.822504
0.881049 1.088 -0 0.298852 0.822504
0.936783 1.0404 -0 0.310306 0.811865
1.00691 1.24343 -0 0.284918 0.780813
0.936783 1.0404 -0 0.310306 0.811865
1.07061 1.18903 -0 0.29715 0.769688
1.00691 1.24343 -0 0.284918 0.780813
1.00691 1.24343 -0 0.284918 0.780813
1.07061 1.18903 -0 0.29715 0.769688
1.13278 1.39886 -0 0.273743 0.743922
1.07061 1.18903 -0 0.29715 0.769688
1.20444 1.33766 -0 0.286615 0.732446
1.13278 1.39886 -0 0.273743 0.743922
1.13278 1.39886 -0 0.273743 0.743922
1.20444 1.33766 -0 0.286615 0.732446
1.25864 1.55429 -0 0.264736 0.711393
1.20444 1.33766 -0 0.286615 0.732446
1.33826 1.48629 -0 0.278138 0.69967
1.25864 1.55429 -0 0.264736 0.711393
1.25864 1.55429 -0 0.264736 0.711393
1.33826 1.48629 -0 0.278138 0.69967
1.3845 1.70972 -0 0.257424 0.682726
1.33826 1.48629 -0 0.278138 0.69967
1.47209 1.63492 -0 0.271266 0.670832
1.3845 1.70972 -0 0.257424 0.682726
1.3845 1.70972 -0 0.257424 0.682726
1.47209 1.63492 -0 0.271266 0.670832
1.63885 2.02381 0.04 0.244161 0.627922
1.47209 1.63492 -0 0.271266 0.670832
1.74253 1.93527 0.04 0.25881 0.615798
1.63885 2.02381 0.04 0.244161 0.627922
1.63885 2.02381 0.04 0.244161 0.627922
1.74253 1.93527 0.04 0.25881 0.615798
1.76472 2.17924 0.16 0.234062 0.588342
1.74253 1.93527 0.04 0.25881 0.615798
1.87635 2.0839 0.16 0.24931 0.576084
1.76472 2.17924 0.16 0.234062 0.588342
1.76472 2.17924 0.16 0.234062 0.588342
1.87635 2.0839 0.16 0.24931 0.576084
1.89058 2.33467 0.36 0.221957 0.537913
1.87635 2.0839 0.16 0.24931 0.576084
2.01018 2.23253 0.36 0.237923 0.525565
1.89058 2.33467 0.36 0.221957 0.537913
1.89058 2.33467 0.36 0.221957 0.537913
2.01018 2.23253 0.36 0.237923 0.525565
2.01645 2.4901 0.64 0.208964 0.476496
2.01018 2.23253 0.36 0.237923 0.525565
2.144 2.38116 0.64 0.22571 0.464175
2.01645 2.4901 0.64 0.208964 0.476496
2.01645 2.4901 0.64 0.208964 0.476496
2.144 2.38116 0.64 0.22571 0.464175
2.14231 2.64553 1 0.196483 0.404724
2.144 2.38116 0.64 0.22571 0.464175
2.27783 2.52979 1 0.214002 0.392638
2.14231 2.64553 1 0.196483 0.404724
2.14231 2.64553 1 0.196483 0.404724
2.27783 2.52979 1 0.214002 0.392638
2.26817 2.80096 1.44 0.186087 0.324549
2.27783 2.52979 1 0.214002 0.392638
2.41166 2.67842 1.44 0.204285 0.312995
2.26817 2.80096 1.44 0.186087 0.324549
2.26817 2.80096 1.44 0.186087 0.324549
2.41166 2.67842 1.44 0.204285 0.312995
2.39404 2.95639 1.96 0.179179 0.239347
2.41166 2.67842 1.44 0.204285 0.312995
2.54548 2.82704 1.96 0.197875 0.228678
2.39404 2.95639 1.96 0.179179 0.239347
2.39404 2.95639 1.96 0.179179 0.239347
2.54548 2.82704 1.96 0.197875 0.228678
2.5199 3.11182 2.56 0.176575 0.153338
2.54548 2.82704 1.96 0.197875 0.228678
2.67931 2.97567 2.56 0.195518 0.143898
2.5199 3.11182 2.56 0.176575 0.153338
0.531193 0.161803 -0 0.484231 0.997993
0.531193 0.155429 -0 0.485997 0.998173
0.531193 0.323607 -0 0.440246 0.99092
0.531193 0.155429 -0 0.485997 0.998173
0.531193 0.310858 -0 0.44364 0.991644
0.531193 0.323607 -0 0.440246 0.99092
0.531193 0.323607 -0 0.440246 0.99092
0.531193 0.310858 -0 0.44364 0.991644
0.531193 0.48541 -0 0.398626 0.979557
0.531193 0.310858 -0 0.44364 0.991644
0.531193 0.466288 -0 0.40339 0.981093
0.531193 0.48541 -0 0.398626 0.979557
0.531193 0.48541 -0 0.398626 0.979557
0.531193 0.466288 -0 0.40339 0.981093
0.531193 0.647214 -0 0.360218 0.964886
0.531193 0.466288 -0 0.40339 0.981093
0.531193 0.621717 -0 0.366034 0.967374
0.531193 0.647214 -0 0.360218 0.964886
0.531193 0.647214 -0 0.360218 0.964886
0.531193 0.621717 -0 0.366034 0.967374
0.587785 0.809017 -0 0.328937 0.930472
0.531193 0.621717 -0 0.366034 0.967374
0.62932 0.777146 -0 0.337914 0.920856
0.587785 0.809017 -0 0.328937 0.930472
0.587785 0.809017 -0 0.328937 0.930472
0.62932 0.777146 -0 0.337914 0.920856
0.705342 0.97082 -0 0.30615 0.87977
0.62932 0.777146 -0 0.337914 0.920856
0.755184 0.932575 -0 0.316256 0.869235
0.705342 0.97082 -0 0.30615 0.87977
0.705342 0.97082 -0 0.30615 0.87977
0.755184 0.932575 -0 0.316256 0.869235
0.822899 1.13262 -0 0.287812 0.833736
0.755184 0.932575 -0 0.316256 0.869235
0.881049 1.088 -0 0.298852 0.822504
0.822899 1.13262 -0 0.287812 0.833736
0.822899 1.13262 -0 0.287812 0.833736
0.881049 1.088 -0 0.298852 0.822504
0.940456 1.29443 -0 0.273103 0.792561
0.881049 1.088 -0 0.298852 0.822504
1.00691 1.24343 -0 0.284918 0.780813
0.940456 1.29443 -0 0.273103 0.792561
0.940456 1.29443 -0 0.273103 0.792561
1.00691 1.24343 -0 0.284918 0.780813
1.05801 1.45623 -0 0.261286 0.756043
1.00691 1.24343 -0 0.284918 0.780813
1.13278 1.39886 -0 0.273743 0.743922
1.05801 1.45623 -0 0.261286 0.756043
1.05801 1.45623 -0 0.261286 0.756043
1.13278 1.39886 -0 0.273743 0.743922
1.17557 1.61803 -0 0.251745 0.723781
1.13278 1.39886 -0 0.273743 0.743922
1.25864 1.55429 -0 0.264736 0.711393
1.17557 1.61803 -0 0.251745 0.723781
1.17557 1.61803 -0 0.251745 0.723781
1.25864 1.55429 -0 0.264736 0.711393
1.29313 1.77984 -0 0.243987 0.695298
1.25864 1.55429 -0 0.264736 0.711393
1.3845 1.70972 -0 0.257424 0.682726
1.29313 1.77984 -0 0.243987 0.695298
1.29313 1.77984 -0 0.243987 0.695298
1.3845 1.70972 -0 0.257424 0.682726
1.53069 2.10681 0.04 0.229899 0.640745
1.3845 1.70972 -0 0.257424 0.682726
1.63885 2.02381 0.04 0.244161 0.627922
1.53069 2.10681 0.04 0.229899 0.640745
1.53069 2.10681 0.04 0.229899 0.640745
1.63885 2.02381 0.04 0.244161 0.627922
1.64825 2.26862 0.16 0.21919 0.601309
1.63885 2.02381 0.04 0.244161 0.627922
1.76472 2.17924 0.16 0.234062 0.588342
1.64825 2.26862 0.16 0.21919 0.601309
1.64825 2.26862 0.16 0.21919 0.601309
1.76472 2.17924 0.16 0.234062 0.588342
1.7658 2.43042 0.36 0.20635 0.550977
1.76472 2.17924 0.16 0.234062 0.588342
1.89058 2.33467 0.36 0.221957 0.537913
1.7658 2.43042 0.36 0.20635 0.550977
1.7658 2.43042 0.36 0.20635 0.550977
1.89058 2.33467 0.36 0.221957 0.537913
1.88336 2.59222 0.64 0.19255 0.489528
1.89058 2.33467 0.36 0.221957 0.537913
2.01645 2.4901 0.64 0.208964 0.476496
1.88336 2.59222 0.64 0.19255 0.489528
1.88336 2.59222 0.64 0.19255 0.489528
2.01645 2.4901 0.64 0.208964 0.476496
2.00092 2.75403 1 0.179258 0.417497
2.01645 2.4901 0.64 0.208964 0.476496
2.14231 2.64553 1 0.196483 0.404724
2.00092 2.75403 1 0.179258 0.417497
2.00092 2.75403 1 0.179258 0.417497
2.14231 2.64553 1 0.196483 0.404724
2.11847 2.91583 1.44 0.168132 0.336742
2.14231 2.64553 1 0.196483 0.404724
2.26817 2.80096 1.44 0.186087 0.324549
2.11847 2.91583 1.44 0.168132 0.336742
2.11847 2.91583 1.44 0.168132 0.336742
2.26817 2.80096 1.44 0.186087 0.324549
2.23603 3.07763 1.96 0.160666 0.250577
2.26817 2.80096 1.44 0.186087 0.324549
2.39404 2.95639 1.96 0.179179 0.239347
2.23603 3.07763 1.96 0.160666 0.250577
2.23603 3.07763 1.96 0.160666 0.250577
2.39404 2.95639 1.96 0.179179 0.239347
2.35359 3.23944 2.56 0.157756 0.163237
2.39404 2.95639 1.96 0.179179 0.239347
2.5199 3.11182 2.56 0.176575 0.153338
2.35359 3.23944 2.56 0.157756 0.163237
0.531193 0.167734 -0 0.48259 0.997818
0.531193 0.161803 -0 0.484231 0.997993
0.531193 0.335468 -0 0.437102 0.990223
0.531193 0.161803 -0 0.484231 0.997993
0.531193 0.323607 -0 0.440246 0.99092
0.531193 0.335468 -0 0.437102 0.990223
0.531193 0.335468 -0 0.437102 0.990223
0.531193 0.323607 -0 0.440246 0.99092
0.531193 0.503202 -0 0.394234 0.978086
0.531193 0.323607 -0 0.440246 0.99092
0.531193 0.48541 -0 0.398626 0.979557
0.531193 0.503202 -0 0.394234 0.978086
0.531193 0.503202 -0 0.394234 0.978086
0.531193 0.48541 -0 0.398626 0.979557
0.531193 0.670936 -0 0.354889 0.962522
0.531193 0.48541 -0 0.398626 0.979557
0.531193 0.647214 -0 0.360218 0.964886
0.531193 0.670936 -0 0.354889 0.962522
0.531193 0.670936 -0 0.354889 0.962522
0.531193 0.647214 -0 0.360218 0.964886
0.544639 0.838671 -0 0.320357 0.940585
0.531193 0.647214 -0 0.360218 0.964886
0.587785 0.809017 -0 0.328937 0.930472
0.544639 0.838671 -0 0.320357 0.940585
0.544639 0.838671 -0 0.320357 0.940585
0.587785 0.809017 -0 0.328937 0.930472
0.653567 1.0064 -0 0.296464 0.890856
0.587785 0.809017 -0 0.328937 0.930472
0.705342 0.97082 -0 0.30615 0.87977
0.653567 1.0064 -0 0.296464 0.890856
0.653567 1.0064 -0 0.296464 0.890856
0.705342 0.97082 -0 0.30615 0.87977
0.762495 1.17414 -0 0.277201 0.845559
0.705342 0.97082 -0 0.30615 0.87977
0.822899 1.13262 -0 0.287812 0.833736
0.762495 1.17414 -0 0.277201 0.845559
0.762495 1.17414 -0 0.277201 0.845559
0.822899 1.13262 -0 0.287812 0.833736
0.871422 1.34187 -0 0.261722 0.804933
0.822899 1.13262 -0 0.287812 0.833736
0.940456 1.29443 -0 0.273103 0.792561
0.871422 1.34187 -0 0.261722 0.804933
0.871422 1.34187 -0 0.261722 0.804933
0.940456 1.29443 -0 0.273103 0.792561
0.98035 1.50961 -0 0.249262 0.768815
0.940456 1.29443 -0 0.273103 0.792561
1.05801 1.45623 -0 0.261286 0.756043
0.98035 1.50961 -0 0.249262 0.768815
0.98035 1.50961 -0 0.249262 0.768815
1.05801 1.45623 -0 0.261286 0.756043
1.08928 1.67734 -0 0.239181 0.736838
1.05801 1.45623 -0 0.261286 0.756043
1.17557 1.61803 -0 0.251745 0.723781
1.08928 1.67734 -0 0.239181 0.736838
1.08928 1.67734 -0 0.239181 0.736838
1.17557 1.61803 -0 0.251745 0.723781
1.19821 1.84508 -0 0.230968 0.708554
1.17557 1.61803 -0 0.251745 0.723781
1.29313 1.77984 -0 0.243987 0.695298
1.19821 1.84508 -0 0.230968 0.708554
1.19821 1.84508 -0 0.230968 0.708554
1.29313 1.77984 -0 0.243987 0.695298
1.41833 2.18404 0.04 0.216037 0.654274
1.29313 1.77984 -0 0.243987 0.695298
1.53069 2.10681 0.04 0.229899 0.640745
1.41833 2.18404 0.04 0.216037 0.654274
1.41833 2.18404 0.04 0.216037 0.654274
1.53069 2.10681 0.04 0.229899 0.640745
1.52726 2.35177 0.16 0.204705 0.614994
1.53069 2.10681 0.04 0.229899 0.640745
1.64825 2.26862 0.16 0.21919 0.601309
1.52726 2.35177 0.16 0.204705 0.614994
1.52726 2.35177 0.16 0.204705 0.614994
1.64825 2.26862 0.16 0.21919 0.601309
1.63618 2.5195 0.36 0.191111 0.564766
1.64825 2.26862 0.16 0.21919 0.601309
1.7658 2.43042 0.36 0.20635 0.550977
1.63618 2.5195 0.36 0.191111 0.564766
1.63618 2.5195 0.36 0.191111 0.564766
1.7658 2.43042 0.36 0.20635 0.550977
1.74511 2.68724 0.64 0.176472 0.503279
1.7658 2.43042 0.36 0.20635 0.550977
1.88336 2.59222 0.64 0.19255 0.489528
1.74511 2.68724 0.64 0.176472 0.503279
1.74511 2.68724 0.64 0.176472 0.503279
1.88336 2.59222 0.64 0.19255 0.489528
1.85404 2.85497 1 0.162326 0.430967
1.88336 2.59222 0.64 0.19255 0.489528
2.00092 2.75403 1 0.179258 0.417497
1.85404 2.85497 1 0.162326 0.430967
1.85404 2.85497 1 0.162326 0.430967
2.00092 2.75403 1 0.179258 0.417497
1.96297 3.02271 1.44 0.150414 0.349581
2.00092 2.75403 1 0.179258 0.417497
2.11847 2.91583 1.44 0.168132 0.336742
1.96297 3.02271 1.44 0.150414 0.349581
1.96297 3.02271 1.44 0.150414 0.349581
2.11847 2.91583 1.44 0.168132 0.336742
2.0719 3.19044 1.96 0.142329 0.262372
2.11847 2.91583 1.44 0.168132 0.336742
2.23603 3.07763 1.96 0.160666 0.250577
2.0719 3.19044 1.96 0.142329 0.262372
2.0719 3.19044 1.96 0.142329 0.262372
2.23603 3.07763 1.96 0.160666 0.250577
2.18082 3.35817 2.56 0.13905 0.173594
2.23603 3.07763 1.96 0.160666 0.250577
2.35359 3.23944 2.56 0.157756 0.163237
2.18082 3.35817 2.56 0.13905 0.173594
0.531193 0.173205 -0 0.481078 0.997652
0.531193 0.167734 -0 0.48259 0.997818
0.531193 0.34641 -0 0.434214 0.989558
0.531193 0.167734 -0 0.48259 0.997818
0.531193 0.335468 -0 0.437102 0.990223
0.531193 0.34641 -0 0.434214 0.989558
0.531193 0.34641 -0 0.434214 0.989558
0.531193 0.335468 -0 0.437102 0.990223
0.531193 0.519615 -0 0.390218 0.976695
0.531193 0.335468 -0 0.437102 0.990223
0.531193 0.503202 -0 0.394234 0.978086
0.531193 0.519615 -0 0.390218 0.976695
0.531193 0.519615 -0 0.390218 0.976695
0.531193 0.503202 -0 0.394234 0.978086
0.531193 0.69282 -0 0.350045 0.960301
0.531193 0.503202 -0 0.394234 0.978086
0.531193 0.670936 -0 0.354889 0.962522
0.531193 0.69282 -0 0.350045 0.960301
0.531193 0.69282 -0 0.350045 0.960301
0.531193 0.670936 -0 0.354889 0.962522
0.531193 0.866025 -0 0.314143 0.941673
0.531193 0.670936 -0 0.354889 0.962522
0.544639 0.838671 -0 0.320357 0.940585
0.531193 0.866025 -0 0.314143 0.941673
0.531193 0.866025 -0 0.314143 0.941673
0.544639 0.838671 -0 0.320357 0.940585
0.6 1.03923 -0 0.287214 0.902492
0.544639 0.838671 -0 0.320357 0.940585
0.653567 1.0064 -0 0.296464 0.890856
0.6 1.03923 -0 0.287214 0.902492
0.6 1.03923 -0 0.287214 0.902492
0.653567 1.0064 -0 0.296464 0.890856
0.7 1.21244 -0 0.267039 0.857978
0.653567 1.0064 -0 0.296464 0.890856
0.762495 1.17414 -0 0.277201 0.845559
0.7 1.21244 -0 0.267039 0.857978
0.7 1.21244 -0 0.267039 0.857978
0.762495 1.17414 -0 0.277201 0.845559
0.8 1.38564 -0 0.250792 0.817934
0.762495 1.17414 -0 0.277201 0.845559
0.871422 1.34187 -0 0.261722 0.804933
0.8 1.38564 -0 0.250792 0.817934
0.8 1.38564 -0 0.250792 0.817934
0.871422 1.34187 -0 0.261722 0.804933
0.9 1.55885 -0 0.237686 0.782243
0.871422 1.34187 -0 0.261722 0.804933
0.98035 1.50961 -0 0.249262 0.768815
0.9 1.55885 -0 0.237686 0.782243
0.9 1.55885 -0 0.237686 0.782243
0.98035 1.50961 -0 0.249262 0.768815
1 1.73205 -0 0.227059 0.750572
0.98035 1.50961 -0 0.249262 0.768815
1.08928 1.67734 -0 0.239181 0.736838
1 1.73205 -0 0.227059 0.750572
1 1.73205 -0 0.227059 0.750572
1.08928 1.67734 -0 0.239181 0.736838
1.1 1.90526 -0 0.218383 0.722502
1.08928 1.67734 -0 0.239181 0.736838
1.19821 1.84508 -0 0.230968 0.708554
1.1 1.90526 -0 0.218383 0.722502
1.1 1.90526 -0 0.218383 0.722502
1.19821 1.84508 -0 0.230968 0.708554
1.30208 2.25527 0.04 0.202587 0.668519
1.19821 1.84508 -0 0.230968 0.708554
1.41833 2.18404 0.04 0.216037 0.654274
1.30208 2.25527 0.04 0.202587 0.668519
1.30208 2.25527 0.04 0.202587 0.668519
1.41833 2.18404 0.04 0.216037 0.654274
1.40208 2.42848 0.16 0.190618 0.629407
1.41833 2.18404 0.04 0.216037 0.654274
1.52726 2.35177 0.16 0.204705 0.614994
1.40208 2.42848 0.16 0.190618 0.629407
1.40208 2.42848 0.16 0.190618 0.629407
1.52726 2.35177 0.16 0.204705 0.614994
1.50208 2.60168 0.36 0.176245 0.57929
1.52726 2.35177 0.16 0.204705 0.614994
1.63618 2.5195 0.36 0.191111 0.564766
1.50208 2.60168 0.36 0.176245 0.57929
1.50208 2.60168 0.36 0.176245 0.57929
1.63618 2.5195 0.36 0.191111 0.564766
1.60208 2.77489 0.64 0.160734 0.517763
1.63618 2.5195 0.36 0.191111 0.564766
1.74511 2.68724 0.64 0.176472 0.503279
1.60208 2.77489 0.64 0.160734 0.517763
1.60208 2.77489 0.64 0.160734 0.517763
1.74511 2.68724 0.64 0.176472 0.503279
1.70208 2.94809 1 0.145685 0.445145
1.74511 2.68724 0.64 0.176472 0.503279
1.85404 2.85497 1 0.162326 0.430967
1.70208 2.94809 1 0.145685 0.445145
1.70208 2.94809 1 0.145685 0.445145
1.85404 2.85497 1 0.162326 0.430967
1.80208 3.1213 1.44 0.132928 0.363076
1.85404 2.85497 1 0.162326 0.430967
1.96297 3.02271 1.44 0.150414 0.349581
1.80208 3.1213 1.44 0.132928 0.363076
1.80208 3.1213 1.44 0.132928 0.363076
1.96297 3.02271 1.44 0.150414 0.349581
1.90208 3.2945 1.96 0.124154 0.274741
1.96297 3.02271 1.44 0.150414 0.349581
2.0719 3.19044 1.96 0.142329 0.262372
1.90208 3.2945 1.96 0.124154 0.274741
1.90208 3.2945 1.96 0.124154 0.274741
2.0719 3.19044 1.96 0.142329 0.262372
2.00208 3.46771 2.56 0.120441 0.184413
2.0719 3.19044 1.96 0.142329 0.262372
2.18082 3.35817 2.56 0.13905 0.173594
2.00208 3.46771 2.56 0.120441 0.184413
0.531193 0.178201 -0 0.479698 0.997495
0.531193 0.173205 -0 0.481078 0.997652
0.531193 0.356403 -0 0.431586 0.988935
0.531193 0.173205 -0 0.481078 0.997652
0.531193 0.34641 -0 0.434214 0.989558
0.531193 0.356403 -0 0.431586 0.988935
0.531193 0.356403 -0 0.431586 0.988935
0.531193 0.34641 -0 0.434214 0.989558
0.531193 0.534604 -0 0.38658 0.975397
0.531193 0.34641 -0 0.434214 0.989558
0.531193 0.519615 -0 0.390218 0.976695
0.531193 0.534604 -0 0.38658 0.975397
0.531193 0.534604 -0 0.38658 0.975397
0.531193 0.519615 -0 0.390218 0.976695
0.531193 0.712805 -0 0.345681 0.958242
0.531193 0.519615 -0 0.390218 0.976695
0.531193 0.69282 -0 0.350045 0.960301
0.531193 0.712805 -0 0.345681 0.958242
0.531193 0.712805 -0 0.345681 0.958242
0.531193 0.69282 -0 0.350045 0.960301
0.531193 0.891007 -0 0.309323 0.938872
0.531193 0.69282 -0 0.350045 0.960301
0.531193 0.866025 -0 0.314143 0.941673
0.531193 0.891007 -0 0.309323 0.938872
0.531193 0.891007 -0 0.309323 0.938872
0.531193 0.866025 -0 0.314143 0.941673
0.544789 1.06921 -0 0.278418 0.914678
0.531193 0.866025 -0 0.314143 0.941673
0.6 1.03923 -0 0.287214 0.902492
0.544789 1.06921 -0 0.278418 0.914678
0.544789 1.06921 -0 0.278418 0.914678
0.6 1.03923 -0 0.287214 0.902492
0.635587 1.24741 -0 0.25734 0.870993
0.6 1.03923 -0 0.287214 0.902492
0.7 1.21244 -0 0.267039 0.857978
0.635587 1.24741 -0 0.25734 0.870993
0.635587 1.24741 -0 0.25734 0.870993
0.7 1.21244 -0 0.267039 0.857978
0.726385 1.42561 -0 0.240328 0.831569
0.7 1.21244 -0 0.267039 0.857978
0.8 1.38564 -0 0.250792 0.817934
0.726385 1.42561 -0 0.240328 0.831569
0.726385 1.42561 -0 0.240328 0.831569
0.8 1.38564 -0 0.250792 0.817934
0.817183 1.60381 -0 0.226571 0.796332
0.8 1.38564 -0 0.250792 0.817934
0.9 1.55885 -0 0.237686 0.782243
0.817183 1.60381 -0 0.226571 0.796332
0.817183 1.60381 -0 0.226571 0.796332
0.9 1.55885 -0 0.237686 0.782243
0.907981 1.78201 -0 0.215391 0.764989
0.9 1.55885 -0 0.237686 0.782243
1 1.73205 -0 0.227059 0.750572
0.907981 1.78201 -0 0.215391 0.764989
0.907981 1.78201 -0 0.215391 0.764989
1 1.73205 -0 0.227059 0.750572
0.998779 1.96021 -0 0.206244 0.737151
1 1.73205 -0 0.227059 0.750572
1.1 1.90526 -0 0.218383 0.722502
0.998779 1.96021 -0 0.206244 0.737151
0.998779 1.96021 -0 0.206244 0.737151
1.1 1.90526 -0 0.218383 0.722502
1.18227 2.32033 0.04 0.18956 0.683492
1.1 1.90526 -0 0.218383 0.722502
1.30208 2.25527 0.04 0.202587 0.668519
1.18227 2.32033 0.04 0.18956 0.683492
1.18227 2.32033 0.04 0.18956 0.683492
1.30208 2.25527 0.04 0.202587 0.668519
1.27306 2.49853 0.16 0.176935 0.644563
1.30208 2.25527 0.04 0.202587 0.668519
1.40208 2.42848 0.16 0.190618 0.629407
1.27306 2.49853 0.16 0.176935 0.644563
1.27306 2.49853 0.16 0.176935 0.644563
1.40208 2.42848 0.16 0.190618 0.629407
1.36386 2.67673 0.36 0.161759 0.594566
1.40208 2.42848 0.16 0.190618 0.629407
1.50208 2.60168 0.36 0.176245 0.57929
1.36386 2.67673 0.36 0.161759 0.594566
1.36386 2.67673 0.36 0.161759 0.594566
1.50208 2.60168 0.36 0.176245 0.57929
1.45466 2.85493 0.64 0.145337 0.532996
1.50208 2.60168 0.36 0.176245 0.57929
1.60208 2.77489 0.64 0.160734 0.517763
1.45466 2.85493 0.64 0.145337 0.532996
1.45466 2.85493 0.64 0.145337 0.532996
1.60208 2.77489 0.64 0.160734 0.517763
1.54546 3.03313 1 0.129333 0.460048
1.60208 2.77489 0.64 0.160734 0.517763
1.70208 2.94809 1 0.145685 0.445145
1.54546 3.03313 1 0.129333 0.460048
1.54546 3.03313 1 0.129333 0.460048
1.70208 2.94809 1 0.145685 0.445145
1.63626 3.21133 1.44 0.115663 0.377244
1.70208 2.94809 1 0.145685 0.445145
1.80208 3.1213 1.44 0.132928 0.363076
1.63626 3.21133 1.44 0.115663 0.377244
1.63626 3.21133 1.44 0.115663 0.377244
1.80208 3.1213 1.44 0.132928 0.363076
1.72705 3.38953 1.96 0.106129 0.287696
1.80208 3.1213 1.44 0.132928 0.363076
1.90208 3.2945 1.96 0.124154 0.274741
1.72705 3.38953 1.96 0.106129 0.287696
1.72705 3.38953 1.96 0.106129 0.287696
1.90208 3.2945 1.96 0.124154 0.274741
1.81785 3.56774 2.56 0.101911 0.195699
1.90208 3.2945 1.96 0.124154 0.274741
2.00208 3.46771 2.56 0.120441 0.184413
1.81785 3.56774 2.56 0.101911 0.195699
0.531193 0.182709 -0 0.478454 0.997349
0.531193 0.178201 -0 0.479698 0.997495
0.531193 0.365418 -0 0.429224 0.988359
0.531193 0.178201 -0 0.479698 0.997495
0.531193 0.356403 -0 0.431586 0.988935
0.531193 0.365418 -0 0.429224 0.988359
0.531193 0.365418 -0 0.429224 0.988359
0.531193 0.356403 -0 0.431586 0.988935
0.531193 0.548127 -0 0.383324 0.974204
0.531193 0.356403 -0 0.431586 0.988935
0.531193 0.534604 -0 0.38658 0.975397
0.531193 0.548127 -0 0.383324 0.974204
0.531193 0.548127 -0 0.383324 0.974204
0.531193 0.534604 -0 0.38658 0.975397
0.531193 0.730836 -0 0.341793 0.956361
0.531193 0.534604 -0 0.38658 0.975397
0.531193 0.712805 -0 0.345681 0.958242
0.531193 0.730836 -0 0.341793 0.956361
0.531193 0.730836 -0 0.341793 0.956361
0.531193 0.712805 -0 0.345681 0.958242
0.531193 0.913545 -0 0.305051 0.936329
0.531193 0.712805 -0 0.345681 0.958242
0.531193 0.891007 -0 0.309323 0.938872
0.531193 0.913545 -0 0.305051 0.936329
0.531193 0.913545 -0 0.305051 0.936329
0.531193 0.891007 -0 0.309323 0.938872
0.531193 1.09625 -0 0.273037 0.915377
0.531193 0.891007 -0 0.309323 0.938872
0.544789 1.06921 -0 0.278418 0.914678
0.531193 1.09625 -0 0.273037 0.915377
0.531193 1.09625 -0 0.273037 0.915377
0.544789 1.06921 -0 0.278418 0.914678
0.569431 1.27896 -0 0.248121 0.884607
0.544789 1.06921 -0 0.278418 0.914678
0.635587 1.24741 -0 0.25734 0.870993
0.569431 1.27896 -0 0.248121 0.884607
0.569431 1.27896 -0 0.248121 0.884607
0.635587 1.24741 -0 0.25734 0.870993
0.650779 1.46167 -0 0.230344 0.845843
0.635587 1.24741 -0 0.25734 0.870993
0.726385 1.42561 -0 0.240328 0.831569
0.650779 1.46167 -0 0.230344 0.845843
0.650779 1.46167 -0 0.230344 0.845843
0.726385 1.42561 -0 0.240328 0.831569
0.732126 1.64438 -0 0.215933 0.811092
0.726385 1.42561 -0 0.240328 0.831569
0.817183 1.60381 -0 0.226571 0.796332
0.732126 1.64438 -0 0.215933 0.811092
0.732126 1.64438 -0 0.215933 0.811092
0.817183 1.60381 -0 0.226571 0.796332
0.813473 1.82709 -0 0.204192 0.780101
0.817183 1.60381 -0 0.226571 0.796332
0.907981 1.78201 -0 0.215391 0.764989
0.813473 1.82709 -0 0.204192 0.780101
0.813473 1.82709 -0 0.204192 0.780101
0.907981 1.78201 -0 0.215391 0.764989
0.894821 2.0098 -0 0.194562 0.752514
0.907981 1.78201 -0 0.215391 0.764989
0.998779 1.96021 -0 0.206244 0.737151
0.894821 2.0098 -0 0.194562 0.752514
0.894821 2.0098 -0 0.194562 0.752514
0.998779 1.96021 -0 0.206244 0.737151
1.05921 2.37902 0.04 0.176965 0.699208
0.998779 1.96021 -0 0.206244 0.737151
1.18227 2.32033 0.04 0.18956 0.683492
1.05921 2.37902 0.04 0.176965 0.699208
1.05921 2.37902 0.04 0.176965 0.699208
1.18227 2.32033 0.04 0.18956 0.683492
1.14056 2.56173 0.16 0.163666 0.660477
1.18227 2.32033 0.04 0.18956 0.683492
1.27306 2.49853 0.16 0.176935 0.644563
1.14056 2.56173 0.16 0.163666 0.660477
1.14056 2.56173 0.16 0.163666 0.660477
1.27306 2.49853 0.16 0.176935 0.644563
1.2219 2.74444 0.36 0.147657 0.610613
1.27306 2.49853 0.16 0.176935 0.644563
1.36386 2.67673 0.36 0.161759 0.594566
1.2219 2.74444 0.36 0.147657 0.610613
1.2219 2.74444 0.36 0.147657 0.610613
1.36386 2.67673 0.36 0.161759 0.594566
1.30325 2.92715 0.64 0.130282 0.548998
1.36386 2.67673 0.36 0.161759 0.594566
1.45466 2.85493 0.64 0.145337 0.532996
1.30325 2.92715 0.64 0.130282 0.548998
1.30325 2.92715 0.64 0.130282 0.548998
1.45466 2.85493 0.64 0.145337 0.532996
1.3846 3.10986 1 0.113264 0.475698
1.45466 2.85493 0.64 0.145337 0.532996
1.54546 3.03313 1 0.129333 0.460048
1.3846 3.10986 1 0.113264 0.475698
1.3846 3.10986 1 0.113264 0.475698
1.54546 3.03313 1 0.129333 0.460048
1.46595 3.29257 1.44 0.09861 0.392105
1.54546 3.03313 1 0.129333 0.460048
1.63626 3.21133 1.44 0.115663 0.377244
1.46595 3.29257 1.44 0.09861 0.392105
1.46595 3.29257 1.44 0.09861 0.392105
1.63626 3.21133 1.44 0.115663 0.377244
1.54729 3.47528 1.96 0.0882365 0.301253
1.63626 3.21133 1.44 0.115663 0.377244
1.72705 3.38953 1.96 0.106129 0.287696
1.54729 3.47528 1.96 0.0882365 0.301253
0.531193 0.186716 -0 0.477349 0.997216
0.531193 0.182709 -0 0.478454 0.997349
0.531193 0.373432 -0 0.427131 0.987836
0.531193 0.182709 -0 0.478454 0.997349
0.531193 0.365418 -0 0.429224 0.988359
0.531193 0.373432 -0 0.427131 0.987836
0.531193 0.373432 -0 0.427131 0.987836
0.531193 0.365418 -0 0.429224 0.988359
0.531193 0.560148 -0 0.380449 0.973127
0.531193 0.365418 -0 0.429224 0.988359
0.531193 0.548127 -0 0.383324 0.974204
0.531193 0.560148 -0 0.380449 0.973127
0.531193 0.560148 -0 0.380449 0.973127
0.531193 0.548127 -0 0.383324 0.974204
0.531193 0.746864 -0 0.338376 0.95467
0.531193 0.548127 -0 0.383324 0.974204
0.531193 0.730836 -0 0.341793 0.956361
0.531193 0.746864 -0 0.338376 0.95467
0.531193 0.746864 -0 0.338376 0.95467
0.531193 0.730836 -0 0.341793 0.956361
0.531193 0.93358 -0 0.301315 0.934056
0.531193 0.730836 -0 0.341793 0.956361
0.531193 0.913545 -0 0.305051 0.936329
0.531193 0.93358 -0 0.301315 0.934056
0.531193 0.93358 -0 0.301315 0.934056
0.531193 0.913545 -0 0.305051 0.936329
0.531193 1.1203 -0 0.269159 0.912605
0.531193 0.913545 -0 0.305051 0.936329
0.531193 1.09625 -0 0.273037 0.915377
0.531193 1.1203 -0 0.269159 0.912605
0.531193 1.1203 -0 0.269159 0.912605
0.531193 1.09625 -0 0.273037 0.915377
0.531193 1.30701 -0 0.241498 0.891279
0.531193 1.09625 -0 0.273037 0.915377
0.569431 1.27896 -0 0.248121 0.884607
0.531193 1.30701 -0 0.241498 0.891279
0.531193 1.30701 -0 0.241498 0.891279
0.569431 1.27896 -0 0.248121 0.884607
0.573389 1.49373 -0 0.220857 0.860762
0.569431 1.27896 -0 0.248121 0.884607
0.650779 1.46167 -0 0.230344 0.845843
0.573389 1.49373 -0 0.220857 0.860762
0.573389 1.49373 -0 0.220857 0.860762
0.650779 1.46167 -0 0.230344 0.845843
0.645062 1.68044 -0 0.205786 0.826532
0.650779 1.46167 -0 0.230344 0.845843
0.732126 1.64438 -0 0.215933 0.811092
0.645062 1.68044 -0 0.205786 0.826532
0.645062 1.68044 -0 0.205786 0.826532
0.732126 1.64438 -0 0.215933 0.811092
0.716736 1.86716 -0 0.193475 0.79592
0.732126 1.64438 -0 0.215933 0.811092
0.813473 1.82709 -0 0.204192 0.780101
0.716736 1.86716 -0 0.193475 0.79592
0.716736 1.86716 -0 0.193475 0.79592
0.813473 1.82709 -0 0.204192 0.780101
0.788409 2.05388 -0 0.183351 0.768604
0.813473 1.82709 -0 0.204192 0.780101
0.894821 2.0098 -0 0.194562 0.752514
0.788409 2.05388 -0 0.183351 0.768604
0.788409 2.05388 -0 0.183351 0.768604
0.894821 2.0098 -0 0.194562 0.752514
0.933249 2.4312 0.04 0.164813 0.715686
0.894821 2.0098 -0 0.194562 0.752514
1.05921 2.37902 0.04 0.176965 0.699208
0.933249 2.4312 0.04 0.164813 0.715686
0.933249 2.4312 0.04 0.164813 0.715686
1.05921 2.37902 0.04 0.176965 0.699208
1.00492 2.61791 0.16 0.150817 0.677171
1.05921 2.37902 0.04 0.176965 0.699208
1.14056 2.56173 0.16 0.163666 0.660477
1.00492 2.61791 0.16 0.150817 0.677171
1.00492 2.61791 0.16 0.150817 0.677171
1.14056 2.56173 0.16 0.163666 0.660477
1.0766 2.80463 0.36 0.133942 0.627454
1.14056 2.56173 0.16 0.163666 0.660477
1.2219 2.74444 0.36 0.147657 0.610613
1.0766 2.80463 0.36 0.133942 0.627454
1.0766 2.80463 0.36 0.133942 0.627454
1.2219 2.74444 0.36 0.147657 0.610613
1.14827 2.99134 0.64 0.115567 0.565796
1.2219 2.74444 0.36 0.147657 0.610613
1.30325 2.92715 0.64 0.130282 0.548998
1.14827 2.99134 0.64 0.115567 0.565796
0.531193 0.190211 -0 0.476386 0.997097
0.531193 0.186716 -0 0.477349 0.997216
0.531193 0.380423 -0 0.42531 0.987373
0.531193 0.186716 -0 0.477349 0.997216
0.531193 0.373432 -0 0.427131 0.987836
0.531193 0.380423 -0 0.42531 0.987373
0.531193 0.380423 -0 0.42531 0.987373
0.531193 0.373432 -0 0.427131 0.987836
0.531193 0.570634 -0 0.377958 0.972174
0.531193 0.373432 -0 0.427131 0.987836
0.531193 0.560148 -0 0.380449 0.973127
0.531193 0.570634 -0 0.377958 0.972174
0.531193 0.570634 -0 0.377958 0.972174
0.531193 0.560148 -0 0.380449 0.973127
0.531193 0.760845 -0 0.335426 0.953183
0.531193 0.560148 -0 0.380449 0.973127
0.531193 0.746864 -0 0.338376 0.95467
0.531193 0.760845 -0 0.335426 0.953183
0.531193 0.760845 -0 0.335426 0.953183
0.531193 0.746864 -0 0.338376 0.95467
0.531193 0.951057 -0 0.298102 0.932066
0.531193 0.746864 -0 0.338376 0.95467
0.531193 0.93358 -0 0.301315 0.934056
0.531193 0.951057 -0 0.298102 0.932066
0.531193 0.951057 -0 0.298102 0.932066
0.531193 0.93358 -0 0.301315 0.934056
0.531193 1.14127 -0 0.265838 0.91019
0.531193 0.93358 -0 0.301315 0.934056
0.531193 1.1203 -0 0.269159 0.912605
0.531193 1.14127 -0 0.265838 0.91019
0.531193 1.14127 -0 0.265838 0.91019
0.531193 1.1203 -0 0.269159 0.912605
0.531193 1.33148 -0 0.238178 0.888531
0.531193 1.1203 -0 0.269159 0.912605
0.531193 1.30701 -0 0.241498 0.891279
0.531193 1.33148 -0 0.238178 0.888531
0.531193 0.193185 -0 0.475568 0.996995
0.531193 0.190211 -0 0.476386 0.997097
0.531193 0.38637 -0 0.423766 0.986973
0.531193 0.190211 -0 0.476386 0.997097
0.531193 0.380423 -0 0.42531 0.987373
0.531193 0.38637 -0 0.423766 0.986973
0.531193 0.38637 -0 0.423766 0.986973
0.531193 0.380423 -0 0.42531 0.987373
0.531193 0.579556 -0 0.37585 0.971354
0.531193 0.380423 -0 0.42531 0.987373
0.531193 0.570634 -0 0.377958 0.972174
0.531193 0.579556 -0 0.37585 0.971354
0.531193 0.579556 -0 0.37585 0.971354
0.531193 0.570634 -0 0.377958 0.972174
0.531193 0.772741 -0 0.332939 0.951909
0.531193 0.570634 -0 0.377958 0.972174
0.531193 0.760845 -0 0.335426 0.953183
0.531193 0.772741 -0 0.332939 0.951909
0.531193 0.772741 -0 0.332939 0.951909
0.531193 0.760845 -0 0.335426 0.953183
0.531193 0.965926 -0 0.295402 0.930369
0.531193 0.760845 -0 0.335426 0.953183
0.531193 0.951057 -0 0.298102 0.932066
0.531193 0.965926 -0 0.295402 0.930369
0.531193 0.965926 -0 0.295402 0.930369
0.531193 0.951057 -0 0.298102 0.932066
0.531193 1.15911 -0 0.263056 0.908136
0.531193 0.951057 -0 0.298102 0.932066
0.531193 1.14127 -0 0.265838 0.91019
0.531193 1.15911 -0 0.263056 0.908136
0.531193 1.15911 -0 0.263056 0.908136
0.531193 1.14127 -0 0.265838 0.91019
0.531193 1.3523 -0 0.235407 0.886203
0.531193 1.14127 -0 0.265838 0.91019
0.531193 1.33148 -0 0.238178 0.888531
0.531193 1.3523 -0 0.235407 0.886203
0.531193 0.19563 -0 0.474895 0.996909
0.531193 0.193185 -0 0.475568 0.996995
0.531193 0.391259 -0 0.422499 0.986639
0.531193 0.193185 -0 0.475568 0.996995
0.531193 0.38637 -0 0.423766 0.986973
0.531193 0.391259 -0 0.422499 0.986639
0.531193 0.391259 -0 0.422499 0.986639
0.531193 0.38637 -0 0.423766 0.986973
0.531193 0.586889 -0 0.374125 0.970674
0.531193 0.38637 -0 0.423766 0.986973
0.531193 0.579556 -0 0.37585 0.971354
0.531193 0.586889 -0 0.374125 0.970674
0.531193 0.586889 -0 0.374125 0.970674
0.531193 0.579556 -0 0.37585 0.971354
0.531193 0.782518 -0 0.330909 0.950856
0.531193 0.579556 -0 0.37585 0.971354
0.531193 0.772741 -0 0.332939 0.951909
0.531193 0.782518 -0 0.330909 0.950856
0.531193 0.782518 -0 0.330909 0.950856
0.531193 0.772741 -0 0.332939 0.951909
0.531193 0.978148 -0 0.293206 0.92897
0.531193 0.772741 -0 0.332939 0.951909
0.531193 0.965926 -0 0.295402 0.930369
0.531193 0.978148 -0 0.293206 0.92897
0.531193 0.978148 -0 0.293206 0.92897
0.531193 0.965926 -0 0.295402 0.930369
0.531193 1.17378 -0 0.2608 0.906451
0.531193 0.965926 -0 0.295402 0.930369
0.531193 1.15911 -0 0.263056 0.908136
0.531193 1.17378 -0 0.2608 0.906451
0.531193 1.17378 -0 0.2608 0.906451
0.531193 1.15911 -0 0.263056 0.908136
0.531193 1.36941 -0 0.233164 0.884298
0.531193 1.15911 -0 0.263056 0.908136
0.531193 1.3523 -0 0.235407 0.886203
0.531193 1.36941 -0 0.233164 0.884298
