-0.49128 0.193185 -0 0.542434 0.998255
-0.49128 0.19563 -0 0.543104 0.998189
-0.49128 0.38637 -0 0.593941 0.989708
-0.49128 0.19563 -0 0.543104 0.998189
-0.49128 0.391259 -0 0.595198 0.989411
-0.49128 0.38637 -0 0.593941 0.989708
-0.49128 0.38637 -0 0.593941 0.989708
-0.49128 0.391259 -0 0.595198 0.989411
-0.49128 0.579556 -0 0.641394 0.975428
-0.49128 0.391259 -0 0.595198 0.989411
-0.49128 0.586889 -0 0.6431 0.974796
-0.49128 0.579556 -0 0.641394 0.975428
-0.49128 0.579556 -0 0.641394 0.975428
-0.49128 0.586889 -0 0.6431 0.974796
-0.49128 0.772741 -0 0.683775 0.95716
-0.49128 0.586889 -0 0.6431 0.974796
-0.49128 0.782518 -0 0.685777 0.956162
-0.49128 0.772741 -0 0.683775 0.95716
-0.49128 0.772741 -0 0.683775 0.95716
-0.49128 0.782518 -0 0.685777 0.956162
-0.49128 0.965926 -0 0.720789 0.936613
-0.49128 0.782518 -0 0.685777 0.956162
-0.49128 0.978148 -0 0.722954 0.935271
-0.49128 0.965926 -0 0.720789 0.936613
-0.49128 0.965926 -0 0.720789 0.936613
-0.49128 0.978148 -0 0.722954 0.935271
-0.49128 1.15911 -0 0.752666 0.915181
-0.49128 0.978148 -0 0.722954 0.935271
-0.49128 1.17378 -0 0.75489 0.913549
-0.49128 1.15911 -0 0.752666 0.915181
-0.49128 1.15911 -0 0.752666 0.915181
-0.49128 1.17378 -0 0.75489 0.913549
-0.49128 1.3523 -0 0.779917 0.893858
-0.49128 1.17378 -0 0.75489 0.913549
-0.49128 1.36941 -0 0.782127 0.891998
-0.49128 1.3523 -0 0.779917 0.893858
-0.49128 1.3523 -0 0.779917 0.893858
-0.49128 1.36941 -0 0.782127 0.891998
-0.49128 1.54548 -0 0.803156 0.873277
-0.49128 1.36941 -0 0.782127 0.891998
-0.49128 1.56504 -0 0.805309 0.87125
-0.49128 1.54548 -0 0.803156 0.873277
-0.49128 1.54548 -0 0.803156 0.873277
-0.49128 1.56504 -0 0.805309 0.87125
-0.49128 1.73867 -0 0.822995 0.853796
-0.49128 1.56504 -0 0.805309 0.87125
-0.49128 1.76067 -0 0.825064 0.851657
-0.49128 1.73867 -0 0.822995 0.853796
-0.49128 1.73867 -0 0.822995 0.853796
-0.49128 1.76067 -0 0.825064 0.851657
-0.517638 1.93185 -0 0.83826 0.830171
-0.49128 1.76067 -0 0.825064 0.851657
-0.49128 1.9563 -0 0.841958 0.833376
-0.517638 1.93185 -0 0.83826 0.830171
-0.517638 1.93185 -0 0.83826 0.830171
-0.49128 1.9563 -0 0.841958 0.833376
-0.569402 2.12504 -0 0.849522 0.803828
-0.49128 1.9563 -0 0.841958 0.833376
-0.49128 2.15192 -0 0.856476 0.816445
-0.569402 2.12504 -0 0.849522 0.803828
-0.569402 2.12504 -0 0.849522 0.803828
-0.49128 2.15192 -0 0.856476 0.816445
-0.674007 2.51543 0.04 0.870288 0.752126
-0.49128 2.15192 -0 0.856476 0.816445
-0.541436 2.54726 0.04 0.880509 0.771709
-0.674007 2.51543 0.04 0.870288 0.752126
-0.674007 2.51543 0.04 0.870288 0.752126
-0.541436 2.54726 0.04 0.880509 0.771709
-0.725771 2.70861 0.16 0.885979 0.71386
-0.49128 0.190211 -0 0.541618 0.998334
-0.49128 0.193185 -0 0.542434 0.998255
-0.49128 0.380423 -0 0.592408 0.990065
-0.49128 0.193185 -0 0.542434 0.998255
-0.49128 0.38637 -0 0.593941 0.989708
-0.49128 0.380423 -0 0.592408 0.990065
-0.49128 0.380423 -0 0.592408 0.990065
-0.49128 0.38637 -0 0.593941 0.989708
-0.49128 0.570634 -0 0.63931 0.976189
-0.49128 0.38637 -0 0.593941 0.989708
-0.49128 0.579556 -0 0.641394 0.975428
-0.49128 0.570634 -0 0.63931 0.976189
-0.49128 0.570634 -0 0.63931 0.976189
-0.49128 0.579556 -0 0.641394 0.975428
-0.49128 0.760845 -0 0.68132 0.958367
-0.49128 0.579556 -0 0.641394 0.975428
-0.49128 0.772741 -0 0.683775 0.95716
-0.49128 0.760845 -0 0.68132 0.958367
-0.49128 0.760845 -0 0.68132 0.958367
-0.49128 0.772741 -0 0.683775 0.95716
-0.49128 0.951057 -0 0.718128 0.938242
-0.49128 0.772741 -0 0.683775 0.95716
-0.49128 0.965926 -0 0.720789 0.936613
-0.49128 0.951057 -0 0.718128 0.938242
-0.49128 0.951057 -0 0.718128 0.938242
-0.49128 0.965926 -0 0.720789 0.936613
-0.49128 1.14127 -0 0.749925 0.917169
-0.49128 0.965926 -0 0.720789 0.936613
-0.49128 1.15911 -0 0.752666 0.915181
-0.49128 1.14127 -0 0.749925 0.917169
-0.49128 1.14127 -0 0.749925 0.917169
-0.49128 1.15911 -0 0.752666 0.915181
-0.49128 1.33148 -0 0.777184 0.896128
-0.49128 1.15911 -0 0.752666 0.915181
-0.49128 1.3523 -0 0.779917 0.893858
-0.49128 1.33148 -0 0.777184 0.896128
-0.49128 1.33148 -0 0.777184 0.896128
-0.49128 1.3523 -0 0.779917 0.893858
-0.494427 1.52169 -0 0.800285 0.874997
-0.49128 1.3523 -0 0.779917 0.893858
-0.49128 1.54548 -0 0.803156 0.873277
-0.494427 1.52169 -0 0.800285 0.874997
-0.494427 1.52169 -0 0.800285 0.874997
-0.49128 1.54548 -0 0.803156 0.873277
-0.556231 1.7119 -0 0.816131 0.841959
-0.49128 1.54548 -0 0.803156 0.873277
-0.49128 1.73867 -0 0.822995 0.853796
-0.556231 1.7119 -0 0.816131 0.841959
-0.556231 1.7119 -0 0.816131 0.841959
-0.49128 1.73867 -0 0.822995 0.853796
-0.618034 1.90211 -0 0.829116 0.812239
-0.49128 1.73867 -0 0.822995 0.853796
-0.517638 1.93185 -0 0.83826 0.830171
-0.618034 1.90211 -0 0.829116 0.812239
-0.618034 1.90211 -0 0.829116 0.812239
-0.517638 1.93185 -0 0.83826 0.830171
-0.679837 2.09232 -0 0.839827 0.785576
-0.517638 1.93185 -0 0.83826 0.830171
-0.569402 2.12504 -0 0.849522 0.803828
-0.679837 2.09232 -0 0.839827 0.785576
-0.679837 2.09232 -0 0.839827 0.785576
-0.569402 2.12504 -0 0.849522 0.803828
-0.804731 2.47671 0.04 0.859526 0.733427
-0.569402 2.12504 -0 0.849522 0.803828
-0.674007 2.51543 0.04 0.870288 0.752126
-0.804731 2.47671 0.04 0.859526 0.733427
-0.804731 2.47671 0.04 0.859526 0.733427
-0.674007 2.51543 0.04 0.870288 0.752126
-0.866534 2.66692 0.16 0.874431 0.694935
-0.674007 2.51543 0.04 0.870288 0.752126
-0.725771 2.70861 0.16 0.885979 0.71386
-0.866534 2.66692 0.16 0.874431 0.694935
-0.866534 2.66692 0.16 0.874431 0.694935
-0.725771 2.70861 0.16 0.885979 0.71386
-0.928337 2.85713 0.36 0.892381 0.644762
-0.725771 2.70861 0.16 0.885979 0.71386
-0.777535 2.9018 0.36 0.904917 0.663803
-0.928337 2.85713 0.36 0.892381 0.644762
-0.928337 2.85713 0.36 0.892381 0.644762
-0.777535 2.9018 0.36 0.904917 0.663803
-0.990141 3.04734 0.64 0.911842 0.581901
-0.49128 0.186716 -0 0.540658 0.998424
-0.49128 0.190211 -0 0.541618 0.998334
-0.49128 0.373432 -0 0.590602 0.990478
-0.49128 0.190211 -0 0.541618 0.998334
-0.49128 0.380423 -0 0.592408 0.990065
-0.49128 0.373432 -0 0.590602 0.990478
-0.49128 0.373432 -0 0.590602 0.990478
-0.49128 0.380423 -0 0.592408 0.990065
-0.49128 0.560148 -0 0.636846 0.977073
-0.49128 0.380423 -0 0.592408 0.990065
-0.49128 0.570634 -0 0.63931 0.976189
-0.49128 0.560148 -0 0.636846 0.977073
-0.49128 0.560148 -0 0.636846 0.977073
-0.49128 0.570634 -0 0.63931 0.976189
-0.49128 0.746864 -0 0.678409 0.959774
-0.49128 0.570634 -0 0.63931 0.976189
-0.49128 0.760845 -0 0.68132 0.958367
-0.49128 0.746864 -0 0.678409 0.959774
-0.49128 0.746864 -0 0.678409 0.959774
-0.49128 0.760845 -0 0.68132 0.958367
-0.49128 0.93358 -0 0.714961 0.940148
-0.49128 0.760845 -0 0.68132 0.958367
-0.49128 0.951057 -0 0.718128 0.938242
-0.49128 0.93358 -0 0.714961 0.940148
-0.49128 0.93358 -0 0.714961 0.940148
-0.49128 0.951057 -0 0.718128 0.938242
-0.49128 1.1203 -0 0.746652 0.919505
-0.49128 0.951057 -0 0.718128 0.938242
-0.49128 1.14127 -0 0.749925 0.917169
-0.49128 1.1203 -0 0.746652 0.919505
-0.49128 1.1203 -0 0.746652 0.919505
-0.49128 1.14127 -0 0.749925 0.917169
-0.501715 1.30701 -0 0.773254 0.896064
-0.49128 1.14127 -0 0.749925 0.917169
-0.49128 1.33148 -0 0.777184 0.896128
-0.501715 1.30701 -0 0.773254 0.896064
-0.501715 1.30701 -0 0.773254 0.896064
-0.49128 1.33148 -0 0.777184 0.896128
-0.573389 1.49373 -0 0.791895 0.8588
-0.49128 1.33148 -0 0.777184 0.896128
-0.494427 1.52169 -0 0.800285 0.874997
-0.573389 1.49373 -0 0.791895 0.8588
-0.573389 1.49373 -0 0.791895 0.8588
-0.494427 1.52169 -0 0.800285 0.874997
-0.645062 1.68044 -0 0.807042 0.8252
-0.494427 1.52169 -0 0.800285 0.874997
-0.556231 1.7119 -0 0.816131 0.841959
-0.645062 1.68044 -0 0.807042 0.8252
-0.645062 1.68044 -0 0.807042 0.8252
-0.556231 1.7119 -0 0.816131 0.841959
-0.716736 1.86716 -0 0.819413 0.795075
-0.556231 1.7119 -0 0.816131 0.841959
-0.618034 1.90211 -0 0.829116 0.812239
-0.716736 1.86716 -0 0.819413 0.795075
-0.716736 1.86716 -0 0.819413 0.795075
-0.618034 1.90211 -0 0.829116 0.812239
-0.788409 2.05388 -0 0.829585 0.768124
-0.618034 1.90211 -0 0.829116 0.812239
-0.679837 2.09232 -0 0.839827 0.785576
-0.788409 2.05388 -0 0.829585 0.768124
-0.788409 2.05388 -0 0.829585 0.768124
-0.679837 2.09232 -0 0.839827 0.785576
-0.933249 2.4312 0.04 0.848248 0.715585
-0.679837 2.09232 -0 0.839827 0.785576
-0.804731 2.47671 0.04 0.859526 0.733427
-0.933249 2.4312 0.04 0.848248 0.715585
-0.933249 2.4312 0.04 0.848248 0.715585
-0.804731 2.47671 0.04 0.859526 0.733427
-1.00492 2.61791 0.16 0.862393 0.676902
-0.804731 2.47671 0.04 0.859526 0.733427
-0.866534 2.66692 0.16 0.874431 0.694935
-1.00492 2.61791 0.16 0.862393 0.676902
-1.00492 2.61791 0.16 0.862393 0.676902
-0.866534 2.66692 0.16 0.874431 0.694935
-1.0766 2.80463 0.36 0.879395 0.626646
-0.866534 2.66692 0.16 0.874431 0.694935
-0.928337 2.85713 0.36 0.892381 0.644762
-1.0766 2.80463 0.36 0.879395 0.626646
-1.0766 2.80463 0.36 0.879395 0.626646
-0.928337 2.85713 0.36 0.892381 0.644762
-1.14827 2.99134 0.64 0.897756 0.563948
-0.928337 2.85713 0.36 0.892381 0.644762
-0.990141 3.04734 0.64 0.911842 0.581901
-1.14827 2.99134 0.64 0.897756 0.563948
-1.14827 2.99134 0.64 0.897756 0.563948
-0.990141 3.04734 0.64 0.911842 0.581901
-1.21994 3.17806 1 0.915523 0.488599
-0.49128 0.182709 -0 0.539556 0.998525
-0.49128 0.186716 -0 0.540658 0.998424
-0.49128 0.365418 -0 0.588525 0.990941
-0.49128 0.186716 -0 0.540658 0.998424
-0.49128 0.373432 -0 0.590602 0.990478
-0.49128 0.365418 -0 0.588525 0.990941
-0.49128 0.365418 -0 0.588525 0.990941
-0.49128 0.373432 -0 0.590602 0.990478
-0.49128 0.548127 -0 0.634003 0.97807
-0.49128 0.373432 -0 0.590602 0.990478
-0.49128 0.560148 -0 0.636846 0.977073
-0.49128 0.548127 -0 0.634003 0.97807
-0.49128 0.548127 -0 0.634003 0.97807
-0.49128 0.560148 -0 0.636846 0.977073
-0.49128 0.730836 -0 0.675037 0.961371
-0.49128 0.560148 -0 0.636846 0.977073
-0.49128 0.746864 -0 0.678409 0.959774
-0.49128 0.730836 -0 0.675037 0.961371
-0.49128 0.730836 -0 0.675037 0.961371
-0.49128 0.746864 -0 0.678409 0.959774
-0.49128 0.913545 -0 0.711277 0.942323
-0.49128 0.746864 -0 0.678409 0.959774
-0.49128 0.93358 -0 0.714961 0.940148
-0.49128 0.913545 -0 0.711277 0.942323
-0.49128 0.913545 -0 0.711277 0.942323
-0.49128 0.93358 -0 0.714961 0.940148
-0.49128 1.09625 -0 0.742831 0.922183
-0.49128 0.93358 -0 0.714961 0.940148
-0.49128 1.1203 -0 0.746652 0.919505
-0.49128 1.09625 -0 0.742831 0.922183
-0.49128 1.09625 -0 0.742831 0.922183
-0.49128 1.1203 -0 0.746652 0.919505
-0.569431 1.27896 -0 0.765111 0.881249
-0.49128 1.1203 -0 0.746652 0.919505
-0.501715 1.30701 -0 0.773254 0.896064
-0.569431 1.27896 -0 0.765111 0.881249
-0.569431 1.27896 -0 0.765111 0.881249
-0.501715 1.30701 -0 0.773254 0.896064
-0.650779 1.46167 -0 0.782957 0.843274
-0.501715 1.30701 -0 0.773254 0.896064
-0.573389 1.49373 -0 0.791895 0.8588
-0.650779 1.46167 -0 0.782957 0.843274
-0.650779 1.46167 -0 0.782957 0.843274
-0.573389 1.49373 -0 0.791895 0.8588
-0.732126 1.64438 -0 0.797409 0.809158
-0.573389 1.49373 -0 0.791895 0.8588
-0.645062 1.68044 -0 0.807042 0.8252
-0.732126 1.64438 -0 0.797409 0.809158
-0.732126 1.64438 -0 0.797409 0.809158
-0.645062 1.68044 -0 0.807042 0.8252
-0.813473 1.82709 -0 0.809174 0.778664
-0.645062 1.68044 -0 0.807042 0.8252
-0.716736 1.86716 -0 0.819413 0.795075
-0.813473 1.82709 -0 0.809174 0.778664
-0.813473 1.82709 -0 0.809174 0.778664
-0.716736 1.86716 -0 0.819413 0.795075
-0.894821 2.0098 -0 0.818818 0.751457
-0.716736 1.86716 -0 0.819413 0.795075
-0.788409 2.05388 -0 0.829585 0.768124
-0.894821 2.0098 -0 0.818818 0.751457
-0.894821 2.0098 -0 0.818818 0.751457
-0.788409 2.05388 -0 0.829585 0.768124
-1.05921 2.37902 0.04 0.836475 0.698578
-0.788409 2.05388 -0 0.829585 0.768124
-0.933249 2.4312 0.04 0.848248 0.715585
-1.05921 2.37902 0.04 0.836475 0.698578
-1.05921 2.37902 0.04 0.836475 0.698578
-0.933249 2.4312 0.04 0.848248 0.715585
-1.14056 2.56173 0.16 0.849882 0.659735
-0.933249 2.4312 0.04 0.848248 0.715585
-1.00492 2.61791 0.16 0.862393 0.676902
-1.14056 2.56173 0.16 0.849882 0.659735
-1.14056 2.56173 0.16 0.849882 0.659735
-1.00492 2.61791 0.16 0.862393 0.676902
-1.2219 2.74444 0.36 0.865974 0.609422
-1.00492 2.61791 0.16 0.862393 0.676902
-1.0766 2.80463 0.36 0.879395 0.626646
-1.2219 2.74444 0.36 0.865974 0.609422
-1.2219 2.74444 0.36 0.865974 0.609422
-1.0766 2.80463 0.36 0.879395 0.626646
-1.30325 2.92715 0.64 0.883289 0.546899
-1.0766 2.80463 0.36 0.879395 0.626646
-1.14827 2.99134 0.64 0.897756 0.563948
-1.30325 2.92715 0.64 0.883289 0.546899
-1.30325 2.92715 0.64 0.883289 0.546899
-1.14827 2.99134 0.64 0.897756 0.563948
-1.3846 3.10986 1 0.899941 0.472103
-1.14827 2.99134 0.64 0.897756 0.563948
-1.21994 3.17806 1 0.915523 0.488599
-1.3846 3.10986 1 0.899941 0.472103
-0.49128 0.178201 -0 0.538316 0.998635
-0.49128 0.182709 -0 0.539556 0.998525
-0.49128 0.356403 -0 0.58618 0.991451
-0.49128 0.182709 -0 0.539556 0.998525
-0.49128 0.365418 -0 0.588525 0.990941
-0.49128 0.356403 -0 0.58618 0.991451
-0.49128 0.356403 -0 0.58618 0.991451
-0.49128 0.365418 -0 0.588525 0.990941
-0.49128 0.534604 -0 0.630781 0.979173
-0.49128 0.365418 -0 0.588525 0.990941
-0.49128 0.548127 -0 0.634003 0.97807
-0.49128 0.534604 -0 0.630781 0.979173
-0.49128 0.534604 -0 0.630781 0.979173
-0.49128 0.548127 -0 0.634003 0.97807
-0.49128 0.712805 -0 0.671199 0.963147
-0.49128 0.548127 -0 0.634003 0.97807
-0.49128 0.730836 -0 0.675037 0.961371
-0.49128 0.712805 -0 0.671199 0.963147
-0.49128 0.712805 -0 0.671199 0.963147
-0.49128 0.730836 -0 0.675037 0.961371
-0.49128 0.891007 -0 0.707066 0.944754
-0.49128 0.730836 -0 0.675037 0.961371
-0.49128 0.913545 -0 0.711277 0.942323
-0.49128 0.891007 -0 0.707066 0.944754
-0.49128 0.891007 -0 0.707066 0.944754
-0.49128 0.913545 -0 0.711277 0.942323
-0.544789 1.06921 -0 0.735272 0.909796
-0.49128 0.913545 -0 0.711277 0.942323
-0.49128 1.09625 -0 0.742831 0.922183
-0.544789 1.06921 -0 0.735272 0.909796
-0.544789 1.06921 -0 0.735272 0.909796
-0.49128 1.09625 -0 0.742831 0.922183
-0.635587 1.24741 -0 0.756445 0.867049
-0.49128 1.09625 -0 0.742831 0.922183
-0.569431 1.27896 -0 0.765111 0.881249
-0.635587 1.24741 -0 0.756445 0.867049
-0.635587 1.24741 -0 0.756445 0.867049
-0.569431 1.27896 -0 0.765111 0.881249
-0.726385 1.42561 -0 0.773493 0.828414
-0.569431 1.27896 -0 0.765111 0.881249
-0.650779 1.46167 -0 0.782957 0.843274
-0.726385 1.42561 -0 0.773493 0.828414
-0.726385 1.42561 -0 0.773493 0.828414
-0.650779 1.46167 -0 0.782957 0.843274
-0.817183 1.60381 -0 0.787255 0.793823
-0.650779 1.46167 -0 0.782957 0.843274
-0.732126 1.64438 -0 0.797409 0.809158
-0.817183 1.60381 -0 0.787255 0.793823
-0.817183 1.60381 -0 0.787255 0.793823
-0.732126 1.64438 -0 0.797409 0.809158
-0.907981 1.78201 -0 0.798422 0.762996
-0.732126 1.64438 -0 0.797409 0.809158
-0.813473 1.82709 -0 0.809174 0.778664
-0.907981 1.78201 -0 0.798422 0.762996
-0.907981 1.78201 -0 0.798422 0.762996
-0.813473 1.82709 -0 0.809174 0.778664
-0.998779 1.96021 -0 0.807549 0.73556
-0.813473 1.82709 -0 0.809174 0.778664
-0.894821 2.0098 -0 0.818818 0.751457
-0.998779 1.96021 -0 0.807549 0.73556
-0.998779 1.96021 -0 0.807549 0.73556
-0.894821 2.0098 -0 0.818818 0.751457
-1.18227 2.32033 0.04 0.824226 0.682387
-0.894821 2.0098 -0 0.818818 0.751457
-1.05921 2.37902 0.04 0.836475 0.698578
-1.18227 2.32033 0.04 0.824226 0.682387
-1.18227 2.32033 0.04 0.824226 0.682387
-1.05921 2.37902 0.04 0.836475 0.698578
-1.27306 2.49853 0.16 0.836919 0.643409
-1.05921 2.37902 0.04 0.836475 0.698578
-1.14056 2.56173 0.16 0.849882 0.659735
-1.27306 2.49853 0.16 0.836919 0.643409
-1.27306 2.49853 0.16 0.836919 0.643409
-1.14056 2.56173 0.16 0.849882 0.659735
-1.36386 2.67673 0.36 0.852133 0.593062
-1.14056 2.56173 0.16 0.849882 0.659735
-1.2219 2.74444 0.36 0.865974 0.609422
-1.36386 2.67673 0.36 0.852133 0.593062
-1.36386 2.67673 0.36 0.852133 0.593062
-1.2219 2.74444 0.36 0.865974 0.609422
-1.45466 2.85493 0.64 0.86845 0.530723
-1.2219 2.74444 0.36 0.865974 0.609422
-1.30325 2.92715 0.64 0.883289 0.546899
-1.45466 2.85493 0.64 0.86845 0.530723
-1.45466 2.85493 0.64 0.86845 0.530723
-1.30325 2.92715 0.64 0.883289 0.546899
-1.54546 3.03313 1 0.884054 0.456461
-1.30325 2.92715 0.64 0.883289 0.546899
-1.3846 3.10986 1 0.899941 0.472103
-1.54546 3.03313 1 0.884054 0.456461
-1.54546 3.03313 1 0.884054 0.456461
-1.3846 3.10986 1 0.899941 0.472103
-1.63626 3.21133 1.44 0.896831 0.371725
-0.49128 0.173205 -0 0.536941 0.998752
-0.49128 0.178201 -0 0.538316 0.998635
-0.49128 0.34641 -0 0.583571 0.992
-0.49128 0.178201 -0 0.538316 0.998635
-0.49128 0.356403 -0 0.58618 0.991451
-0.49128 0.34641 -0 0.583571 0.992
-0.49128 0.34641 -0 0.583571 0.992
-0.49128 0.356403 -0 0.58618 0.991451
-0.49128 0.519615 -0 0.627182 0.98037
-0.49128 0.356403 -0 0.58618 0.991451
-0.49128 0.534604 -0 0.630781 0.979173
-0.49128 0.519615 -0 0.627182 0.98037
-0.49128 0.519615 -0 0.627182 0.98037
-0.49128 0.534604 -0 0.630781 0.979173
-0.49128 0.69282 -0 0.66689 0.965086
-0.49128 0.534604 -0 0.630781 0.979173
-0.49128 0.712805 -0 0.671199 0.963147
-0.49128 0.69282 -0 0.66689 0.965086
-0.49128 0.69282 -0 0.66689 0.965086
-0.49128 0.712805 -0 0.671199 0.963147
-0.5 0.866025 -0 0.701857 0.944708
-0.49128 0.712805 -0 0.671199 0.963147
-0.49128 0.891007 -0 0.707066 0.944754
-0.5 0.866025 -0 0.701857 0.944708
-0.5 0.866025 -0 0.701857 0.944708
-0.49128 0.891007 -0 0.707066 0.944754
-0.6 1.03923 -0 0.727031 0.89705
-0.49128 0.891007 -0 0.707066 0.944754
-0.544789 1.06921 -0 0.735272 0.909796
-0.6 1.03923 -0 0.727031 0.89705
-0.6 1.03923 -0 0.727031 0.89705
-0.544789 1.06921 -0 0.735272 0.909796
-0.7 1.21244 -0 0.747276 0.853463
-0.544789 1.06921 -0 0.735272 0.909796
-0.635587 1.24741 -0 0.756445 0.867049
-0.7 1.21244 -0 0.747276 0.853463
-0.7 1.21244 -0 0.747276 0.853463
-0.635587 1.24741 -0 0.756445 0.867049
-0.8 1.38564 -0 0.763525 0.814216
-0.635587 1.24741 -0 0.756445 0.867049
-0.726385 1.42561 -0 0.773493 0.828414
-0.8 1.38564 -0 0.763525 0.814216
-0.8 1.38564 -0 0.763525 0.814216
-0.726385 1.42561 -0 0.773493 0.828414
-0.9 1.55885 -0 0.776599 0.77919
-0.726385 1.42561 -0 0.773493 0.828414
-0.817183 1.60381 -0 0.787255 0.793823
-0.9 1.55885 -0 0.776599 0.77919
-0.9 1.55885 -0 0.776599 0.77919
-0.817183 1.60381 -0 0.787255 0.793823
-1 1.73205 -0 0.787178 0.748059
-0.817183 1.60381 -0 0.787255 0.793823
-0.907981 1.78201 -0 0.798422 0.762996
-1 1.73205 -0 0.787178 0.748059
-1 1.73205 -0 0.787178 0.748059
-0.907981 1.78201 -0 0.798422 0.762996
-1.1 1.90526 -0 0.795798 0.720419
-0.907981 1.78201 -0 0.798422 0.762996
-0.998779 1.96021 -0 0.807549 0.73556
-1.1 1.90526 -0 0.795798 0.720419
-1.1 1.90526 -0 0.795798 0.720419
-0.998779 1.96021 -0 0.807549 0.73556
-1.30208 2.25527 0.04 0.81152 0.666993
-0.998779 1.96021 -0 0.807549 0.73556
-1.18227 2.32033 0.04 0.824226 0.682387
-1.30208 2.25527 0.04 0.81152 0.666993
-1.30208 2.25527 0.04 0.81152 0.666993
-1.18227 2.32033 0.04 0.824226 0.682387
-1.40208 2.42848 0.16 0.823519 0.627902
-1.18227 2.32033 0.04 0.824226 0.682387
-1.27306 2.49853 0.16 0.836919 0.643409
-1.40208 2.42848 0.16 0.823519 0.627902
-1.40208 2.42848 0.16 0.823519 0.627902
-1.27306 2.49853 0.16 0.836919 0.643409
-1.50208 2.60168 0.36 0.837886 0.577541
-1.27306 2.49853 0.16 0.836919 0.643409
-1.36386 2.67673 0.36 0.852133 0.593062
-1.50208 2.60168 0.36 0.837886 0.577541
-1.50208 2.60168 0.36 0.837886 0.577541
-1.36386 2.67673 0.36 0.852133 0.593062
-1.60208 2.77489 0.64 0.85325 0.515391
-1.36386 2.67673 0.36 0.852133 0.593062
-1.45466 2.85493 0.64 0.86845 0.530723
-1.60208 2.77489 0.64 0.85325 0.515391
-1.60208 2.77489 0.64 0.85325 0.515391
-1.45466 2.85493 0.64 0.86845 0.530723
-1.70208 2.94809 1 0.867864 0.441645
-1.45466 2.85493 0.64 0.86845 0.530723
-1.54546 3.03313 1 0.884054 0.456461
-1.70208 2.94809 1 0.867864 0.441645
-1.70208 2.94809 1 0.867864 0.441645
-1.54546 3.03313 1 0.884054 0.456461
-1.80208 3.1213 1.44 0.879714 0.357861
-1.54546 3.03313 1 0.884054 0.456461
-1.63626 3.21133 1.44 0.896831 0.371725
-1.80208 3.1213 1.44 0.879714 0.357861
-1.80208 3.1213 1.44 0.879714 0.357861
-1.63626 3.21133 1.44 0.896831 0.371725
-1.90208 3.2945 1.96 0.886921 0.267275
-0.49128 0.167734 -0 0.535433 0.998874
-0.49128 0.173205 -0 0.536941 0.998752
-0.49128 0.335468 -0 0.580702 0.992583
-0.49128 0.173205 -0 0.536941 0.998752
-0.49128 0.34641 -0 0.583571 0.992
-0.49128 0.335468 -0 0.580702 0.992583
-0.49128 0.335468 -0 0.580702 0.992583
-0.49128 0.34641 -0 0.583571 0.992
-0.49128 0.503202 -0 0.623207 0.981649
-0.49128 0.34641 -0 0.583571 0.992
-0.49128 0.519615 -0 0.627182 0.98037
-0.49128 0.503202 -0 0.623207 0.981649
-0.49128 0.503202 -0 0.623207 0.981649
-0.49128 0.519615 -0 0.627182 0.98037
-0.49128 0.670936 -0 0.662106 0.967174
-0.49128 0.519615 -0 0.627182 0.98037
-0.49128 0.69282 -0 0.66689 0.965086
-0.49128 0.670936 -0 0.662106 0.967174
-0.49128 0.670936 -0 0.662106 0.967174
-0.49128 0.69282 -0 0.66689 0.965086
-0.544639 0.838671 -0 0.69424 0.933581
-0.49128 0.69282 -0 0.66689 0.965086
-0.5 0.866025 -0 0.701857 0.944708
-0.544639 0.838671 -0 0.69424 0.933581
-0.544639 0.838671 -0 0.69424 0.933581
-0.5 0.866025 -0 0.701857 0.944708
-0.653567 1.0064 -0 0.71832 0.884863
-0.5 0.866025 -0 0.701857 0.944708
-0.6 1.03923 -0 0.727031 0.89705
-0.653567 1.0064 -0 0.71832 0.884863
-0.653567 1.0064 -0 0.71832 0.884863
-0.6 1.03923 -0 0.727031 0.89705
-0.762495 1.17414 -0 0.737626 0.84049
-0.6 1.03923 -0 0.727031 0.89705
-0.7 1.21244 -0 0.747276 0.853463
-0.762495 1.17414 -0 0.737626 0.84049
-0.762495 1.17414 -0 0.737626 0.84049
-0.7 1.21244 -0 0.747276 0.853463
-0.871422 1.34187 -0 0.753073 0.800677
-0.7 1.21244 -0 0.747276 0.853463
-0.8 1.38564 -0 0.763525 0.814216
-0.871422 1.34187 -0 0.753073 0.800677
-0.871422 1.34187 -0 0.753073 0.800677
-0.8 1.38564 -0 0.763525 0.814216
-0.98035 1.50961 -0 0.765465 0.76525
-0.8 1.38564 -0 0.763525 0.814216
-0.9 1.55885 -0 0.776599 0.77919
-0.98035 1.50961 -0 0.765465 0.76525
-0.98035 1.50961 -0 0.765465 0.76525
-0.9 1.55885 -0 0.776599 0.77919
-1.08928 1.67734 -0 0.775462 0.733844
-0.9 1.55885 -0 0.776599 0.77919
-1 1.73205 -0 0.787178 0.748059
-1.08928 1.67734 -0 0.775462 0.733844
-1.08928 1.67734 -0 0.775462 0.733844
-1 1.73205 -0 0.787178 0.748059
-1.19821 1.84508 -0 0.783585 0.706023
-1 1.73205 -0 0.787178 0.748059
-1.1 1.90526 -0 0.795798 0.720419
-1.19821 1.84508 -0 0.783585 0.706023
-1.19821 1.84508 -0 0.783585 0.706023
-1.1 1.90526 -0 0.795798 0.720419
-1.41833 2.18404 0.04 0.798378 0.65238
-1.1 1.90526 -0 0.795798 0.720419
-1.30208 2.25527 0.04 0.81152 0.666993
-1.41833 2.18404 0.04 0.798378 0.65238
-1.41833 2.18404 0.04 0.798378 0.65238
-1.30208 2.25527 0.04 0.81152 0.666993
-1.52726 2.35177 0.16 0.8097 0.613197
-1.30208 2.25527 0.04 0.81152 0.666993
-1.40208 2.42848 0.16 0.823519 0.627902
-1.52726 2.35177 0.16 0.8097 0.613197
-1.52726 2.35177 0.16 0.8097 0.613197
-1.40208 2.42848 0.16 0.823519 0.627902
-1.63618 2.5195 0.36 0.823247 0.562837
-1.40208 2.42848 0.16 0.823519 0.627902
-1.50208 2.60168 0.36 0.837886 0.577541
-1.63618 2.5195 0.36 0.823247 0.562837
-1.63618 2.5195 0.36 0.823247 0.562837
-1.50208 2.60168 0.36 0.837886 0.577541
-1.74511 2.68724 0.64 0.837697 0.500879
-1.50208 2.60168 0.36 0.837886 0.577541
-1.60208 2.77489 0.64 0.85325 0.515391
-1.74511 2.68724 0.64 0.837697 0.500879
-1.74511 2.68724 0.64 0.837697 0.500879
-1.60208 2.77489 0.64 0.85325 0.515391
-1.85404 2.85497 1 0.851375 0.427627
-1.60208 2.77489 0.64 0.85325 0.515391
-1.70208 2.94809 1 0.867864 0.441645
-1.85404 2.85497 1 0.851375 0.427627
-1.85404 2.85497 1 0.851375 0.427627
-1.70208 2.94809 1 0.867864 0.441645
-1.96297 3.02271 1.44 0.862366 0.34474
-1.70208 2.94809 1 0.867864 0.441645
-1.80208 3.1213 1.44 0.879714 0.357861
-1.96297 3.02271 1.44 0.862366 0.34474
-1.96297 3.02271 1.44 0.862366 0.34474
-1.80208 3.1213 1.44 0.879714 0.357861
-2.0719 3.19044 1.96 0.868899 0.255503
-1.80208 3.1213 1.44 0.879714 0.357861
-1.90208 3.2945 1.96 0.886921 0.267275
-2.0719 3.19044 1.96 0.868899 0.255503
-2.0719 3.19044 1.96 0.868899 0.255503
-1.90208 3.2945 1.96 0.886921 0.267275
-2.18082 3.35817 2.56 0.869876 0.164389
-0.49128 0.161803 -0 0.533796 0.999001
-0.49128 0.167734 -0 0.535433 0.998874
-0.49128 0.323607 -0 0.577579 0.993192
-0.49128 0.167734 -0 0.535433 0.998874
-0.49128 0.335468 -0 0.580702 0.992583
-0.49128 0.323607 -0 0.577579 0.993192
-0.49128 0.323607 -0 0.577579 0.993192
-0.49128 0.335468 -0 0.580702 0.992583
-0.49128 0.48541 -0 0.618858 0.982998
-0.49128 0.335468 -0 0.580702 0.992583
-0.49128 0.503202 -0 0.623207 0.981649
-0.49128 0.48541 -0 0.618858 0.982998
-0.49128 0.48541 -0 0.618858 0.982998
-0.49128 0.503202 -0 0.623207 0.981649
-0.49128 0.647214 -0 0.656843 0.969392
-0.49128 0.503202 -0 0.623207 0.981649
-0.49128 0.670936 -0 0.662106 0.967174
-0.49128 0.647214 -0 0.656843 0.969392
-0.49128 0.647214 -0 0.656843 0.969392
-0.49128 0.670936 -0 0.662106 0.967174
-0.587785 0.809017 -0 0.686194 0.922952
-0.49128 0.670936 -0 0.662106 0.967174
-0.544639 0.838671 -0 0.69424 0.933581
-0.587785 0.809017 -0 0.686194 0.922952
-0.587785 0.809017 -0 0.686194 0.922952
-0.544639 0.838671 -0 0.69424 0.933581
-0.705342 0.97082 -0 0.709158 0.873237
-0.544639 0.838671 -0 0.69424 0.933581
-0.653567 1.0064 -0 0.71832 0.884863
-0.705342 0.97082 -0 0.709158 0.873237
-0.705342 0.97082 -0 0.709158 0.873237
-0.653567 1.0064 -0 0.71832 0.884863
-0.822899 1.13262 -0 0.727515 0.828131
-0.653567 1.0064 -0 0.71832 0.884863
-0.762495 1.17414 -0 0.737626 0.84049
-0.822899 1.13262 -0 0.727515 0.828131
-0.822899 1.13262 -0 0.727515 0.828131
-0.762495 1.17414 -0 0.737626 0.84049
-0.940456 1.29443 -0 0.742159 0.787792
-0.762495 1.17414 -0 0.737626 0.84049
-0.871422 1.34187 -0 0.753073 0.800677
-0.940456 1.29443 -0 0.742159 0.787792
-0.940456 1.29443 -0 0.742159 0.787792
-0.871422 1.34187 -0 0.753073 0.800677
-1.05801 1.45623 -0 0.753873 0.751998
-0.871422 1.34187 -0 0.753073 0.800677
-0.98035 1.50961 -0 0.765465 0.76525
-1.05801 1.45623 -0 0.753873 0.751998
-1.05801 1.45623 -0 0.753873 0.751998
-0.98035 1.50961 -0 0.765465 0.76525
-1.17557 1.61803 -0 0.763296 0.720344
-0.98035 1.50961 -0 0.765465 0.76525
-1.08928 1.67734 -0 0.775462 0.733844
-1.17557 1.61803 -0 0.763296 0.720344
-1.17557 1.61803 -0 0.763296 0.720344
-1.08928 1.67734 -0 0.775462 0.733844
-1.29313 1.77984 -0 0.770932 0.692363
-1.08928 1.67734 -0 0.775462 0.733844
-1.19821 1.84508 -0 0.783585 0.706023
-1.29313 1.77984 -0 0.770932 0.692363
-1.29313 1.77984 -0 0.770932 0.692363
-1.19821 1.84508 -0 0.783585 0.706023
-1.53069 2.10681 0.04 0.784818 0.638534
-1.19821 1.84508 -0 0.783585 0.706023
-1.41833 2.18404 0.04 0.798378 0.65238
-1.53069 2.10681 0.04 0.784818 0.638534
-1.53069 2.10681 0.04 0.784818 0.638534
-1.41833 2.18404 0.04 0.798378 0.65238
-1.64825 2.26862 0.16 0.795481 0.599278
-1.41833 2.18404 0.04 0.798378 0.65238
-1.52726 2.35177 0.16 0.8097 0.613197
-1.64825 2.26862 0.16 0.795481 0.599278
-1.64825 2.26862 0.16 0.795481 0.599278
-1.52726 2.35177 0.16 0.8097 0.613197
-1.7658 2.43042 0.36 0.808232 0.548931
-1.52726 2.35177 0.16 0.8097 0.613197
-1.63618 2.5195 0.36 0.823247 0.562837
-1.7658 2.43042 0.36 0.808232 0.548931
-1.7658 2.43042 0.36 0.808232 0.548931
-1.63618 2.5195 0.36 0.823247 0.562837
-1.88336 2.59222 0.64 0.821803 0.487166
-1.63618 2.5195 0.36 0.823247 0.562837
-1.74511 2.68724 0.64 0.837697 0.500879
-1.88336 2.59222 0.64 0.821803 0.487166
-1.88336 2.59222 0.64 0.821803 0.487166
-1.74511 2.68724 0.64 0.837697 0.500879
-2.00092 2.75403 1 0.834594 0.414387
-1.74511 2.68724 0.64 0.837697 0.500879
-1.85404 2.85497 1 0.851375 0.427627
-2.00092 2.75403 1 0.834594 0.414387
-2.00092 2.75403 1 0.834594 0.414387
-1.85404 2.85497 1 0.851375 0.427627
-2.11847 2.91583 1.44 0.844785 0.332343
-1.85404 2.85497 1 0.851375 0.427627
-1.96297 3.02271 1.44 0.862366 0.34474
-2.11847 2.91583 1.44 0.844785 0.332343
-2.11847 2.91583 1.44 0.844785 0.332343
-1.96297 3.02271 1.44 0.862366 0.34474
-2.23603 3.07763 1.96 0.85071 0.244363
-1.96297 3.02271 1.44 0.862366 0.34474
-2.0719 3.19044 1.96 0.868899 0.255503
-2.23603 3.07763 1.96 0.85071 0.244363
-2.23603 3.07763 1.96 0.85071 0.244363
-2.0719 3.19044 1.96 0.868899 0.255503
-2.35359 3.23944 2.56 0.851361 0.154885
-2.0719 3.19044 1.96 0.868899 0.255503
-2.18082 3.35817 2.56 0.869876 0.164389
-2.35359 3.23944 2.56 0.851361 0.154885
-0.49128 0.155429 -0 0.532035 0.999129
-0.49128 0.161803 -0 0.533796 0.999001
-0.49128 0.310858 -0 0.574207 0.99382
-0.49128 0.161803 -0 0.533796 0.999001
-0.49128 0.323607 -0 0.577579 0.993192
-0.49128 0.310858 -0 0.574207 0.99382
-0.49128 0.310858 -0 0.574207 0.99382
-0.49128 0.323607 -0 0.577579 0.993192
-0.49128 0.466288 -0 0.61414 0.9844
-0.49128 0.323607 -0 0.577579 0.993192
-0.49128 0.48541 -0 0.618858 0.982998
-0.49128 0.466288 -0 0.61414 0.9844
-0.49128 0.466288 -0 0.61414 0.9844
-0.49128 0.48541 -0 0.618858 0.982998
-0.503456 0.621717 -0 0.650601 0.967597
-0.49128 0.48541 -0 0.618858 0.982998
-0.49128 0.647214 -0 0.656843 0.969392
-0.503456 0.621717 -0 0.650601 0.967597
-0.503456 0.621717 -0 0.650601 0.967597
-0.49128 0.647214 -0 0.656843 0.969392
-0.62932 0.777146 -0 0.677739 0.912826
-0.49128 0.647214 -0 0.656843 0.969392
-0.587785 0.809017 -0 0.686194 0.922952
-0.62932 0.777146 -0 0.677739 0.912826
-0.62932 0.777146 -0 0.677739 0.912826
-0.587785 0.809017 -0 0.686194 0.922952
-0.755184 0.932575 -0 0.699566 0.862176
-0.587785 0.809017 -0 0.686194 0.922952
-0.705342 0.97082 -0 0.709158 0.873237
-0.755184 0.932575 -0 0.699566 0.862176
-0.755184 0.932575 -0 0.699566 0.862176
-0.705342 0.97082 -0 0.709158 0.873237
-0.881049 1.088 -0 0.716965 0.816386
-0.705342 0.97082 -0 0.709158 0.873237
-0.822899 1.13262 -0 0.727515 0.828131
-0.881049 1.088 -0 0.716965 0.816386
-0.881049 1.088 -0 0.716965 0.816386
-0.822899 1.13262 -0 0.727515 0.828131
-1.00691 1.24343 -0 0.730805 0.775559
-0.822899 1.13262 -0 0.727515 0.828131
-0.940456 1.29443 -0 0.742159 0.787792
-1.00691 1.24343 -0 0.730805 0.775559
-1.00691 1.24343 -0 0.730805 0.775559
-0.940456 1.29443 -0 0.742159 0.787792
-1.13278 1.39886 -0 0.741845 0.73943
-0.940456 1.29443 -0 0.742159 0.787792
-1.05801 1.45623 -0 0.753873 0.751998
-1.13278 1.39886 -0 0.741845 0.73943
-1.13278 1.39886 -0 0.741845 0.73943
-1.05801 1.45623 -0 0.753873 0.751998
-1.25864 1.55429 -0 0.750701 0.707552
-1.05801 1.45623 -0 0.753873 0.751998
-1.17557 1.61803 -0 0.763296 0.720344
-1.25864 1.55429 -0 0.750701 0.707552
-1.25864 1.55429 -0 0.750701 0.707552
-1.17557 1.61803 -0 0.763296 0.720344
-1.3845 1.70972 -0 0.757859 0.679428
-1.17557 1.61803 -0 0.763296 0.720344
-1.29313 1.77984 -0 0.770932 0.692363
-1.3845 1.70972 -0 0.757859 0.679428
-1.3845 1.70972 -0 0.757859 0.679428
-1.29313 1.77984 -0 0.770932 0.692363
-1.63885 2.02381 0.04 0.77086 0.625445
-1.29313 1.77984 -0 0.770932 0.692363
-1.53069 2.10681 0.04 0.784818 0.638534
-1.63885 2.02381 0.04 0.77086 0.625445
-1.63885 2.02381 0.04 0.77086 0.625445
-1.53069 2.10681 0.04 0.784818 0.638534
-1.76472 2.17924 0.16 0.780878 0.586131
-1.53069 2.10681 0.04 0.784818 0.638534
-1.64825 2.26862 0.16 0.795481 0.599278
-1.76472 2.17924 0.16 0.780878 0.586131
-1.76472 2.17924 0.16 0.780878 0.586131
-1.64825 2.26862 0.16 0.795481 0.599278
-1.89058 2.33467 0.36 0.792855 0.535809
-1.64825 2.26862 0.16 0.795481 0.599278
-1.7658 2.43042 0.36 0.808232 0.548931
-1.89058 2.33467 0.36 0.792855 0.535809
-1.89058 2.33467 0.36 0.792855 0.535809
-1.7658 2.43042 0.36 0.808232 0.548931
-2.01645 2.4901 0.64 0.80558 0.474237
-1.7658 2.43042 0.36 0.808232 0.548931
-1.88336 2.59222 0.64 0.821803 0.487166
-2.01645 2.4901 0.64 0.80558 0.474237
-2.01645 2.4901 0.64 0.80558 0.474237
-1.88336 2.59222 0.64 0.821803 0.487166
-2.14231 2.64553 1 0.817527 0.401908
-1.88336 2.59222 0.64 0.821803 0.487166
-2.00092 2.75403 1 0.834594 0.414387
-2.14231 2.64553 1 0.817527 0.401908
-2.14231 2.64553 1 0.817527 0.401908
-2.00092 2.75403 1 0.834594 0.414387
-2.26817 2.80096 1.44 0.826972 0.320654
-2.00092 2.75403 1 0.834594 0.414387
-2.11847 2.91583 1.44 0.844785 0.332343
-2.26817 2.80096 1.44 0.826972 0.320654
-2.26817 2.80096 1.44 0.826972 0.320654
-2.11847 2.91583 1.44 0.844785 0.332343
-2.39404 2.95639 1.96 0.832349 0.233844
-2.11847 2.91583 1.44 0.844785 0.332343
-2.23603 3.07763 1.96 0.85071 0.244363
-2.39404 2.95639 1.96 0.832349 0.233844
-2.39404 2.95639 1.96 0.832349 0.233844
-2.23603 3.07763 1.96 0.85071 0.244363
-2.5199 3.11182 2.56 0.832732 0.145882
-2.23603 3.07763 1.96 0.85071 0.244363
-2.35359 3.23944 2.56 0.851361 0.154885
-2.5199 3.11182 2.56 0.832732 0.145882
-0.49128 0.148629 -0 0.530154 0.999257
-0.49128 0.155429 -0 0.532035 0.999129
-0.49128 0.297258 -0 0.570594 0.994459
-0.49128 0.155429 -0 0.532035 0.999129
-0.49128 0.310858 -0 0.574207 0.99382
-0.49128 0.297258 -0 0.570594 0.994459
-0.49128 0.297258 -0 0.570594 0.994459
-0.49128 0.310858 -0 0.574207 0.99382
-0.49128 0.445887 -0 0.609055 0.985842
-0.49128 0.310858 -0 0.574207 0.99382
-0.49128 0.466288 -0 0.61414 0.9844
-0.49128 0.445887 -0 0.609055 0.985842
-0.49128 0.445887 -0 0.609055 0.985842
-0.49128 0.466288 -0 0.61414 0.9844
-0.535304 0.594516 -0 0.643125 0.959149
-0.49128 0.466288 -0 0.61414 0.9844
-0.503456 0.621717 -0 0.650601 0.967597
-0.535304 0.594516 -0 0.643125 0.959149
-0.535304 0.594516 -0 0.643125 0.959149
-0.503456 0.621717 -0 0.650601 0.967597
-0.669131 0.743145 -0 0.668894 0.903208
-0.503456 0.621717 -0 0.650601 0.967597
-0.62932 0.777146 -0 0.677739 0.912826
-0.669131 0.743145 -0 0.668894 0.903208
-0.669131 0.743145 -0 0.668894 0.903208
-0.62932 0.777146 -0 0.677739 0.912826
-0.802957 0.891774 -0 0.689566 0.851681
-0.62932 0.777146 -0 0.677739 0.912826
-0.755184 0.932575 -0 0.699566 0.862176
-0.802957 0.891774 -0 0.689566 0.851681
-0.802957 0.891774 -0 0.689566 0.851681
-0.755184 0.932575 -0 0.699566 0.862176
-0.936783 1.0404 -0 0.705998 0.805253
-0.755184 0.932575 -0 0.699566 0.862176
-0.881049 1.088 -0 0.716965 0.816386
-0.936783 1.0404 -0 0.705998 0.805253
-0.936783 1.0404 -0 0.705998 0.805253
-0.881049 1.088 -0 0.716965 0.816386
-1.07061 1.18903 -0 0.719034 0.763977
-0.881049 1.088 -0 0.716965 0.816386
-1.00691 1.24343 -0 0.730805 0.775559
-1.07061 1.18903 -0 0.719034 0.763977
-1.07061 1.18903 -0 0.719034 0.763977
-1.00691 1.24343 -0 0.730805 0.775559
-1.20444 1.33766 -0 0.729403 0.72754
-1.00691 1.24343 -0 0.730805 0.775559
-1.13278 1.39886 -0 0.741845 0.73943
-1.20444 1.33766 -0 0.729403 0.72754
-1.20444 1.33766 -0 0.729403 0.72754
-1.13278 1.39886 -0 0.741845 0.73943
-1.33826 1.48629 -0 0.7377 0.69546
-1.13278 1.39886 -0 0.741845 0.73943
-1.25864 1.55429 -0 0.750701 0.707552
-1.33826 1.48629 -0 0.7377 0.69546
-1.33826 1.48629 -0 0.7377 0.69546
-1.25864 1.55429 -0 0.750701 0.707552
-1.47209 1.63492 -0 0.744389 0.667213
-1.25864 1.55429 -0 0.750701 0.707552
-1.3845 1.70972 -0 0.757859 0.679428
-1.47209 1.63492 -0 0.744389 0.667213
-1.47209 1.63492 -0 0.744389 0.667213
-1.3845 1.70972 -0 0.757859 0.679428
-1.74253 1.93527 0.04 0.756526 0.613103
-1.3845 1.70972 -0 0.757859 0.679428
-1.63885 2.02381 0.04 0.77086 0.625445
-1.74253 1.93527 0.04 0.756526 0.613103
-1.74253 1.93527 0.04 0.756526 0.613103
-1.63885 2.02381 0.04 0.77086 0.625445
-1.87635 2.0839 0.16 0.765912 0.573744
-1.63885 2.02381 0.04 0.77086 0.625445
-1.76472 2.17924 0.16 0.780878 0.586131
-1.87635 2.0839 0.16 0.765912 0.573744
-1.87635 2.0839 0.16 0.765912 0.573744
-1.76472 2.17924 0.16 0.780878 0.586131
-2.01018 2.23253 0.36 0.777135 0.523458
-1.76472 2.17924 0.16 0.780878 0.586131
-1.89058 2.33467 0.36 0.792855 0.535809
-2.01018 2.23253 0.36 0.777135 0.523458
-2.01018 2.23253 0.36 0.777135 0.523458
-1.89058 2.33467 0.36 0.792855 0.535809
-2.144 2.38116 0.64 0.78904 0.462076
-1.89058 2.33467 0.36 0.792855 0.535809
-2.01645 2.4901 0.64 0.80558 0.474237
-2.144 2.38116 0.64 0.78904 0.462076
-2.144 2.38116 0.64 0.78904 0.462076
-2.01645 2.4901 0.64 0.80558 0.474237
-2.27783 2.52979 1 0.800183 0.390175
-2.01645 2.4901 0.64 0.80558 0.474237
-2.14231 2.64553 1 0.817527 0.401908
-2.27783 2.52979 1 0.800183 0.390175
-2.27783 2.52979 1 0.800183 0.390175
-2.14231 2.64553 1 0.817527 0.401908
-2.41166 2.67842 1.44 0.808931 0.30966
-2.14231 2.64553 1 0.817527 0.401908
-2.26817 2.80096 1.44 0.826972 0.320654
-2.41166 2.67842 1.44 0.808931 0.30966
-2.41166 2.67842 1.44 0.808931 0.30966
-2.26817 2.80096 1.44 0.826972 0.320654
-2.54548 2.82704 1.96 0.813814 0.223934
-2.26817 2.80096 1.44 0.826972 0.320654
-2.39404 2.95639 1.96 0.832349 0.233844
-2.54548 2.82704 1.96 0.813814 0.223934
-2.54548 2.82704 1.96 0.813814 0.223934
-2.39404 2.95639 1.96 0.832349 0.233844
-2.67931 2.97567 2.56 0.813981 0.137374
-2.39404 2.95639 1.96 0.832349 0.233844
-2.5199 3.11182 2.56 0.832732 0.145882
-2.67931 2.97567 2.56 0.813981 0.137374
-0.49128 0.141421 -0 0.528158 0.999382
-0.49128 0.148629 -0 0.530154 0.999257
-0.49128 0.282843 -0 0.566745 0.995102
-0.49128 0.148629 -0 0.530154 0.999257
-0.49128 0.297258 -0 0.570594 0.994459
-0.49128 0.282843 -0 0.566745 0.995102
-0.49128 0.282843 -0 0.566745 0.995102
-0.49128 0.297258 -0 0.570594 0.994459
-0.49128 0.424264 -0 0.603612 0.987307
-0.49128 0.297258 -0 0.570594 0.994459
-0.49128 0.445887 -0 0.609055 0.985842
-0.49128 0.424264 -0 0.603612 0.987307
-0.49128 0.424264 -0 0.603612 0.987307
-0.49128 0.445887 -0 0.609055 0.985842
-0.565685 0.565685 -0 0.635311 0.951142
-0.49128 0.445887 -0 0.609055 0.985842
-0.535304 0.594516 -0 0.643125 0.959149
-0.565685 0.565685 -0 0.635311 0.951142
-0.565685 0.565685 -0 0.635311 0.951142
-0.535304 0.594516 -0 0.643125 0.959149
-0.707107 0.707107 -0 0.659679 0.894104
-0.535304 0.594516 -0 0.643125 0.959149
-0.669131 0.743145 -0 0.668894 0.903208
-0.707107 0.707107 -0 0.659679 0.894104
-0.707107 0.707107 -0 0.659679 0.894104
-0.669131 0.743145 -0 0.668894 0.903208
-0.848528 0.848528 -0 0.679178 0.841757
-0.669131 0.743145 -0 0.668894 0.903208
-0.802957 0.891774 -0 0.689566 0.851681
-0.848528 0.848528 -0 0.679178 0.841757
-0.848528 0.848528 -0 0.679178 0.841757
-0.802957 0.891774 -0 0.689566 0.851681
-0.98995 0.98995 -0 0.694637 0.794737
-0.802957 0.891774 -0 0.689566 0.851681
-0.936783 1.0404 -0 0.705998 0.805253
-0.98995 0.98995 -0 0.694637 0.794737
-0.98995 0.98995 -0 0.694637 0.794737
-0.936783 1.0404 -0 0.705998 0.805253
-1.13137 1.13137 -0 0.706867 0.753045
-0.936783 1.0404 -0 0.705998 0.805253
-1.07061 1.18903 -0 0.719034 0.763977
-1.13137 1.13137 -0 0.706867 0.753045
-1.13137 1.13137 -0 0.706867 0.753045
-1.07061 1.18903 -0 0.719034 0.763977
-1.27279 1.27279 -0 0.716571 0.716328
-1.07061 1.18903 -0 0.719034 0.763977
-1.20444 1.33766 -0 0.729403 0.72754
-1.27279 1.27279 -0 0.716571 0.716328
-1.27279 1.27279 -0 0.716571 0.716328
-1.20444 1.33766 -0 0.729403 0.72754
-1.41421 1.41421 -0 0.724316 0.684068
-1.20444 1.33766 -0 0.729403 0.72754
-1.33826 1.48629 -0 0.7377 0.69546
-1.41421 1.41421 -0 0.724316 0.684068
-1.41421 1.41421 -0 0.724316 0.684068
-1.33826 1.48629 -0 0.7377 0.69546
-1.55563 1.55563 -0 0.730544 0.655712
-1.33826 1.48629 -0 0.7377 0.69546
-1.47209 1.63492 -0 0.744389 0.667213
-1.55563 1.55563 -0 0.730544 0.655712
-1.55563 1.55563 -0 0.730544 0.655712
-1.47209 1.63492 -0 0.744389 0.667213
-1.84142 1.84142 0.04 0.741837 0.601499
-1.47209 1.63492 -0 0.744389 0.667213
-1.74253 1.93527 0.04 0.756526 0.613103
-1.84142 1.84142 0.04 0.741837 0.601499
-1.84142 1.84142 0.04 0.741837 0.601499
-1.74253 1.93527 0.04 0.756526 0.613103
-1.98284 1.98284 0.16 0.750604 0.562109
-1.74253 1.93527 0.04 0.756526 0.613103
-1.87635 2.0839 0.16 0.765912 0.573744
-1.98284 1.98284 0.16 0.750604 0.562109
-1.98284 1.98284 0.16 0.750604 0.562109
-1.87635 2.0839 0.16 0.765912 0.573744
-2.12426 2.12426 0.36 0.761089 0.511866
-1.87635 2.0839 0.16 0.765912 0.573744
-2.01018 2.23253 0.36 0.777135 0.523458
-2.12426 2.12426 0.36 0.761089 0.511866
-2.12426 2.12426 0.36 0.761089 0.511866
-2.01018 2.23253 0.36 0.777135 0.523458
-2.26569 2.26569 0.64 0.772201 0.450672
-2.01018 2.23253 0.36 0.777135 0.523458
-2.144 2.38116 0.64 0.78904 0.462076
-2.26569 2.26569 0.64 0.772201 0.450672
-2.26569 2.26569 0.64 0.772201 0.450672
-2.144 2.38116 0.64 0.78904 0.462076
-2.40711 2.40711 1 0.782572 0.379177
-2.144 2.38116 0.64 0.78904 0.462076
-2.27783 2.52979 1 0.800183 0.390175
-2.40711 2.40711 1 0.782572 0.379177
-2.40711 2.40711 1 0.782572 0.379177
-2.27783 2.52979 1 0.800183 0.390175
-2.54853 2.54853 1.44 0.790667 0.29935
-2.27783 2.52979 1 0.800183 0.390175
-2.41166 2.67842 1.44 0.808931 0.30966
-2.54853 2.54853 1.44 0.790667 0.29935
-2.54853 2.54853 1.44 0.790667 0.29935
-2.41166 2.67842 1.44 0.808931 0.30966
-2.68995 2.68995 1.96 0.795106 0.214628
-2.41166 2.67842 1.44 0.808931 0.30966
-2.54548 2.82704 1.96 0.813814 0.223934
-2.68995 2.68995 1.96 0.795106 0.214628
-2.68995 2.68995 1.96 0.795106 0.214628
-2.54548 2.82704 1.96 0.813814 0.223934
-2.83137 2.83137 2.56 0.795104 0.12936
-2.54548 2.82704 1.96 0.813814 0.223934
-2.67931 2.97567 2.56 0.813981 0.137374
-2.83137 2.83137 2.56 0.795104 0.12936
-0.49128 0.133826 -0 0.526052 0.999504
-0.49128 0.141421 -0 0.528158 0.999382
-0.49128 0.267652 -0 0.56267 0.99574
-0.49128 0.141421 -0 0.528158 0.999382
-0.49128 0.282843 -0 0.566745 0.995102
-0.49128 0.267652 -0 0.56267 0.99574
-0.49128 0.267652 -0 0.56267 0.99574
-0.49128 0.282843 -0 0.566745 0.995102
-0.49128 0.401478 -0 0.597816 0.988777
-0.49128 0.282843 -0 0.566745 0.995102
-0.49128 0.424264 -0 0.603612 0.987307
-0.49128 0.401478 -0 0.597816 0.988777
-0.49128 0.401478 -0 0.597816 0.988777
-0.49128 0.424264 -0 0.603612 0.987307
-0.594516 0.535304 -0 0.627177 0.943586
-0.49128 0.424264 -0 0.603612 0.987307
-0.565685 0.565685 -0 0.635311 0.951142
-0.594516 0.535304 -0 0.627177 0.943586
-0.594516 0.535304 -0 0.627177 0.943586
-0.565685 0.565685 -0 0.635311 0.951142
-0.743145 0.669131 -0 0.650116 0.885519
-0.565685 0.565685 -0 0.635311 0.951142
-0.707107 0.707107 -0 0.659679 0.894104
-0.743145 0.669131 -0 0.650116 0.885519
-0.743145 0.669131 -0 0.650116 0.885519
-0.707107 0.707107 -0 0.659679 0.894104
-0.891774 0.802957 -0 0.668426 0.832407
-0.707107 0.707107 -0 0.659679 0.894104
-0.848528 0.848528 -0 0.679178 0.841757
-0.891774 0.802957 -0 0.668426 0.832407
-0.891774 0.802957 -0 0.668426 0.832407
-0.848528 0.848528 -0 0.679178 0.841757
-1.0404 0.936783 -0 0.682905 0.784835
-0.848528 0.848528 -0 0.679178 0.841757
-0.98995 0.98995 -0 0.694637 0.794737
-1.0404 0.936783 -0 0.682905 0.784835
-1.0404 0.936783 -0 0.682905 0.784835
-0.98995 0.98995 -0 0.694637 0.794737
-1.18903 1.07061 -0 0.69433 0.742763
-0.98995 0.98995 -0 0.694637 0.794737
-1.13137 1.13137 -0 0.706867 0.753045
-1.18903 1.07061 -0 0.69433 0.742763
-1.18903 1.07061 -0 0.69433 0.742763
-1.13137 1.13137 -0 0.706867 0.753045
-1.33766 1.20444 -0 0.703373 0.70579
-1.13137 1.13137 -0 0.706867 0.753045
-1.27279 1.27279 -0 0.716571 0.716328
-1.33766 1.20444 -0 0.703373 0.70579
-1.33766 1.20444 -0 0.703373 0.70579
-1.27279 1.27279 -0 0.716571 0.716328
-1.48629 1.33826 -0 0.710572 0.67337
-1.27279 1.27279 -0 0.716571 0.716328
-1.41421 1.41421 -0 0.724316 0.684068
-1.48629 1.33826 -0 0.710572 0.67337
-1.48629 1.33826 -0 0.710572 0.67337
-1.41421 1.41421 -0 0.724316 0.684068
-1.63492 1.47209 -0 0.716349 0.644921
-1.41421 1.41421 -0 0.724316 0.684068
-1.55563 1.55563 -0 0.730544 0.655712
-1.63492 1.47209 -0 0.716349 0.644921
-1.63492 1.47209 -0 0.716349 0.644921
-1.55563 1.55563 -0 0.730544 0.655712
-1.93527 1.74253 0.04 0.726816 0.590627
-1.55563 1.55563 -0 0.730544 0.655712
-1.84142 1.84142 0.04 0.741837 0.601499
-1.93527 1.74253 0.04 0.726816 0.590627
-1.93527 1.74253 0.04 0.726816 0.590627
-1.84142 1.84142 0.04 0.741837 0.601499
-2.0839 1.87635 0.16 0.734976 0.551218
-1.84142 1.84142 0.04 0.741837 0.601499
-1.98284 1.98284 0.16 0.750604 0.562109
-2.0839 1.87635 0.16 0.734976 0.551218
-2.0839 1.87635 0.16 0.734976 0.551218
-1.98284 1.98284 0.16 0.750604 0.562109
-2.23253 2.01018 0.36 0.744738 0.501026
-1.98284 1.98284 0.16 0.750604 0.562109
-2.12426 2.12426 0.36 0.761089 0.511866
-2.23253 2.01018 0.36 0.744738 0.501026
-2.23253 2.01018 0.36 0.744738 0.501026
-2.12426 2.12426 0.36 0.761089 0.511866
-2.38116 2.144 0.64 0.755077 0.440015
-2.12426 2.12426 0.36 0.761089 0.511866
-2.26569 2.26569 0.64 0.772201 0.450672
-2.38116 2.144 0.64 0.755077 0.440015
-2.38116 2.144 0.64 0.755077 0.440015
-2.26569 2.26569 0.64 0.772201 0.450672
-2.52979 2.27783 1 0.764709 0.368904
-2.26569 2.26569 0.64 0.772201 0.450672
-2.40711 2.40711 1 0.782572 0.379177
-2.52979 2.27783 1 0.764709 0.368904
-2.52979 2.27783 1 0.764709 0.368904
-2.40711 2.40711 1 0.782572 0.379177
-2.67842 2.41166 1.44 0.772188 0.289716
-2.40711 2.40711 1 0.782572 0.379177
-2.54853 2.54853 1.44 0.790667 0.29935
-2.67842 2.41166 1.44 0.772188 0.289716
-2.67842 2.41166 1.44 0.772188 0.289716
-2.54853 2.54853 1.44 0.790667 0.29935
-2.82704 2.54548 1.96 0.776227 0.205919
-2.54853 2.54853 1.44 0.790667 0.29935
-2.68995 2.68995 1.96 0.795106 0.214628
-2.82704 2.54548 1.96 0.776227 0.205919
-2.82704 2.54548 1.96 0.776227 0.205919
-2.68995 2.68995 1.96 0.795106 0.214628
-2.97567 2.67931 2.56 0.776101 0.121838
-2.68995 2.68995 1.96 0.795106 0.214628
-2.83137 2.83137 2.56 0.795104 0.12936
-2.97567 2.67931 2.56 0.776101 0.121838
-0.49128 0.125864 -0 0.523841 0.999619
-0.49128 0.133826 -0 0.526052 0.999504
-0.49128 0.251728 -0 0.558377 0.996364
-0.49128 0.133826 -0 0.526052 0.999504
-0.49128 0.267652 -0 0.56267 0.99574
-0.49128 0.251728 -0 0.558377 0.996364
-0.49128 0.251728 -0 0.558377 0.996364
-0.49128 0.267652 -0 0.56267 0.99574
-0.49128 0.377592 -0 0.591678 0.990233
-0.49128 0.267652 -0 0.56267 0.99574
-0.49128 0.401478 -0 0.597816 0.988777
-0.49128 0.377592 -0 0.591678 0.990233
-0.49128 0.377592 -0 0.591678 0.990233
-0.49128 0.401478 -0 0.597816 0.988777
-0.621717 0.503456 -0 0.618743 0.936486
-0.49128 0.401478 -0 0.597816 0.988777
-0.594516 0.535304 -0 0.627177 0.943586
-0.621717 0.503456 -0 0.618743 0.936486
-0.621717 0.503456 -0 0.618743 0.936486
-0.594516 0.535304 -0 0.627177 0.943586
-0.777146 0.62932 -0 0.640225 0.877458
-0.594516 0.535304 -0 0.627177 0.943586
-0.743145 0.669131 -0 0.650116 0.885519
-0.777146 0.62932 -0 0.640225 0.877458
-0.777146 0.62932 -0 0.640225 0.877458
-0.743145 0.669131 -0 0.650116 0.885519
-0.932575 0.755184 -0 0.657332 0.823633
-0.743145 0.669131 -0 0.650116 0.885519
-0.891774 0.802957 -0 0.668426 0.832407
-0.932575 0.755184 -0 0.657332 0.823633
-0.932575 0.755184 -0 0.657332 0.823633
-0.891774 0.802957 -0 0.668426 0.832407
-1.088 0.881049 -0 0.670825 0.775552
-0.891774 0.802957 -0 0.668426 0.832407
-1.0404 0.936783 -0 0.682905 0.784835
-1.088 0.881049 -0 0.670825 0.775552
-1.088 0.881049 -0 0.670825 0.775552
-1.0404 0.936783 -0 0.682905 0.784835
-1.24343 1.00691 -0 0.681447 0.73313
-1.0404 0.936783 -0 0.682905 0.784835
-1.18903 1.07061 -0 0.69433 0.742763
-1.24343 1.00691 -0 0.681447 0.73313
-1.24343 1.00691 -0 0.681447 0.73313
-1.18903 1.07061 -0 0.69433 0.742763
-1.39886 1.13278 -0 0.689834 0.695928
-1.18903 1.07061 -0 0.69433 0.742763
-1.33766 1.20444 -0 0.703373 0.70579
-1.39886 1.13278 -0 0.689834 0.695928
-1.39886 1.13278 -0 0.689834 0.695928
-1.33766 1.20444 -0 0.703373 0.70579
-1.55429 1.25864 -0 0.696495 0.663364
-1.33766 1.20444 -0 0.703373 0.70579
-1.48629 1.33826 -0 0.710572 0.67337
-1.55429 1.25864 -0 0.696495 0.663364
-1.55429 1.25864 -0 0.696495 0.663364
-1.48629 1.33826 -0 0.710572 0.67337
-1.70972 1.3845 -0 0.70183 0.634836
-1.48629 1.33826 -0 0.710572 0.67337
-1.63492 1.47209 -0 0.716349 0.644921
-1.70972 1.3845 -0 0.70183 0.634836
-1.70972 1.3845 -0 0.70183 0.634836
-1.63492 1.47209 -0 0.716349 0.644921
-2.02381 1.63885 0.04 0.711489 0.580483
-1.63492 1.47209 -0 0.716349 0.644921
-1.93527 1.74253 0.04 0.726816 0.590627
-2.02381 1.63885 0.04 0.711489 0.580483
-2.02381 1.63885 0.04 0.711489 0.580483
-1.93527 1.74253 0.04 0.726816 0.590627
-2.17924 1.76472 0.16 0.71905 0.541064
-1.93527 1.74253 0.04 0.726816 0.590627
-2.0839 1.87635 0.16 0.734976 0.551218
-2.17924 1.76472 0.16 0.71905 0.541064
-2.17924 1.76472 0.16 0.71905 0.541064
-2.0839 1.87635 0.16 0.734976 0.551218
-2.33467 1.89058 0.36 0.728104 0.490929
-2.0839 1.87635 0.16 0.734976 0.551218
-2.23253 2.01018 0.36 0.744738 0.501026
-2.33467 1.89058 0.36 0.728104 0.490929
-2.33467 1.89058 0.36 0.728104 0.490929
-2.23253 2.01018 0.36 0.744738 0.501026
-2.4901 2.01645 0.64 0.73769 0.430098
-2.23253 2.01018 0.36 0.744738 0.501026
-2.38116 2.144 0.64 0.755077 0.440015
-2.4901 2.01645 0.64 0.73769 0.430098
-2.4901 2.01645 0.64 0.73769 0.430098
-2.38116 2.144 0.64 0.755077 0.440015
-2.64553 2.14231 1 0.746608 0.359347
-2.38116 2.144 0.64 0.755077 0.440015
-2.52979 2.27783 1 0.764709 0.368904
-2.64553 2.14231 1 0.746608 0.359347
-2.64553 2.14231 1 0.746608 0.359347
-2.52979 2.27783 1 0.764709 0.368904
-2.80096 2.26817 1.44 0.753506 0.280751
-2.52979 2.27783 1 0.764709 0.368904
-2.67842 2.41166 1.44 0.772188 0.289716
-2.80096 2.26817 1.44 0.753506 0.280751
-2.80096 2.26817 1.44 0.753506 0.280751
-2.67842 2.41166 1.44 0.772188 0.289716
-2.95639 2.39404 1.96 0.757184 0.197803
-2.67842 2.41166 1.44 0.772188 0.289716
-2.82704 2.54548 1.96 0.776227 0.205919
-2.95639 2.39404 1.96 0.757184 0.197803
-2.95639 2.39404 1.96 0.757184 0.197803
-2.82704 2.54548 1.96 0.776227 0.205919
-3.11182 2.5199 2.56 0.756972 0.114808
-2.82704 2.54548 1.96 0.776227 0.205919
-2.97567 2.67931 2.56 0.776101 0.121838
-3.11182 2.5199 2.56 0.756972 0.114808
-0.49128 0.117557 -0 0.521532 0.999726
-0.49128 0.125864 -0 0.523841 0.999619
-0.49128 0.235114 -0 0.553878 0.996965
-0.49128 0.125864 -0 0.523841 0.999619
-0.49128 0.251728 -0 0.558377 0.996364
-0.49128 0.235114 -0 0.553878 0.996965
-0.49128 0.235114 -0 0.553878 0.996965
-0.49128 0.251728 -0 0.558377 0.996364
-0.49128 0.352671 -0 0.585207 0.991658
-0.49128 0.251728 -0 0.558377 0.996364
-0.49128 0.377592 -0 0.591678 0.990233
-0.49128 0.352671 -0 0.585207 0.991658
-0.49128 0.352671 -0 0.585207 0.991658
-0.49128 0.377592 -0 0.591678 0.990233
-0.647214 0.470228 -0 0.610028 0.929847
-0.49128 0.377592 -0 0.591678 0.990233
-0.621717 0.503456 -0 0.618743 0.936486
-0.647214 0.470228 -0 0.610028 0.929847
-0.647214 0.470228 -0 0.610028 0.929847
-0.621717 0.503456 -0 0.618743 0.936486
-0.809017 0.587785 -0 0.630028 0.869928
-0.621717 0.503456 -0 0.618743 0.936486
-0.777146 0.62932 -0 0.640225 0.877458
-0.809017 0.587785 -0 0.630028 0.869928
-0.809017 0.587785 -0 0.630028 0.869928
-0.777146 0.62932 -0 0.640225 0.877458
-0.97082 0.705342 -0 0.645918 0.815441
-0.777146 0.62932 -0 0.640225 0.877458
-0.932575 0.755184 -0 0.657332 0.823633
-0.97082 0.705342 -0 0.645918 0.815441
-0.97082 0.705342 -0 0.645918 0.815441
-0.932575 0.755184 -0 0.657332 0.823633
-1.13262 0.822899 -0 0.658423 0.766891
-0.932575 0.755184 -0 0.657332 0.823633
-1.088 0.881049 -0 0.670825 0.775552
-1.13262 0.822899 -0 0.658423 0.766891
-1.13262 0.822899 -0 0.658423 0.766891
-1.088 0.881049 -0 0.670825 0.775552
-1.29443 0.940456 -0 0.668243 0.724148
-1.088 0.881049 -0 0.670825 0.775552
-1.24343 1.00691 -0 0.681447 0.73313
-1.29443 0.940456 -0 0.668243 0.724148
-1.29443 0.940456 -0 0.668243 0.724148
-1.24343 1.00691 -0 0.681447 0.73313
-1.45623 1.05801 -0 0.675978 0.686738
-1.24343 1.00691 -0 0.681447 0.73313
-1.39886 1.13278 -0 0.689834 0.695928
-1.45623 1.05801 -0 0.675978 0.686738
-1.45623 1.05801 -0 0.675978 0.686738
-1.39886 1.13278 -0 0.689834 0.695928
-1.61803 1.17557 -0 0.682109 0.654051
-1.39886 1.13278 -0 0.689834 0.695928
-1.55429 1.25864 -0 0.696495 0.663364
-1.61803 1.17557 -0 0.682109 0.654051
-1.61803 1.17557 -0 0.682109 0.654051
-1.55429 1.25864 -0 0.696495 0.663364
-1.77984 1.29313 -0 0.687009 0.625456
-1.55429 1.25864 -0 0.696495 0.663364
-1.70972 1.3845 -0 0.70183 0.634836
-1.77984 1.29313 -0 0.687009 0.625456
-1.77984 1.29313 -0 0.687009 0.625456
-1.70972 1.3845 -0 0.70183 0.634836
-2.10681 1.53069 0.04 0.695879 0.571061
-1.70972 1.3845 -0 0.70183 0.634836
-2.02381 1.63885 0.04 0.711489 0.580483
-2.10681 1.53069 0.04 0.695879 0.571061
-2.10681 1.53069 0.04 0.695879 0.571061
-2.02381 1.63885 0.04 0.711489 0.580483
-2.26862 1.64825 0.16 0.702853 0.531642
-2.02381 1.63885 0.04 0.711489 0.580483
-2.17924 1.76472 0.16 0.71905 0.541064
-2.26862 1.64825 0.16 0.702853 0.531642
-2.26862 1.64825 0.16 0.702853 0.531642
-2.17924 1.76472 0.16 0.71905 0.541064
-2.43042 1.7658 0.36 0.71121 0.481569
-2.17924 1.76472 0.16 0.71905 0.541064
-2.33467 1.89058 0.36 0.728104 0.490929
-2.43042 1.7658 0.36 0.71121 0.481569
-2.43042 1.7658 0.36 0.71121 0.481569
-2.33467 1.89058 0.36 0.728104 0.490929
-2.59222 1.88336 0.64 0.72006 0.420913
-2.33467 1.89058 0.36 0.728104 0.490929
-2.4901 2.01645 0.64 0.73769 0.430098
-2.59222 1.88336 0.64 0.72006 0.420913
-2.59222 1.88336 0.64 0.72006 0.420913
-2.4901 2.01645 0.64 0.73769 0.430098
-2.75403 2.00092 1 0.728285 0.350499
-2.4901 2.01645 0.64 0.73769 0.430098
-2.64553 2.14231 1 0.746608 0.359347
-2.75403 2.00092 1 0.728285 0.350499
-2.75403 2.00092 1 0.728285 0.350499
-2.64553 2.14231 1 0.746608 0.359347
-2.91583 2.11847 1.44 0.734632 0.272448
-2.64553 2.14231 1 0.746608 0.359347
-2.80096 2.26817 1.44 0.753506 0.280751
-2.91583 2.11847 1.44 0.734632 0.272448
-2.91583 2.11847 1.44 0.734632 0.272448
-2.80096 2.26817 1.44 0.753506 0.280751
-3.07763 2.23603 1.96 0.737983 0.190275
-2.80096 2.26817 1.44 0.753506 0.280751
-2.95639 2.39404 1.96 0.757184 0.197803
-3.07763 2.23603 1.96 0.737983 0.190275
-3.07763 2.23603 1.96 0.737983 0.190275
-2.95639 2.39404 1.96 0.757184 0.197803
-3.23944 2.35359 2.56 0.737721 0.10827
-2.95639 2.39404 1.96 0.757184 0.197803
-3.11182 2.5199 2.56 0.756972 0.114808
-3.23944 2.35359 2.56 0.737721 0.10827
-0.49128 0.108928 -0 0.51913 0.999821
-0.49128 0.117557 -0 0.521532 0.999726
-0.49128 0.217856 -0 0.549182 0.997536
-0.49128 0.117557 -0 0.521532 0.999726
-0.49128 0.235114 -0 0.553878 0.996965
-0.49128 0.217856 -0 0.549182 0.997536
-0.49128 0.217856 -0 0.549182 0.997536
-0.49128 0.235114 -0 0.553878 0.996965
-0.503202 0.326783 -0 0.578175 0.988693
-0.49128 0.235114 -0 0.553878 0.996965
-0.49128 0.352671 -0 0.585207 0.991658
-0.503202 0.326783 -0 0.578175 0.988693
-0.503202 0.326783 -0 0.578175 0.988693
-0.49128 0.352671 -0 0.585207 0.991658
-0.670936 0.435711 -0 0.601051 0.923677
-0.49128 0.352671 -0 0.585207 0.991658
-0.647214 0.470228 -0 0.610028 0.929847
-0.670936 0.435711 -0 0.601051 0.923677
-0.670936 0.435711 -0 0.601051 0.923677
-0.647214 0.470228 -0 0.610028 0.929847
-0.838671 0.544639 -0 0.619547 0.862931
-0.647214 0.470228 -0 0.610028 0.929847
-0.809017 0.587785 -0 0.630028 0.869928
-0.838671 0.544639 -0 0.619547 0.862931
-0.838671 0.544639 -0 0.619547 0.862931
-0.809017 0.587785 -0 0.630028 0.869928
-1.0064 0.653567 -0 0.634211 0.807834
-0.809017 0.587785 -0 0.630028 0.869928
-0.97082 0.705342 -0 0.645918 0.815441
-1.0064 0.653567 -0 0.634211 0.807834
-1.0064 0.653567 -0 0.634211 0.807834
-0.97082 0.705342 -0 0.645918 0.815441
-1.17414 0.762495 -0 0.645724 0.758853
-0.97082 0.705342 -0 0.645918 0.815441
-1.13262 0.822899 -0 0.658423 0.766891
-1.17414 0.762495 -0 0.645724 0.758853
-1.17414 0.762495 -0 0.645724 0.758853
-1.13262 0.822899 -0 0.658423 0.766891
-1.34187 0.871422 -0 0.654744 0.715819
-1.13262 0.822899 -0 0.658423 0.766891
-1.29443 0.940456 -0 0.668243 0.724148
-1.34187 0.871422 -0 0.654744 0.715819
-1.34187 0.871422 -0 0.654744 0.715819
-1.29443 0.940456 -0 0.668243 0.724148
-1.50961 0.98035 -0 0.661833 0.678224
-1.29443 0.940456 -0 0.668243 0.724148
-1.45623 1.05801 -0 0.675978 0.686738
-1.50961 0.98035 -0 0.661833 0.678224
-1.50961 0.98035 -0 0.661833 0.678224
-1.45623 1.05801 -0 0.675978 0.686738
-1.67734 1.08928 -0 0.667443 0.645427
-1.45623 1.05801 -0 0.675978 0.686738
-1.61803 1.17557 -0 0.682109 0.654051
-1.67734 1.08928 -0 0.667443 0.645427
-1.67734 1.08928 -0 0.667443 0.645427
-1.61803 1.17557 -0 0.682109 0.654051
-1.84508 1.19821 -0 0.671916 0.616778
-1.61803 1.17557 -0 0.682109 0.654051
-1.77984 1.29313 -0 0.687009 0.625456
-1.84508 1.19821 -0 0.671916 0.616778
-1.84508 1.19821 -0 0.671916 0.616778
-1.77984 1.29313 -0 0.687009 0.625456
-2.18404 1.41833 0.04 0.680014 0.562358
-1.77984 1.29313 -0 0.687009 0.625456
-2.10681 1.53069 0.04 0.695879 0.571061
-2.18404 1.41833 0.04 0.680014 0.562358
-2.18404 1.41833 0.04 0.680014 0.562358
-2.10681 1.53069 0.04 0.695879 0.571061
-2.35177 1.52726 0.16 0.686409 0.522947
-2.10681 1.53069 0.04 0.695879 0.571061
-2.26862 1.64825 0.16 0.702853 0.531642
-2.35177 1.52726 0.16 0.686409 0.522947
-2.35177 1.52726 0.16 0.686409 0.522947
-2.26862 1.64825 0.16 0.702853 0.531642
-2.5195 1.63618 0.36 0.69408 0.472941
-2.26862 1.64825 0.16 0.702853 0.531642
-2.43042 1.7658 0.36 0.71121 0.481569
-2.5195 1.63618 0.36 0.69408 0.472941
-2.5195 1.63618 0.36 0.69408 0.472941
-2.43042 1.7658 0.36 0.71121 0.481569
-2.68724 1.74511 0.64 0.702207 0.412452
-2.43042 1.7658 0.36 0.71121 0.481569
-2.59222 1.88336 0.64 0.72006 0.420913
-2.68724 1.74511 0.64 0.702207 0.412452
-2.68724 1.74511 0.64 0.702207 0.412452
-2.59222 1.88336 0.64 0.72006 0.420913
-2.85497 1.85404 1 0.709762 0.342353
-2.59222 1.88336 0.64 0.72006 0.420913
-2.75403 2.00092 1 0.728285 0.350499
-2.85497 1.85404 1 0.709762 0.342353
-2.85497 1.85404 1 0.709762 0.342353
-2.75403 2.00092 1 0.728285 0.350499
-3.02271 1.96297 1.44 0.715582 0.264801
-2.75403 2.00092 1 0.728285 0.350499
-2.91583 2.11847 1.44 0.734632 0.272448
-3.02271 1.96297 1.44 0.715582 0.264801
-3.02271 1.96297 1.44 0.715582 0.264801
-2.91583 2.11847 1.44 0.734632 0.272448
-3.19044 2.0719 1.96 0.718634 0.183331
-2.91583 2.11847 1.44 0.734632 0.272448
-3.07763 2.23603 1.96 0.737983 0.190275
-3.19044 2.0719 1.96 0.718634 0.183331
-3.19044 2.0719 1.96 0.718634 0.183331
-3.07763 2.23603 1.96 0.737983 0.190275
-3.35817 2.18082 2.56 0.718351 0.102223
-3.07763 2.23603 1.96 0.737983 0.190275
-3.23944 2.35359 2.56 0.737721 0.10827
-3.35817 2.18082 2.56 0.718351 0.102223
-0.49128 0.1 -0 0.516643 0.999905
-0.49128 0.108928 -0 0.51913 0.999821
-0.49128 0.2 -0 0.544302 0.998068
-0.49128 0.108928 -0 0.51913 0.999821
-0.49128 0.217856 -0 0.549182 0.997536
-0.49128 0.2 -0 0.544302 0.998068
-0.49128 0.2 -0 0.544302 0.998068
-0.49128 0.217856 -0 0.549182 0.997536
-0.519615 0.3 -0 0.570804 0.98399
-0.49128 0.217856 -0 0.549182 0.997536
-0.503202 0.326783 -0 0.578175 0.988693
-0.519615 0.3 -0 0.570804 0.98399
-0.519615 0.3 -0 0.570804 0.98399
-0.503202 0.326783 -0 0.578175 0.988693
-0.69282 0.4 -0 0.591833 0.917982
-0.503202 0.326783 -0 0.578175 0.988693
-0.670936 0.435711 -0 0.601051 0.923677
-0.69282 0.4 -0 0.591833 0.917982
-0.69282 0.4 -0 0.591833 0.917982
-0.670936 0.435711 -0 0.601051 0.923677
-0.866025 0.5 -0 0.608805 0.856475
-0.670936 0.435711 -0 0.601051 0.923677
-0.838671 0.544639 -0 0.619547 0.862931
-0.866025 0.5 -0 0.608805 0.856475
-0.866025 0.5 -0 0.608805 0.856475
-0.838671 0.544639 -0 0.619547 0.862931
-1.03923 0.6 -0 0.622233 0.800819
-0.838671 0.544639 -0 0.619547 0.862931
-1.0064 0.653567 -0 0.634211 0.807834
-1.03923 0.6 -0 0.622233 0.800819
-1.03923 0.6 -0 0.622233 0.800819
-1.0064 0.653567 -0 0.634211 0.807834
-1.21244 0.7 -0 0.632753 0.751443
-1.0064 0.653567 -0 0.634211 0.807834
-1.17414 0.762495 -0 0.645724 0.758853
-1.21244 0.7 -0 0.632753 0.751443
-1.21244 0.7 -0 0.632753 0.751443
-1.17414 0.762495 -0 0.645724 0.758853
-1.38564 0.8 -0 0.640977 0.708147
-1.17414 0.762495 -0 0.645724 0.758853
-1.34187 0.871422 -0 0.654744 0.715819
-1.38564 0.8 -0 0.640977 0.708147
-1.38564 0.8 -0 0.640977 0.708147
-1.34187 0.871422 -0 0.654744 0.715819
-1.55885 0.9 -0 0.647428 0.670387
-1.34187 0.871422 -0 0.654744 0.715819
-1.50961 0.98035 -0 0.661833 0.678224
-1.55885 0.9 -0 0.647428 0.670387
-1.55885 0.9 -0 0.647428 0.670387
-1.50961 0.98035 -0 0.661833 0.678224
-1.73205 1 -0 0.652522 0.637496
-1.50961 0.98035 -0 0.661833 0.678224
-1.67734 1.08928 -0 0.667443 0.645427
-1.73205 1 -0 0.652522 0.637496
-1.73205 1 -0 0.652522 0.637496
-1.67734 1.08928 -0 0.667443 0.645427
-1.90526 1.1 -0 0.656578 0.608801
-1.67734 1.08928 -0 0.667443 0.645427
-1.84508 1.19821 -0 0.671916 0.616778
-1.90526 1.1 -0 0.656578 0.608801
-1.90526 1.1 -0 0.656578 0.608801
-1.84508 1.19821 -0 0.671916 0.616778
-2.25527 1.30208 0.04 0.663921 0.55437
-1.84508 1.19821 -0 0.671916 0.616778
-2.18404 1.41833 0.04 0.680014 0.562358
-2.25527 1.30208 0.04 0.663921 0.55437
-2.25527 1.30208 0.04 0.663921 0.55437
-2.18404 1.41833 0.04 0.680014 0.562358
-2.42848 1.40208 0.16 0.669744 0.514975
-2.18404 1.41833 0.04 0.680014 0.562358
-2.35177 1.52726 0.16 0.686409 0.522947
-2.42848 1.40208 0.16 0.669744 0.514975
-2.42848 1.40208 0.16 0.669744 0.514975
-2.35177 1.52726 0.16 0.686409 0.522947
-2.60168 1.50208 0.36 0.676739 0.465037
-2.35177 1.52726 0.16 0.686409 0.522947
-2.5195 1.63618 0.36 0.69408 0.472941
-2.60168 1.50208 0.36 0.676739 0.465037
-2.60168 1.50208 0.36 0.676739 0.465037
-2.5195 1.63618 0.36 0.69408 0.472941
-2.77489 1.60208 0.64 0.684157 0.404711
-2.5195 1.63618 0.36 0.69408 0.472941
-2.68724 1.74511 0.64 0.702207 0.412452
-2.77489 1.60208 0.64 0.684157 0.404711
-2.77489 1.60208 0.64 0.684157 0.404711
-2.68724 1.74511 0.64 0.702207 0.412452
-2.94809 1.70208 1 0.691057 0.334903
-2.68724 1.74511 0.64 0.702207 0.412452
-2.85497 1.85404 1 0.709762 0.342353
-2.94809 1.70208 1 0.691057 0.334903
-2.94809 1.70208 1 0.691057 0.334903
-2.85497 1.85404 1 0.709762 0.342353
-3.1213 1.80208 1.44 0.696371 0.257804
-2.85497 1.85404 1 0.709762 0.342353
-3.02271 1.96297 1.44 0.715582 0.264801
-3.1213 1.80208 1.44 0.696371 0.257804
-3.1213 1.80208 1.44 0.696371 0.257804
-3.02271 1.96297 1.44 0.715582 0.264801
-3.2945 1.90208 1.96 0.699149 0.176969
-3.02271 1.96297 1.44 0.715582 0.264801
-3.19044 2.0719 1.96 0.718634 0.183331
-3.2945 1.90208 1.96 0.699149 0.176969
-3.2945 1.90208 1.96 0.699149 0.176969
-3.19044 2.0719 1.96 0.718634 0.183331
-3.46771 2.00208 2.56 0.698871 0.0966673
-3.19044 2.0719 1.96 0.718634 0.183331
-3.35817 2.18082 2.56 0.718351 0.102223
-3.46771 2.00208 2.56 0.698871 0.0966673
-0.49128 0.0907981 -0 0.514076 0.999974
-0.49128 0.1 -0 0.516643 0.999905
-0.49128 0.181596 -0 0.53925 0.998553
-0.49128 0.1 -0 0.516643 0.999905
-0.49128 0.2 -0 0.544302 0.998068
-0.49128 0.181596 -0 0.53925 0.998553
-0.49128 0.181596 -0 0.53925 0.998553
-0.49128 0.2 -0 0.544302 0.998068
-0.534604 0.272394 -0 0.563243 0.979681
-0.49128 0.2 -0 0.544302 0.998068
-0.519615 0.3 -0 0.570804 0.98399
-0.534604 0.272394 -0 0.563243 0.979681
-0.534604 0.272394 -0 0.563243 0.979681
-0.519615 0.3 -0 0.570804 0.98399
-0.712805 0.363192 -0 0.582394 0.912767
-0.519615 0.3 -0 0.570804 0.98399
-0.69282 0.4 -0 0.591833 0.917982
-0.712805 0.363192 -0 0.582394 0.912767
-0.712805 0.363192 -0 0.582394 0.912767
-0.69282 0.4 -0 0.591833 0.917982
-0.891007 0.453991 -0 0.597824 0.850564
-0.69282 0.4 -0 0.591833 0.917982
-0.866025 0.5 -0 0.608805 0.856475
-0.891007 0.453991 -0 0.597824 0.850564
-0.891007 0.453991 -0 0.597824 0.850564
-0.866025 0.5 -0 0.608805 0.856475
-1.06921 0.544789 -0 0.61001 0.794397
-0.866025 0.5 -0 0.608805 0.856475
-1.03923 0.6 -0 0.622233 0.800819
-1.06921 0.544789 -0 0.61001 0.794397
-1.06921 0.544789 -0 0.61001 0.794397
-1.03923 0.6 -0 0.622233 0.800819
-1.24741 0.635587 -0 0.619536 0.744665
-1.03923 0.6 -0 0.622233 0.800819
-1.21244 0.7 -0 0.632753 0.751443
-1.24741 0.635587 -0 0.619536 0.744665
-1.24741 0.635587 -0 0.619536 0.744665
-1.21244 0.7 -0 0.632753 0.751443
-1.42561 0.726385 -0 0.626968 0.701132
-1.21244 0.7 -0 0.632753 0.751443
-1.38564 0.8 -0 0.640977 0.708147
-1.42561 0.726385 -0 0.626968 0.701132
-1.42561 0.726385 -0 0.626968 0.701132
-1.38564 0.8 -0 0.640977 0.708147
-1.60381 0.817183 -0 0.632786 0.663226
-1.38564 0.8 -0 0.640977 0.708147
-1.55885 0.9 -0 0.647428 0.670387
-1.60381 0.817183 -0 0.632786 0.663226
-1.60381 0.817183 -0 0.632786 0.663226
-1.55885 0.9 -0 0.647428 0.670387
-1.78201 0.907981 -0 0.637373 0.630254
-1.55885 0.9 -0 0.647428 0.670387
-1.73205 1 -0 0.652522 0.637496
-1.78201 0.907981 -0 0.637373 0.630254
-1.78201 0.907981 -0 0.637373 0.630254
-1.73205 1 -0 0.652522 0.637496
-1.96021 0.998779 -0 0.641021 0.601525
-1.73205 1 -0 0.652522 0.637496
-1.90526 1.1 -0 0.656578 0.608801
-1.96021 0.998779 -0 0.641021 0.601525
-1.96021 0.998779 -0 0.641021 0.601525
-1.90526 1.1 -0 0.656578 0.608801
-2.32033 1.18227 0.04 0.647626 0.547095
-1.90526 1.1 -0 0.656578 0.608801
-2.25527 1.30208 0.04 0.663921 0.55437
-2.32033 1.18227 0.04 0.647626 0.547095
-2.32033 1.18227 0.04 0.647626 0.547095
-2.25527 1.30208 0.04 0.663921 0.55437
-2.49853 1.27306 0.16 0.652886 0.507721
-2.25527 1.30208 0.04 0.663921 0.55437
-2.42848 1.40208 0.16 0.669744 0.514975
-2.49853 1.27306 0.16 0.652886 0.507721
-2.49853 1.27306 0.16 0.652886 0.507721
-2.42848 1.40208 0.16 0.669744 0.514975
-2.67673 1.36386 0.36 0.659215 0.457853
-2.42848 1.40208 0.16 0.669744 0.514975
-2.60168 1.50208 0.36 0.676739 0.465037
-2.67673 1.36386 0.36 0.659215 0.457853
-2.67673 1.36386 0.36 0.659215 0.457853
-2.60168 1.50208 0.36 0.676739 0.465037
-2.85493 1.45466 0.64 0.665934 0.397681
-2.60168 1.50208 0.36 0.676739 0.465037
-2.77489 1.60208 0.64 0.684157 0.404711
-2.85493 1.45466 0.64 0.665934 0.397681
-2.85493 1.45466 0.64 0.665934 0.397681
-2.77489 1.60208 0.64 0.684157 0.404711
-3.03313 1.54546 1 0.672191 0.328141
-2.77489 1.60208 0.64 0.684157 0.404711
-2.94809 1.70208 1 0.691057 0.334903
-3.03313 1.54546 1 0.672191 0.328141
-3.03313 1.54546 1 0.672191 0.328141
-2.94809 1.70208 1 0.691057 0.334903
-3.21133 1.63626 1.44 0.677016 0.251452
-2.94809 1.70208 1 0.691057 0.334903
-3.1213 1.80208 1.44 0.696371 0.257804
-3.21133 1.63626 1.44 0.677016 0.251452
-3.21133 1.63626 1.44 0.677016 0.251452
-3.1213 1.80208 1.44 0.696371 0.257804
-3.38953 1.72705 1.96 0.67954 0.171183
-3.1213 1.80208 1.44 0.696371 0.257804
-3.2945 1.90208 1.96 0.699149 0.176969
-3.38953 1.72705 1.96 0.67954 0.171183
-3.38953 1.72705 1.96 0.67954 0.171183
-3.2945 1.90208 1.96 0.699149 0.176969
-3.56774 1.81785 2.56 0.679288 0.0916008
-3.2945 1.90208 1.96 0.699149 0.176969
-3.46771 2.00208 2.56 0.698871 0.0966673
-3.56774 1.81785 2.56 0.679288 0.0916008
-0.49128 0.0813473 -0 0.511438 1.00003
-0.49128 0.0907981 -0 0.514076 0.999974
-0.49128 0.162695 -0 0.534042 0.998982
-0.49128 0.0907981 -0 0.514076 0.999974
-0.49128 0.181596 -0 0.53925 0.998553
-0.49128 0.162695 -0 0.534042 0.998982
-0.49128 0.162695 -0 0.534042 0.998982
-0.49128 0.181596 -0 0.53925 0.998553
-0.548127 0.244042 -0 0.555509 0.975772
-0.49128 0.181596 -0 0.53925 0.998553
-0.534604 0.272394 -0 0.563243 0.979681
-0.548127 0.244042 -0 0.555509 0.975772
-0.548127 0.244042 -0 0.555509 0.975772
-0.534604 0.272394 -0 0.563243 0.979681
-0.730836 0.325389 -0 0.572753 0.908037
-0.534604 0.272394 -0 0.563243 0.979681
-0.712805 0.363192 -0 0.582394 0.912767
-0.730836 0.325389 -0 0.572753 0.908037
-0.730836 0.325389 -0 0.572753 0.908037
-0.712805 0.363192 -0 0.582394 0.912767
-0.913545 0.406737 -0 0.586627 0.845204
-0.712805 0.363192 -0 0.582394 0.912767
-0.891007 0.453991 -0 0.597824 0.850564
-0.913545 0.406737 -0 0.586627 0.845204
-0.913545 0.406737 -0 0.586627 0.845204
-0.891007 0.453991 -0 0.597824 0.850564
-1.09625 0.488084 -0 0.597565 0.788575
-0.891007 0.453991 -0 0.597824 0.850564
-1.06921 0.544789 -0 0.61001 0.794397
-1.09625 0.488084 -0 0.597565 0.788575
-1.09625 0.488084 -0 0.597565 0.788575
-1.06921 0.544789 -0 0.61001 0.794397
-1.27896 0.569431 -0 0.606099 0.738521
-1.06921 0.544789 -0 0.61001 0.794397
-1.24741 0.635587 -0 0.619536 0.744665
-1.27896 0.569431 -0 0.606099 0.738521
-1.27896 0.569431 -0 0.606099 0.738521
-1.24741 0.635587 -0 0.619536 0.744665
-1.46167 0.650779 -0 0.612743 0.694777
-1.24741 0.635587 -0 0.619536 0.744665
-1.42561 0.726385 -0 0.626968 0.701132
-1.46167 0.650779 -0 0.612743 0.694777
-1.46167 0.650779 -0 0.612743 0.694777
-1.42561 0.726385 -0 0.626968 0.701132
-1.64438 0.732126 -0 0.617937 0.656744
-1.42561 0.726385 -0 0.626968 0.701132
-1.60381 0.817183 -0 0.632786 0.663226
-1.64438 0.732126 -0 0.617937 0.656744
-1.64438 0.732126 -0 0.617937 0.656744
-1.60381 0.817183 -0 0.632786 0.663226
-1.82709 0.813473 -0 0.622026 0.623705
-1.60381 0.817183 -0 0.632786 0.663226
-1.78201 0.907981 -0 0.637373 0.630254
-1.82709 0.813473 -0 0.622026 0.623705
-1.82709 0.813473 -0 0.622026 0.623705
-1.78201 0.907981 -0 0.637373 0.630254
-2.0098 0.894821 -0 0.625273 0.594949
-1.78201 0.907981 -0 0.637373 0.630254
-1.96021 0.998779 -0 0.641021 0.601525
-2.0098 0.894821 -0 0.625273 0.594949
-2.0098 0.894821 -0 0.625273 0.594949
-1.96021 0.998779 -0 0.641021 0.601525
-2.37902 1.05921 0.04 0.631155 0.540529
-1.96021 0.998779 -0 0.641021 0.601525
-2.32033 1.18227 0.04 0.647626 0.547095
-2.37902 1.05921 0.04 0.631155 0.540529
-2.37902 1.05921 0.04 0.631155 0.540529
-2.32033 1.18227 0.04 0.647626 0.547095
-2.56173 1.14056 0.16 0.63586 0.50118
-2.32033 1.18227 0.04 0.647626 0.547095
-2.49853 1.27306 0.16 0.652886 0.507721
-2.56173 1.14056 0.16 0.63586 0.50118
-2.56173 1.14056 0.16 0.63586 0.50118
-2.49853 1.27306 0.16 0.652886 0.507721
-2.74444 1.2219 0.36 0.641531 0.451384
-2.49853 1.27306 0.16 0.652886 0.507721
-2.67673 1.36386 0.36 0.659215 0.457853
-2.74444 1.2219 0.36 0.641531 0.451384
-2.74444 1.2219 0.36 0.641531 0.451384
-2.67673 1.36386 0.36 0.659215 0.457853
-2.92715 1.30325 0.64 0.64756 0.391355
-2.67673 1.36386 0.36 0.659215 0.457853
-2.85493 1.45466 0.64 0.665934 0.397681
-2.92715 1.30325 0.64 0.64756 0.391355
-2.92715 1.30325 0.64 0.64756 0.391355
-2.85493 1.45466 0.64 0.665934 0.397681
-3.10986 1.3846 1 0.653186 0.322059
-2.85493 1.45466 0.64 0.665934 0.397681
-3.03313 1.54546 1 0.672191 0.328141
-3.10986 1.3846 1 0.653186 0.322059
-3.10986 1.3846 1 0.653186 0.322059
-3.03313 1.54546 1 0.672191 0.328141
-3.29257 1.46595 1.44 0.657535 0.245735
-3.03313 1.54546 1 0.672191 0.328141
-3.21133 1.63626 1.44 0.677016 0.251452
-3.29257 1.46595 1.44 0.657535 0.245735
-3.29257 1.46595 1.44 0.657535 0.245735
-3.21133 1.63626 1.44 0.677016 0.251452
-3.47528 1.54729 1.96 0.65982 0.165968
-3.21133 1.63626 1.44 0.677016 0.251452
-3.38953 1.72705 1.96 0.67954 0.171183
-3.47528 1.54729 1.96 0.65982 0.165968
-3.47528 1.54729 1.96 0.65982 0.165968
-3.38953 1.72705 1.96 0.67954 0.171183
-3.65798 1.62864 2.56 0.659612 0.0870221
-3.38953 1.72705 1.96 0.67954 0.171183
-3.56774 1.81785 2.56 0.679288 0.0916008
-3.65798 1.62864 2.56 0.659612 0.0870221
-0.49128 0.0716736 -0 0.508735 1.00006
-0.49128 0.0813473 -0 0.511438 1.00003
-0.49128 0.143347 -0 0.528691 0.99935
-0.49128 0.0813473 -0 0.511438 1.00003
-0.49128 0.162695 -0 0.534042 0.998982
-0.49128 0.143347 -0 0.528691 0.99935
-0.49128 0.143347 -0 0.528691 0.99935
-0.49128 0.162695 -0 0.534042 0.998982
-0.560148 0.215021 -0 0.547618 0.97227
-0.49128 0.162695 -0 0.534042 0.998982
-0.548127 0.244042 -0 0.555509 0.975772
-0.560148 0.215021 -0 0.547618 0.97227
-0.560148 0.215021 -0 0.547618 0.97227
-0.548127 0.244042 -0 0.555509 0.975772
-0.746864 0.286694 -0 0.562932 0.903798
-0.548127 0.244042 -0 0.555509 0.975772
-0.730836 0.325389 -0 0.572753 0.908037
-0.746864 0.286694 -0 0.562932 0.903798
-0.746864 0.286694 -0 0.562932 0.903798
-0.730836 0.325389 -0 0.572753 0.908037
-0.93358 0.358368 -0 0.575238 0.8404
-0.730836 0.325389 -0 0.572753 0.908037
-0.913545 0.406737 -0 0.586627 0.845204
-0.93358 0.358368 -0 0.575238 0.8404
-0.93358 0.358368 -0 0.575238 0.8404
-0.913545 0.406737 -0 0.586627 0.845204
-1.1203 0.430042 -0 0.584922 0.783357
-0.913545 0.406737 -0 0.586627 0.845204
-1.09625 0.488084 -0 0.597565 0.788575
-1.1203 0.430042 -0 0.584922 0.783357
-1.1203 0.430042 -0 0.584922 0.783357
-1.09625 0.488084 -0 0.597565 0.788575
-1.30701 0.501715 -0 0.592467 0.733017
-1.09625 0.488084 -0 0.597565 0.788575
-1.27896 0.569431 -0 0.606099 0.738521
-1.30701 0.501715 -0 0.592467 0.733017
-1.30701 0.501715 -0 0.592467 0.733017
-1.27896 0.569431 -0 0.606099 0.738521
-1.49373 0.573389 -0 0.598331 0.689088
-1.27896 0.569431 -0 0.606099 0.738521
-1.46167 0.650779 -0 0.612743 0.694777
-1.49373 0.573389 -0 0.598331 0.689088
-1.49373 0.573389 -0 0.598331 0.689088
-1.46167 0.650779 -0 0.612743 0.694777
-1.68044 0.645062 -0 0.602908 0.650944
-1.46167 0.650779 -0 0.612743 0.694777
-1.64438 0.732126 -0 0.617937 0.656744
-1.68044 0.645062 -0 0.602908 0.650944
-1.68044 0.645062 -0 0.602908 0.650944
-1.64438 0.732126 -0 0.617937 0.656744
-1.86716 0.716736 -0 0.606506 0.617847
-1.64438 0.732126 -0 0.617937 0.656744
-1.82709 0.813473 -0 0.622026 0.623705
-1.86716 0.716736 -0 0.606506 0.617847
-1.86716 0.716736 -0 0.606506 0.617847
-1.82709 0.813473 -0 0.622026 0.623705
-2.05388 0.788409 -0 0.60936 0.589071
-1.82709 0.813473 -0 0.622026 0.623705
-2.0098 0.894821 -0 0.625273 0.594949
-2.05388 0.788409 -0 0.60936 0.589071
-2.05388 0.788409 -0 0.60936 0.589071
-2.0098 0.894821 -0 0.625273 0.594949
-2.4312 0.933249 0.04 0.614537 0.534671
-2.0098 0.894821 -0 0.625273 0.594949
-2.37902 1.05921 0.04 0.631155 0.540529
-2.4312 0.933249 0.04 0.614537 0.534671
-2.4312 0.933249 0.04 0.614537 0.534671
-2.37902 1.05921 0.04 0.631155 0.540529
-2.61791 1.00492 0.16 0.618693 0.49535
-2.37902 1.05921 0.04 0.631155 0.540529
-2.56173 1.14056 0.16 0.63586 0.50118
-2.61791 1.00492 0.16 0.618693 0.49535
-2.61791 1.00492 0.16 0.618693 0.49535
-2.56173 1.14056 0.16 0.63586 0.50118
-2.80463 1.0766 0.36 0.623712 0.445623
-2.56173 1.14056 0.16 0.63586 0.50118
-2.74444 1.2219 0.36 0.641531 0.451384
-2.80463 1.0766 0.36 0.623712 0.445623
-2.80463 1.0766 0.36 0.623712 0.445623
-2.74444 1.2219 0.36 0.641531 0.451384
-2.99134 1.14827 0.64 0.629061 0.385728
-2.74444 1.2219 0.36 0.641531 0.451384
-2.92715 1.30325 0.64 0.64756 0.391355
-2.99134 1.14827 0.64 0.629061 0.385728
-2.99134 1.14827 0.64 0.629061 0.385728
-2.92715 1.30325 0.64 0.64756 0.391355
-3.17806 1.21994 1 0.634063 0.316651
-2.92715 1.30325 0.64 0.64756 0.391355
-3.10986 1.3846 1 0.653186 0.322059
-3.17806 1.21994 1 0.634063 0.316651
-3.17806 1.21994 1 0.634063 0.316651
-3.10986 1.3846 1 0.653186 0.322059
-3.36478 1.29162 1.44 0.637945 0.240649
-3.10986 1.3846 1 0.653186 0.322059
-3.29257 1.46595 1.44 0.657535 0.245735
-3.36478 1.29162 1.44 0.637945 0.240649
-3.36478 1.29162 1.44 0.637945 0.240649
-3.29257 1.46595 1.44 0.657535 0.245735
-3.55149 1.36329 1.96 0.640004 0.161321
-3.29257 1.46595 1.44 0.657535 0.245735
-3.47528 1.54729 1.96 0.65982 0.165968
-3.55149 1.36329 1.96 0.640004 0.161321
-3.55149 1.36329 1.96 0.640004 0.161321
-3.47528 1.54729 1.96 0.65982 0.165968
-3.73821 1.43496 2.56 0.639853 0.0829292
-3.47528 1.54729 1.96 0.65982 0.165968
-3.65798 1.62864 2.56 0.659612 0.0870221
-3.73821 1.43496 2.56 0.639853 0.0829292
-0.49128 0.0618034 -0 0.505974 1.00008
-0.49128 0.0716736 -0 0.508735 1.00006
-0.49128 0.123607 -0 0.523214 0.999649
-0.49128 0.0716736 -0 0.508735 1.00006
-0.49128 0.143347 -0 0.528691 0.99935
-0.49128 0.123607 -0 0.523214 0.999649
-0.49128 0.123607 -0 0.523214 0.999649
-0.49128 0.143347 -0 0.528691 0.99935
-0.570634 0.18541 -0 0.539589 0.969175
-0.49128 0.143347 -0 0.528691 0.99935
-0.560148 0.215021 -0 0.547618 0.97227
-0.570634 0.18541 -0 0.539589 0.969175
-0.570634 0.18541 -0 0.539589 0.969175
-0.560148 0.215021 -0 0.547618 0.97227
-0.760845 0.247214 -0 0.552951 0.900053
-0.560148 0.215021 -0 0.547618 0.97227
-0.746864 0.286694 -0 0.562932 0.903798
-0.760845 0.247214 -0 0.552951 0.900053
-0.760845 0.247214 -0 0.552951 0.900053
-0.746864 0.286694 -0 0.562932 0.903798
-0.951057 0.309017 -0 0.563678 0.836157
-0.746864 0.286694 -0 0.562932 0.903798
-0.93358 0.358368 -0 0.575238 0.8404
-0.951057 0.309017 -0 0.563678 0.836157
-0.951057 0.309017 -0 0.563678 0.836157
-0.93358 0.358368 -0 0.575238 0.8404
-1.14127 0.37082 -0 0.572108 0.778749
-0.93358 0.358368 -0 0.575238 0.8404
-1.1203 0.430042 -0 0.584922 0.783357
-1.14127 0.37082 -0 0.572108 0.778749
-1.14127 0.37082 -0 0.572108 0.778749
-1.1203 0.430042 -0 0.584922 0.783357
-1.33148 0.432624 -0 0.578666 0.728157
-1.1203 0.430042 -0 0.584922 0.783357
-1.30701 0.501715 -0 0.592467 0.733017
-1.33148 0.432624 -0 0.578666 0.728157
-1.33148 0.432624 -0 0.578666 0.728157
-1.30701 0.501715 -0 0.592467 0.733017
-1.52169 0.494427 -0 0.583756 0.684065
-1.30701 0.501715 -0 0.592467 0.733017
-1.49373 0.573389 -0 0.598331 0.689088
-1.52169 0.494427 -0 0.583756 0.684065
-1.52169 0.494427 -0 0.583756 0.684065
-1.49373 0.573389 -0 0.598331 0.689088
-1.7119 0.556231 -0 0.587723 0.645827
-1.49373 0.573389 -0 0.598331 0.689088
-1.68044 0.645062 -0 0.602908 0.650944
-1.7119 0.556231 -0 0.587723 0.645827
-1.7119 0.556231 -0 0.587723 0.645827
-1.68044 0.645062 -0 0.602908 0.650944
-1.90211 0.618034 -0 0.590839 0.612683
-1.68044 0.645062 -0 0.602908 0.650944
-1.86716 0.716736 -0 0.606506 0.617847
-1.90211 0.618034 -0 0.590839 0.612683
-1.90211 0.618034 -0 0.590839 0.612683
-1.86716 0.716736 -0 0.606506 0.617847
-2.09232 0.679837 -0 0.59331 0.583893
-1.86716 0.716736 -0 0.606506 0.617847
-2.05388 0.788409 -0 0.60936 0.589071
-2.09232 0.679837 -0 0.59331 0.583893
-2.09232 0.679837 -0 0.59331 0.583893
-2.05388 0.788409 -0 0.60936 0.589071
-2.47671 0.804731 0.04 0.597793 0.529516
-2.05388 0.788409 -0 0.60936 0.589071
-2.4312 0.933249 0.04 0.614537 0.534671
-2.47671 0.804731 0.04 0.597793 0.529516
-2.47671 0.804731 0.04 0.597793 0.529516
-2.4312 0.933249 0.04 0.614537 0.534671
-2.66692 0.866534 0.16 0.601409 0.490225
-2.4312 0.933249 0.04 0.614537 0.534671
-2.61791 1.00492 0.16 0.618693 0.49535
-2.66692 0.866534 0.16 0.601409 0.490225
-2.66692 0.866534 0.16 0.601409 0.490225
-2.61791 1.00492 0.16 0.618693 0.49535
-2.85713 0.928337 0.36 0.605783 0.440563
-2.61791 1.00492 0.16 0.618693 0.49535
-2.80463 1.0766 0.36 0.623712 0.445623
-2.85713 0.928337 0.36 0.605783 0.440563
-2.85713 0.928337 0.36 0.605783 0.440563
-2.80463 1.0766 0.36 0.623712 0.445623
-3.04734 0.990141 0.64 0.610457 0.380791
-2.80463 1.0766 0.36 0.623712 0.445623
-2.99134 1.14827 0.64 0.629061 0.385728
-3.04734 0.990141 0.64 0.610457 0.380791
-3.04734 0.990141 0.64 0.610457 0.380791
-2.99134 1.14827 0.64 0.629061 0.385728
-3.23755 1.05194 1 0.614843 0.311907
-2.99134 1.14827 0.64 0.629061 0.385728
-3.17806 1.21994 1 0.634063 0.316651
-3.23755 1.05194 1 0.614843 0.311907
-3.23755 1.05194 1 0.614843 0.311907
-3.17806 1.21994 1 0.634063 0.316651
-3.42776 1.11375 1.44 0.618264 0.236183
-3.17806 1.21994 1 0.634063 0.316651
-3.36478 1.29162 1.44 0.637945 0.240649
-3.42776 1.11375 1.44 0.618264 0.236183
-3.42776 1.11375 1.44 0.618264 0.236183
-3.36478 1.29162 1.44 0.637945 0.240649
-3.61797 1.17555 1.96 0.620104 0.157233
-3.36478 1.29162 1.44 0.637945 0.240649
-3.55149 1.36329 1.96 0.640004 0.161321
-3.61797 1.17555 1.96 0.620104 0.157233
-3.61797 1.17555 1.96 0.620104 0.157233
-3.55149 1.36329 1.96 0.640004 0.161321
-3.80819 1.23735 2.56 0.620021 0.0793203
-3.55149 1.36329 1.96 0.640004 0.161321
-3.73821 1.43496 2.56 0.639853 0.0829292
-3.80819 1.23735 2.56 0.620021 0.0793203
-0.49128 0.0517638 -0 0.503165 1.00008
-0.49128 0.0618034 -0 0.505974 1.00008
-0.49128 0.103528 -0 0.517626 0.999874
-0.49128 0.0618034 -0 0.505974 1.00008
-0.49128 0.123607 -0 0.523214 0.999649
-0.49128 0.103528 -0 0.517626 0.999874
-0.49128 0.103528 -0 0.517626 0.999874
-0.49128 0.123607 -0 0.523214 0.999649
-0.579556 0.155291 -0 0.531439 0.966495
-0.49128 0.123607 -0 0.523214 0.999649
-0.570634 0.18541 -0 0.539589 0.969175
-0.579556 0.155291 -0 0.531439 0.966495
-0.579556 0.155291 -0 0.531439 0.966495
-0.570634 0.18541 -0 0.539589 0.969175
-0.772741 0.207055 -0 0.542832 0.896809
-0.570634 0.18541 -0 0.539589 0.969175
-0.760845 0.247214 -0 0.552951 0.900053
-0.772741 0.207055 -0 0.542832 0.896809
-0.772741 0.207055 -0 0.542832 0.896809
-0.760845 0.247214 -0 0.552951 0.900053
-0.965926 0.258819 -0 0.55197 0.832478
-0.760845 0.247214 -0 0.552951 0.900053
-0.951057 0.309017 -0 0.563678 0.836157
-0.965926 0.258819 -0 0.55197 0.832478
-0.965926 0.258819 -0 0.55197 0.832478
-0.951057 0.309017 -0 0.563678 0.836157
-1.15911 0.310583 -0 0.559146 0.774755
-0.951057 0.309017 -0 0.563678 0.836157
-1.14127 0.37082 -0 0.572108 0.778749
-1.15911 0.310583 -0 0.559146 0.774755
-1.15911 0.310583 -0 0.559146 0.774755
-1.14127 0.37082 -0 0.572108 0.778749
-1.3523 0.362347 -0 0.56472 0.723944
-1.14127 0.37082 -0 0.572108 0.778749
-1.33148 0.432624 -0 0.578666 0.728157
-1.3523 0.362347 -0 0.56472 0.723944
-1.3523 0.362347 -0 0.56472 0.723944
-1.33148 0.432624 -0 0.578666 0.728157
-1.54548 0.41411 -0 0.569043 0.679713
-1.33148 0.432624 -0 0.578666 0.728157
-1.52169 0.494427 -0 0.583756 0.684065
-1.54548 0.41411 -0 0.569043 0.679713
-1.54548 0.41411 -0 0.569043 0.679713
-1.52169 0.494427 -0 0.583756 0.684065
-1.73867 0.465874 -0 0.572409 0.641395
-1.52169 0.494427 -0 0.583756 0.684065
-1.7119 0.556231 -0 0.587723 0.645827
-1.73867 0.465874 -0 0.572409 0.641395
-1.73867 0.465874 -0 0.572409 0.641395
-1.7119 0.556231 -0 0.587723 0.645827
-1.93185 0.517638 -0 0.575051 0.608213
-1.7119 0.556231 -0 0.587723 0.645827
-1.90211 0.618034 -0 0.590839 0.612683
-1.93185 0.517638 -0 0.575051 0.608213
-1.93185 0.517638 -0 0.575051 0.608213
-1.90211 0.618034 -0 0.590839 0.612683
-2.12504 0.569402 -0 0.577144 0.579413
-1.90211 0.618034 -0 0.590839 0.612683
-2.09232 0.679837 -0 0.59331 0.583893
-2.12504 0.569402 -0 0.577144 0.579413
-2.12504 0.569402 -0 0.577144 0.579413
-2.09232 0.679837 -0 0.59331 0.583893
-2.51543 0.674007 0.04 0.580949 0.525061
-2.09232 0.679837 -0 0.59331 0.583893
-2.47671 0.804731 0.04 0.597793 0.529516
-2.51543 0.674007 0.04 0.580949 0.525061
-2.51543 0.674007 0.04 0.580949 0.525061
-2.47671 0.804731 0.04 0.597793 0.529516
-2.70861 0.725771 0.16 0.58403 0.4858
-2.47671 0.804731 0.04 0.597793 0.529516
-2.66692 0.866534 0.16 0.601409 0.490225
-2.70861 0.725771 0.16 0.58403 0.4858
-2.70861 0.725771 0.16 0.58403 0.4858
-2.66692 0.866534 0.16 0.601409 0.490225
-2.9018 0.777535 0.36 0.587766 0.4362
-2.66692 0.866534 0.16 0.601409 0.490225
-2.85713 0.928337 0.36 0.605783 0.440563
-2.9018 0.777535 0.36 0.587766 0.4362
-2.9018 0.777535 0.36 0.587766 0.4362
-2.85713 0.928337 0.36 0.605783 0.440563
-3.09498 0.829298 0.64 0.59177 0.376535
-2.85713 0.928337 0.36 0.605783 0.440563
-3.04734 0.990141 0.64 0.610457 0.380791
-3.09498 0.829298 0.64 0.59177 0.376535
-3.09498 0.829298 0.64 0.59177 0.376535
-3.04734 0.990141 0.64 0.610457 0.380791
-3.28817 0.881062 1 0.595544 0.307816
-3.04734 0.990141 0.64 0.610457 0.380791
-3.23755 1.05194 1 0.614843 0.311907
-3.28817 0.881062 1 0.595544 0.307816
-3.28817 0.881062 1 0.595544 0.307816
-3.23755 1.05194 1 0.614843 0.311907
-3.48135 0.932826 1.44 0.598509 0.232331
-3.23755 1.05194 1 0.614843 0.311907
-3.42776 1.11375 1.44 0.618264 0.236183
-3.48135 0.932826 1.44 0.598509 0.232331
-3.48135 0.932826 1.44 0.598509 0.232331
-3.42776 1.11375 1.44 0.618264 0.236183
-3.67454 0.98459 1.96 0.600135 0.1537
-3.42776 1.11375 1.44 0.618264 0.236183
-3.61797 1.17555 1.96 0.620104 0.157233
-3.67454 0.98459 1.96 0.600135 0.1537
-3.67454 0.98459 1.96 0.600135 0.1537
-3.61797 1.17555 1.96 0.620104 0.157233
-3.86772 1.03635 2.56 0.600127 0.0761906
-3.61797 1.17555 1.96 0.620104 0.157233
-3.80819 1.23735 2.56 0.620021 0.0793203
-3.86772 1.03635 2.56 0.600127 0.0761906
-0.49128 0.0415823 -0 0.500313 1.00006
-0.49128 0.0517638 -0 0.503165 1.00008
-0.49128 0.0831647 -0 0.511946 1.00002
-0.49128 0.0517638 -0 0.503165 1.00008
-0.49128 0.103528 -0 0.517626 0.999874
-0.49128 0.0831647 -0 0.511946 1.00002
-0.49128 0.0831647 -0 0.511946 1.00002
-0.49128 0.103528 -0 0.517626 0.999874
-0.586889 0.124747 -0 0.523187 0.964231
-0.49128 0.103528 -0 0.517626 0.999874
-0.579556 0.155291 -0 0.531439 0.966495
-0.586889 0.124747 -0 0.523187 0.964231
-0.586889 0.124747 -0 0.523187 0.964231
-0.579556 0.155291 -0 0.531439 0.966495
-0.782518 0.166329 -0 0.532595 0.894068
-0.579556 0.155291 -0 0.531439 0.966495
-0.772741 0.207055 -0 0.542832 0.896809
-0.782518 0.166329 -0 0.532595 0.894068
-0.782518 0.166329 -0 0.532595 0.894068
-0.772741 0.207055 -0 0.542832 0.896809
-0.978148 0.207912 -0 0.540139 0.829371
-0.772741 0.207055 -0 0.542832 0.896809
-0.965926 0.258819 -0 0.55197 0.832478
-0.978148 0.207912 -0 0.540139 0.829371
-0.978148 0.207912 -0 0.540139 0.829371
-0.965926 0.258819 -0 0.55197 0.832478
-1.17378 0.249494 -0 0.546059 0.771378
-0.965926 0.258819 -0 0.55197 0.832478
-1.15911 0.310583 -0 0.559146 0.774755
-1.17378 0.249494 -0 0.546059 0.771378
-1.17378 0.249494 -0 0.546059 0.771378
-1.15911 0.310583 -0 0.559146 0.774755
-1.36941 0.291076 -0 0.550654 0.720383
-1.15911 0.310583 -0 0.559146 0.774755
-1.3523 0.362347 -0 0.56472 0.723944
-1.36941 0.291076 -0 0.550654 0.720383
-1.36941 0.291076 -0 0.550654 0.720383
-1.3523 0.362347 -0 0.56472 0.723944
-1.56504 0.332659 -0 0.554216 0.676035
-1.3523 0.362347 -0 0.56472 0.723944
-1.54548 0.41411 -0 0.569043 0.679713
-1.56504 0.332659 -0 0.554216 0.676035
-1.56504 0.332659 -0 0.554216 0.676035
-1.54548 0.41411 -0 0.569043 0.679713
-1.76067 0.374241 -0 0.556988 0.63765
-1.54548 0.41411 -0 0.569043 0.679713
-1.73867 0.465874 -0 0.572409 0.641395
-1.76067 0.374241 -0 0.556988 0.63765
-1.76067 0.374241 -0 0.556988 0.63765
-1.73867 0.465874 -0 0.572409 0.641395
-1.9563 0.415823 -0 0.559164 0.604438
-1.73867 0.465874 -0 0.572409 0.641395
-1.93185 0.517638 -0 0.575051 0.608213
-1.9563 0.415823 -0 0.559164 0.604438
-1.9563 0.415823 -0 0.559164 0.604438
-1.93185 0.517638 -0 0.575051 0.608213
-2.15192 0.457406 -0 0.560888 0.575632
-1.93185 0.517638 -0 0.575051 0.608213
-2.12504 0.569402 -0 0.577144 0.579413
-2.15192 0.457406 -0 0.560888 0.575632
-2.15192 0.457406 -0 0.560888 0.575632
-2.12504 0.569402 -0 0.577144 0.579413
-2.54726 0.541436 0.04 0.564026 0.521305
-2.12504 0.569402 -0 0.577144 0.579413
-2.51543 0.674007 0.04 0.580949 0.525061
-2.54726 0.541436 0.04 0.564026 0.521305
-2.54726 0.541436 0.04 0.564026 0.521305
-2.51543 0.674007 0.04 0.580949 0.525061
-2.74289 0.583018 0.16 0.566578 0.48207
-2.51543 0.674007 0.04 0.580949 0.525061
-2.70861 0.725771 0.16 0.58403 0.4858
-2.74289 0.583018 0.16 0.566578 0.48207
-2.74289 0.583018 0.16 0.566578 0.48207
-2.70861 0.725771 0.16 0.58403 0.4858
-2.93851 0.624601 0.36 0.569682 0.432525
-2.70861 0.725771 0.16 0.58403 0.4858
-2.9018 0.777535 0.36 0.587766 0.4362
-2.93851 0.624601 0.36 0.569682 0.432525
-2.93851 0.624601 0.36 0.569682 0.432525
-2.9018 0.777535 0.36 0.587766 0.4362
-3.13414 0.666183 0.64 0.57302 0.372952
-2.9018 0.777535 0.36 0.587766 0.4362
-3.09498 0.829298 0.64 0.59177 0.376535
-3.13414 0.666183 0.64 0.57302 0.372952
-3.13414 0.666183 0.64 0.57302 0.372952
-3.09498 0.829298 0.64 0.59177 0.376535
-3.32977 0.707765 1 0.576184 0.304374
-3.09498 0.829298 0.64 0.59177 0.376535
-3.28817 0.881062 1 0.595544 0.307816
-3.32977 0.707765 1 0.576184 0.304374
-3.32977 0.707765 1 0.576184 0.304374
-3.28817 0.881062 1 0.595544 0.307816
-3.5254 0.749348 1.44 0.578694 0.229083
-3.28817 0.881062 1 0.595544 0.307816
-3.48135 0.932826 1.44 0.598509 0.232331
-3.5254 0.749348 1.44 0.578694 0.229083
-3.5254 0.749348 1.44 0.578694 0.229083
-3.48135 0.932826 1.44 0.598509 0.232331
-3.72103 0.79093 1.96 0.58011 0.150715
-3.48135 0.932826 1.44 0.598509 0.232331
-3.67454 0.98459 1.96 0.600135 0.1537
-3.72103 0.79093 1.96 0.58011 0.150715
-3.72103 0.79093 1.96 0.58011 0.150715
-3.67454 0.98459 1.96 0.600135 0.1537
-3.91666 0.832512 2.56 0.580182 0.0735366
-3.67454 0.98459 1.96 0.600135 0.1537
-3.86772 1.03635 2.56 0.600127 0.0761906
-3.91666 0.832512 2.56 0.580182 0.0735366
-0.49128 0.0312869 -0 0.497429 1.00001
-0.49128 0.0415823 -0 0.500313 1.00006
-0.49128 0.0625738 -0 0.50619 1.00008
-0.49128 0.0415823 -0 0.500313 1.00006
-0.49128 0.0831647 -0 0.511946 1.00002
-0.49128 0.0625738 -0 0.50619 1.00008
-0.49128 0.0625738 -0 0.50619 1.00008
-0.49128 0.0831647 -0 0.511946 1.00002
-0.592613 0.0938607 -0 0.51485 0.962387
-0.49128 0.0831647 -0 0.511946 1.00002
-0.586889 0.124747 -0 0.523187 0.964231
-0.592613 0.0938607 -0 0.51485 0.962387
-0.592613 0.0938607 -0 0.51485 0.962387
-0.586889 0.124747 -0 0.523187 0.964231
-0.790151 0.125148 -0 0.522261 0.891834
-0.586889 0.124747 -0 0.523187 0.964231
-0.782518 0.166329 -0 0.532595 0.894068
-0.790151 0.125148 -0 0.522261 0.891834
-0.790151 0.125148 -0 0.522261 0.891834
-0.782518 0.166329 -0 0.532595 0.894068
-0.987688 0.156434 -0 0.528205 0.826835
-0.782518 0.166329 -0 0.532595 0.894068
-0.978148 0.207912 -0 0.540139 0.829371
-0.987688 0.156434 -0 0.528205 0.826835
-0.987688 0.156434 -0 0.528205 0.826835
-0.978148 0.207912 -0 0.540139 0.829371
-1.18523 0.187721 -0 0.53287 0.768623
-0.978148 0.207912 -0 0.540139 0.829371
-1.17378 0.249494 -0 0.546059 0.771378
-1.18523 0.187721 -0 0.53287 0.768623
-1.18523 0.187721 -0 0.53287 0.768623
-1.17378 0.249494 -0 0.546059 0.771378
-1.38276 0.219008 -0 0.536491 0.717478
-1.17378 0.249494 -0 0.546059 0.771378
-1.36941 0.291076 -0 0.550654 0.720383
-1.38276 0.219008 -0 0.536491 0.717478
-1.38276 0.219008 -0 0.536491 0.717478
-1.36941 0.291076 -0 0.550654 0.720383
-1.5803 0.250295 -0 0.539299 0.673035
-1.36941 0.291076 -0 0.550654 0.720383
-1.56504 0.332659 -0 0.554216 0.676035
-1.5803 0.250295 -0 0.539299 0.673035
-1.5803 0.250295 -0 0.539299 0.673035
-1.56504 0.332659 -0 0.554216 0.676035
-1.77784 0.281582 -0 0.541484 0.634596
-1.56504 0.332659 -0 0.554216 0.676035
-1.76067 0.374241 -0 0.556988 0.63765
-1.77784 0.281582 -0 0.541484 0.634596
-1.77784 0.281582 -0 0.541484 0.634596
-1.76067 0.374241 -0 0.556988 0.63765
-1.97538 0.312869 -0 0.543199 0.601358
-1.76067 0.374241 -0 0.556988 0.63765
-1.9563 0.415823 -0 0.559164 0.604438
-1.97538 0.312869 -0 0.543199 0.601358
-1.97538 0.312869 -0 0.543199 0.601358
-1.9563 0.415823 -0 0.559164 0.604438
-2.17291 0.344156 -0 0.54456 0.572547
-1.9563 0.415823 -0 0.559164 0.604438
-2.15192 0.457406 -0 0.560888 0.575632
-2.17291 0.344156 -0 0.54456 0.572547
-2.17291 0.344156 -0 0.54456 0.572547
-2.15192 0.457406 -0 0.560888 0.575632
-2.5721 0.407381 0.04 0.547044 0.518243
-2.15192 0.457406 -0 0.560888 0.575632
-2.54726 0.541436 0.04 0.564026 0.521305
-2.5721 0.407381 0.04 0.547044 0.518243
-2.5721 0.407381 0.04 0.547044 0.518243
-2.54726 0.541436 0.04 0.564026 0.521305
-2.76964 0.438668 0.16 0.549072 0.479033
-2.54726 0.541436 0.04 0.564026 0.521305
-2.74289 0.583018 0.16 0.566578 0.48207
-2.76964 0.438668 0.16 0.549072 0.479033
-2.76964 0.438668 0.16 0.549072 0.479033
-2.74289 0.583018 0.16 0.566578 0.48207
-2.96718 0.469955 0.36 0.551548 0.429532
-2.74289 0.583018 0.16 0.566578 0.48207
-2.93851 0.624601 0.36 0.569682 0.432525
-2.96718 0.469955 0.36 0.551548 0.429532
-2.96718 0.469955 0.36 0.551548 0.429532
-2.93851 0.624601 0.36 0.569682 0.432525
-3.16471 0.501242 0.64 0.554223 0.370034
-2.93851 0.624601 0.36 0.569682 0.432525
-3.13414 0.666183 0.64 0.57302 0.372952
-3.16471 0.501242 0.64 0.554223 0.370034
-3.16471 0.501242 0.64 0.554223 0.370034
-3.13414 0.666183 0.64 0.57302 0.372952
-3.36225 0.532528 1 0.556778 0.301567
-3.13414 0.666183 0.64 0.57302 0.372952
-3.32977 0.707765 1 0.576184 0.304374
-3.36225 0.532528 1 0.556778 0.301567
-3.36225 0.532528 1 0.556778 0.301567
-3.32977 0.707765 1 0.576184 0.304374
-3.55979 0.563815 1.44 0.558834 0.226432
-3.32977 0.707765 1 0.576184 0.304374
-3.5254 0.749348 1.44 0.578694 0.229083
-3.55979 0.563815 1.44 0.558834 0.226432
-3.55979 0.563815 1.44 0.558834 0.226432
-3.5254 0.749348 1.44 0.578694 0.229083
-3.75733 0.595102 1.96 0.56004 0.14827
-3.5254 0.749348 1.44 0.578694 0.229083
-3.72103 0.79093 1.96 0.58011 0.150715
-3.75733 0.595102 1.96 0.56004 0.14827
-3.75733 0.595102 1.96 0.56004 0.14827
-3.72103 0.79093 1.96 0.58011 0.150715
-3.95487 0.626389 2.56 0.560195 0.0713564
-3.72103 0.79093 1.96 0.58011 0.150715
-3.91666 0.832512 2.56 0.580182 0.0735366
-3.95487 0.626389 2.56 0.560195 0.0713564
-0.49128 0.0209057 -0 0.494519 0.999942
-0.49128 0.0312869 -0 0.497429 1.00001
-0.49128 0.0418114 -0 0.500378 1.00006
-0.49128 0.0312869 -0 0.497429 1.00001
-0.49128 0.0625738 -0 0.50619 1.00008
-0.49128 0.0418114 -0 0.500378 1.00006
-0.49128 0.0418114 -0 0.500378 1.00006
-0.49128 0.0625738 -0 0.50619 1.00008
-0.596713 0.0627171 -0 0.506446 0.960967
-0.49128 0.0625738 -0 0.50619 1.00008
-0.592613 0.0938607 -0 0.51485 0.962387
-0.596713 0.0627171 -0 0.506446 0.960967
-0.596713 0.0627171 -0 0.506446 0.960967
-0.592613 0.0938607 -0 0.51485 0.962387
-0.795618 0.0836228 -0 0.511851 0.890111
-0.592613 0.0938607 -0 0.51485 0.962387
-0.790151 0.125148 -0 0.522261 0.891834
-0.795618 0.0836228 -0 0.511851 0.890111
-0.795618 0.0836228 -0 0.511851 0.890111
-0.790151 0.125148 -0 0.522261 0.891834
-0.994522 0.104528 -0 0.516191 0.824879
-0.790151 0.125148 -0 0.522261 0.891834
-0.987688 0.156434 -0 0.528205 0.826835
-0.994522 0.104528 -0 0.516191 0.824879
-0.994522 0.104528 -0 0.516191 0.824879
-0.987688 0.156434 -0 0.528205 0.826835
-1.19343 0.125434 -0 0.519602 0.766494
-0.987688 0.156434 -0 0.528205 0.826835
-1.18523 0.187721 -0 0.53287 0.768623
-1.19343 0.125434 -0 0.519602 0.766494
-1.19343 0.125434 -0 0.519602 0.766494
-1.18523 0.187721 -0 0.53287 0.768623
-1.39233 0.14634 -0 0.522253 0.715231
-1.18523 0.187721 -0 0.53287 0.768623
-1.38276 0.219008 -0 0.536491 0.717478
-1.39233 0.14634 -0 0.522253 0.715231
-1.39233 0.14634 -0 0.522253 0.715231
-1.38276 0.219008 -0 0.536491 0.717478
-1.59124 0.167246 -0 0.524311 0.670713
-1.38276 0.219008 -0 0.536491 0.717478
-1.5803 0.250295 -0 0.539299 0.673035
-1.59124 0.167246 -0 0.524311 0.670713
-1.59124 0.167246 -0 0.524311 0.670713
-1.5803 0.250295 -0 0.539299 0.673035
-1.79014 0.188151 -0 0.525916 0.632232
-1.5803 0.250295 -0 0.539299 0.673035
-1.77784 0.281582 -0 0.541484 0.634596
-1.79014 0.188151 -0 0.525916 0.632232
-1.79014 0.188151 -0 0.525916 0.632232
-1.77784 0.281582 -0 0.541484 0.634596
-1.98904 0.209057 -0 0.527178 0.598975
-1.77784 0.281582 -0 0.541484 0.634596
-1.97538 0.312869 -0 0.543199 0.601358
-1.98904 0.209057 -0 0.527178 0.598975
-1.98904 0.209057 -0 0.527178 0.598975
-1.97538 0.312869 -0 0.543199 0.601358
-2.18795 0.229963 -0 0.52818 0.570161
-1.97538 0.312869 -0 0.543199 0.601358
-2.17291 0.344156 -0 0.54456 0.572547
-2.18795 0.229963 -0 0.52818 0.570161
-2.18795 0.229963 -0 0.52818 0.570161
-2.17291 0.344156 -0 0.54456 0.572547
-2.5899 0.272209 0.04 0.530018 0.515874
-2.17291 0.344156 -0 0.54456 0.572547
-2.5721 0.407381 0.04 0.547044 0.518243
-2.5899 0.272209 0.04 0.530018 0.515874
-2.5899 0.272209 0.04 0.530018 0.515874
-2.5721 0.407381 0.04 0.547044 0.518243
-2.7888 0.293115 0.16 0.531527 0.476682
-2.5721 0.407381 0.04 0.547044 0.518243
-2.76964 0.438668 0.16 0.549072 0.479033
-2.7888 0.293115 0.16 0.531527 0.476682
-2.7888 0.293115 0.16 0.531527 0.476682
-2.76964 0.438668 0.16 0.549072 0.479033
-2.98771 0.314021 0.36 0.533378 0.427215
-2.76964 0.438668 0.16 0.549072 0.479033
-2.96718 0.469955 0.36 0.551548 0.429532
-2.98771 0.314021 0.36 0.533378 0.427215
-2.98771 0.314021 0.36 0.533378 0.427215
-2.96718 0.469955 0.36 0.551548 0.429532
-3.18661 0.334926 0.64 0.535393 0.367775
-2.96718 0.469955 0.36 0.551548 0.429532
-3.16471 0.501242 0.64 0.554223 0.370034
-3.18661 0.334926 0.64 0.535393 0.367775
-3.18661 0.334926 0.64 0.535393 0.367775
-3.16471 0.501242 0.64 0.554223 0.370034
-3.38551 0.355832 1 0.537339 0.29939
-3.16471 0.501242 0.64 0.554223 0.370034
-3.36225 0.532528 1 0.556778 0.301567
-3.38551 0.355832 1 0.537339 0.29939
-3.38551 0.355832 1 0.537339 0.29939
-3.36225 0.532528 1 0.556778 0.301567
-3.58442 0.376738 1.44 0.53894 0.22437
-3.36225 0.532528 1 0.556778 0.301567
-3.55979 0.563815 1.44 0.558834 0.226432
-3.58442 0.376738 1.44 0.53894 0.22437
-3.58442 0.376738 1.44 0.53894 0.22437
-3.55979 0.563815 1.44 0.558834 0.226432
-3.78332 0.397643 1.96 0.539937 0.146364
-3.55979 0.563815 1.44 0.558834 0.226432
-3.75733 0.595102 1.96 0.56004 0.14827
-3.78332 0.397643 1.96 0.539937 0.146364
-3.78332 0.397643 1.96 0.539937 0.146364
-3.75733 0.595102 1.96 0.56004 0.14827
-3.98223 0.418549 2.56 0.540177 0.0696454
-3.75733 0.595102 1.96 0.56004 0.14827
-3.95487 0.626389 2.56 0.560195 0.0713564
-3.98223 0.418549 2.56 0.540177 0.0696454
-0.49128 0.0104672 -0 0.491593 0.999852
-0.49128 0.0209057 -0 0.494519 0.999942
-0.49128 0.0209344 -0 0.494527 0.999942
-0.49128 0.0209057 -0 0.494519 0.999942
-0.49128 0.0418114 -0 0.500378 1.00006
-0.49128 0.0209344 -0 0.494527 0.999942
-0.49128 0.0209344 -0 0.494527 0.999942
-0.49128 0.0418114 -0 0.500378 1.00006
-0.599178 0.0314016 -0 0.497994 0.95997
-0.49128 0.0418114 -0 0.500378 1.00006
-0.596713 0.0627171 -0 0.506446 0.960967
-0.599178 0.0314016 -0 0.497994 0.95997
-0.599178 0.0314016 -0 0.497994 0.95997
-0.596713 0.0627171 -0 0.506446 0.960967
-0.798904 0.0418688 -0 0.501385 0.888899
-0.596713 0.0627171 -0 0.506446 0.960967
-0.795618 0.0836228 -0 0.511851 0.890111
-0.798904 0.0418688 -0 0.501385 0.888899
-0.798904 0.0418688 -0 0.501385 0.888899
-0.795618 0.0836228 -0 0.511851 0.890111
-0.99863 0.052336 -0 0.504119 0.8235
-0.795618 0.0836228 -0 0.511851 0.890111
-0.994522 0.104528 -0 0.516191 0.824879
-0.99863 0.052336 -0 0.504119 0.8235
-0.99863 0.052336 -0 0.504119 0.8235
-0.994522 0.104528 -0 0.516191 0.824879
-1.19836 0.0628031 -0 0.506276 0.764992
-0.994522 0.104528 -0 0.516191 0.824879
-1.19343 0.125434 -0 0.519602 0.766494
-1.19836 0.0628031 -0 0.506276 0.764992
-1.19836 0.0628031 -0 0.506276 0.764992
-1.19343 0.125434 -0 0.519602 0.766494
-1.39808 0.0732703 -0 0.507961 0.713645
-1.19343 0.125434 -0 0.519602 0.766494
-1.39233 0.14634 -0 0.522253 0.715231
-1.39808 0.0732703 -0 0.507961 0.713645
-1.39808 0.0732703 -0 0.507961 0.713645
-1.39233 0.14634 -0 0.522253 0.715231
-1.59781 0.0837375 -0 0.509274 0.669073
-1.39233 0.14634 -0 0.522253 0.715231
-1.59124 0.167246 -0 0.524311 0.670713
-1.59781 0.0837375 -0 0.509274 0.669073
-1.59781 0.0837375 -0 0.509274 0.669073
-1.59124 0.167246 -0 0.524311 0.670713
-1.79753 0.0942047 -0 0.510303 0.63056
-1.59124 0.167246 -0 0.524311 0.670713
-1.79014 0.188151 -0 0.525916 0.632232
-1.79753 0.0942047 -0 0.510303 0.63056
-1.79753 0.0942047 -0 0.510303 0.63056
-1.79014 0.188151 -0 0.525916 0.632232
-1.99726 0.104672 -0 0.511116 0.597289
-1.79014 0.188151 -0 0.525916 0.632232
-1.98904 0.209057 -0 0.527178 0.598975
-1.99726 0.104672 -0 0.511116 0.597289
-1.99726 0.104672 -0 0.511116 0.597289
-1.98904 0.209057 -0 0.527178 0.598975
-2.19699 0.115139 -0 0.511765 0.568472
-1.98904 0.209057 -0 0.527178 0.598975
-2.18795 0.229963 -0 0.52818 0.570161
-2.19699 0.115139 -0 0.511765 0.568472
-2.19699 0.115139 -0 0.511765 0.568472
-2.18795 0.229963 -0 0.52818 0.570161
-2.60059 0.136291 0.04 0.512964 0.514196
-2.18795 0.229963 -0 0.52818 0.570161
-2.5899 0.272209 0.04 0.530018 0.515874
-2.60059 0.136291 0.04 0.512964 0.514196
-2.60059 0.136291 0.04 0.512964 0.514196
-2.5899 0.272209 0.04 0.530018 0.515874
-2.80032 0.146759 0.16 0.513958 0.475014
-2.5899 0.272209 0.04 0.530018 0.515874
-2.7888 0.293115 0.16 0.531527 0.476682
-2.80032 0.146759 0.16 0.513958 0.475014
-2.80032 0.146759 0.16 0.513958 0.475014
-2.7888 0.293115 0.16 0.531527 0.476682
-3.00005 0.157226 0.36 0.515186 0.42557
-2.7888 0.293115 0.16 0.531527 0.476682
-2.98771 0.314021 0.36 0.533378 0.427215
-3.00005 0.157226 0.36 0.515186 0.42557
-3.00005 0.157226 0.36 0.515186 0.42557
-2.98771 0.314021 0.36 0.533378 0.427215
-3.19977 0.167693 0.64 0.516542 0.366166
-2.98771 0.314021 0.36 0.533378 0.427215
-3.18661 0.334926 0.64 0.535393 0.367775
-3.19977 0.167693 0.64 0.516542 0.366166
-3.19977 0.167693 0.64 0.516542 0.366166
-3.18661 0.334926 0.64 0.535393 0.367775
-3.3995 0.17816 1 0.517879 0.297836
-3.18661 0.334926 0.64 0.535393 0.367775
-3.38551 0.355832 1 0.537339 0.29939
-3.3995 0.17816 1 0.517879 0.297836
-3.3995 0.17816 1 0.517879 0.297836
-3.38551 0.355832 1 0.537339 0.29939
-3.59922 0.188627 1.44 0.519025 0.222891
-3.38551 0.355832 1 0.537339 0.29939
-3.58442 0.376738 1.44 0.53894 0.22437
-3.59922 0.188627 1.44 0.519025 0.222891
-3.59922 0.188627 1.44 0.519025 0.222891
-3.58442 0.376738 1.44 0.53894 0.22437
-3.79895 0.199095 1.96 0.519812 0.144988
-3.58442 0.376738 1.44 0.53894 0.22437
-3.78332 0.397643 1.96 0.539937 0.146364
-3.79895 0.199095 1.96 0.519812 0.144988
-3.79895 0.199095 1.96 0.519812 0.144988
-3.78332 0.397643 1.96 0.539937 0.146364
-3.99868 0.209562 2.56 0.520137 0.0684014
-3.78332 0.397643 1.96 0.539937 0.146364
-3.98223 0.418549 2.56 0.540177 0.0696454
-3.99868 0.209562 2.56 0.520137 0.0684014
-0.49128 1.22465e-17 -0 0.488658 0.999739
-0.49128 0.0104672 -0 0.491593 0.999852
-0.49128 2.44929e-17 -0 0.488658 0.999739
-0.49128 0.0104672 -0 0.491593 0.999852
-0.49128 0.0209344 -0 0.494527 0.999942
-0.49128 2.44929e-17 -0 0.488658 0.999739
-0.49128 2.44929e-17 -0 0.488658 0.999739
-0.49128 0.0209344 -0 0.494527 0.999942
-0.6 3.67394e-17 -0 0.489511 0.959401
-0.49128 0.0209344 -0 0.494527 0.999942
-0.599178 0.0314016 -0 0.497994 0.95997
-0.6 3.67394e-17 -0 0.489511 0.959401
-0.6 3.67394e-17 -0 0.489511 0.959401
-0.599178 0.0314016 -0 0.497994 0.95997
-0.8 4.89859e-17 -0 0.490885 0.888202
-0.599178 0.0314016 -0 0.497994 0.95997
-0.798904 0.0418688 -0 0.501385 0.888899
-0.8 4.89859e-17 -0 0.490885 0.888202
-0.8 4.89859e-17 -0 0.490885 0.888202
-0.798904 0.0418688 -0 0.501385 0.888899
-1 6.12323e-17 -0 0.492011 0.822702
-0.798904 0.0418688 -0 0.501385 0.888899
-0.99863 0.052336 -0 0.504119 0.8235
-1 6.12323e-17 -0 0.492011 0.822702
-1 6.12323e-17 -0 0.492011 0.822702
-0.99863 0.052336 -0 0.504119 0.8235
-1.2 7.34788e-17 -0 0.492916 0.76412
-0.99863 0.052336 -0 0.504119 0.8235
-1.19836 0.0628031 -0 0.506276 0.764992
-1.2 7.34788e-17 -0 0.492916 0.76412
-1.2 7.34788e-17 -0 0.492916 0.76412
-1.19836 0.0628031 -0 0.506276 0.764992
-1.4 8.57253e-17 -0 0.493636 0.712721
-1.19836 0.0628031 -0 0.506276 0.764992
-1.39808 0.0732703 -0 0.507961 0.713645
-1.4 8.57253e-17 -0 0.493636 0.712721
-1.4 8.57253e-17 -0 0.493636 0.712721
-1.39808 0.0732703 -0 0.507961 0.713645
-1.6 9.79717e-17 -0 0.494207 0.668116
-1.39808 0.0732703 -0 0.507961 0.713645
-1.59781 0.0837375 -0 0.509274 0.669073
-1.6 9.79717e-17 -0 0.494207 0.668116
-1.6 9.79717e-17 -0 0.494207 0.668116
-1.59781 0.0837375 -0 0.509274 0.669073
-1.8 1.10218e-16 -0 0.494663 0.629583
-1.59781 0.0837375 -0 0.509274 0.669073
-1.79753 0.0942047 -0 0.510303 0.63056
-1.8 1.10218e-16 -0 0.494663 0.629583
-1.8 1.10218e-16 -0 0.494663 0.629583
-1.79753 0.0942047 -0 0.510303 0.63056
-2 1.22465e-16 -0 0.49503 0.596301
-1.79753 0.0942047 -0 0.510303 0.63056
-1.99726 0.104672 -0 0.511116 0.597289
-2 1.22465e-16 -0 0.49503 0.596301
-2 1.22465e-16 -0 0.49503 0.596301
-1.99726 0.104672 -0 0.511116 0.597289
-2.2 1.34711e-16 -0 0.495328 0.567479
-1.99726 0.104672 -0 0.511116 0.597289
-2.19699 0.115139 -0 0.511765 0.568472
-2.2 1.34711e-16 -0 0.495328 0.567479
-2.2 1.34711e-16 -0 0.495328 0.567479
-2.19699 0.115139 -0 0.511765 0.568472
-2.60416 1.59459e-16 0.04 0.495894 0.513206
-2.19699 0.115139 -0 0.511765 0.568472
-2.60059 0.136291 0.04 0.512964 0.514196
-2.60416 1.59459e-16 0.04 0.495894 0.513206
-2.60416 1.59459e-16 0.04 0.495894 0.513206
-2.60059 0.136291 0.04 0.512964 0.514196
-2.80416 1.71705e-16 0.16 0.496373 0.474028
-2.60059 0.136291 0.04 0.512964 0.514196
-2.80032 0.146759 0.16 0.513958 0.475014
-2.80416 1.71705e-16 0.16 0.496373 0.474028
-2.80416 1.71705e-16 0.16 0.496373 0.474028
-2.80032 0.146759 0.16 0.513958 0.475014
-3.00416 1.83952e-16 0.36 0.496982 0.424592
-2.80032 0.146759 0.16 0.513958 0.475014
-3.00005 0.157226 0.36 0.515186 0.42557
-3.00416 1.83952e-16 0.36 0.496982 0.424592
-3.00416 1.83952e-16 0.36 0.496982 0.424592
-3.00005 0.157226 0.36 0.515186 0.42557
-3.20416 1.96198e-16 0.64 0.497679 0.365202
-3.00005 0.157226 0.36 0.515186 0.42557
-3.19977 0.167693 0.64 0.516542 0.366166
-3.20416 1.96198e-16 0.64 0.497679 0.365202
-3.20416 1.96198e-16 0.64 0.497679 0.365202
-3.19977 0.167693 0.64 0.516542 0.366166
-3.40416 2.08445e-16 1 0.498407 0.296899
-3.19977 0.167693 0.64 0.516542 0.366166
-3.3995 0.17816 1 0.517879 0.297836
-3.40416 2.08445e-16 1 0.498407 0.296899
-3.40416 2.08445e-16 1 0.498407 0.296899
-3.3995 0.17816 1 0.517879 0.297836
-3.60416 2.20691e-16 1.44 0.499096 0.221991
-3.3995 0.17816 1 0.517879 0.297836
-3.59922 0.188627 1.44 0.519025 0.222891
-3.60416 2.20691e-16 1.44 0.499096 0.221991
-3.60416 2.20691e-16 1.44 0.499096 0.221991
-3.59922 0.188627 1.44 0.519025 0.222891
-3.80416 2.32938e-16 1.96 0.499674 0.14414
-3.59922 0.188627 1.44 0.519025 0.222891
-3.79895 0.199095 1.96 0.519812 0.144988
-3.80416 2.32938e-16 1.96 0.499674 0.14414
-3.80416 2.32938e-16 1.96 0.499674 0.14414
-3.79895 0.199095 1.96 0.519812 0.144988
-4.00416 2.45184e-16 2.56 0.500085 0.0676216
-3.79895 0.199095 1.96 0.519812 0.144988
-3.99868 0.209562 2.56 0.520137 0.0684014
-4.00416 2.45184e-16 2.56 0.500085 0.0676216
-0.49128 -0.0104672 -0 0.485724 0.999604
-0.49128 1.22465e-17 -0 0.488658 0.999739
-0.49128 -0.0209344 -0 0.482789 0.999447
-0.49128 1.22465e-17 -0 0.488658 0.999739
-0.49128 2.44929e-17 -0 0.488658 0.999739
-0.49128 -0.0209344 -0 0.482789 0.999447
-0.49128 -0.0209344 -0 0.482789 0.999447
-0.49128 2.44929e-17 -0 0.488658 0.999739
-0.599178 -0.0314016 -0 0.481017 0.959258
-0.49128 2.44929e-17 -0 0.488658 0.999739
-0.6 3.67394e-17 -0 0.489511 0.959401
-0.599178 -0.0314016 -0 0.481017 0.959258
-0.599178 -0.0314016 -0 0.481017 0.959258
-0.6 3.67394e-17 -0 0.489511 0.959401
-0.798904 -0.0418688 -0 0.480371 0.88802
-0.6 3.67394e-17 -0 0.489511 0.959401
-0.8 4.89859e-17 -0 0.490885 0.888202
-0.798904 -0.0418688 -0 0.480371 0.88802
-0.798904 -0.0418688 -0 0.480371 0.88802
-0.8 4.89859e-17 -0 0.490885 0.888202
-0.99863 -0.052336 -0 0.479889 0.822488
-0.8 4.89859e-17 -0 0.490885 0.888202
-1 6.12323e-17 -0 0.492011 0.822702
-0.99863 -0.052336 -0 0.479889 0.822488
-0.99863 -0.052336 -0 0.479889 0.822488
-1 6.12323e-17 -0 0.492011 0.822702
-1.19836 -0.0628031 -0 0.479542 0.763881
-1 6.12323e-17 -0 0.492011 0.822702
-1.2 7.34788e-17 -0 0.492916 0.76412
-1.19836 -0.0628031 -0 0.479542 0.763881
-1.19836 -0.0628031 -0 0.479542 0.763881
-1.2 7.34788e-17 -0 0.492916 0.76412
-1.39808 -0.0732703 -0 0.479297 0.712463
-1.2 7.34788e-17 -0 0.492916 0.76412
-1.4 8.57253e-17 -0 0.493636 0.712721
-1.39808 -0.0732703 -0 0.479297 0.712463
-1.39808 -0.0732703 -0 0.479297 0.712463
-1.4 8.57253e-17 -0 0.493636 0.712721
-1.59781 -0.0837375 -0 0.479128 0.667843
-1.4 8.57253e-17 -0 0.493636 0.712721
-1.6 9.79717e-17 -0 0.494207 0.668116
-1.59781 -0.0837375 -0 0.479128 0.667843
-1.59781 -0.0837375 -0 0.479128 0.667843
-1.6 9.79717e-17 -0 0.494207 0.668116
-1.79753 -0.0942047 -0 0.479012 0.6293
-1.6 9.79717e-17 -0 0.494207 0.668116
-1.8 1.10218e-16 -0 0.494663 0.629583
-1.79753 -0.0942047 -0 0.479012 0.6293
-1.79753 -0.0942047 -0 0.479012 0.6293
-1.8 1.10218e-16 -0 0.494663 0.629583
-1.99726 -0.104672 -0 0.478934 0.596012
-1.8 1.10218e-16 -0 0.494663 0.629583
-2 1.22465e-16 -0 0.49503 0.596301
-1.99726 -0.104672 -0 0.478934 0.596012
-1.99726 -0.104672 -0 0.478934 0.596012
-2 1.22465e-16 -0 0.49503 0.596301
-2.19699 -0.115139 -0 0.478883 0.567185
-2 1.22465e-16 -0 0.49503 0.596301
-2.2 1.34711e-16 -0 0.495328 0.567479
-2.19699 -0.115139 -0 0.478883 0.567185
-2.19699 -0.115139 -0 0.478883 0.567185
-2.2 1.34711e-16 -0 0.495328 0.567479
-2.60059 -0.136291 0.04 0.478817 0.512903
-2.2 1.34711e-16 -0 0.495328 0.567479
-2.60416 1.59459e-16 0.04 0.495894 0.513206
-2.60059 -0.136291 0.04 0.478817 0.512903
-2.60059 -0.136291 0.04 0.478817 0.512903
-2.60416 1.59459e-16 0.04 0.495894 0.513206
-2.80032 -0.146759 0.16 0.478785 0.47372
-2.60416 1.59459e-16 0.04 0.495894 0.513206
-2.80416 1.71705e-16 0.16 0.496373 0.474028
-2.80032 -0.146759 0.16 0.478785 0.47372
-2.80032 -0.146759 0.16 0.478785 0.47372
-2.80416 1.71705e-16 0.16 0.496373 0.474028
-3.00005 -0.157226 0.36 0.478774 0.424278
-2.80416 1.71705e-16 0.16 0.496373 0.474028
-3.00416 1.83952e-16 0.36 0.496982 0.424592
-3.00005 -0.157226 0.36 0.478774 0.424278
-3.00005 -0.157226 0.36 0.478774 0.424278
-3.00416 1.83952e-16 0.36 0.496982 0.424592
-3.19977 -0.167693 0.64 0.478812 0.364884
-3.00416 1.83952e-16 0.36 0.496982 0.424592
-3.20416 1.96198e-16 0.64 0.497679 0.365202
-3.19977 -0.167693 0.64 0.478812 0.364884
-3.19977 -0.167693 0.64 0.478812 0.364884
-3.20416 1.96198e-16 0.64 0.497679 0.365202
-3.3995 -0.17816 1 0.478931 0.296575
-3.20416 1.96198e-16 0.64 0.497679 0.365202
-3.40416 2.08445e-16 1 0.498407 0.296899
-3.3995 -0.17816 1 0.478931 0.296575
-3.3995 -0.17816 1 0.478931 0.296575
-3.40416 2.08445e-16 1 0.498407 0.296899
-3.59922 -0.188627 1.44 0.479164 0.221667
-3.40416 2.08445e-16 1 0.498407 0.296899
-3.60416 2.20691e-16 1.44 0.499096 0.221991
-3.59922 -0.188627 1.44 0.479164 0.221667
-3.59922 -0.188627 1.44 0.479164 0.221667
-3.60416 2.20691e-16 1.44 0.499096 0.221991
-3.79895 -0.199095 1.96 0.479531 0.143818
-3.60416 2.20691e-16 1.44 0.499096 0.221991
-3.80416 2.32938e-16 1.96 0.499674 0.14414
-3.79895 -0.199095 1.96 0.479531 0.143818
-3.79895 -0.199095 1.96 0.479531 0.143818
-3.80416 2.32938e-16 1.96 0.499674 0.14414
-3.99868 -0.209562 2.56 0.480028 0.0673064
-3.80416 2.32938e-16 1.96 0.499674 0.14414
-4.00416 2.45184e-16 2.56 0.500085 0.0676216
-3.99868 -0.209562 2.56 0.480028 0.0673064
-0.49128 -0.0209057 -0 0.482797 0.999447
-0.49128 -0.0104672 -0 0.485724 0.999604
-0.49128 -0.0418114 -0 0.47694 0.999066
-0.49128 -0.0104672 -0 0.485724 0.999604
-0.49128 -0.0209344 -0 0.482789 0.999447
-0.49128 -0.0418114 -0 0.47694 0.999066
-0.49128 -0.0418114 -0 0.47694 0.999066
-0.49128 -0.0209344 -0 0.482789 0.999447
-0.596713 -0.0627171 -0 0.472529 0.959541
-0.49128 -0.0209344 -0 0.482789 0.999447
-0.599178 -0.0314016 -0 0.481017 0.959258
-0.596713 -0.0627171 -0 0.472529 0.959541
-0.596713 -0.0627171 -0 0.472529 0.959541
-0.599178 -0.0314016 -0 0.481017 0.959258
-0.795618 -0.0836228 -0 0.469864 0.888353
-0.599178 -0.0314016 -0 0.481017 0.959258
-0.798904 -0.0418688 -0 0.480371 0.88802
-0.795618 -0.0836228 -0 0.469864 0.888353
-0.795618 -0.0836228 -0 0.469864 0.888353
-0.798904 -0.0418688 -0 0.480371 0.88802
-0.994522 -0.104528 -0 0.467774 0.822857
-0.798904 -0.0418688 -0 0.480371 0.88802
-0.99863 -0.052336 -0 0.479889 0.822488
-0.994522 -0.104528 -0 0.467774 0.822857
-0.994522 -0.104528 -0 0.467774 0.822857
-0.99863 -0.052336 -0 0.479889 0.822488
-1.19343 -0.125434 -0 0.466174 0.764274
-0.99863 -0.052336 -0 0.479889 0.822488
-1.19836 -0.0628031 -0 0.479542 0.763881
-1.19343 -0.125434 -0 0.466174 0.764274
-1.19343 -0.125434 -0 0.466174 0.764274
-1.19836 -0.0628031 -0 0.479542 0.763881
-1.39233 -0.14634 -0 0.464965 0.712869
-1.19836 -0.0628031 -0 0.479542 0.763881
-1.39808 -0.0732703 -0 0.479297 0.712463
-1.39233 -0.14634 -0 0.464965 0.712869
-1.39233 -0.14634 -0 0.464965 0.712869
-1.39808 -0.0732703 -0 0.479297 0.712463
-1.59124 -0.167246 -0 0.464054 0.668256
-1.39808 -0.0732703 -0 0.479297 0.712463
-1.59781 -0.0837375 -0 0.479128 0.667843
-1.59124 -0.167246 -0 0.464054 0.668256
-1.59124 -0.167246 -0 0.464054 0.668256
-1.59781 -0.0837375 -0 0.479128 0.667843
-1.79014 -0.188151 -0 0.463367 0.629713
-1.59781 -0.0837375 -0 0.479128 0.667843
-1.79753 -0.0942047 -0 0.479012 0.6293
-1.79014 -0.188151 -0 0.463367 0.629713
-1.79014 -0.188151 -0 0.463367 0.629713
-1.79753 -0.0942047 -0 0.479012 0.6293
-1.98904 -0.209057 -0 0.462844 0.59642
-1.79753 -0.0942047 -0 0.479012 0.6293
-1.99726 -0.104672 -0 0.478934 0.596012
-1.98904 -0.209057 -0 0.462844 0.59642
-1.98904 -0.209057 -0 0.462844 0.59642
-1.99726 -0.104672 -0 0.478934 0.596012
-2.18795 -0.229963 -0 0.462442 0.567588
-1.99726 -0.104672 -0 0.478934 0.596012
-2.19699 -0.115139 -0 0.478883 0.567185
-2.18795 -0.229963 -0 0.462442 0.567588
-2.18795 -0.229963 -0 0.462442 0.567588
-2.19699 -0.115139 -0 0.478883 0.567185
-2.5899 -0.272209 0.04 0.461744 0.51329
-2.19699 -0.115139 -0 0.478883 0.567185
-2.60059 -0.136291 0.04 0.478817 0.512903
-2.5899 -0.272209 0.04 0.461744 0.51329
-2.5899 -0.272209 0.04 0.461744 0.51329
-2.60059 -0.136291 0.04 0.478817 0.512903
-2.7888 -0.293115 0.16 0.461199 0.474092
-2.60059 -0.136291 0.04 0.478817 0.512903
-2.80032 -0.146759 0.16 0.478785 0.47372
-2.7888 -0.293115 0.16 0.461199 0.474092
-2.7888 -0.293115 0.16 0.461199 0.474092
-2.80032 -0.146759 0.16 0.478785 0.47372
-2.98771 -0.314021 0.36 0.460568 0.424629
-2.80032 -0.146759 0.16 0.478785 0.47372
-3.00005 -0.157226 0.36 0.478774 0.424278
-2.98771 -0.314021 0.36 0.460568 0.424629
-2.98771 -0.314021 0.36 0.460568 0.424629
-3.00005 -0.157226 0.36 0.478774 0.424278
-3.18661 -0.334926 0.64 0.459948 0.365208
-3.00005 -0.157226 0.36 0.478774 0.424278
-3.19977 -0.167693 0.64 0.478812 0.364884
-3.18661 -0.334926 0.64 0.459948 0.365208
-3.18661 -0.334926 0.64 0.459948 0.365208
-3.19977 -0.167693 0.64 0.478812 0.364884
-3.38551 -0.355832 1 0.459459 0.296867
-3.19977 -0.167693 0.64 0.478812 0.364884
-3.3995 -0.17816 1 0.478931 0.296575
-3.38551 -0.355832 1 0.459459 0.296867
-3.38551 -0.355832 1 0.459459 0.296867
-3.3995 -0.17816 1 0.478931 0.296575
-3.58442 -0.376738 1.44 0.459236 0.221918
-3.3995 -0.17816 1 0.478931 0.296575
-3.59922 -0.188627 1.44 0.479164 0.221667
-3.58442 -0.376738 1.44 0.459236 0.221918
-3.58442 -0.376738 1.44 0.459236 0.221918
-3.59922 -0.188627 1.44 0.479164 0.221667
-3.78332 -0.397643 1.96 0.459393 0.144022
-3.59922 -0.188627 1.44 0.479164 0.221667
-3.79895 -0.199095 1.96 0.479531 0.143818
-3.78332 -0.397643 1.96 0.459393 0.144022
-3.78332 -0.397643 1.96 0.459393 0.144022
-3.79895 -0.199095 1.96 0.479531 0.143818
-3.98223 -0.418549 2.56 0.459976 0.0674539
-3.79895 -0.199095 1.96 0.479531 0.143818
-3.99868 -0.209562 2.56 0.480028 0.0673064
-3.98223 -0.418549 2.56 0.459976 0.0674539
-0.49128 -0.0312869 -0 0.479888 0.999269
-0.49128 -0.0209057 -0 0.482797 0.999447
-0.49128 -0.0625738 -0 0.471129 0.9986
-0.49128 -0.0209057 -0 0.482797 0.999447
-0.49128 -0.0418114 -0 0.47694 0.999066
-0.49128 -0.0625738 -0 0.471129 0.9986
-0.49128 -0.0625738 -0 0.471129 0.9986
-0.49128 -0.0418114 -0 0.47694 0.999066
-0.592613 -0.0938607 -0 0.464065 0.960252
-0.49128 -0.0418114 -0 0.47694 0.999066
-0.596713 -0.0627171 -0 0.472529 0.959541
-0.592613 -0.0938607 -0 0.464065 0.960252
-0.592613 -0.0938607 -0 0.464065 0.960252
-0.596713 -0.0627171 -0 0.472529 0.959541
-0.790151 -0.125148 -0 0.459385 0.889201
-0.596713 -0.0627171 -0 0.472529 0.959541
-0.795618 -0.0836228 -0 0.469864 0.888353
-0.790151 -0.125148 -0 0.459385 0.889201
-0.790151 -0.125148 -0 0.459385 0.889201
-0.795618 -0.0836228 -0 0.469864 0.888353
-0.987688 -0.156434 -0 0.455688 0.823808
-0.795618 -0.0836228 -0 0.469864 0.888353
-0.994522 -0.104528 -0 0.467774 0.822857
-0.987688 -0.156434 -0 0.455688 0.823808
-0.987688 -0.156434 -0 0.455688 0.823808
-0.994522 -0.104528 -0 0.467774 0.822857
-1.18523 -0.187721 -0 0.452835 0.765297
-0.994522 -0.104528 -0 0.467774 0.822857
-1.19343 -0.125434 -0 0.466174 0.764274
-1.18523 -0.187721 -0 0.452835 0.765297
-1.18523 -0.187721 -0 0.452835 0.765297
-1.19343 -0.125434 -0 0.466174 0.764274
-1.38276 -0.219008 -0 0.45066 0.713939
-1.19343 -0.125434 -0 0.466174 0.764274
-1.39233 -0.14634 -0 0.464965 0.712869
-1.38276 -0.219008 -0 0.45066 0.713939
-1.38276 -0.219008 -0 0.45066 0.713939
-1.39233 -0.14634 -0 0.464965 0.712869
-1.5803 -0.250295 -0 0.449006 0.669352
-1.39233 -0.14634 -0 0.464965 0.712869
-1.59124 -0.167246 -0 0.464054 0.668256
-1.5803 -0.250295 -0 0.449006 0.669352
-1.5803 -0.250295 -0 0.449006 0.669352
-1.59124 -0.167246 -0 0.464054 0.668256
-1.77784 -0.281582 -0 0.447743 0.63082
-1.59124 -0.167246 -0 0.464054 0.668256
-1.79014 -0.188151 -0 0.463367 0.629713
-1.77784 -0.281582 -0 0.447743 0.63082
-1.77784 -0.281582 -0 0.447743 0.63082
-1.79014 -0.188151 -0 0.463367 0.629713
-1.97538 -0.312869 -0 0.446772 0.597529
-1.79014 -0.188151 -0 0.463367 0.629713
-1.98904 -0.209057 -0 0.462844 0.59642
-1.97538 -0.312869 -0 0.446772 0.597529
-1.97538 -0.312869 -0 0.446772 0.597529
-1.98904 -0.209057 -0 0.462844 0.59642
-2.17291 -0.344156 -0 0.446018 0.568689
-1.98904 -0.209057 -0 0.462844 0.59642
-2.18795 -0.229963 -0 0.462442 0.567588
-2.17291 -0.344156 -0 0.446018 0.568689
-2.17291 -0.344156 -0 0.446018 0.568689
-2.18795 -0.229963 -0 0.462442 0.567588
-2.5721 -0.407381 0.04 0.444684 0.514365
-2.18795 -0.229963 -0 0.462442 0.567588
-2.5899 -0.272209 0.04 0.461744 0.51329
-2.5721 -0.407381 0.04 0.444684 0.514365
-2.5721 -0.407381 0.04 0.444684 0.514365
-2.5899 -0.272209 0.04 0.461744 0.51329
-2.76964 -0.438668 0.16 0.443624 0.475144
-2.5899 -0.272209 0.04 0.461744 0.51329
-2.7888 -0.293115 0.16 0.461199 0.474092
-2.76964 -0.438668 0.16 0.443624 0.475144
-2.76964 -0.438668 0.16 0.443624 0.475144
-2.7888 -0.293115 0.16 0.461199 0.474092
-2.96718 -0.469955 0.36 0.442374 0.425647
-2.7888 -0.293115 0.16 0.461199 0.474092
-2.98771 -0.314021 0.36 0.460568 0.424629
-2.96718 -0.469955 0.36 0.442374 0.425647
-2.96718 -0.469955 0.36 0.442374 0.425647
-2.98771 -0.314021 0.36 0.460568 0.424629
-3.16471 -0.501242 0.64 0.441095 0.366178
-2.98771 -0.314021 0.36 0.460568 0.424629
-3.18661 -0.334926 0.64 0.459948 0.365208
-3.16471 -0.501242 0.64 0.441095 0.366178
-3.16471 -0.501242 0.64 0.441095 0.366178
-3.18661 -0.334926 0.64 0.459948 0.365208
-3.36225 -0.532528 1 0.439998 0.297775
-3.18661 -0.334926 0.64 0.459948 0.365208
-3.38551 -0.355832 1 0.459459 0.296867
-3.36225 -0.532528 1 0.439998 0.297775
-3.36225 -0.532528 1 0.439998 0.297775
-3.38551 -0.355832 1 0.459459 0.296867
-3.55979 -0.563815 1.44 0.439321 0.222748
-3.38551 -0.355832 1 0.459459 0.296867
-3.58442 -0.376738 1.44 0.459236 0.221918
-3.55979 -0.563815 1.44 0.439321 0.222748
-3.55979 -0.563815 1.44 0.439321 0.222748
-3.58442 -0.376738 1.44 0.459236 0.221918
-3.75733 -0.595102 1.96 0.439269 0.144753
-3.58442 -0.376738 1.44 0.459236 0.221918
-3.78332 -0.397643 1.96 0.459393 0.144022
-3.75733 -0.595102 1.96 0.439269 0.144753
-3.75733 -0.595102 1.96 0.439269 0.144753
-3.78332 -0.397643 1.96 0.459393 0.144022
-3.95487 -0.626389 2.56 0.439938 0.0680652
-3.78332 -0.397643 1.96 0.459393 0.144022
-3.98223 -0.418549 2.56 0.459976 0.0674539
-3.95487 -0.626389 2.56 0.439938 0.0680652
-0.49128 -0.0415823 -0 0.477004 0.999071
-0.49128 -0.0312869 -0 0.479888 0.999269
-0.49128 -0.0831647 -0 0.465376 0.998052
-0.49128 -0.0312869 -0 0.479888 0.999269
-0.49128 -0.0625738 -0 0.471129 0.9986
-0.49128 -0.0831647 -0 0.465376 0.998052
-0.49128 -0.0831647 -0 0.465376 0.998052
-0.49128 -0.0625738 -0 0.471129 0.9986
-0.586889 -0.124747 -0 0.455644 0.961389
-0.49128 -0.0625738 -0 0.471129 0.9986
-0.592613 -0.0938607 -0 0.464065 0.960252
-0.586889 -0.124747 -0 0.455644 0.961389
-0.586889 -0.124747 -0 0.455644 0.961389
-0.592613 -0.0938607 -0 0.464065 0.960252
-0.782518 -0.166329 -0 0.448955 0.890565
-0.592613 -0.0938607 -0 0.464065 0.960252
-0.790151 -0.125148 -0 0.459385 0.889201
-0.782518 -0.166329 -0 0.448955 0.890565
-0.782518 -0.166329 -0 0.448955 0.890565
-0.790151 -0.125148 -0 0.459385 0.889201
-0.978148 -0.207912 -0 0.443653 0.825342
-0.790151 -0.125148 -0 0.459385 0.889201
-0.987688 -0.156434 -0 0.455688 0.823808
-0.978148 -0.207912 -0 0.443653 0.825342
-0.978148 -0.207912 -0 0.443653 0.825342
-0.987688 -0.156434 -0 0.455688 0.823808
-1.17378 -0.249494 -0 0.439546 0.766952
-0.987688 -0.156434 -0 0.455688 0.823808
-1.18523 -0.187721 -0 0.452835 0.765297
-1.17378 -0.249494 -0 0.439546 0.766952
-1.17378 -0.249494 -0 0.439546 0.766952
-1.18523 -0.187721 -0 0.452835 0.765297
-1.36941 -0.291076 -0 0.436401 0.715673
-1.18523 -0.187721 -0 0.452835 0.765297
-1.38276 -0.219008 -0 0.45066 0.713939
-1.36941 -0.291076 -0 0.436401 0.715673
-1.36941 -0.291076 -0 0.436401 0.715673
-1.38276 -0.219008 -0 0.45066 0.713939
-1.56504 -0.332659 -0 0.434 0.671132
-1.38276 -0.219008 -0 0.45066 0.713939
-1.5803 -0.250295 -0 0.449006 0.669352
-1.56504 -0.332659 -0 0.434 0.671132
-1.56504 -0.332659 -0 0.434 0.671132
-1.5803 -0.250295 -0 0.449006 0.669352
-1.76067 -0.374241 -0 0.432159 0.632622
-1.5803 -0.250295 -0 0.449006 0.669352
-1.77784 -0.281582 -0 0.447743 0.63082
-1.76067 -0.374241 -0 0.432159 0.632622
-1.76067 -0.374241 -0 0.432159 0.632622
-1.77784 -0.281582 -0 0.447743 0.63082
-1.9563 -0.415823 -0 0.430736 0.599335
-1.77784 -0.281582 -0 0.447743 0.63082
-1.97538 -0.312869 -0 0.446772 0.597529
-1.9563 -0.415823 -0 0.430736 0.599335
-1.9563 -0.415823 -0 0.430736 0.599335
-1.97538 -0.312869 -0 0.446772 0.597529
-2.15192 -0.457406 -0 0.429626 0.570488
-1.97538 -0.312869 -0 0.446772 0.597529
-2.17291 -0.344156 -0 0.446018 0.568689
-2.15192 -0.457406 -0 0.429626 0.570488
-2.15192 -0.457406 -0 0.429626 0.570488
-2.17291 -0.344156 -0 0.446018 0.568689
-2.54726 -0.541436 0.04 0.42765 0.51613
-2.17291 -0.344156 -0 0.446018 0.568689
-2.5721 -0.407381 0.04 0.444684 0.514365
-2.54726 -0.541436 0.04 0.42765 0.51613
-2.54726 -0.541436 0.04 0.42765 0.51613
-2.5721 -0.407381 0.04 0.444684 0.514365
-2.74289 -0.583018 0.16 0.426073 0.476879
-2.5721 -0.407381 0.04 0.444684 0.514365
-2.76964 -0.438668 0.16 0.443624 0.475144
-2.74289 -0.583018 0.16 0.426073 0.476879
-2.74289 -0.583018 0.16 0.426073 0.476879
-2.76964 -0.438668 0.16 0.443624 0.475144
-2.93851 -0.624601 0.36 0.4242 0.427335
-2.76964 -0.438668 0.16 0.443624 0.475144
-2.96718 -0.469955 0.36 0.442374 0.425647
-2.93851 -0.624601 0.36 0.4242 0.427335
-2.93851 -0.624601 0.36 0.4242 0.427335
-2.96718 -0.469955 0.36 0.442374 0.425647
-3.13414 -0.666183 0.64 0.422262 0.367798
-2.96718 -0.469955 0.36 0.442374 0.425647
-3.16471 -0.501242 0.64 0.441095 0.366178
-3.13414 -0.666183 0.64 0.422262 0.367798
-3.13414 -0.666183 0.64 0.422262 0.367798
-3.16471 -0.501242 0.64 0.441095 0.366178
-3.32977 -0.707765 1 0.420559 0.299304
-3.16471 -0.501242 0.64 0.441095 0.366178
-3.36225 -0.532528 1 0.439998 0.297775
-3.32977 -0.707765 1 0.420559 0.299304
-3.32977 -0.707765 1 0.420559 0.299304
-3.36225 -0.532528 1 0.439998 0.297775
-3.5254 -0.749348 1.44 0.419428 0.224159
-3.36225 -0.532528 1 0.439998 0.297775
-3.55979 -0.563815 1.44 0.439321 0.222748
-3.5254 -0.749348 1.44 0.419428 0.224159
-3.5254 -0.749348 1.44 0.419428 0.224159
-3.55979 -0.563815 1.44 0.439321 0.222748
-3.72103 -0.79093 1.96 0.419168 0.146014
-3.55979 -0.563815 1.44 0.439321 0.222748
-3.75733 -0.595102 1.96 0.439269 0.144753
-3.72103 -0.79093 1.96 0.419168 0.146014
-3.72103 -0.79093 1.96 0.419168 0.146014
-3.75733 -0.595102 1.96 0.439269 0.144753
-3.91666 -0.832512 2.56 0.419922 0.0691416
-3.75733 -0.595102 1.96 0.439269 0.144753
-3.95487 -0.626389 2.56 0.439938 0.0680652
-3.91666 -0.832512 2.56 0.419922 0.0691416
-0.49128 -0.0517638 -0 0.474154 0.998853
-0.49128 -0.0415823 -0 0.477004 0.999071
-0.49128 -0.103528 -0 0.459698 0.997427
-0.49128 -0.0415823 -0 0.477004 0.999071
-0.49128 -0.0831647 -0 0.465376 0.998052
-0.49128 -0.103528 -0 0.459698 0.997427
-0.49128 -0.103528 -0 0.459698 0.997427
-0.49128 -0.0831647 -0 0.465376 0.998052
-0.579556 -0.155291 -0 0.447284 0.962952
-0.49128 -0.0831647 -0 0.465376 0.998052
-0.586889 -0.124747 -0 0.455644 0.961389
-0.579556 -0.155291 -0 0.447284 0.962952
-0.579556 -0.155291 -0 0.447284 0.962952
-0.586889 -0.124747 -0 0.455644 0.961389
-0.772741 -0.207055 -0 0.438594 0.892441
-0.586889 -0.124747 -0 0.455644 0.961389
-0.782518 -0.166329 -0 0.448955 0.890565
-0.772741 -0.207055 -0 0.438594 0.892441
-0.772741 -0.207055 -0 0.438594 0.892441
-0.782518 -0.166329 -0 0.448955 0.890565
-0.965926 -0.258819 -0 0.43169 0.827456
-0.782518 -0.166329 -0 0.448955 0.890565
-0.978148 -0.207912 -0 0.443653 0.825342
-0.965926 -0.258819 -0 0.43169 0.827456
-0.965926 -0.258819 -0 0.43169 0.827456
-0.978148 -0.207912 -0 0.443653 0.825342
-1.15911 -0.310583 -0 0.426328 0.769237
-0.978148 -0.207912 -0 0.443653 0.825342
-1.17378 -0.249494 -0 0.439546 0.766952
-1.15911 -0.310583 -0 0.426328 0.769237
-1.15911 -0.310583 -0 0.426328 0.769237
-1.17378 -0.249494 -0 0.439546 0.766952
-1.3523 -0.362347 -0 0.422211 0.718069
-1.17378 -0.249494 -0 0.439546 0.766952
-1.36941 -0.291076 -0 0.436401 0.715673
-1.3523 -0.362347 -0 0.422211 0.718069
-1.3523 -0.362347 -0 0.422211 0.718069
-1.36941 -0.291076 -0 0.436401 0.715673
-1.54548 -0.41411 -0 0.419057 0.673595
-1.36941 -0.291076 -0 0.436401 0.715673
-1.56504 -0.332659 -0 0.434 0.671132
-1.54548 -0.41411 -0 0.419057 0.673595
-1.54548 -0.41411 -0 0.419057 0.673595
-1.56504 -0.332659 -0 0.434 0.671132
-1.73867 -0.465874 -0 0.416632 0.635118
-1.56504 -0.332659 -0 0.434 0.671132
-1.76067 -0.374241 -0 0.432159 0.632622
-1.73867 -0.465874 -0 0.416632 0.635118
-1.73867 -0.465874 -0 0.416632 0.635118
-1.76067 -0.374241 -0 0.432159 0.632622
-1.93185 -0.517638 -0 0.414752 0.60184
-1.76067 -0.374241 -0 0.432159 0.632622
-1.9563 -0.415823 -0 0.430736 0.599335
-1.93185 -0.517638 -0 0.414752 0.60184
-1.93185 -0.517638 -0 0.414752 0.60184
-1.9563 -0.415823 -0 0.430736 0.599335
-2.12504 -0.569402 -0 0.413281 0.572986
-1.9563 -0.415823 -0 0.430736 0.599335
-2.15192 -0.457406 -0 0.429626 0.570488
-2.12504 -0.569402 -0 0.413281 0.572986
-2.12504 -0.569402 -0 0.413281 0.572986
-2.15192 -0.457406 -0 0.429626 0.570488
-2.51543 -0.674007 0.04 0.410654 0.518588
-2.15192 -0.457406 -0 0.429626 0.570488
-2.54726 -0.541436 0.04 0.42765 0.51613
-2.51543 -0.674007 0.04 0.410654 0.518588
-2.51543 -0.674007 0.04 0.410654 0.518588
-2.54726 -0.541436 0.04 0.42765 0.51613
-2.70861 -0.725771 0.16 0.408557 0.479302
-2.54726 -0.541436 0.04 0.42765 0.51613
-2.74289 -0.583018 0.16 0.426073 0.476879
-2.70861 -0.725771 0.16 0.408557 0.479302
-2.70861 -0.725771 0.16 0.408557 0.479302
-2.74289 -0.583018 0.16 0.426073 0.476879
-2.9018 -0.777535 0.36 0.406058 0.429699
-2.74289 -0.583018 0.16 0.426073 0.476879
-2.93851 -0.624601 0.36 0.4242 0.427335
-2.9018 -0.777535 0.36 0.406058 0.429699
-2.9018 -0.777535 0.36 0.406058 0.429699
-2.93851 -0.624601 0.36 0.4242 0.427335
-3.09498 -0.829298 0.64 0.40346 0.370074
-2.93851 -0.624601 0.36 0.4242 0.427335
-3.13414 -0.666183 0.64 0.422262 0.367798
-3.09498 -0.829298 0.64 0.40346 0.370074
-3.09498 -0.829298 0.64 0.40346 0.370074
-3.13414 -0.666183 0.64 0.422262 0.367798
-3.28817 -0.881062 1 0.40115 0.30146
-3.13414 -0.666183 0.64 0.422262 0.367798
-3.32977 -0.707765 1 0.420559 0.299304
-3.28817 -0.881062 1 0.40115 0.30146
-3.28817 -0.881062 1 0.40115 0.30146
-3.32977 -0.707765 1 0.420559 0.299304
-3.48135 -0.932826 1.44 0.399567 0.226157
-3.32977 -0.707765 1 0.420559 0.299304
-3.5254 -0.749348 1.44 0.419428 0.224159
-3.48135 -0.932826 1.44 0.399567 0.226157
-3.48135 -0.932826 1.44 0.399567 0.226157
-3.5254 -0.749348 1.44 0.419428 0.224159
-3.67454 -0.98459 1.96 0.399099 0.147809
-3.5254 -0.749348 1.44 0.419428 0.224159
-3.72103 -0.79093 1.96 0.419168 0.146014
-3.67454 -0.98459 1.96 0.399099 0.147809
-3.67454 -0.98459 1.96 0.399099 0.147809
-3.72103 -0.79093 1.96 0.419168 0.146014
-3.86772 -1.03635 2.56 0.399938 0.0706851
-3.72103 -0.79093 1.96 0.419168 0.146014
-3.91666 -0.832512 2.56 0.419922 0.0691416
-3.86772 -1.03635 2.56 0.399938 0.0706851
-0.49128 -0.0618034 -0 0.471345 0.998619
-0.49128 -0.0517638 -0 0.474154 0.998853
-0.49128 -0.123607 -0 0.454113 0.99673
-0.49128 -0.0517638 -0 0.474154 0.998853
-0.49128 -0.103528 -0 0.459698 0.997427
-0.49128 -0.123607 -0 0.454113 0.99673
-0.49128 -0.123607 -0 0.454113 0.99673
-0.49128 -0.103528 -0 0.459698 0.997427
-0.570634 -0.18541 -0 0.439002 0.964939
-0.49128 -0.103528 -0 0.459698 0.997427
-0.579556 -0.155291 -0 0.447284 0.962952
-0.570634 -0.18541 -0 0.439002 0.964939
-0.570634 -0.18541 -0 0.439002 0.964939
-0.579556 -0.155291 -0 0.447284 0.962952
-0.760845 -0.247214 -0 0.428323 0.894829
-0.579556 -0.155291 -0 0.447284 0.962952
-0.772741 -0.207055 -0 0.438594 0.892441
-0.760845 -0.247214 -0 0.428323 0.894829
-0.760845 -0.247214 -0 0.428323 0.894829
-0.772741 -0.207055 -0 0.438594 0.892441
-0.951057 -0.309017 -0 0.419823 0.830148
-0.772741 -0.207055 -0 0.438594 0.892441
-0.965926 -0.258819 -0 0.43169 0.827456
-0.951057 -0.309017 -0 0.419823 0.830148
-0.951057 -0.309017 -0 0.419823 0.830148
-0.965926 -0.258819 -0 0.43169 0.827456
-1.14127 -0.37082 -0 0.413205 0.772147
-0.965926 -0.258819 -0 0.43169 0.827456
-1.15911 -0.310583 -0 0.426328 0.769237
-1.14127 -0.37082 -0 0.413205 0.772147
-1.14127 -0.37082 -0 0.413205 0.772147
-1.15911 -0.310583 -0 0.426328 0.769237
-1.33148 -0.432624 -0 0.408111 0.721125
-1.15911 -0.310583 -0 0.426328 0.769237
-1.3523 -0.362347 -0 0.422211 0.718069
-1.33148 -0.432624 -0 0.408111 0.721125
-1.33148 -0.432624 -0 0.408111 0.721125
-1.3523 -0.362347 -0 0.422211 0.718069
-1.52169 -0.494427 -0 0.404198 0.676738
-1.3523 -0.362347 -0 0.422211 0.718069
-1.54548 -0.41411 -0 0.419057 0.673595
-1.52169 -0.494427 -0 0.404198 0.676738
-1.52169 -0.494427 -0 0.404198 0.676738
-1.54548 -0.41411 -0 0.419057 0.673595
-1.7119 -0.556231 -0 0.401182 0.638306
-1.54548 -0.41411 -0 0.419057 0.673595
-1.73867 -0.465874 -0 0.416632 0.635118
-1.7119 -0.556231 -0 0.401182 0.638306
-1.7119 -0.556231 -0 0.401182 0.638306
-1.73867 -0.465874 -0 0.416632 0.635118
-1.90211 -0.618034 -0 0.398839 0.605042
-1.73867 -0.465874 -0 0.416632 0.635118
-1.93185 -0.517638 -0 0.414752 0.60184
-1.90211 -0.618034 -0 0.398839 0.605042
-1.90211 -0.618034 -0 0.398839 0.605042
-1.93185 -0.517638 -0 0.414752 0.60184
-2.09232 -0.679837 -0 0.397001 0.576184
-1.93185 -0.517638 -0 0.414752 0.60184
-2.12504 -0.569402 -0 0.413281 0.572986
-2.09232 -0.679837 -0 0.397001 0.576184
-2.09232 -0.679837 -0 0.397001 0.576184
-2.12504 -0.569402 -0 0.413281 0.572986
-2.47671 -0.804731 0.04 0.393714 0.521742
-2.12504 -0.569402 -0 0.413281 0.572986
-2.51543 -0.674007 0.04 0.410654 0.518588
-2.47671 -0.804731 0.04 0.393714 0.521742
-2.47671 -0.804731 0.04 0.393714 0.521742
-2.51543 -0.674007 0.04 0.410654 0.518588
-2.66692 -0.866534 0.16 0.391091 0.482415
-2.51543 -0.674007 0.04 0.410654 0.518588
-2.70861 -0.725771 0.16 0.408557 0.479302
-2.66692 -0.866534 0.16 0.391091 0.482415
-2.66692 -0.866534 0.16 0.391091 0.482415
-2.70861 -0.725771 0.16 0.408557 0.479302
-2.85713 -0.928337 0.36 0.387962 0.432745
-2.70861 -0.725771 0.16 0.408557 0.479302
-2.9018 -0.777535 0.36 0.406058 0.429699
-2.85713 -0.928337 0.36 0.387962 0.432745
-2.85713 -0.928337 0.36 0.387962 0.432745
-2.9018 -0.777535 0.36 0.406058 0.429699
-3.04734 -0.990141 0.64 0.384703 0.373015
-2.9018 -0.777535 0.36 0.406058 0.429699
-3.09498 -0.829298 0.64 0.40346 0.370074
-3.04734 -0.990141 0.64 0.384703 0.373015
-3.04734 -0.990141 0.64 0.384703 0.373015
-3.09498 -0.829298 0.64 0.40346 0.370074
-3.23755 -1.05194 1 0.381785 0.304251
-3.09498 -0.829298 0.64 0.40346 0.370074
-3.28817 -0.881062 1 0.40115 0.30146
-3.23755 -1.05194 1 0.381785 0.304251
-3.23755 -1.05194 1 0.381785 0.304251
-3.28817 -0.881062 1 0.40115 0.30146
-3.42776 -1.11375 1.44 0.37975 0.22875
-3.28817 -0.881062 1 0.40115 0.30146
-3.48135 -0.932826 1.44 0.399567 0.226157
-3.42776 -1.11375 1.44 0.37975 0.22875
-3.42776 -1.11375 1.44 0.37975 0.22875
-3.48135 -0.932826 1.44 0.399567 0.226157
-3.61797 -1.17555 1.96 0.379073 0.150143
-3.48135 -0.932826 1.44 0.399567 0.226157
-3.67454 -0.98459 1.96 0.399099 0.147809
-3.61797 -1.17555 1.96 0.379073 0.150143
-3.61797 -1.17555 1.96 0.379073 0.150143
-3.67454 -0.98459 1.96 0.399099 0.147809
-3.80819 -1.23735 2.56 0.379994 0.072699
-3.67454 -0.98459 1.96 0.399099 0.147809
-3.86772 -1.03635 2.56 0.399938 0.0706851
-3.80819 -1.23735 2.56 0.379994 0.072699
-0.49128 -0.0716736 -0 0.468585 0.998369
-0.49128 -0.0618034 -0 0.471345 0.998619
-0.49128 -0.143347 -0 0.448639 0.995967
-0.49128 -0.0618034 -0 0.471345 0.998619
-0.49128 -0.123607 -0 0.454113 0.99673
-0.49128 -0.143347 -0 0.448639 0.995967
-0.49128 -0.143347 -0 0.448639 0.995967
-0.49128 -0.123607 -0 0.454113 0.99673
-0.560148 -0.215021 -0 0.430818 0.967346
-0.49128 -0.123607 -0 0.454113 0.99673
-0.570634 -0.18541 -0 0.439002 0.964939
-0.560148 -0.215021 -0 0.430818 0.967346
-0.560148 -0.215021 -0 0.430818 0.967346
-0.570634 -0.18541 -0 0.439002 0.964939
-0.746864 -0.286694 -0 0.418163 0.897726
-0.570634 -0.18541 -0 0.439002 0.964939
-0.760845 -0.247214 -0 0.428323 0.894829
-0.746864 -0.286694 -0 0.418163 0.897726
-0.746864 -0.286694 -0 0.418163 0.897726
-0.760845 -0.247214 -0 0.428323 0.894829
-0.93358 -0.358368 -0 0.408071 0.833416
-0.760845 -0.247214 -0 0.428323 0.894829
-0.951057 -0.309017 -0 0.419823 0.830148
-0.93358 -0.358368 -0 0.408071 0.833416
-0.93358 -0.358368 -0 0.408071 0.833416
-0.951057 -0.309017 -0 0.419823 0.830148
-1.1203 -0.430042 -0 0.400199 0.775679
-0.951057 -0.309017 -0 0.419823 0.830148
-1.14127 -0.37082 -0 0.413205 0.772147
-1.1203 -0.430042 -0 0.400199 0.775679
-1.1203 -0.430042 -0 0.400199 0.775679
-1.14127 -0.37082 -0 0.413205 0.772147
-1.30701 -0.501715 -0 0.394123 0.724837
-1.14127 -0.37082 -0 0.413205 0.772147
-1.33148 -0.432624 -0 0.408111 0.721125
-1.30701 -0.501715 -0 0.394123 0.724837
-1.30701 -0.501715 -0 0.394123 0.724837
-1.33148 -0.432624 -0 0.408111 0.721125
-1.49373 -0.573389 -0 0.389446 0.68056
-1.33148 -0.432624 -0 0.408111 0.721125
-1.52169 -0.494427 -0 0.404198 0.676738
-1.49373 -0.573389 -0 0.389446 0.68056
-1.49373 -0.573389 -0 0.389446 0.68056
-1.52169 -0.494427 -0 0.404198 0.676738
-1.68044 -0.645062 -0 0.385831 0.642186
-1.52169 -0.494427 -0 0.404198 0.676738
-1.7119 -0.556231 -0 0.401182 0.638306
-1.68044 -0.645062 -0 0.385831 0.642186
-1.68044 -0.645062 -0 0.385831 0.642186
-1.7119 -0.556231 -0 0.401182 0.638306
-1.86716 -0.716736 -0 0.383018 0.608944
-1.7119 -0.556231 -0 0.401182 0.638306
-1.90211 -0.618034 -0 0.398839 0.605042
-1.86716 -0.716736 -0 0.383018 0.608944
-1.86716 -0.716736 -0 0.383018 0.608944
-1.90211 -0.618034 -0 0.398839 0.605042
-2.05388 -0.788409 -0 0.380807 0.580082
-1.90211 -0.618034 -0 0.398839 0.605042
-2.09232 -0.679837 -0 0.397001 0.576184
-2.05388 -0.788409 -0 0.380807 0.580082
-2.05388 -0.788409 -0 0.380807 0.580082
-2.09232 -0.679837 -0 0.397001 0.576184
-2.4312 -0.933249 0.04 0.376847 0.525595
-2.09232 -0.679837 -0 0.397001 0.576184
-2.47671 -0.804731 0.04 0.393714 0.521742
-2.4312 -0.933249 0.04 0.376847 0.525595
-2.4312 -0.933249 0.04 0.376847 0.525595
-2.47671 -0.804731 0.04 0.393714 0.521742
-2.61791 -1.00492 0.16 0.373693 0.486226
-2.47671 -0.804731 0.04 0.393714 0.521742
-2.66692 -0.866534 0.16 0.391091 0.482415
-2.61791 -1.00492 0.16 0.373693 0.486226
-2.61791 -1.00492 0.16 0.373693 0.486226
-2.66692 -0.866534 0.16 0.391091 0.482415
-2.80463 -1.0766 0.36 0.36993 0.436479
-2.66692 -0.866534 0.16 0.391091 0.482415
-2.85713 -0.928337 0.36 0.387962 0.432745
-2.80463 -1.0766 0.36 0.36993 0.436479
-2.80463 -1.0766 0.36 0.36993 0.436479
-2.85713 -0.928337 0.36 0.387962 0.432745
-2.99134 -1.14827 0.64 0.366004 0.376627
-2.85713 -0.928337 0.36 0.387962 0.432745
-3.04734 -0.990141 0.64 0.384703 0.373015
-2.99134 -1.14827 0.64 0.366004 0.376627
-2.99134 -1.14827 0.64 0.366004 0.376627
-3.04734 -0.990141 0.64 0.384703 0.373015
-3.17806 -1.21994 1 0.362478 0.307687
-3.04734 -0.990141 0.64 0.384703 0.373015
-3.23755 -1.05194 1 0.381785 0.304251
-3.17806 -1.21994 1 0.362478 0.307687
-3.17806 -1.21994 1 0.362478 0.307687
-3.23755 -1.05194 1 0.381785 0.304251
-3.36478 -1.29162 1.44 0.35999 0.231944
-3.23755 -1.05194 1 0.381785 0.304251
-3.42776 -1.11375 1.44 0.37975 0.22875
-3.36478 -1.29162 1.44 0.35999 0.231944
-3.36478 -1.29162 1.44 0.35999 0.231944
-3.42776 -1.11375 1.44 0.37975 0.22875
-3.55149 -1.36329 1.96 0.359102 0.153021
-3.42776 -1.11375 1.44 0.37975 0.22875
-3.61797 -1.17555 1.96 0.379073 0.150143
-3.55149 -1.36329 1.96 0.359102 0.153021
-3.55149 -1.36329 1.96 0.359102 0.153021
-3.61797 -1.17555 1.96 0.379073 0.150143
-3.73821 -1.43496 2.56 0.3601 0.0751855
-3.61797 -1.17555 1.96 0.379073 0.150143
-3.80819 -1.23735 2.56 0.379994 0.072699
-3.73821 -1.43496 2.56 0.3601 0.0751855
-0.49128 -0.0813473 -0 0.465883 0.998104
-0.49128 -0.0716736 -0 0.468585 0.998369
-0.49128 -0.162695 -0 0.443293 0.995147
-0.49128 -0.0716736 -0 0.468585 0.998369
-0.49128 -0.143347 -0 0.448639 0.995967
-0.49128 -0.162695 -0 0.443293 0.995147
-0.49128 -0.162695 -0 0.443293 0.995147
-0.49128 -0.143347 -0 0.448639 0.995967
-0.548127 -0.244042 -0 0.422749 0.970171
-0.49128 -0.143347 -0 0.448639 0.995967
-0.560148 -0.215021 -0 0.430818 0.967346
-0.548127 -0.244042 -0 0.422749 0.970171
-0.548127 -0.244042 -0 0.422749 0.970171
-0.560148 -0.215021 -0 0.430818 0.967346
-0.730836 -0.325389 -0 0.408135 0.901128
-0.560148 -0.215021 -0 0.430818 0.967346
-0.746864 -0.286694 -0 0.418163 0.897726
-0.730836 -0.325389 -0 0.408135 0.901128
-0.730836 -0.325389 -0 0.408135 0.901128
-0.746864 -0.286694 -0 0.418163 0.897726
-0.913545 -0.406737 -0 0.39646 0.837255
-0.746864 -0.286694 -0 0.418163 0.897726
-0.93358 -0.358368 -0 0.408071 0.833416
-0.913545 -0.406737 -0 0.39646 0.837255
-0.913545 -0.406737 -0 0.39646 0.837255
-0.93358 -0.358368 -0 0.408071 0.833416
-1.09625 -0.488084 -0 0.387332 0.779834
-0.93358 -0.358368 -0 0.408071 0.833416
-1.1203 -0.430042 -0 0.400199 0.775679
-1.09625 -0.488084 -0 0.387332 0.779834
-1.09625 -0.488084 -0 0.387332 0.779834
-1.1203 -0.430042 -0 0.400199 0.775679
-1.27896 -0.569431 -0 0.380272 0.729203
-1.1203 -0.430042 -0 0.400199 0.775679
-1.30701 -0.501715 -0 0.394123 0.724837
-1.27896 -0.569431 -0 0.380272 0.729203
-1.27896 -0.569431 -0 0.380272 0.729203
-1.30701 -0.501715 -0 0.394123 0.724837
-1.46167 -0.650779 -0 0.374823 0.685058
-1.30701 -0.501715 -0 0.394123 0.724837
-1.49373 -0.573389 -0 0.389446 0.68056
-1.46167 -0.650779 -0 0.374823 0.685058
-1.46167 -0.650779 -0 0.374823 0.685058
-1.49373 -0.573389 -0 0.389446 0.68056
-1.64438 -0.732126 -0 0.370603 0.646755
-1.49373 -0.573389 -0 0.389446 0.68056
-1.68044 -0.645062 -0 0.385831 0.642186
-1.64438 -0.732126 -0 0.370603 0.646755
-1.64438 -0.732126 -0 0.370603 0.646755
-1.68044 -0.645062 -0 0.385831 0.642186
-1.82709 -0.813473 -0 0.367311 0.613542
-1.68044 -0.645062 -0 0.385831 0.642186
-1.86716 -0.716736 -0 0.383018 0.608944
-1.82709 -0.813473 -0 0.367311 0.613542
-1.82709 -0.813473 -0 0.367311 0.613542
-1.86716 -0.716736 -0 0.383018 0.608944
-2.0098 -0.894821 -0 0.364719 0.584682
-1.86716 -0.716736 -0 0.383018 0.608944
-2.05388 -0.788409 -0 0.380807 0.580082
-2.0098 -0.894821 -0 0.364719 0.584682
-2.0098 -0.894821 -0 0.364719 0.584682
-2.05388 -0.788409 -0 0.380807 0.580082
-2.37902 -1.05921 0.04 0.360075 0.530151
-2.05388 -0.788409 -0 0.380807 0.580082
-2.4312 -0.933249 0.04 0.376847 0.525595
-2.37902 -1.05921 0.04 0.360075 0.530151
-2.37902 -1.05921 0.04 0.360075 0.530151
-2.4312 -0.933249 0.04 0.376847 0.525595
-2.56173 -1.14056 0.16 0.356383 0.490737
-2.4312 -0.933249 0.04 0.376847 0.525595
-2.61791 -1.00492 0.16 0.373693 0.486226
-2.56173 -1.14056 0.16 0.356383 0.490737
-2.56173 -1.14056 0.16 0.356383 0.490737
-2.61791 -1.00492 0.16 0.373693 0.486226
-2.74444 -1.2219 0.36 0.35198 0.440908
-2.61791 -1.00492 0.16 0.373693 0.486226
-2.80463 -1.0766 0.36 0.36993 0.436479
-2.74444 -1.2219 0.36 0.35198 0.440908
-2.74444 -1.2219 0.36 0.35198 0.440908
-2.80463 -1.0766 0.36 0.36993 0.436479
-2.92715 -1.30325 0.64 0.347383 0.38092
-2.80463 -1.0766 0.36 0.36993 0.436479
-2.99134 -1.14827 0.64 0.366004 0.376627
-2.92715 -1.30325 0.64 0.347383 0.38092
-2.92715 -1.30325 0.64 0.347383 0.38092
-2.99134 -1.14827 0.64 0.366004 0.376627
-3.10986 -1.3846 1 0.343245 0.311776
-2.99134 -1.14827 0.64 0.366004 0.376627
-3.17806 -1.21994 1 0.362478 0.307687
-3.10986 -1.3846 1 0.343245 0.311776
-3.10986 -1.3846 1 0.343245 0.311776
-3.17806 -1.21994 1 0.362478 0.307687
-3.29257 -1.46595 1.44 0.340299 0.235747
-3.17806 -1.21994 1 0.362478 0.307687
-3.36478 -1.29162 1.44 0.35999 0.231944
-3.29257 -1.46595 1.44 0.340299 0.235747
-3.29257 -1.46595 1.44 0.340299 0.235747
-3.36478 -1.29162 1.44 0.35999 0.231944
-3.47528 -1.54729 1.96 0.339197 0.156451
-3.36478 -1.29162 1.44 0.35999 0.231944
-3.55149 -1.36329 1.96 0.359102 0.153021
-3.47528 -1.54729 1.96 0.339197 0.156451
-3.47528 -1.54729 1.96 0.339197 0.156451
-3.55149 -1.36329 1.96 0.359102 0.153021
-3.65798 -1.62864 2.56 0.340266 0.0781488
-3.55149 -1.36329 1.96 0.359102 0.153021
-3.73821 -1.43496 2.56 0.3601 0.0751855
-3.65798 -1.62864 2.56 0.340266 0.0781488
-0.49128 -0.0907981 -0 0.463246 0.997828
-0.49128 -0.0813473 -0 0.465883 0.998104
-0.49128 -0.181596 -0 0.438089 0.994276
-0.49128 -0.0813473 -0 0.465883 0.998104
-0.49128 -0.162695 -0 0.443293 0.995147
-0.49128 -0.181596 -0 0.438089 0.994276
-0.49128 -0.181596 -0 0.438089 0.994276
-0.49128 -0.162695 -0 0.443293 0.995147
-0.534604 -0.272394 -0 0.414812 0.973411
-0.49128 -0.162695 -0 0.443293 0.995147
-0.548127 -0.244042 -0 0.422749 0.970171
-0.534604 -0.272394 -0 0.414812 0.973411
-0.534604 -0.272394 -0 0.414812 0.973411
-0.548127 -0.244042 -0 0.422749 0.970171
-0.712805 -0.363192 -0 0.39826 0.905031
-0.548127 -0.244042 -0 0.422749 0.970171
-0.730836 -0.325389 -0 0.408135 0.901128
-0.712805 -0.363192 -0 0.39826 0.905031
-0.712805 -0.363192 -0 0.39826 0.905031
-0.730836 -0.325389 -0 0.408135 0.901128
-0.891007 -0.453991 -0 0.385012 0.841661
-0.730836 -0.325389 -0 0.408135 0.901128
-0.913545 -0.406737 -0 0.39646 0.837255
-0.891007 -0.453991 -0 0.385012 0.841661
-0.891007 -0.453991 -0 0.385012 0.841661
-0.913545 -0.406737 -0 0.39646 0.837255
-1.06921 -0.544789 -0 0.374631 0.784603
-0.913545 -0.406737 -0 0.39646 0.837255
-1.09625 -0.488084 -0 0.387332 0.779834
-1.06921 -0.544789 -0 0.374631 0.784603
-1.06921 -0.544789 -0 0.374631 0.784603
-1.09625 -0.488084 -0 0.387332 0.779834
-1.24741 -0.635587 -0 0.366581 0.73422
-1.09625 -0.488084 -0 0.387332 0.779834
-1.27896 -0.569431 -0 0.380272 0.729203
-1.24741 -0.635587 -0 0.366581 0.73422
-1.24741 -0.635587 -0 0.366581 0.73422
-1.27896 -0.569431 -0 0.380272 0.729203
-1.42561 -0.726385 -0 0.360355 0.690229
-1.27896 -0.569431 -0 0.380272 0.729203
-1.46167 -0.650779 -0 0.374823 0.685058
-1.42561 -0.726385 -0 0.360355 0.690229
-1.42561 -0.726385 -0 0.360355 0.690229
-1.46167 -0.650779 -0 0.374823 0.685058
-1.60381 -0.817183 -0 0.355521 0.652014
-1.46167 -0.650779 -0 0.374823 0.685058
-1.64438 -0.732126 -0 0.370603 0.646755
-1.60381 -0.817183 -0 0.355521 0.652014
-1.60381 -0.817183 -0 0.355521 0.652014
-1.64438 -0.732126 -0 0.370603 0.646755
-1.78201 -0.907981 -0 0.351743 0.618839
-1.64438 -0.732126 -0 0.370603 0.646755
-1.82709 -0.813473 -0 0.367311 0.613542
-1.78201 -0.907981 -0 0.351743 0.618839
-1.78201 -0.907981 -0 0.351743 0.618839
-1.82709 -0.813473 -0 0.367311 0.613542
-1.96021 -0.998779 -0 0.348763 0.589985
-1.82709 -0.813473 -0 0.367311 0.613542
-2.0098 -0.894821 -0 0.364719 0.584682
-1.96021 -0.998779 -0 0.348763 0.589985
-1.96021 -0.998779 -0 0.348763 0.589985
-2.0098 -0.894821 -0 0.364719 0.584682
-2.32033 -1.18227 0.04 0.34342 0.535414
-2.0098 -0.894821 -0 0.364719 0.584682
-2.37902 -1.05921 0.04 0.360075 0.530151
-2.32033 -1.18227 0.04 0.34342 0.535414
-2.32033 -1.18227 0.04 0.34342 0.535414
-2.37902 -1.05921 0.04 0.360075 0.530151
-2.49853 -1.27306 0.16 0.339183 0.495956
-2.37902 -1.05921 0.04 0.360075 0.530151
-2.56173 -1.14056 0.16 0.356383 0.490737
-2.49853 -1.27306 0.16 0.339183 0.495956
-2.49853 -1.27306 0.16 0.339183 0.495956
-2.56173 -1.14056 0.16 0.356383 0.490737
-2.67673 -1.36386 0.36 0.334134 0.446041
-2.56173 -1.14056 0.16 0.356383 0.490737
-2.74444 -1.2219 0.36 0.35198 0.440908
-2.67673 -1.36386 0.36 0.334134 0.446041
-2.67673 -1.36386 0.36 0.334134 0.446041
-2.74444 -1.2219 0.36 0.35198 0.440908
-2.85493 -1.45466 0.64 0.328861 0.385903
-2.74444 -1.2219 0.36 0.35198 0.440908
-2.92715 -1.30325 0.64 0.347383 0.38092
-2.85493 -1.45466 0.64 0.328861 0.385903
-2.85493 -1.45466 0.64 0.328861 0.385903
-2.92715 -1.30325 0.64 0.347383 0.38092
-3.03313 -1.54546 1 0.324104 0.316527
-2.92715 -1.30325 0.64 0.347383 0.38092
-3.10986 -1.3846 1 0.343245 0.311776
-3.03313 -1.54546 1 0.324104 0.316527
-3.03313 -1.54546 1 0.324104 0.316527
-3.10986 -1.3846 1 0.343245 0.311776
-3.21133 -1.63626 1.44 0.320696 0.240171
-3.10986 -1.3846 1 0.343245 0.311776
-3.29257 -1.46595 1.44 0.340299 0.235747
-3.21133 -1.63626 1.44 0.320696 0.240171
-3.21133 -1.63626 1.44 0.320696 0.240171
-3.29257 -1.46595 1.44 0.340299 0.235747
-3.38953 -1.72705 1.96 0.31937 0.160437
-3.29257 -1.46595 1.44 0.340299 0.235747
-3.47528 -1.54729 1.96 0.339197 0.156451
-3.38953 -1.72705 1.96 0.31937 0.160437
-3.38953 -1.72705 1.96 0.31937 0.160437
-3.47528 -1.54729 1.96 0.339197 0.156451
-3.56774 -1.81785 2.56 0.320501 0.081591
-3.47528 -1.54729 1.96 0.339197 0.156451
-3.65798 -1.62864 2.56 0.340266 0.0781488
-3.56774 -1.81785 2.56 0.320501 0.081591
-0.49128 -0.1 -0 0.46068 0.997541
-0.49128 -0.0907981 -0 0.463246 0.997828
-0.49128 -0.2 -0 0.433042 0.993363
-0.49128 -0.0907981 -0 0.463246 0.997828
-0.49128 -0.181596 -0 0.438089 0.994276
-0.49128 -0.2 -0 0.433042 0.993363
-0.49128 -0.2 -0 0.433042 0.993363
-0.49128 -0.181596 -0 0.438089 0.994276
-0.519615 -0.3 -0 0.407026 0.977063
-0.49128 -0.181596 -0 0.438089 0.994276
-0.534604 -0.272394 -0 0.414812 0.973411
-0.519615 -0.3 -0 0.407026 0.977063
-0.519615 -0.3 -0 0.407026 0.977063
-0.534604 -0.272394 -0 0.414812 0.973411
-0.69282 -0.4 -0 0.388558 0.909433
-0.534604 -0.272394 -0 0.414812 0.973411
-0.712805 -0.363192 -0 0.39826 0.905031
-0.69282 -0.4 -0 0.388558 0.909433
-0.69282 -0.4 -0 0.388558 0.909433
-0.712805 -0.363192 -0 0.39826 0.905031
-0.866025 -0.5 -0 0.373748 0.846632
-0.712805 -0.363192 -0 0.39826 0.905031
-0.891007 -0.453991 -0 0.385012 0.841661
-0.866025 -0.5 -0 0.373748 0.846632
-0.866025 -0.5 -0 0.373748 0.846632
-0.891007 -0.453991 -0 0.385012 0.841661
-1.03923 -0.6 -0 0.362117 0.789987
-0.891007 -0.453991 -0 0.385012 0.841661
-1.06921 -0.544789 -0 0.374631 0.784603
-1.03923 -0.6 -0 0.362117 0.789987
-1.03923 -0.6 -0 0.362117 0.789987
-1.06921 -0.544789 -0 0.374631 0.784603
-1.21244 -0.7 -0 0.353077 0.739886
-1.06921 -0.544789 -0 0.374631 0.784603
-1.24741 -0.635587 -0 0.366581 0.73422
-1.21244 -0.7 -0 0.353077 0.739886
-1.21244 -0.7 -0 0.353077 0.739886
-1.24741 -0.635587 -0 0.366581 0.73422
-1.38564 -0.8 -0 0.346065 0.696074
-1.24741 -0.635587 -0 0.366581 0.73422
-1.42561 -0.726385 -0 0.360355 0.690229
-1.38564 -0.8 -0 0.346065 0.696074
-1.38564 -0.8 -0 0.346065 0.696074
-1.42561 -0.726385 -0 0.360355 0.690229
-1.55885 -0.9 -0 0.340611 0.657961
-1.42561 -0.726385 -0 0.360355 0.690229
-1.60381 -0.817183 -0 0.355521 0.652014
-1.55885 -0.9 -0 0.340611 0.657961
-1.55885 -0.9 -0 0.340611 0.657961
-1.60381 -0.817183 -0 0.355521 0.652014
-1.73205 -1 -0 0.336339 0.624835
-1.60381 -0.817183 -0 0.355521 0.652014
-1.78201 -0.907981 -0 0.351743 0.618839
-1.73205 -1 -0 0.336339 0.624835
-1.73205 -1 -0 0.336339 0.624835
-1.78201 -0.907981 -0 0.351743 0.618839
-1.90526 -1.1 -0 0.332962 0.595994
-1.78201 -0.907981 -0 0.351743 0.618839
-1.96021 -0.998779 -0 0.348763 0.589985
-1.90526 -1.1 -0 0.332962 0.595994
-1.90526 -1.1 -0 0.332962 0.595994
-1.96021 -0.998779 -0 0.348763 0.589985
-2.25527 -1.30208 0.04 0.326905 0.541387
-1.96021 -0.998779 -0 0.348763 0.589985
-2.32033 -1.18227 0.04 0.34342 0.535414
-2.25527 -1.30208 0.04 0.326905 0.541387
-2.25527 -1.30208 0.04 0.326905 0.541387
-2.32033 -1.18227 0.04 0.34342 0.535414
-2.42848 -1.40208 0.16 0.322118 0.501888
-2.32033 -1.18227 0.04 0.34342 0.535414
-2.49853 -1.27306 0.16 0.339183 0.495956
-2.42848 -1.40208 0.16 0.322118 0.501888
-2.42848 -1.40208 0.16 0.322118 0.501888
-2.49853 -1.27306 0.16 0.339183 0.495956
-2.60168 -1.50208 0.36 0.316414 0.451883
-2.49853 -1.27306 0.16 0.339183 0.495956
-2.67673 -1.36386 0.36 0.334134 0.446041
-2.60168 -1.50208 0.36 0.316414 0.451883
-2.60168 -1.50208 0.36 0.316414 0.451883
-2.67673 -1.36386 0.36 0.334134 0.446041
-2.77489 -1.60208 0.64 0.310457 0.391583
-2.67673 -1.36386 0.36 0.334134 0.446041
-2.85493 -1.45466 0.64 0.328861 0.385903
-2.77489 -1.60208 0.64 0.310457 0.391583
-2.77489 -1.60208 0.64 0.310457 0.391583
-2.85493 -1.45466 0.64 0.328861 0.385903
-2.94809 -1.70208 1 0.305074 0.32195
-2.85493 -1.45466 0.64 0.328861 0.385903
-3.03313 -1.54546 1 0.324104 0.316527
-2.94809 -1.70208 1 0.305074 0.32195
-2.94809 -1.70208 1 0.305074 0.32195
-3.03313 -1.54546 1 0.324104 0.316527
-3.1213 -1.80208 1.44 0.301195 0.245222
-3.03313 -1.54546 1 0.324104 0.316527
-3.21133 -1.63626 1.44 0.320696 0.240171
-3.1213 -1.80208 1.44 0.301195 0.245222
-3.1213 -1.80208 1.44 0.301195 0.245222
-3.21133 -1.63626 1.44 0.320696 0.240171
-3.2945 -1.90208 1.96 0.299636 0.164987
-3.21133 -1.63626 1.44 0.320696 0.240171
-3.38953 -1.72705 1.96 0.31937 0.160437
-3.2945 -1.90208 1.96 0.299636 0.164987
-3.2945 -1.90208 1.96 0.299636 0.164987
-3.38953 -1.72705 1.96 0.31937 0.160437
-3.46771 -2.00208 2.56 0.300816 0.0855154
-3.38953 -1.72705 1.96 0.31937 0.160437
-3.56774 -1.81785 2.56 0.320501 0.081591
-3.46771 -2.00208 2.56 0.300816 0.0855154
-0.49128 -0.108928 -0 0.458194 0.997248
-0.49128 -0.1 -0 0.46068 0.997541
-0.49128 -0.217856 -0 0.428168 0.992417
-0.49128 -0.1 -0 0.46068 0.997541
-0.49128 -0.2 -0 0.433042 0.993363
-0.49128 -0.217856 -0 0.428168 0.992417
-0.49128 -0.217856 -0 0.428168 0.992417
-0.49128 -0.2 -0 0.433042 0.993363
-0.503202 -0.326783 -0 0.399408 0.981122
-0.49128 -0.2 -0 0.433042 0.993363
-0.519615 -0.3 -0 0.407026 0.977063
-0.503202 -0.326783 -0 0.399408 0.981122
-0.503202 -0.326783 -0 0.399408 0.981122
-0.519615 -0.3 -0 0.407026 0.977063
-0.670936 -0.435711 -0 0.37905 0.914329
-0.519615 -0.3 -0 0.407026 0.977063
-0.69282 -0.4 -0 0.388558 0.909433
-0.670936 -0.435711 -0 0.37905 0.914329
-0.670936 -0.435711 -0 0.37905 0.914329
-0.69282 -0.4 -0 0.388558 0.909433
-0.838671 -0.544639 -0 0.362692 0.852163
-0.69282 -0.4 -0 0.388558 0.909433
-0.866025 -0.5 -0 0.373748 0.846632
-0.838671 -0.544639 -0 0.362692 0.852163
-0.838671 -0.544639 -0 0.362692 0.852163
-0.866025 -0.5 -0 0.373748 0.846632
-1.0064 -0.653567 -0 0.349816 0.79598
-0.866025 -0.5 -0 0.373748 0.846632
-1.03923 -0.6 -0 0.362117 0.789987
-1.0064 -0.653567 -0 0.349816 0.79598
-1.0064 -0.653567 -0 0.349816 0.79598
-1.03923 -0.6 -0 0.362117 0.789987
-1.17414 -0.762495 -0 0.339782 0.746195
-1.03923 -0.6 -0 0.362117 0.789987
-1.21244 -0.7 -0 0.353077 0.739886
-1.17414 -0.762495 -0 0.339782 0.746195
-1.17414 -0.762495 -0 0.339782 0.746195
-1.21244 -0.7 -0 0.353077 0.739886
-1.34187 -0.871422 -0 0.331982 0.702587
-1.21244 -0.7 -0 0.353077 0.739886
-1.38564 -0.8 -0 0.346065 0.696074
-1.34187 -0.871422 -0 0.331982 0.702587
-1.34187 -0.871422 -0 0.331982 0.702587
-1.38564 -0.8 -0 0.346065 0.696074
-1.50961 -0.98035 -0 0.3259 0.664594
-1.38564 -0.8 -0 0.346065 0.696074
-1.55885 -0.9 -0 0.340611 0.657961
-1.50961 -0.98035 -0 0.3259 0.664594
-1.50961 -0.98035 -0 0.3259 0.664594
-1.55885 -0.9 -0 0.340611 0.657961
-1.67734 -1.08928 -0 0.321124 0.63153
-1.55885 -0.9 -0 0.340611 0.657961
-1.73205 -1 -0 0.336339 0.624835
-1.67734 -1.08928 -0 0.321124 0.63153
-1.67734 -1.08928 -0 0.321124 0.63153
-1.73205 -1 -0 0.336339 0.624835
-1.84508 -1.19821 -0 0.317343 0.602708
-1.73205 -1 -0 0.336339 0.624835
-1.90526 -1.1 -0 0.332962 0.595994
-1.84508 -1.19821 -0 0.317343 0.602708
-1.84508 -1.19821 -0 0.317343 0.602708
-1.90526 -1.1 -0 0.332962 0.595994
-2.18404 -1.41833 0.04 0.310556 0.548075
-1.90526 -1.1 -0 0.332962 0.595994
-2.25527 -1.30208 0.04 0.326905 0.541387
-2.18404 -1.41833 0.04 0.310556 0.548075
-2.18404 -1.41833 0.04 0.310556 0.548075
-2.25527 -1.30208 0.04 0.326905 0.541387
-2.35177 -1.52726 0.16 0.30521 0.508537
-2.25527 -1.30208 0.04 0.326905 0.541387
-2.42848 -1.40208 0.16 0.322118 0.501888
-2.35177 -1.52726 0.16 0.30521 0.508537
-2.35177 -1.52726 0.16 0.30521 0.508537
-2.42848 -1.40208 0.16 0.322118 0.501888
-2.5195 -1.63618 0.36 0.298845 0.458442
-2.42848 -1.40208 0.16 0.322118 0.501888
-2.60168 -1.50208 0.36 0.316414 0.451883
-2.5195 -1.63618 0.36 0.298845 0.458442
-2.5195 -1.63618 0.36 0.298845 0.458442
-2.60168 -1.50208 0.36 0.316414 0.451883
-2.68724 -1.74511 0.64 0.292194 0.39797
-2.60168 -1.50208 0.36 0.316414 0.451883
-2.77489 -1.60208 0.64 0.310457 0.391583
-2.68724 -1.74511 0.64 0.292194 0.39797
-2.68724 -1.74511 0.64 0.292194 0.39797
-2.77489 -1.60208 0.64 0.310457 0.391583
-2.85497 -1.85404 1 0.286175 0.328053
-2.77489 -1.60208 0.64 0.310457 0.391583
-2.94809 -1.70208 1 0.305074 0.32195
-2.85497 -1.85404 1 0.286175 0.328053
-2.85497 -1.85404 1 0.286175 0.328053
-2.94809 -1.70208 1 0.305074 0.32195
-3.02271 -1.96297 1.44 0.281812 0.250907
-2.94809 -1.70208 1 0.305074 0.32195
-3.1213 -1.80208 1.44 0.301195 0.245222
-3.02271 -1.96297 1.44 0.281812 0.250907
-3.02271 -1.96297 1.44 0.281812 0.250907
-3.1213 -1.80208 1.44 0.301195 0.245222
-3.19044 -2.0719 1.96 0.280005 0.170105
-3.1213 -1.80208 1.44 0.301195 0.245222
-3.2945 -1.90208 1.96 0.299636 0.164987
-3.19044 -2.0719 1.96 0.280005 0.170105
-3.19044 -2.0719 1.96 0.280005 0.170105
-3.2945 -1.90208 1.96 0.299636 0.164987
-3.35817 -2.18082 2.56 0.28122 0.0899238
-3.2945 -1.90208 1.96 0.299636 0.164987
-3.46771 -2.00208 2.56 0.300816 0.0855154
-3.35817 -2.18082 2.56 0.28122 0.0899238
-0.49128 -0.117557 -0 0.455794 0.996949
-0.49128 -0.108928 -0 0.458194 0.997248
-0.49128 -0.235114 -0 0.423477 0.991448
-0.49128 -0.108928 -0 0.458194 0.997248
-0.49128 -0.217856 -0 0.428168 0.992417
-0.49128 -0.235114 -0 0.423477 0.991448
-0.49128 -0.235114 -0 0.423477 0.991448
-0.49128 -0.217856 -0 0.428168 0.992417
-0.49128 -0.352671 -0 0.3922 0.983472
-0.49128 -0.217856 -0 0.428168 0.992417
-0.503202 -0.326783 -0 0.399408 0.981122
-0.49128 -0.352671 -0 0.3922 0.983472
-0.49128 -0.352671 -0 0.3922 0.983472
-0.503202 -0.326783 -0 0.399408 0.981122
-0.647214 -0.470228 -0 0.369757 0.919714
-0.503202 -0.326783 -0 0.399408 0.981122
-0.670936 -0.435711 -0 0.37905 0.914329
-0.647214 -0.470228 -0 0.369757 0.919714
-0.647214 -0.470228 -0 0.369757 0.919714
-0.670936 -0.435711 -0 0.37905 0.914329
-0.809017 -0.587785 -0 0.351868 0.858251
-0.670936 -0.435711 -0 0.37905 0.914329
-0.838671 -0.544639 -0 0.362692 0.852163
-0.809017 -0.587785 -0 0.351868 0.858251
-0.809017 -0.587785 -0 0.351868 0.858251
-0.838671 -0.544639 -0 0.362692 0.852163
-0.97082 -0.705342 -0 0.337752 0.802578
-0.838671 -0.544639 -0 0.362692 0.852163
-1.0064 -0.653567 -0 0.349816 0.79598
-0.97082 -0.705342 -0 0.337752 0.802578
-0.97082 -0.705342 -0 0.337752 0.802578
-1.0064 -0.653567 -0 0.349816 0.79598
-1.13262 -0.822899 -0 0.326725 0.753146
-1.0064 -0.653567 -0 0.349816 0.79598
-1.17414 -0.762495 -0 0.339782 0.746195
-1.13262 -0.822899 -0 0.326725 0.753146
-1.13262 -0.822899 -0 0.326725 0.753146
-1.17414 -0.762495 -0 0.339782 0.746195
-1.29443 -0.940456 -0 0.318131 0.709769
-1.17414 -0.762495 -0 0.339782 0.746195
-1.34187 -0.871422 -0 0.331982 0.702587
-1.29443 -0.940456 -0 0.318131 0.709769
-1.29443 -0.940456 -0 0.318131 0.709769
-1.34187 -0.871422 -0 0.331982 0.702587
-1.45623 -1.05801 -0 0.311412 0.671915
-1.34187 -0.871422 -0 0.331982 0.702587
-1.50961 -0.98035 -0 0.3259 0.664594
-1.45623 -1.05801 -0 0.311412 0.671915
-1.45623 -1.05801 -0 0.311412 0.671915
-1.50961 -0.98035 -0 0.3259 0.664594
-1.61803 -1.17557 -0 0.306127 0.638924
-1.50961 -0.98035 -0 0.3259 0.664594
-1.67734 -1.08928 -0 0.321124 0.63153
-1.61803 -1.17557 -0 0.306127 0.638924
-1.61803 -1.17557 -0 0.306127 0.638924
-1.67734 -1.08928 -0 0.321124 0.63153
-1.77984 -1.29313 -0 0.301933 0.61013
-1.67734 -1.08928 -0 0.321124 0.63153
-1.84508 -1.19821 -0 0.317343 0.602708
-1.77984 -1.29313 -0 0.301933 0.61013
-1.77984 -1.29313 -0 0.301933 0.61013
-1.84508 -1.19821 -0 0.317343 0.602708
-2.10681 -1.53069 0.04 0.2944 0.55548
-1.84508 -1.19821 -0 0.317343 0.602708
-2.18404 -1.41833 0.04 0.310556 0.548075
-2.10681 -1.53069 0.04 0.2944 0.55548
-2.10681 -1.53069 0.04 0.2944 0.55548
-2.18404 -1.41833 0.04 0.310556 0.548075
-2.26862 -1.64825 0.16 0.288488 0.515908
-2.18404 -1.41833 0.04 0.310556 0.548075
-2.35177 -1.52726 0.16 0.30521 0.508537
-2.26862 -1.64825 0.16 0.288488 0.515908
-2.26862 -1.64825 0.16 0.288488 0.515908
-2.35177 -1.52726 0.16 0.30521 0.508537
-2.43042 -1.7658 0.36 0.28145 0.465724
-2.35177 -1.52726 0.16 0.30521 0.508537
-2.5195 -1.63618 0.36 0.298845 0.458442
-2.43042 -1.7658 0.36 0.28145 0.465724
-2.43042 -1.7658 0.36 0.28145 0.465724
-2.5195 -1.63618 0.36 0.298845 0.458442
-2.59222 -1.88336 0.64 0.274096 0.40507
-2.5195 -1.63618 0.36 0.298845 0.458442
-2.68724 -1.74511 0.64 0.292194 0.39797
-2.59222 -1.88336 0.64 0.274096 0.40507
-2.59222 -1.88336 0.64 0.274096 0.40507
-2.68724 -1.74511 0.64 0.292194 0.39797
-2.75403 -2.00092 1 0.267427 0.334845
-2.68724 -1.74511 0.64 0.292194 0.39797
-2.85497 -1.85404 1 0.286175 0.328053
-2.75403 -2.00092 1 0.267427 0.334845
-2.75403 -2.00092 1 0.267427 0.334845
-2.85497 -1.85404 1 0.286175 0.328053
-2.91583 -2.11847 1.44 0.262565 0.257235
-2.85497 -1.85404 1 0.286175 0.328053
-3.02271 -1.96297 1.44 0.281812 0.250907
-2.91583 -2.11847 1.44 0.262565 0.257235
-2.91583 -2.11847 1.44 0.262565 0.257235
-3.02271 -1.96297 1.44 0.281812 0.250907
-3.07763 -2.23603 1.96 0.260492 0.175797
-3.02271 -1.96297 1.44 0.281812 0.250907
-3.19044 -2.0719 1.96 0.280005 0.170105
-3.07763 -2.23603 1.96 0.260492 0.175797
-3.07763 -2.23603 1.96 0.260492 0.175797
-3.19044 -2.0719 1.96 0.280005 0.170105
-3.23944 -2.35359 2.56 0.26172 0.0948187
-3.19044 -2.0719 1.96 0.280005 0.170105
-3.35817 -2.18082 2.56 0.28122 0.0899238
-3.23944 -2.35359 2.56 0.26172 0.0948187
-0.49128 -0.125864 -0 0.453486 0.996647
-0.49128 -0.117557 -0 0.455794 0.996949
-0.49128 -0.251728 -0 0.418983 0.990464
-0.49128 -0.117557 -0 0.455794 0.996949
-0.49128 -0.235114 -0 0.423477 0.991448
-0.49128 -0.251728 -0 0.418983 0.990464
-0.49128 -0.251728 -0 0.418983 0.990464
-0.49128 -0.235114 -0 0.423477 0.991448
-0.49128 -0.377592 -0 0.385743 0.981494
-0.49128 -0.235114 -0 0.423477 0.991448
-0.49128 -0.352671 -0 0.3922 0.983472
-0.49128 -0.377592 -0 0.385743 0.981494
-0.49128 -0.377592 -0 0.385743 0.981494
-0.49128 -0.352671 -0 0.3922 0.983472
-0.621717 -0.503456 -0 0.360698 0.925582
-0.49128 -0.352671 -0 0.3922 0.983472
-0.647214 -0.470228 -0 0.369757 0.919714
-0.621717 -0.503456 -0 0.360698 0.925582
-0.621717 -0.503456 -0 0.360698 0.925582
-0.647214 -0.470228 -0 0.369757 0.919714
-0.777146 -0.62932 -0 0.341297 0.864889
-0.647214 -0.470228 -0 0.369757 0.919714
-0.809017 -0.587785 -0 0.351868 0.858251
-0.777146 -0.62932 -0 0.341297 0.864889
-0.777146 -0.62932 -0 0.341297 0.864889
-0.809017 -0.587785 -0 0.351868 0.858251
-0.932575 -0.755184 -0 0.325949 0.809777
-0.809017 -0.587785 -0 0.351868 0.858251
-0.97082 -0.705342 -0 0.337752 0.802578
-0.932575 -0.755184 -0 0.325949 0.809777
-0.932575 -0.755184 -0 0.325949 0.809777
-0.97082 -0.705342 -0 0.337752 0.802578
-1.088 -0.881049 -0 0.31393 0.760736
-0.97082 -0.705342 -0 0.337752 0.802578
-1.13262 -0.822899 -0 0.326725 0.753146
-1.088 -0.881049 -0 0.31393 0.760736
-1.088 -0.881049 -0 0.31393 0.760736
-1.13262 -0.822899 -0 0.326725 0.753146
-1.24343 -1.00691 -0 0.304538 0.717617
-1.13262 -0.822899 -0 0.326725 0.753146
-1.29443 -0.940456 -0 0.318131 0.709769
-1.24343 -1.00691 -0 0.304538 0.717617
-1.24343 -1.00691 -0 0.304538 0.717617
-1.29443 -0.940456 -0 0.318131 0.709769
-1.39886 -1.13278 -0 0.297177 0.679921
-1.29443 -0.940456 -0 0.318131 0.709769
-1.45623 -1.05801 -0 0.311412 0.671915
-1.39886 -1.13278 -0 0.297177 0.679921
-1.39886 -1.13278 -0 0.297177 0.679921
-1.45623 -1.05801 -0 0.311412 0.671915
-1.55429 -1.25864 -0 0.291372 0.647019
-1.45623 -1.05801 -0 0.311412 0.671915
-1.61803 -1.17557 -0 0.306127 0.638924
-1.55429 -1.25864 -0 0.291372 0.647019
-1.55429 -1.25864 -0 0.291372 0.647019
-1.61803 -1.17557 -0 0.306127 0.638924
-1.70972 -1.3845 -0 0.286757 0.618262
-1.61803 -1.17557 -0 0.306127 0.638924
-1.77984 -1.29313 -0 0.301933 0.61013
-1.70972 -1.3845 -0 0.286757 0.618262
-1.70972 -1.3845 -0 0.286757 0.618262
-1.77984 -1.29313 -0 0.301933 0.61013
-2.02381 -1.63885 0.04 0.27846 0.563608
-1.77984 -1.29313 -0 0.301933 0.61013
-2.10681 -1.53069 0.04 0.2944 0.55548
-2.02381 -1.63885 0.04 0.27846 0.563608
-2.02381 -1.63885 0.04 0.27846 0.563608
-2.10681 -1.53069 0.04 0.2944 0.55548
-2.17924 -1.76472 0.16 0.271973 0.524009
-2.10681 -1.53069 0.04 0.2944 0.55548
-2.26862 -1.64825 0.16 0.288488 0.515908
-2.17924 -1.76472 0.16 0.271973 0.524009
-2.17924 -1.76472 0.16 0.271973 0.524009
-2.26862 -1.64825 0.16 0.288488 0.515908
-2.33467 -1.89058 0.36 0.264255 0.473737
-2.26862 -1.64825 0.16 0.288488 0.515908
-2.43042 -1.7658 0.36 0.28145 0.465724
-2.33467 -1.89058 0.36 0.264255 0.473737
-2.33467 -1.89058 0.36 0.264255 0.473737
-2.43042 -1.7658 0.36 0.28145 0.465724
-2.4901 -2.01645 0.64 0.256185 0.412892
-2.43042 -1.7658 0.36 0.28145 0.465724
-2.59222 -1.88336 0.64 0.274096 0.40507
-2.4901 -2.01645 0.64 0.256185 0.412892
-2.4901 -2.01645 0.64 0.256185 0.412892
-2.59222 -1.88336 0.64 0.274096 0.40507
-2.64553 -2.14231 1 0.24885 0.342334
-2.59222 -1.88336 0.64 0.274096 0.40507
-2.75403 -2.00092 1 0.267427 0.334845
-2.64553 -2.14231 1 0.24885 0.342334
-2.64553 -2.14231 1 0.24885 0.342334
-2.75403 -2.00092 1 0.267427 0.334845
-2.80096 -2.26817 1.44 0.243469 0.264213
-2.75403 -2.00092 1 0.267427 0.334845
-2.91583 -2.11847 1.44 0.262565 0.257235
-2.80096 -2.26817 1.44 0.243469 0.264213
-2.80096 -2.26817 1.44 0.243469 0.264213
-2.91583 -2.11847 1.44 0.262565 0.257235
-2.95639 -2.39404 1.96 0.241106 0.182069
-2.91583 -2.11847 1.44 0.262565 0.257235
-3.07763 -2.23603 1.96 0.260492 0.175797
-2.95639 -2.39404 1.96 0.241106 0.182069
-2.95639 -2.39404 1.96 0.241106 0.182069
-3.07763 -2.23603 1.96 0.260492 0.175797
-3.11182 -2.5199 2.56 0.242324 0.100201
-3.07763 -2.23603 1.96 0.260492 0.175797
-3.23944 -2.35359 2.56 0.26172 0.0948187
-3.11182 -2.5199 2.56 0.242324 0.100201
-0.49128 -0.133826 -0 0.451277 0.996344
-0.49128 -0.125864 -0 0.453486 0.996647
-0.49128 -0.267652 -0 0.414697 0.989475
-0.49128 -0.125864 -0 0.453486 0.996647
-0.49128 -0.251728 -0 0.418983 0.990464
-0.49128 -0.267652 -0 0.414697 0.989475
-0.49128 -0.267652 -0 0.414697 0.989475
-0.49128 -0.251728 -0 0.418983 0.990464
-0.49128 -0.401478 -0 0.379619 0.979512
-0.49128 -0.251728 -0 0.418983 0.990464
-0.49128 -0.377592 -0 0.385743 0.981494
-0.49128 -0.401478 -0 0.379619 0.979512
-0.49128 -0.401478 -0 0.379619 0.979512
-0.49128 -0.377592 -0 0.385743 0.981494
-0.594516 -0.535304 -0 0.351895 0.931931
-0.49128 -0.377592 -0 0.385743 0.981494
-0.621717 -0.503456 -0 0.360698 0.925582
-0.594516 -0.535304 -0 0.351895 0.931931
-0.594516 -0.535304 -0 0.351895 0.931931
-0.621717 -0.503456 -0 0.360698 0.925582
-0.743145 -0.669131 -0 0.331001 0.872073
-0.621717 -0.503456 -0 0.360698 0.925582
-0.777146 -0.62932 -0 0.341297 0.864889
-0.743145 -0.669131 -0 0.331001 0.872073
-0.743145 -0.669131 -0 0.331001 0.872073
-0.777146 -0.62932 -0 0.341297 0.864889
-0.891774 -0.802957 -0 0.314433 0.817575
-0.777146 -0.62932 -0 0.341297 0.864889
-0.932575 -0.755184 -0 0.325949 0.809777
-0.891774 -0.802957 -0 0.314433 0.817575
-0.891774 -0.802957 -0 0.314433 0.817575
-0.932575 -0.755184 -0 0.325949 0.809777
-1.0404 -0.936783 -0 0.301422 0.768963
-0.932575 -0.755184 -0 0.325949 0.809777
-1.088 -0.881049 -0 0.31393 0.760736
-1.0404 -0.936783 -0 0.301422 0.768963
-1.0404 -0.936783 -0 0.301422 0.768963
-1.088 -0.881049 -0 0.31393 0.760736
-1.18903 -1.07061 -0 0.291228 0.726131
-1.088 -0.881049 -0 0.31393 0.760736
-1.24343 -1.00691 -0 0.304538 0.717617
-1.18903 -1.07061 -0 0.291228 0.726131
-1.18903 -1.07061 -0 0.291228 0.726131
-1.24343 -1.00691 -0 0.304538 0.717617
-1.33766 -1.20444 -0 0.28322 0.688615
-1.24343 -1.00691 -0 0.304538 0.717617
-1.39886 -1.13278 -0 0.297177 0.679921
-1.33766 -1.20444 -0 0.28322 0.688615
-1.33766 -1.20444 -0 0.28322 0.688615
-1.39886 -1.13278 -0 0.297177 0.679921
-1.48629 -1.33826 -0 0.276888 0.655815
-1.39886 -1.13278 -0 0.297177 0.679921
-1.55429 -1.25864 -0 0.291372 0.647019
-1.48629 -1.33826 -0 0.276888 0.655815
-1.48629 -1.33826 -0 0.276888 0.655815
-1.55429 -1.25864 -0 0.291372 0.647019
-1.63492 -1.47209 -0 0.271842 0.627106
-1.55429 -1.25864 -0 0.291372 0.647019
-1.70972 -1.3845 -0 0.286757 0.618262
-1.63492 -1.47209 -0 0.271842 0.627106
-1.63492 -1.47209 -0 0.271842 0.627106
-1.70972 -1.3845 -0 0.286757 0.618262
-1.93527 -1.74253 0.04 0.262766 0.572463
-1.70972 -1.3845 -0 0.286757 0.618262
-2.02381 -1.63885 0.04 0.27846 0.563608
-1.93527 -1.74253 0.04 0.262766 0.572463
-1.93527 -1.74253 0.04 0.262766 0.572463
-2.02381 -1.63885 0.04 0.27846 0.563608
-2.0839 -1.87635 0.16 0.255694 0.532843
-2.02381 -1.63885 0.04 0.27846 0.563608
-2.17924 -1.76472 0.16 0.271973 0.524009
-2.0839 -1.87635 0.16 0.255694 0.532843
-2.0839 -1.87635 0.16 0.255694 0.532843
-2.17924 -1.76472 0.16 0.271973 0.524009
-2.23253 -2.01018 0.36 0.247284 0.482486
-2.17924 -1.76472 0.16 0.271973 0.524009
-2.33467 -1.89058 0.36 0.264255 0.473737
-2.23253 -2.01018 0.36 0.247284 0.482486
-2.23253 -2.01018 0.36 0.247284 0.482486
-2.33467 -1.89058 0.36 0.264255 0.473737
-2.38116 -2.144 0.64 0.238482 0.421443
-2.33467 -1.89058 0.36 0.264255 0.473737
-2.4901 -2.01645 0.64 0.256185 0.412892
-2.38116 -2.144 0.64 0.238482 0.421443
-2.38116 -2.144 0.64 0.238482 0.421443
-2.4901 -2.01645 0.64 0.256185 0.412892
-2.52979 -2.27783 1 0.230463 0.350526
-2.4901 -2.01645 0.64 0.256185 0.412892
-2.64553 -2.14231 1 0.24885 0.342334
-2.52979 -2.27783 1 0.230463 0.350526
-2.52979 -2.27783 1 0.230463 0.350526
-2.64553 -2.14231 1 0.24885 0.342334
-2.67842 -2.41166 1.44 0.224539 0.271846
-2.64553 -2.14231 1 0.24885 0.342334
-2.80096 -2.26817 1.44 0.243469 0.264213
-2.67842 -2.41166 1.44 0.224539 0.271846
-2.67842 -2.41166 1.44 0.224539 0.271846
-2.80096 -2.26817 1.44 0.243469 0.264213
-2.82704 -2.54548 1.96 0.22186 0.188923
-2.80096 -2.26817 1.44 0.243469 0.264213
-2.95639 -2.39404 1.96 0.241106 0.182069
-2.82704 -2.54548 1.96 0.22186 0.188923
-2.82704 -2.54548 1.96 0.22186 0.188923
-2.95639 -2.39404 1.96 0.241106 0.182069
-2.97567 -2.67931 2.56 0.223038 0.106072
-2.95639 -2.39404 1.96 0.241106 0.182069
-3.11182 -2.5199 2.56 0.242324 0.100201
-2.97567 -2.67931 2.56 0.223038 0.106072
-0.49128 -0.141421 -0 0.449172 0.996045
-0.49128 -0.133826 -0 0.451277 0.996344
-0.49128 -0.282843 -0 0.410628 0.988491
-0.49128 -0.133826 -0 0.451277 0.996344
-0.49128 -0.267652 -0 0.414697 0.989475
-0.49128 -0.282843 -0 0.410628 0.988491
-0.49128 -0.282843 -0 0.410628 0.988491
-0.49128 -0.267652 -0 0.414697 0.989475
-0.49128 -0.424264 -0 0.373838 0.977545
-0.49128 -0.267652 -0 0.414697 0.989475
-0.49128 -0.401478 -0 0.379619 0.979512
-0.49128 -0.424264 -0 0.373838 0.977545
-0.49128 -0.424264 -0 0.373838 0.977545
-0.49128 -0.401478 -0 0.379619 0.979512
-0.565685 -0.565685 -0 0.343366 0.938752
-0.49128 -0.401478 -0 0.379619 0.979512
-0.594516 -0.535304 -0 0.351895 0.931931
-0.565685 -0.565685 -0 0.343366 0.938752
-0.565685 -0.565685 -0 0.343366 0.938752
-0.594516 -0.535304 -0 0.351895 0.931931
-0.707107 -0.707107 -0 0.321004 0.879801
-0.594516 -0.535304 -0 0.351895 0.931931
-0.743145 -0.669131 -0 0.331001 0.872073
-0.707107 -0.707107 -0 0.321004 0.879801
-0.707107 -0.707107 -0 0.321004 0.879801
-0.743145 -0.669131 -0 0.331001 0.872073
-0.848528 -0.848528 -0 0.303226 0.825966
-0.743145 -0.669131 -0 0.331001 0.872073
-0.891774 -0.802957 -0 0.314433 0.817575
-0.848528 -0.848528 -0 0.303226 0.825966
-0.848528 -0.848528 -0 0.303226 0.825966
-0.891774 -0.802957 -0 0.314433 0.817575
-0.98995 -0.98995 -0 0.289227 0.777824
-0.891774 -0.802957 -0 0.314433 0.817575
-1.0404 -0.936783 -0 0.301422 0.768963
-0.98995 -0.98995 -0 0.289227 0.777824
-0.98995 -0.98995 -0 0.289227 0.777824
-1.0404 -0.936783 -0 0.301422 0.768963
-1.13137 -1.13137 -0 0.27823 0.735308
-1.0404 -0.936783 -0 0.301422 0.768963
-1.18903 -1.07061 -0 0.291228 0.726131
-1.13137 -1.13137 -0 0.27823 0.735308
-1.13137 -1.13137 -0 0.27823 0.735308
-1.18903 -1.07061 -0 0.291228 0.726131
-1.27279 -1.27279 -0 0.269567 0.697996
-1.18903 -1.07061 -0 0.291228 0.726131
-1.33766 -1.20444 -0 0.28322 0.688615
-1.27279 -1.27279 -0 0.269567 0.697996
-1.27279 -1.27279 -0 0.269567 0.697996
-1.33766 -1.20444 -0 0.28322 0.688615
-1.41421 -1.41421 -0 0.2627 0.665314
-1.33766 -1.20444 -0 0.28322 0.688615
-1.48629 -1.33826 -0 0.276888 0.655815
-1.41421 -1.41421 -0 0.2627 0.665314
-1.41421 -1.41421 -0 0.2627 0.665314
-1.48629 -1.33826 -0 0.276888 0.655815
-1.55563 -1.55563 -0 0.257216 0.636666
-1.48629 -1.33826 -0 0.276888 0.655815
-1.63492 -1.47209 -0 0.271842 0.627106
-1.55563 -1.55563 -0 0.257216 0.636666
-1.55563 -1.55563 -0 0.257216 0.636666
-1.63492 -1.47209 -0 0.271842 0.627106
-1.84142 -1.84142 0.04 0.24734 0.58205
-1.63492 -1.47209 -0 0.271842 0.627106
-1.93527 -1.74253 0.04 0.262766 0.572463
-1.84142 -1.84142 0.04 0.24734 0.58205
-1.84142 -1.84142 0.04 0.24734 0.58205
-1.93527 -1.74253 0.04 0.262766 0.572463
-1.98284 -1.98284 0.16 0.239674 0.542418
-1.93527 -1.74253 0.04 0.262766 0.572463
-2.0839 -1.87635 0.16 0.255694 0.532843
-1.98284 -1.98284 0.16 0.239674 0.542418
-1.98284 -1.98284 0.16 0.239674 0.542418
-2.0839 -1.87635 0.16 0.255694 0.532843
-2.12426 -2.12426 0.36 0.23056 0.491978
-2.0839 -1.87635 0.16 0.255694 0.532843
-2.23253 -2.01018 0.36 0.247284 0.482486
-2.12426 -2.12426 0.36 0.23056 0.491978
-2.12426 -2.12426 0.36 0.23056 0.491978
-2.23253 -2.01018 0.36 0.247284 0.482486
-2.26569 -2.26569 0.64 0.22101 0.430731
-2.23253 -2.01018 0.36 0.247284 0.482486
-2.38116 -2.144 0.64 0.238482 0.421443
-2.26569 -2.26569 0.64 0.22101 0.430731
-2.26569 -2.26569 0.64 0.22101 0.430731
-2.38116 -2.144 0.64 0.238482 0.421443
-2.40711 -2.40711 1 0.212284 0.359432
-2.38116 -2.144 0.64 0.238482 0.421443
-2.52979 -2.27783 1 0.230463 0.350526
-2.40711 -2.40711 1 0.212284 0.359432
-2.40711 -2.40711 1 0.212284 0.359432
-2.52979 -2.27783 1 0.230463 0.350526
-2.54853 -2.54853 1.44 0.205789 0.280144
-2.52979 -2.27783 1 0.230463 0.350526
-2.67842 -2.41166 1.44 0.224539 0.271846
-2.54853 -2.54853 1.44 0.205789 0.280144
-2.54853 -2.54853 1.44 0.205789 0.280144
-2.67842 -2.41166 1.44 0.224539 0.271846
-2.68995 -2.68995 1.96 0.20276 0.196365
-2.67842 -2.41166 1.44 0.224539 0.271846
-2.82704 -2.54548 1.96 0.22186 0.188923
-2.68995 -2.68995 1.96 0.20276 0.196365
-2.68995 -2.68995 1.96 0.20276 0.196365
-2.82704 -2.54548 1.96 0.22186 0.188923
-2.83137 -2.83137 2.56 0.203867 0.112432
-2.82704 -2.54548 1.96 0.22186 0.188923
-2.97567 -2.67931 2.56 0.223038 0.106072
-2.83137 -2.83137 2.56 0.203867 0.112432
-0.49128 -0.148629 -0 0.447178 0.99575
-0.49128 -0.141421 -0 0.449172 0.996045
-0.49128 -0.297258 -0 0.406785 0.98752
-0.49128 -0.141421 -0 0.449172 0.996045
-0.49128 -0.282843 -0 0.410628 0.988491
-0.49128 -0.297258 -0 0.406785 0.98752
-0.49128 -0.297258 -0 0.406785 0.98752
-0.49128 -0.282843 -0 0.410628 0.988491
-0.49128 -0.445887 -0 0.36841 0.975612
-0.49128 -0.282843 -0 0.410628 0.988491
-0.49128 -0.424264 -0 0.373838 0.977545
-0.49128 -0.445887 -0 0.36841 0.975612
-0.49128 -0.445887 -0 0.36841 0.975612
-0.49128 -0.424264 -0 0.373838 0.977545
-0.535304 -0.594516 -0 0.335131 0.946041
-0.49128 -0.424264 -0 0.373838 0.977545
-0.565685 -0.565685 -0 0.343366 0.938752
-0.535304 -0.594516 -0 0.335131 0.946041
-0.535304 -0.594516 -0 0.335131 0.946041
-0.565685 -0.565685 -0 0.343366 0.938752
-0.669131 -0.743145 -0 0.311326 0.888065
-0.565685 -0.565685 -0 0.343366 0.938752
-0.707107 -0.707107 -0 0.321004 0.879801
-0.669131 -0.743145 -0 0.311326 0.888065
-0.669131 -0.743145 -0 0.311326 0.888065
-0.707107 -0.707107 -0 0.321004 0.879801
-0.802957 -0.891774 -0 0.292351 0.834951
-0.707107 -0.707107 -0 0.321004 0.879801
-0.848528 -0.848528 -0 0.303226 0.825966
-0.802957 -0.891774 -0 0.292351 0.834951
-0.802957 -0.891774 -0 0.292351 0.834951
-0.848528 -0.848528 -0 0.303226 0.825966
-0.936783 -1.0404 -0 0.277369 0.787319
-0.848528 -0.848528 -0 0.303226 0.825966
-0.98995 -0.98995 -0 0.289227 0.777824
-0.936783 -1.0404 -0 0.277369 0.787319
-0.936783 -1.0404 -0 0.277369 0.787319
-0.98995 -0.98995 -0 0.289227 0.777824
-1.07061 -1.18903 -0 0.265567 0.745151
-0.98995 -0.98995 -0 0.289227 0.777824
-1.13137 -1.13137 -0 0.27823 0.735308
-1.07061 -1.18903 -0 0.265567 0.745151
-1.07061 -1.18903 -0 0.265567 0.745151
-1.13137 -1.13137 -0 0.27823 0.735308
-1.20444 -1.33766 -0 0.256243 0.708064
-1.13137 -1.13137 -0 0.27823 0.735308
-1.27279 -1.27279 -0 0.269567 0.697996
-1.20444 -1.33766 -0 0.256243 0.708064
-1.20444 -1.33766 -0 0.256243 0.708064
-1.27279 -1.27279 -0 0.269567 0.697996
-1.33826 -1.48629 -0 0.248834 0.675519
-1.27279 -1.27279 -0 0.269567 0.697996
-1.41421 -1.41421 -0 0.2627 0.665314
-1.33826 -1.48629 -0 0.248834 0.675519
-1.33826 -1.48629 -0 0.248834 0.675519
-1.41421 -1.41421 -0 0.2627 0.665314
-1.47209 -1.63492 -0 0.242902 0.646945
-1.41421 -1.41421 -0 0.2627 0.665314
-1.55563 -1.55563 -0 0.257216 0.636666
-1.47209 -1.63492 -0 0.242902 0.646945
-1.47209 -1.63492 -0 0.242902 0.646945
-1.55563 -1.55563 -0 0.257216 0.636666
-1.74253 -1.93527 0.04 0.232209 0.592374
-1.55563 -1.55563 -0 0.257216 0.636666
-1.84142 -1.84142 0.04 0.24734 0.58205
-1.74253 -1.93527 0.04 0.232209 0.592374
-1.74253 -1.93527 0.04 0.232209 0.592374
-1.84142 -1.84142 0.04 0.24734 0.58205
-1.87635 -2.0839 0.16 0.223939 0.552739
-1.84142 -1.84142 0.04 0.24734 0.58205
-1.98284 -1.98284 0.16 0.239674 0.542418
-1.87635 -2.0839 0.16 0.223939 0.552739
-1.87635 -2.0839 0.16 0.223939 0.552739
-1.98284 -1.98284 0.16 0.239674 0.542418
-2.01018 -2.23253 0.36 0.214105 0.502223
-1.98284 -1.98284 0.16 0.239674 0.542418
-2.12426 -2.12426 0.36 0.23056 0.491978
-2.01018 -2.23253 0.36 0.214105 0.502223
-2.01018 -2.23253 0.36 0.214105 0.502223
-2.12426 -2.12426 0.36 0.23056 0.491978
-2.144 -2.38116 0.64 0.203788 0.440765
-2.12426 -2.12426 0.36 0.23056 0.491978
-2.26569 -2.26569 0.64 0.22101 0.430731
-2.144 -2.38116 0.64 0.203788 0.440765
-2.144 -2.38116 0.64 0.203788 0.440765
-2.26569 -2.26569 0.64 0.22101 0.430731
-2.27783 -2.52979 1 0.19433 0.369058
-2.26569 -2.26569 0.64 0.22101 0.430731
-2.40711 -2.40711 1 0.212284 0.359432
-2.27783 -2.52979 1 0.19433 0.369058
-2.27783 -2.52979 1 0.19433 0.369058
-2.40711 -2.40711 1 0.212284 0.359432
-2.41166 -2.67842 1.44 0.18723 0.289112
-2.40711 -2.40711 1 0.212284 0.359432
-2.54853 -2.54853 1.44 0.205789 0.280144
-2.41166 -2.67842 1.44 0.18723 0.289112
-2.41166 -2.67842 1.44 0.18723 0.289112
-2.54853 -2.54853 1.44 0.205789 0.280144
-2.54548 -2.82704 1.96 0.183814 0.204399
-2.54853 -2.54853 1.44 0.205789 0.280144
-2.68995 -2.68995 1.96 0.20276 0.196365
-2.54548 -2.82704 1.96 0.183814 0.204399
-2.54548 -2.82704 1.96 0.183814 0.204399
-2.68995 -2.68995 1.96 0.20276 0.196365
-2.67931 -2.97567 2.56 0.184813 0.119281
-2.68995 -2.68995 1.96 0.20276 0.196365
-2.83137 -2.83137 2.56 0.203867 0.112432
-2.67931 -2.97567 2.56 0.184813 0.119281
-0.49128 -0.155429 -0 0.445298 0.995463
-0.49128 -0.148629 -0 0.447178 0.99575
-0.49128 -0.310858 -0 0.403178 0.986573
-0.49128 -0.148629 -0 0.447178 0.99575
-0.49128 -0.297258 -0 0.406785 0.98752
-0.49128 -0.310858 -0 0.403178 0.986573
-0.49128 -0.310858 -0 0.403178 0.986573
-0.49128 -0.297258 -0 0.406785 0.98752
-0.49128 -0.466288 -0 0.363341 0.973733
-0.49128 -0.297258 -0 0.406785 0.98752
-0.49128 -0.445887 -0 0.36841 0.975612
-0.49128 -0.466288 -0 0.363341 0.973733
-0.49128 -0.466288 -0 0.363341 0.973733
-0.49128 -0.445887 -0 0.36841 0.975612
-0.503456 -0.621717 -0 0.327209 0.953793
-0.49128 -0.445887 -0 0.36841 0.975612
-0.535304 -0.594516 -0 0.335131 0.946041
-0.503456 -0.621717 -0 0.327209 0.953793
-0.503456 -0.621717 -0 0.327209 0.953793
-0.535304 -0.594516 -0 0.335131 0.946041
-0.62932 -0.777146 -0 0.301989 0.896863
-0.535304 -0.594516 -0 0.335131 0.946041
-0.669131 -0.743145 -0 0.311326 0.888065
-0.62932 -0.777146 -0 0.301989 0.896863
-0.62932 -0.777146 -0 0.301989 0.896863
-0.669131 -0.743145 -0 0.311326 0.888065
-0.755184 -0.932575 -0 0.281833 0.844523
-0.669131 -0.743145 -0 0.311326 0.888065
-0.802957 -0.891774 -0 0.292351 0.834951
-0.755184 -0.932575 -0 0.281833 0.844523
-0.755184 -0.932575 -0 0.281833 0.844523
-0.802957 -0.891774 -0 0.292351 0.834951
-0.881049 -1.088 -0 0.265872 0.797445
-0.802957 -0.891774 -0 0.292351 0.834951
-0.936783 -1.0404 -0 0.277369 0.787319
-0.881049 -1.088 -0 0.265872 0.797445
-0.881049 -1.088 -0 0.265872 0.797445
-0.936783 -1.0404 -0 0.277369 0.787319
-1.00691 -1.24343 -0 0.253263 0.755657
-0.936783 -1.0404 -0 0.277369 0.787319
-1.07061 -1.18903 -0 0.265567 0.745151
-1.00691 -1.24343 -0 0.253263 0.755657
-1.00691 -1.24343 -0 0.253263 0.755657
-1.07061 -1.18903 -0 0.265567 0.745151
-1.13278 -1.39886 -0 0.243274 0.718822
-1.07061 -1.18903 -0 0.265567 0.745151
-1.20444 -1.33766 -0 0.256243 0.708064
-1.13278 -1.39886 -0 0.243274 0.718822
-1.13278 -1.39886 -0 0.243274 0.718822
-1.20444 -1.33766 -0 0.256243 0.708064
-1.25864 -1.55429 -0 0.235316 0.686433
-1.20444 -1.33766 -0 0.256243 0.708064
-1.33826 -1.48629 -0 0.248834 0.675519
-1.25864 -1.55429 -0 0.235316 0.686433
-1.25864 -1.55429 -0 0.235316 0.686433
-1.33826 -1.48629 -0 0.248834 0.675519
-1.3845 -1.70972 -0 0.228926 0.657946
-1.33826 -1.48629 -0 0.248834 0.675519
-1.47209 -1.63492 -0 0.242902 0.646945
-1.3845 -1.70972 -0 0.228926 0.657946
-1.3845 -1.70972 -0 0.228926 0.657946
-1.47209 -1.63492 -0 0.242902 0.646945
-1.63885 -2.02381 0.04 0.217395 0.603443
-1.47209 -1.63492 -0 0.242902 0.646945
-1.74253 -1.93527 0.04 0.232209 0.592374
-1.63885 -2.02381 0.04 0.217395 0.603443
-1.63885 -2.02381 0.04 0.217395 0.603443
-1.74253 -1.93527 0.04 0.232209 0.592374
-1.76472 -2.17924 0.16 0.208509 0.563815
-1.74253 -1.93527 0.04 0.232209 0.592374
-1.87635 -2.0839 0.16 0.223939 0.552739
-1.76472 -2.17924 0.16 0.208509 0.563815
-1.76472 -2.17924 0.16 0.208509 0.563815
-1.87635 -2.0839 0.16 0.223939 0.552739
-1.89058 -2.33467 0.36 0.197942 0.513228
-1.87635 -2.0839 0.16 0.223939 0.552739
-2.01018 -2.23253 0.36 0.214105 0.502223
-1.89058 -2.33467 0.36 0.197942 0.513228
-1.89058 -2.33467 0.36 0.197942 0.513228
-2.01018 -2.23253 0.36 0.214105 0.502223
-2.01645 -2.4901 0.64 0.186836 0.451554
-2.01018 -2.23253 0.36 0.214105 0.502223
-2.144 -2.38116 0.64 0.203788 0.440765
-2.01645 -2.4901 0.64 0.186836 0.451554
-2.01645 -2.4901 0.64 0.186836 0.451554
-2.144 -2.38116 0.64 0.203788 0.440765
-2.14231 -2.64553 1 0.176615 0.379415
-2.144 -2.38116 0.64 0.203788 0.440765
-2.27783 -2.52979 1 0.19433 0.369058
-2.14231 -2.64553 1 0.176615 0.379415
-2.14231 -2.64553 1 0.176615 0.379415
-2.27783 -2.52979 1 0.19433 0.369058
-2.26817 -2.80096 1.44 0.168872 0.298759
-2.27783 -2.52979 1 0.19433 0.369058
-2.41166 -2.67842 1.44 0.18723 0.289112
-2.26817 -2.80096 1.44 0.168872 0.298759
-2.26817 -2.80096 1.44 0.168872 0.298759
-2.41166 -2.67842 1.44 0.18723 0.289112
-2.39404 -2.95639 1.96 0.165027 0.213031
-2.41166 -2.67842 1.44 0.18723 0.289112
-2.54548 -2.82704 1.96 0.183814 0.204399
-2.39404 -2.95639 1.96 0.165027 0.213031
-2.39404 -2.95639 1.96 0.165027 0.213031
-2.54548 -2.82704 1.96 0.183814 0.204399
-2.5199 -3.11182 2.56 0.165876 0.126621
-2.54548 -2.82704 1.96 0.183814 0.204399
-2.67931 -2.97567 2.56 0.184813 0.119281
-2.5199 -3.11182 2.56 0.165876 0.126621
-0.49128 -0.161803 -0 0.443538 0.995186
-0.49128 -0.155429 -0 0.445298 0.995463
-0.49128 -0.323607 -0 0.399812 0.985657
-0.49128 -0.155429 -0 0.445298 0.995463
-0.49128 -0.310858 -0 0.403178 0.986573
-0.49128 -0.323607 -0 0.399812 0.985657
-0.49128 -0.323607 -0 0.399812 0.985657
-0.49128 -0.310858 -0 0.403178 0.986573
-0.49128 -0.48541 -0 0.358638 0.971924
-0.49128 -0.310858 -0 0.403178 0.986573
-0.49128 -0.466288 -0 0.363341 0.973733
-0.49128 -0.48541 -0 0.358638 0.971924
-0.49128 -0.48541 -0 0.358638 0.971924
-0.49128 -0.466288 -0 0.363341 0.973733
-0.49128 -0.647214 -0 0.320814 0.955024
-0.49128 -0.466288 -0 0.363341 0.973733
-0.503456 -0.621717 -0 0.327209 0.953793
-0.49128 -0.647214 -0 0.320814 0.955024
-0.49128 -0.647214 -0 0.320814 0.955024
-0.503456 -0.621717 -0 0.327209 0.953793
-0.587785 -0.809017 -0 0.293015 0.906189
-0.503456 -0.621717 -0 0.327209 0.953793
-0.62932 -0.777146 -0 0.301989 0.896863
-0.587785 -0.809017 -0 0.293015 0.906189
-0.587785 -0.809017 -0 0.293015 0.906189
-0.62932 -0.777146 -0 0.301989 0.896863
-0.705342 -0.97082 -0 0.271692 0.854681
-0.62932 -0.777146 -0 0.301989 0.896863
-0.755184 -0.932575 -0 0.281833 0.844523
-0.705342 -0.97082 -0 0.271692 0.854681
-0.705342 -0.97082 -0 0.271692 0.854681
-0.755184 -0.932575 -0 0.281833 0.844523
-0.822899 -1.13262 -0 0.254759 0.808201
-0.755184 -0.932575 -0 0.281833 0.844523
-0.881049 -1.088 -0 0.265872 0.797445
-0.822899 -1.13262 -0 0.254759 0.808201
-0.822899 -1.13262 -0 0.254759 0.808201
-0.881049 -1.088 -0 0.265872 0.797445
-0.940456 -1.29443 -0 0.241343 0.76683
-0.881049 -1.088 -0 0.265872 0.797445
-1.00691 -1.24343 -0 0.253263 0.755657
-0.940456 -1.29443 -0 0.241343 0.76683
-0.940456 -1.29443 -0 0.241343 0.76683
-1.00691 -1.24343 -0 0.253263 0.755657
-1.05801 -1.45623 -0 0.230684 0.730272
-1.00691 -1.24343 -0 0.253263 0.755657
-1.13278 -1.39886 -0 0.243274 0.718822
-1.05801 -1.45623 -0 0.230684 0.730272
-1.05801 -1.45623 -0 0.230684 0.730272
-1.13278 -1.39886 -0 0.243274 0.718822
-1.17557 -1.61803 -0 0.222167 0.698061
-1.13278 -1.39886 -0 0.243274 0.718822
-1.25864 -1.55429 -0 0.235316 0.686433
-1.17557 -1.61803 -0 0.222167 0.698061
-1.17557 -1.61803 -0 0.222167 0.698061
-1.25864 -1.55429 -0 0.235316 0.686433
-1.29313 -1.77984 -0 0.215311 0.669677
-1.25864 -1.55429 -0 0.235316 0.686433
-1.3845 -1.70972 -0 0.228926 0.657946
-1.29313 -1.77984 -0 0.215311 0.669677
-1.29313 -1.77984 -0 0.215311 0.669677
-1.3845 -1.70972 -0 0.228926 0.657946
-1.53069 -2.10681 0.04 0.202923 0.615262
-1.3845 -1.70972 -0 0.228926 0.657946
-1.63885 -2.02381 0.04 0.217395 0.603443
-1.53069 -2.10681 0.04 0.202923 0.615262
-1.53069 -2.10681 0.04 0.202923 0.615262
-1.63885 -2.02381 0.04 0.217395 0.603443
-1.64825 -2.26862 0.16 0.193407 0.575654
-1.63885 -2.02381 0.04 0.217395 0.603443
-1.76472 -2.17924 0.16 0.208509 0.563815
-1.64825 -2.26862 0.16 0.193407 0.575654
-1.64825 -2.26862 0.16 0.193407 0.575654
-1.76472 -2.17924 0.16 0.208509 0.563815
-1.7658 -2.43042 0.36 0.182089 0.525003
-1.76472 -2.17924 0.16 0.208509 0.563815
-1.89058 -2.33467 0.36 0.197942 0.513228
-1.7658 -2.43042 0.36 0.182089 0.525003
-1.7658 -2.43042 0.36 0.182089 0.525003
-1.89058 -2.33467 0.36 0.197942 0.513228
-1.88336 -2.59222 0.64 0.170169 0.463108
-1.89058 -2.33467 0.36 0.197942 0.513228
-2.01645 -2.4901 0.64 0.186836 0.451554
-1.88336 -2.59222 0.64 0.170169 0.463108
-1.88336 -2.59222 0.64 0.170169 0.463108
-2.01645 -2.4901 0.64 0.186836 0.451554
-2.00092 -2.75403 1 0.15915 0.390512
-2.01645 -2.4901 0.64 0.186836 0.451554
-2.14231 -2.64553 1 0.176615 0.379415
-2.00092 -2.75403 1 0.15915 0.390512
-2.00092 -2.75403 1 0.15915 0.390512
-2.14231 -2.64553 1 0.176615 0.379415
-2.11847 -2.91583 1.44 0.150723 0.309094
-2.14231 -2.64553 1 0.176615 0.379415
-2.26817 -2.80096 1.44 0.168872 0.298759
-2.11847 -2.91583 1.44 0.150723 0.309094
-2.11847 -2.91583 1.44 0.150723 0.309094
-2.26817 -2.80096 1.44 0.168872 0.298759
-2.23603 -3.07763 1.96 0.146401 0.222267
-2.26817 -2.80096 1.44 0.168872 0.298759
-2.39404 -2.95639 1.96 0.165027 0.213031
-2.23603 -3.07763 1.96 0.146401 0.222267
-2.23603 -3.07763 1.96 0.146401 0.222267
-2.39404 -2.95639 1.96 0.165027 0.213031
-2.35359 -3.23944 2.56 0.147054 0.134454
-2.39404 -2.95639 1.96 0.165027 0.213031
-2.5199 -3.11182 2.56 0.165876 0.126621
-2.35359 -3.23944 2.56 0.147054 0.134454
-0.49128 -0.167734 -0 0.441903 0.994921
-0.49128 -0.161803 -0 0.443538 0.995186
-0.49128 -0.335468 -0 0.396695 0.984782
-0.49128 -0.161803 -0 0.443538 0.995186
-0.49128 -0.323607 -0 0.399812 0.985657
-0.49128 -0.335468 -0 0.396695 0.984782
-0.49128 -0.335468 -0 0.396695 0.984782
-0.49128 -0.323607 -0 0.399812 0.985657
-0.49128 -0.503202 -0 0.354304 0.9702
-0.49128 -0.323607 -0 0.399812 0.985657
-0.49128 -0.48541 -0 0.358638 0.971924
-0.49128 -0.503202 -0 0.354304 0.9702
-0.49128 -0.503202 -0 0.354304 0.9702
-0.49128 -0.48541 -0 0.358638 0.971924
-0.49128 -0.670936 -0 0.315579 0.952347
-0.49128 -0.48541 -0 0.358638 0.971924
-0.49128 -0.647214 -0 0.320814 0.955024
-0.49128 -0.670936 -0 0.315579 0.952347
-0.49128 -0.670936 -0 0.315579 0.952347
-0.49128 -0.647214 -0 0.320814 0.955024
-0.544639 -0.838671 -0 0.284422 0.91604
-0.49128 -0.647214 -0 0.320814 0.955024
-0.587785 -0.809017 -0 0.293015 0.906189
-0.544639 -0.838671 -0 0.284422 0.91604
-0.544639 -0.838671 -0 0.284422 0.91604
-0.587785 -0.809017 -0 0.293015 0.906189
-0.653567 -1.0064 -0 0.261951 0.865424
-0.587785 -0.809017 -0 0.293015 0.906189
-0.705342 -0.97082 -0 0.271692 0.854681
-0.653567 -1.0064 -0 0.261951 0.865424
-0.653567 -1.0064 -0 0.261951 0.865424
-0.705342 -0.97082 -0 0.271692 0.854681
-0.762495 -1.17414 -0 0.244053 0.81959
-0.705342 -0.97082 -0 0.271692 0.854681
-0.822899 -1.13262 -0 0.254759 0.808201
-0.762495 -1.17414 -0 0.244053 0.81959
-0.762495 -1.17414 -0 0.244053 0.81959
-0.822899 -1.13262 -0 0.254759 0.808201
-0.871422 -1.34187 -0 0.229829 0.77867
-0.822899 -1.13262 -0 0.254759 0.808201
-0.940456 -1.29443 -0 0.241343 0.76683
-0.871422 -1.34187 -0 0.229829 0.77867
-0.871422 -1.34187 -0 0.229829 0.77867
-0.940456 -1.29443 -0 0.241343 0.76683
-0.98035 -1.50961 -0 0.218495 0.742419
-0.940456 -1.29443 -0 0.241343 0.76683
-1.05801 -1.45623 -0 0.230684 0.730272
-0.98035 -1.50961 -0 0.218495 0.742419
-0.98035 -1.50961 -0 0.218495 0.742419
-1.05801 -1.45623 -0 0.230684 0.730272
-1.08928 -1.67734 -0 0.209413 0.710406
-1.05801 -1.45623 -0 0.230684 0.730272
-1.17557 -1.61803 -0 0.222167 0.698061
-1.08928 -1.67734 -0 0.209413 0.710406
-1.08928 -1.67734 -0 0.209413 0.710406
-1.17557 -1.61803 -0 0.222167 0.698061
-1.19821 -1.84508 -0 0.202081 0.682142
-1.17557 -1.61803 -0 0.222167 0.698061
-1.29313 -1.77984 -0 0.215311 0.669677
-1.19821 -1.84508 -0 0.202081 0.682142
-1.19821 -1.84508 -0 0.202081 0.682142
-1.29313 -1.77984 -0 0.215311 0.669677
-1.41833 -2.18404 0.04 0.188813 0.627843
-1.29313 -1.77984 -0 0.215311 0.669677
-1.53069 -2.10681 0.04 0.202923 0.615262
-1.41833 -2.18404 0.04 0.188813 0.627843
-1.41833 -2.18404 0.04 0.188813 0.627843
-1.53069 -2.10681 0.04 0.202923 0.615262
-1.52726 -2.35177 0.16 0.178655 0.588266
-1.53069 -2.10681 0.04 0.202923 0.615262
-1.64825 -2.26862 0.16 0.193407 0.575654
-1.52726 -2.35177 0.16 0.178655 0.588266
-1.52726 -2.35177 0.16 0.178655 0.588266
-1.64825 -2.26862 0.16 0.193407 0.575654
-1.63618 -2.5195 0.36 0.166565 0.537561
-1.64825 -2.26862 0.16 0.193407 0.575654
-1.7658 -2.43042 0.36 0.182089 0.525003
-1.63618 -2.5195 0.36 0.166565 0.537561
-1.63618 -2.5195 0.36 0.166565 0.537561
-1.7658 -2.43042 0.36 0.182089 0.525003
-1.74511 -2.68724 0.64 0.153803 0.475441
-1.7658 -2.43042 0.36 0.182089 0.525003
-1.88336 -2.59222 0.64 0.170169 0.463108
-1.74511 -2.68724 0.64 0.153803 0.475441
-1.74511 -2.68724 0.64 0.153803 0.475441
-1.88336 -2.59222 0.64 0.170169 0.463108
-1.85404 -2.85497 1 0.141948 0.402363
-1.88336 -2.59222 0.64 0.170169 0.463108
-2.00092 -2.75403 1 0.15915 0.390512
-1.85404 -2.85497 1 0.141948 0.402363
-1.85404 -2.85497 1 0.141948 0.402363
-2.00092 -2.75403 1 0.15915 0.390512
-1.96297 -3.02271 1.44 0.132788 0.320129
-2.00092 -2.75403 1 0.15915 0.390512
-2.11847 -2.91583 1.44 0.150723 0.309094
-1.96297 -3.02271 1.44 0.132788 0.320129
-1.96297 -3.02271 1.44 0.132788 0.320129
-2.11847 -2.91583 1.44 0.150723 0.309094
-2.0719 -3.19044 1.96 0.127937 0.232115
-2.11847 -2.91583 1.44 0.150723 0.309094
-2.23603 -3.07763 1.96 0.146401 0.222267
-2.0719 -3.19044 1.96 0.127937 0.232115
-2.0719 -3.19044 1.96 0.127937 0.232115
-2.23603 -3.07763 1.96 0.146401 0.222267
-2.18082 -3.35817 2.56 0.128344 0.142782
-2.23603 -3.07763 1.96 0.146401 0.222267
-2.35359 -3.23944 2.56 0.147054 0.134454
-2.18082 -3.35817 2.56 0.128344 0.142782
-0.49128 -0.173205 -0 0.440396 0.994671
-0.49128 -0.167734 -0 0.441903 0.994921
-0.49128 -0.34641 -0 0.393832 0.983955
-0.49128 -0.167734 -0 0.441903 0.994921
-0.49128 -0.335468 -0 0.396695 0.984782
-0.49128 -0.34641 -0 0.393832 0.983955
-0.49128 -0.34641 -0 0.393832 0.983955
-0.49128 -0.335468 -0 0.396695 0.984782
-0.49128 -0.519615 -0 0.350343 0.968578
-0.49128 -0.335468 -0 0.396695 0.984782
-0.49128 -0.503202 -0 0.354304 0.9702
-0.49128 -0.519615 -0 0.350343 0.968578
-0.49128 -0.519615 -0 0.350343 0.968578
-0.49128 -0.503202 -0 0.354304 0.9702
-0.49128 -0.69282 -0 0.310822 0.949841
-0.49128 -0.503202 -0 0.354304 0.9702
-0.49128 -0.670936 -0 0.315579 0.952347
-0.49128 -0.69282 -0 0.310822 0.949841
-0.49128 -0.69282 -0 0.310822 0.949841
-0.49128 -0.670936 -0 0.315579 0.952347
-0.5 -0.866025 -0 0.276232 0.926409
-0.49128 -0.670936 -0 0.315579 0.952347
-0.544639 -0.838671 -0 0.284422 0.91604
-0.5 -0.866025 -0 0.276232 0.926409
-0.5 -0.866025 -0 0.276232 0.926409
-0.544639 -0.838671 -0 0.284422 0.91604
-0.6 -1.03923 -0 0.252632 0.876748
-0.544639 -0.838671 -0 0.284422 0.91604
-0.653567 -1.0064 -0 0.261951 0.865424
-0.6 -1.03923 -0 0.252632 0.876748
-0.6 -1.03923 -0 0.252632 0.876748
-0.653567 -1.0064 -0 0.261951 0.865424
-0.7 -1.21244 -0 0.233776 0.831608
-0.653567 -1.0064 -0 0.261951 0.865424
-0.762495 -1.17414 -0 0.244053 0.81959
-0.7 -1.21244 -0 0.233776 0.831608
-0.7 -1.21244 -0 0.233776 0.831608
-0.762495 -1.17414 -0 0.244053 0.81959
-0.8 -1.38564 -0 0.218745 0.791181
-0.762495 -1.17414 -0 0.244053 0.81959
-0.871422 -1.34187 -0 0.229829 0.77867
-0.8 -1.38564 -0 0.218745 0.791181
-0.8 -1.38564 -0 0.218745 0.791181
-0.871422 -1.34187 -0 0.229829 0.77867
-0.9 -1.55885 -0 0.20673 0.755267
-0.871422 -1.34187 -0 0.229829 0.77867
-0.98035 -1.50961 -0 0.218495 0.742419
-0.9 -1.55885 -0 0.20673 0.755267
-0.9 -1.55885 -0 0.20673 0.755267
-0.98035 -1.50961 -0 0.218495 0.742419
-1 -1.73205 -0 0.197074 0.723476
-0.98035 -1.50961 -0 0.218495 0.742419
-1.08928 -1.67734 -0 0.209413 0.710406
-1 -1.73205 -0 0.197074 0.723476
-1 -1.73205 -0 0.197074 0.723476
-1.08928 -1.67734 -0 0.209413 0.710406
-1.1 -1.90526 -0 0.189257 0.69535
-1.08928 -1.67734 -0 0.209413 0.710406
-1.19821 -1.84508 -0 0.202081 0.682142
-1.1 -1.90526 -0 0.189257 0.69535
-1.1 -1.90526 -0 0.189257 0.69535
-1.19821 -1.84508 -0 0.202081 0.682142
-1.30208 -2.25527 0.04 0.175086 0.641195
-1.19821 -1.84508 -0 0.202081 0.682142
-1.41833 -2.18404 0.04 0.188813 0.627843
-1.30208 -2.25527 0.04 0.175086 0.641195
-1.30208 -2.25527 0.04 0.175086 0.641195
-1.41833 -2.18404 0.04 0.188813 0.627843
-1.40208 -2.42848 0.16 0.16427 0.601665
-1.41833 -2.18404 0.04 0.188813 0.627843
-1.52726 -2.35177 0.16 0.178655 0.588266
-1.40208 -2.42848 0.16 0.16427 0.601665
-1.40208 -2.42848 0.16 0.16427 0.601665
-1.52726 -2.35177 0.16 0.178655 0.588266
-1.50208 -2.60168 0.36 0.151386 0.550914
-1.52726 -2.35177 0.16 0.178655 0.588266
-1.63618 -2.5195 0.36 0.166565 0.537561
-1.50208 -2.60168 0.36 0.151386 0.550914
-1.50208 -2.60168 0.36 0.151386 0.550914
-1.63618 -2.5195 0.36 0.166565 0.537561
-1.60208 -2.77489 0.64 0.13775 0.488568
-1.63618 -2.5195 0.36 0.166565 0.537561
-1.74511 -2.68724 0.64 0.153803 0.475441
-1.60208 -2.77489 0.64 0.13775 0.488568
-1.60208 -2.77489 0.64 0.13775 0.488568
-1.74511 -2.68724 0.64 0.153803 0.475441
-1.70208 -2.94809 1 0.125017 0.414983
-1.74511 -2.68724 0.64 0.153803 0.475441
-1.85404 -2.85497 1 0.141948 0.402363
-1.70208 -2.94809 1 0.125017 0.414983
-1.70208 -2.94809 1 0.125017 0.414983
-1.85404 -2.85497 1 0.141948 0.402363
-1.80208 -3.1213 1.44 0.115071 0.331877
-1.85404 -2.85497 1 0.141948 0.402363
-1.96297 -3.02271 1.44 0.132788 0.320129
-1.80208 -3.1213 1.44 0.115071 0.331877
-1.80208 -3.1213 1.44 0.115071 0.331877
-1.96297 -3.02271 1.44 0.132788 0.320129
-1.90208 -3.2945 1.96 0.10963 0.242585
-1.96297 -3.02271 1.44 0.132788 0.320129
-2.0719 -3.19044 1.96 0.127937 0.232115
-1.90208 -3.2945 1.96 0.10963 0.242585
-1.90208 -3.2945 1.96 0.10963 0.242585
-2.0719 -3.19044 1.96 0.127937 0.232115
-2.00208 -3.46771 2.56 0.109737 0.151609
-2.0719 -3.19044 1.96 0.127937 0.232115
-2.18082 -3.35817 2.56 0.128344 0.142782
-2.00208 -3.46771 2.56 0.109737 0.151609
-0.49128 -0.178201 -0 0.439022 0.994438
-0.49128 -0.173205 -0 0.440396 0.994671
-0.49128 -0.356403 -0 0.391229 0.983182
-0.49128 -0.173205 -0 0.440396 0.994671
-0.49128 -0.34641 -0 0.393832 0.983955
-0.49128 -0.356403 -0 0.391229 0.983182
-0.49128 -0.356403 -0 0.391229 0.983182
-0.49128 -0.34641 -0 0.393832 0.983955
-0.49128 -0.534604 -0 0.346757 0.967069
-0.49128 -0.34641 -0 0.393832 0.983955
-0.49128 -0.519615 -0 0.350343 0.968578
-0.49128 -0.534604 -0 0.346757 0.967069
-0.49128 -0.534604 -0 0.346757 0.967069
-0.49128 -0.519615 -0 0.350343 0.968578
-0.49128 -0.712805 -0 0.306539 0.947525
-0.49128 -0.519615 -0 0.350343 0.968578
-0.49128 -0.69282 -0 0.310822 0.949841
-0.49128 -0.712805 -0 0.306539 0.947525
-0.49128 -0.712805 -0 0.306539 0.947525
-0.49128 -0.69282 -0 0.310822 0.949841
-0.49128 -0.891007 -0 0.270945 0.925979
-0.49128 -0.69282 -0 0.310822 0.949841
-0.5 -0.866025 -0 0.276232 0.926409
-0.49128 -0.891007 -0 0.270945 0.925979
-0.49128 -0.891007 -0 0.270945 0.925979
-0.5 -0.866025 -0 0.276232 0.926409
-0.544789 -1.06921 -0 0.243755 0.888651
-0.5 -0.866025 -0 0.276232 0.926409
-0.6 -1.03923 -0 0.252632 0.876748
-0.544789 -1.06921 -0 0.243755 0.888651
-0.544789 -1.06921 -0 0.243755 0.888651
-0.6 -1.03923 -0 0.252632 0.876748
-0.635587 -1.24741 -0 0.223951 0.844259
-0.6 -1.03923 -0 0.252632 0.876748
-0.7 -1.21244 -0 0.233776 0.831608
-0.635587 -1.24741 -0 0.223951 0.844259
-0.635587 -1.24741 -0 0.223951 0.844259
-0.7 -1.21244 -0 0.233776 0.831608
-0.726385 -1.42561 -0 0.208111 0.804365
-0.7 -1.21244 -0 0.233776 0.831608
-0.8 -1.38564 -0 0.218745 0.791181
-0.726385 -1.42561 -0 0.208111 0.804365
-0.726385 -1.42561 -0 0.208111 0.804365
-0.8 -1.38564 -0 0.218745 0.791181
-0.817183 -1.60381 -0 0.195412 0.768821
-0.8 -1.38564 -0 0.218745 0.791181
-0.9 -1.55885 -0 0.20673 0.755267
-0.817183 -1.60381 -0 0.195412 0.768821
-0.817183 -1.60381 -0 0.195412 0.768821
-0.9 -1.55885 -0 0.20673 0.755267
-0.907981 -1.78201 -0 0.185173 0.737278
-0.9 -1.55885 -0 0.20673 0.755267
-1 -1.73205 -0 0.197074 0.723476
-0.907981 -1.78201 -0 0.185173 0.737278
-0.907981 -1.78201 -0 0.185173 0.737278
-1 -1.73205 -0 0.197074 0.723476
-0.998779 -1.96021 -0 0.17686 0.709311
-1 -1.73205 -0 0.197074 0.723476
-1.1 -1.90526 -0 0.189257 0.69535
-0.998779 -1.96021 -0 0.17686 0.709311
-0.998779 -1.96021 -0 0.17686 0.709311
-1.1 -1.90526 -0 0.189257 0.69535
-1.18227 -2.32033 0.04 0.161762 0.65533
-1.1 -1.90526 -0 0.189257 0.69535
-1.30208 -2.25527 0.04 0.175086 0.641195
-1.18227 -2.32033 0.04 0.161762 0.65533
-1.18227 -2.32033 0.04 0.161762 0.65533
-1.30208 -2.25527 0.04 0.175086 0.641195
-1.27306 -2.49853 0.16 0.150271 0.615865
-1.30208 -2.25527 0.04 0.175086 0.641195
-1.40208 -2.42848 0.16 0.16427 0.601665
-1.27306 -2.49853 0.16 0.150271 0.615865
-1.27306 -2.49853 0.16 0.150271 0.615865
-1.40208 -2.42848 0.16 0.16427 0.601665
-1.36386 -2.67673 0.36 0.136569 0.56508
-1.40208 -2.42848 0.16 0.16427 0.601665
-1.50208 -2.60168 0.36 0.151386 0.550914
-1.36386 -2.67673 0.36 0.136569 0.56508
-1.36386 -2.67673 0.36 0.136569 0.56508
-1.50208 -2.60168 0.36 0.151386 0.550914
-1.45466 -2.85493 0.64 0.122023 0.502506
-1.50208 -2.60168 0.36 0.151386 0.550914
-1.60208 -2.77489 0.64 0.13775 0.488568
-1.45466 -2.85493 0.64 0.122023 0.502506
-1.45466 -2.85493 0.64 0.122023 0.502506
-1.60208 -2.77489 0.64 0.13775 0.488568
-1.54546 -3.03313 1 0.108363 0.42839
-1.60208 -2.77489 0.64 0.13775 0.488568
-1.70208 -2.94809 1 0.125017 0.414983
-1.54546 -3.03313 1 0.108363 0.42839
-1.54546 -3.03313 1 0.108363 0.42839
-1.70208 -2.94809 1 0.125017 0.414983
-1.63626 -3.21133 1.44 0.0975704 0.344354
-1.70208 -2.94809 1 0.125017 0.414983
-1.80208 -3.1213 1.44 0.115071 0.331877
-1.63626 -3.21133 1.44 0.0975704 0.344354
-1.63626 -3.21133 1.44 0.0975704 0.344354
-1.80208 -3.1213 1.44 0.115071 0.331877
-1.72705 -3.38953 1.96 0.091478 0.25369
-1.80208 -3.1213 1.44 0.115071 0.331877
-1.90208 -3.2945 1.96 0.10963 0.242585
-1.72705 -3.38953 1.96 0.091478 0.25369
-0.49128 -0.182709 -0 0.437783 0.994223
-0.49128 -0.178201 -0 0.439022 0.994438
-0.49128 -0.365418 -0 0.388889 0.982472
-0.49128 -0.178201 -0 0.439022 0.994438
-0.49128 -0.356403 -0 0.391229 0.983182
-0.49128 -0.365418 -0 0.388889 0.982472
-0.49128 -0.365418 -0 0.388889 0.982472
-0.49128 -0.356403 -0 0.391229 0.983182
-0.49128 -0.548127 -0 0.343548 0.965688
-0.49128 -0.356403 -0 0.391229 0.983182
-0.49128 -0.534604 -0 0.346757 0.967069
-0.49128 -0.548127 -0 0.343548 0.965688
-0.49128 -0.548127 -0 0.343548 0.965688
-0.49128 -0.534604 -0 0.346757 0.967069
-0.49128 -0.730836 -0 0.302726 0.945414
-0.49128 -0.534604 -0 0.346757 0.967069
-0.49128 -0.712805 -0 0.306539 0.947525
-0.49128 -0.730836 -0 0.302726 0.945414
-0.49128 -0.730836 -0 0.302726 0.945414
-0.49128 -0.712805 -0 0.306539 0.947525
-0.49128 -0.913545 -0 0.266772 0.923175
-0.49128 -0.712805 -0 0.306539 0.947525
-0.49128 -0.891007 -0 0.270945 0.925979
-0.49128 -0.913545 -0 0.266772 0.923175
-0.49128 -0.913545 -0 0.266772 0.923175
-0.49128 -0.891007 -0 0.270945 0.925979
-0.49128 -1.09625 -0 0.235571 0.900242
-0.49128 -0.891007 -0 0.270945 0.925979
-0.544789 -1.06921 -0 0.243755 0.888651
-0.49128 -1.09625 -0 0.235571 0.900242
-0.49128 -1.09625 -0 0.235571 0.900242
-0.544789 -1.06921 -0 0.243755 0.888651
-0.569431 -1.27896 -0 0.214597 0.857543
-0.544789 -1.06921 -0 0.243755 0.888651
-0.635587 -1.24741 -0 0.223951 0.844259
-0.569431 -1.27896 -0 0.214597 0.857543
-0.569431 -1.27896 -0 0.214597 0.857543
-0.635587 -1.24741 -0 0.223951 0.844259
-0.650779 -1.46167 -0 0.197951 0.818227
-0.635587 -1.24741 -0 0.223951 0.844259
-0.726385 -1.42561 -0 0.208111 0.804365
-0.650779 -1.46167 -0 0.197951 0.818227
-0.650779 -1.46167 -0 0.197951 0.818227
-0.726385 -1.42561 -0 0.208111 0.804365
-0.732126 -1.64438 -0 0.184561 0.783089
-0.726385 -1.42561 -0 0.208111 0.804365
-0.817183 -1.60381 -0 0.195412 0.768821
-0.732126 -1.64438 -0 0.184561 0.783089
-0.732126 -1.64438 -0 0.184561 0.783089
-0.817183 -1.60381 -0 0.195412 0.768821
-0.813473 -1.82709 -0 0.173731 0.751822
-0.817183 -1.60381 -0 0.195412 0.768821
-0.907981 -1.78201 -0 0.185173 0.737278
-0.813473 -1.82709 -0 0.173731 0.751822
-0.813473 -1.82709 -0 0.173731 0.751822
-0.907981 -1.78201 -0 0.185173 0.737278
-0.894821 -2.0098 -0 0.164911 0.724036
-0.907981 -1.78201 -0 0.185173 0.737278
-0.998779 -1.96021 -0 0.17686 0.709311
-0.894821 -2.0098 -0 0.164911 0.724036
-0.894821 -2.0098 -0 0.164911 0.724036
-0.998779 -1.96021 -0 0.17686 0.709311
-1.05921 -2.37902 0.04 0.148861 0.670264
-0.998779 -1.96021 -0 0.17686 0.709311
-1.18227 -2.32033 0.04 0.161762 0.65533
-1.05921 -2.37902 0.04 0.148861 0.670264
-1.05921 -2.37902 0.04 0.148861 0.670264
-1.18227 -2.32033 0.04 0.161762 0.65533
-1.14056 -2.56173 0.16 0.136675 0.630882
-1.18227 -2.32033 0.04 0.161762 0.65533
-1.27306 -2.49853 0.16 0.150271 0.615865
-1.14056 -2.56173 0.16 0.136675 0.630882
-1.14056 -2.56173 0.16 0.136675 0.630882
-1.27306 -2.49853 0.16 0.150271 0.615865
-1.2219 -2.74444 0.36 0.122128 0.580078
-1.27306 -2.49853 0.16 0.150271 0.615865
-1.36386 -2.67673 0.36 0.136569 0.56508
-1.2219 -2.74444 0.36 0.122128 0.580078
-1.2219 -2.74444 0.36 0.122128 0.580078
-1.36386 -2.67673 0.36 0.136569 0.56508
-1.30325 -2.92715 0.64 0.106631 0.517276
-1.36386 -2.67673 0.36 0.136569 0.56508
-1.45466 -2.85493 0.64 0.122023 0.502506
-1.30325 -2.92715 0.64 0.106631 0.517276
-1.30325 -2.92715 0.64 0.106631 0.517276
-1.45466 -2.85493 0.64 0.122023 0.502506
-1.3846 -3.10986 1 0.0919904 0.442606
-1.45466 -2.85493 0.64 0.122023 0.502506
-1.54546 -3.03313 1 0.108363 0.42839
-1.3846 -3.10986 1 0.0919904 0.442606
-1.3846 -3.10986 1 0.0919904 0.442606
-1.54546 -3.03313 1 0.108363 0.42839
-1.46595 -3.29257 1.44 0.080287 0.357582
-1.54546 -3.03313 1 0.108363 0.42839
-1.63626 -3.21133 1.44 0.0975704 0.344354
-1.46595 -3.29257 1.44 0.080287 0.357582
-0.49128 -0.186716 -0 0.436683 0.994029
-0.49128 -0.182709 -0 0.437783 0.994223
-0.49128 -0.373432 -0 0.386816 0.981831
-0.49128 -0.182709 -0 0.437783 0.994223
-0.49128 -0.365418 -0 0.388889 0.982472
-0.49128 -0.373432 -0 0.386816 0.981831
-0.49128 -0.373432 -0 0.386816 0.981831
-0.49128 -0.365418 -0 0.388889 0.982472
-0.49128 -0.560148 -0 0.340717 0.964444
-0.49128 -0.365418 -0 0.388889 0.982472
-0.49128 -0.548127 -0 0.343548 0.965688
-0.49128 -0.560148 -0 0.340717 0.964444
-0.49128 -0.560148 -0 0.340717 0.964444
-0.49128 -0.548127 -0 0.343548 0.965688
-0.49128 -0.746864 -0 0.299376 0.943521
-0.49128 -0.548127 -0 0.343548 0.965688
-0.49128 -0.730836 -0 0.302726 0.945414
-0.49128 -0.746864 -0 0.299376 0.943521
-0.49128 -0.746864 -0 0.299376 0.943521
-0.49128 -0.730836 -0 0.302726 0.945414
-0.49128 -0.93358 -0 0.263124 0.920675
-0.49128 -0.730836 -0 0.302726 0.945414
-0.49128 -0.913545 -0 0.266772 0.923175
-0.49128 -0.93358 -0 0.263124 0.920675
-0.49128 -0.93358 -0 0.263124 0.920675
-0.49128 -0.913545 -0 0.266772 0.923175
-0.49128 -1.1203 -0 0.2318 0.897226
-0.49128 -0.913545 -0 0.266772 0.923175
-0.49128 -1.09625 -0 0.235571 0.900242
-0.49128 -1.1203 -0 0.2318 0.897226
-0.49128 -1.1203 -0 0.2318 0.897226
-0.49128 -1.09625 -0 0.235571 0.900242
-0.501715 -1.30701 -0 0.205736 0.871461
-0.49128 -1.09625 -0 0.235571 0.900242
-0.569431 -1.27896 -0 0.214597 0.857543
-0.501715 -1.30701 -0 0.205736 0.871461
-0.501715 -1.30701 -0 0.205736 0.871461
-0.569431 -1.27896 -0 0.214597 0.857543
-0.573389 -1.49373 -0 0.188284 0.832771
-0.569431 -1.27896 -0 0.214597 0.857543
-0.650779 -1.46167 -0 0.197951 0.818227
-0.573389 -1.49373 -0 0.188284 0.832771
-0.573389 -1.49373 -0 0.188284 0.832771
-0.650779 -1.46167 -0 0.197951 0.818227
-0.645062 -1.68044 -0 0.174198 0.798077
-0.650779 -1.46167 -0 0.197951 0.818227
-0.732126 -1.64438 -0 0.184561 0.783089
-0.645062 -1.68044 -0 0.174198 0.798077
-0.645062 -1.68044 -0 0.174198 0.798077
-0.732126 -1.64438 -0 0.184561 0.783089
-0.716736 -1.86716 -0 0.162769 0.767118
-0.732126 -1.64438 -0 0.184561 0.783089
-0.813473 -1.82709 -0 0.173731 0.751822
-0.716736 -1.86716 -0 0.162769 0.767118
-0.716736 -1.86716 -0 0.162769 0.767118
-0.813473 -1.82709 -0 0.173731 0.751822
-0.788409 -2.05388 -0 0.15343 0.739536
-0.813473 -1.82709 -0 0.173731 0.751822
-0.894821 -2.0098 -0 0.164911 0.724036
-0.788409 -2.05388 -0 0.15343 0.739536
-0.788409 -2.05388 -0 0.15343 0.739536
-0.894821 -2.0098 -0 0.164911 0.724036
-0.933249 -2.4312 0.04 0.136402 0.686013
-0.894821 -2.0098 -0 0.164911 0.724036
-1.05921 -2.37902 0.04 0.148861 0.670264
-0.933249 -2.4312 0.04 0.136402 0.686013
-0.933249 -2.4312 0.04 0.136402 0.686013
-1.05921 -2.37902 0.04 0.148861 0.670264
-1.00492 -2.61791 0.16 0.123501 0.646736
-1.05921 -2.37902 0.04 0.148861 0.670264
-1.14056 -2.56173 0.16 0.136675 0.630882
-1.00492 -2.61791 0.16 0.123501 0.646736
-1.00492 -2.61791 0.16 0.123501 0.646736
-1.14056 -2.56173 0.16 0.136675 0.630882
-1.0766 -2.80463 0.36 0.108076 0.595931
-1.14056 -2.56173 0.16 0.136675 0.630882
-1.2219 -2.74444 0.36 0.122128 0.580078
-1.0766 -2.80463 0.36 0.108076 0.595931
-1.0766 -2.80463 0.36 0.108076 0.595931
-1.2219 -2.74444 0.36 0.122128 0.580078
-1.14827 -2.99134 0.64 0.0915855 0.532904
-1.2219 -2.74444 0.36 0.122128 0.580078
-1.30325 -2.92715 0.64 0.106631 0.517276
-1.14827 -2.99134 0.64 0.0915855 0.532904
-1.14827 -2.99134 0.64 0.0915855 0.532904
-1.30325 -2.92715 0.64 0.106631 0.517276
-1.21994 -3.17806 1 0.0759041 0.457657
-1.30325 -2.92715 0.64 0.106631 0.517276
-1.3846 -3.10986 1 0.0919904 0.442606
-1.21994 -3.17806 1 0.0759041 0.457657
-1.21994 -3.17806 1 0.0759041 0.457657
-1.3846 -3.10986 1 0.0919904 0.442606
-1.29162 -3.36478 1.44 0.0632175 0.371586
-1.3846 -3.10986 1 0.0919904 0.442606
-1.46595 -3.29257 1.44 0.080287 0.357582
-1.29162 -3.36478 1.44 0.0632175 0.371586
-0.49128 -0.190211 -0 0.435724 0.993857
-0.49128 -0.186716 -0 0.436683 0.994029
-0.49128 -0.380423 -0 0.385014 0.981264
-0.49128 -0.186716 -0 0.436683 0.994029
-0.49128 -0.373432 -0 0.386816 0.981831
-0.49128 -0.380423 -0 0.385014 0.981264
-0.49128 -0.380423 -0 0.385014 0.981264
-0.49128 -0.373432 -0 0.386816 0.981831
-0.49128 -0.570634 -0 0.338263 0.963347
-0.49128 -0.373432 -0 0.386816 0.981831
-0.49128 -0.560148 -0 0.340717 0.964444
-0.49128 -0.570634 -0 0.338263 0.963347
-0.49128 -0.570634 -0 0.338263 0.963347
-0.49128 -0.560148 -0 0.340717 0.964444
-0.49128 -0.760845 -0 0.296485 0.941858
-0.49128 -0.560148 -0 0.340717 0.964444
-0.49128 -0.746864 -0 0.299376 0.943521
-0.49128 -0.760845 -0 0.296485 0.941858
-0.49128 -0.760845 -0 0.296485 0.941858
-0.49128 -0.746864 -0 0.299376 0.943521
-0.49128 -0.951057 -0 0.259989 0.918488
-0.49128 -0.746864 -0 0.299376 0.943521
-0.49128 -0.93358 -0 0.263124 0.920675
-0.49128 -0.951057 -0 0.259989 0.918488
-0.49128 -0.951057 -0 0.259989 0.918488
-0.49128 -0.93358 -0 0.263124 0.920675
-0.49128 -1.14127 -0 0.228572 0.8946
-0.49128 -0.93358 -0 0.263124 0.920675
-0.49128 -1.1203 -0 0.2318 0.897226
-0.49128 -1.14127 -0 0.228572 0.8946
-0.49128 -1.14127 -0 0.228572 0.8946
-0.49128 -1.1203 -0 0.2318 0.897226
-0.49128 -1.33148 -0 0.201742 0.87115
-0.49128 -1.1203 -0 0.2318 0.897226
-0.501715 -1.30701 -0 0.205736 0.871461
-0.49128 -1.33148 -0 0.201742 0.87115
-0.49128 -1.33148 -0 0.201742 0.87115
-0.501715 -1.30701 -0 0.205736 0.871461
-0.494427 -1.52169 -0 0.179134 0.848004
-0.501715 -1.30701 -0 0.205736 0.871461
-0.573389 -1.49373 -0 0.188284 0.832771
-0.494427 -1.52169 -0 0.179134 0.848004
-0.494427 -1.52169 -0 0.179134 0.848004
-0.573389 -1.49373 -0 0.188284 0.832771
-0.556231 -1.7119 -0 0.164347 0.813796
-0.573389 -1.49373 -0 0.188284 0.832771
-0.645062 -1.68044 -0 0.174198 0.798077
-0.556231 -1.7119 -0 0.164347 0.813796
-0.556231 -1.7119 -0 0.164347 0.813796
-0.645062 -1.68044 -0 0.174198 0.798077
-0.618034 -1.90211 -0 0.152308 0.783177
-0.645062 -1.68044 -0 0.174198 0.798077
-0.716736 -1.86716 -0 0.162769 0.767118
-0.618034 -1.90211 -0 0.152308 0.783177
-0.618034 -1.90211 -0 0.152308 0.783177
-0.716736 -1.86716 -0 0.162769 0.767118
-0.679837 -2.09232 -0 0.14244 0.755826
-0.716736 -1.86716 -0 0.162769 0.767118
-0.788409 -2.05388 -0 0.15343 0.739536
-0.679837 -2.09232 -0 0.14244 0.755826
-0.679837 -2.09232 -0 0.14244 0.755826
-0.788409 -2.05388 -0 0.15343 0.739536
-0.804731 -2.47671 0.04 0.124403 0.702597
-0.788409 -2.05388 -0 0.15343 0.739536
-0.933249 -2.4312 0.04 0.136402 0.686013
-0.804731 -2.47671 0.04 0.124403 0.702597
-0.804731 -2.47671 0.04 0.124403 0.702597
-0.933249 -2.4312 0.04 0.136402 0.686013
-0.866534 -2.66692 0.16 0.110764 0.663449
-0.933249 -2.4312 0.04 0.136402 0.686013
-1.00492 -2.61791 0.16 0.123501 0.646736
-0.866534 -2.66692 0.16 0.110764 0.663449
-0.866534 -2.66692 0.16 0.110764 0.663449
-1.00492 -2.61791 0.16 0.123501 0.646736
-0.928337 -2.85713 0.36 0.094428 0.612663
-1.00492 -2.61791 0.16 0.123501 0.646736
-1.0766 -2.80463 0.36 0.108076 0.595931
-0.928337 -2.85713 0.36 0.094428 0.612663
-0.928337 -2.85713 0.36 0.094428 0.612663
-1.0766 -2.80463 0.36 0.108076 0.595931
-0.990141 -3.04734 0.64 0.0768944 0.549419
-1.0766 -2.80463 0.36 0.108076 0.595931
-1.14827 -2.99134 0.64 0.0915855 0.532904
-0.990141 -3.04734 0.64 0.0768944 0.549419
-0.990141 -3.04734 0.64 0.0768944 0.549419
-1.14827 -2.99134 0.64 0.0915855 0.532904
-1.05194 -3.23755 1 0.060107 0.473575
-1.14827 -2.99134 0.64 0.0915855 0.532904
-1.21994 -3.17806 1 0.0759041 0.457657
-1.05194 -3.23755 1 0.060107 0.473575
-0.49128 -0.193185 -0 0.434908 0.993709
-0.49128 -0.190211 -0 0.435724 0.993857
-0.49128 -0.38637 -0 0.383485 0.980775
-0.49128 -0.190211 -0 0.435724 0.993857
-0.49128 -0.380423 -0 0.385014 0.981264
-0.49128 -0.38637 -0 0.383485 0.980775
-0.49128 -0.38637 -0 0.383485 0.980775
-0.49128 -0.380423 -0 0.385014 0.981264
-0.49128 -0.579556 -0 0.336188 0.962405
-0.49128 -0.380423 -0 0.385014 0.981264
-0.49128 -0.570634 -0 0.338263 0.963347
-0.49128 -0.579556 -0 0.336188 0.962405
-0.49128 -0.579556 -0 0.336188 0.962405
-0.49128 -0.570634 -0 0.338263 0.963347
-0.49128 -0.772741 -0 0.294047 0.940435
-0.49128 -0.570634 -0 0.338263 0.963347
-0.49128 -0.760845 -0 0.296485 0.941858
-0.49128 -0.772741 -0 0.294047 0.940435
-0.49128 -0.772741 -0 0.294047 0.940435
-0.49128 -0.760845 -0 0.296485 0.941858
-0.49128 -0.965926 -0 0.257355 0.916625
-0.49128 -0.760845 -0 0.296485 0.941858
-0.49128 -0.951057 -0 0.259989 0.918488
-0.49128 -0.965926 -0 0.257355 0.916625
-0.49128 -0.965926 -0 0.257355 0.916625
-0.49128 -0.951057 -0 0.259989 0.918488
-0.49128 -1.15911 -0 0.225869 0.892369
-0.49128 -0.951057 -0 0.259989 0.918488
-0.49128 -1.14127 -0 0.228572 0.8946
-0.49128 -1.15911 -0 0.225869 0.892369
-0.49128 -1.15911 -0 0.225869 0.892369
-0.49128 -1.14127 -0 0.228572 0.8946
-0.49128 -1.3523 -0 0.199059 0.868638
-0.49128 -1.14127 -0 0.228572 0.8946
-0.49128 -1.33148 -0 0.201742 0.87115
-0.49128 -1.3523 -0 0.199059 0.868638
-0.49128 -1.3523 -0 0.199059 0.868638
-0.49128 -1.33148 -0 0.201742 0.87115
-0.49128 -1.54548 -0 0.176289 0.846024
-0.49128 -1.33148 -0 0.201742 0.87115
-0.494427 -1.52169 -0 0.179134 0.848004
-0.49128 -1.54548 -0 0.176289 0.846024
-0.49128 -1.54548 -0 0.176289 0.846024
-0.494427 -1.52169 -0 0.179134 0.848004
-0.49128 -1.73867 -0 0.156929 0.824834
-0.494427 -1.52169 -0 0.179134 0.848004
-0.556231 -1.7119 -0 0.164347 0.813796
-0.49128 -1.73867 -0 0.156929 0.824834
-0.49128 -1.73867 -0 0.156929 0.824834
-0.556231 -1.7119 -0 0.164347 0.813796
-0.517638 -1.93185 -0 0.14237 0.800012
-0.556231 -1.7119 -0 0.164347 0.813796
-0.618034 -1.90211 -0 0.152308 0.783177
-0.517638 -1.93185 -0 0.14237 0.800012
-0.517638 -1.93185 -0 0.14237 0.800012
-0.618034 -1.90211 -0 0.152308 0.783177
-0.569402 -2.12504 -0 0.13196 0.772923
-0.618034 -1.90211 -0 0.152308 0.783177
-0.679837 -2.09232 -0 0.14244 0.755826
-0.569402 -2.12504 -0 0.13196 0.772923
-0.569402 -2.12504 -0 0.13196 0.772923
-0.679837 -2.09232 -0 0.14244 0.755826
-0.674007 -2.51543 0.04 0.112885 0.720035
-0.679837 -2.09232 -0 0.14244 0.755826
-0.804731 -2.47671 0.04 0.124403 0.702597
-0.674007 -2.51543 0.04 0.112885 0.720035
-0.674007 -2.51543 0.04 0.112885 0.720035
-0.804731 -2.47671 0.04 0.124403 0.702597
-0.725771 -2.70861 0.16 0.0984833 0.681047
-0.804731 -2.47671 0.04 0.124403 0.702597
-0.866534 -2.66692 0.16 0.110764 0.663449
-0.725771 -2.70861 0.16 0.0984833 0.681047
-0.725771 -2.70861 0.16 0.0984833 0.681047
-0.866534 -2.66692 0.16 0.110764 0.663449
-0.777535 -2.9018 0.36 0.0811985 0.630305
-0.866534 -2.66692 0.16 0.110764 0.663449
-0.928337 -2.85713 0.36 0.094428 0.612663
-0.777535 -2.9018 0.36 0.0811985 0.630305
-0.777535 -2.9018 0.36 0.0811985 0.630305
-0.928337 -2.85713 0.36 0.094428 0.612663
-0.829298 -3.09498 0.64 0.0625677 0.566855
-0.928337 -2.85713 0.36 0.094428 0.612663
-0.990141 -3.04734 0.64 0.0768944 0.549419
-0.829298 -3.09498 0.64 0.0625677 0.566855
-0.49128 -0.19563 -0 0.434239 0.993586
-0.49128 -0.193185 -0 0.434908 0.993709
-0.49128 -0.391259 -0 0.382231 0.98037
-0.49128 -0.193185 -0 0.434908 0.993709
-0.49128 -0.38637 -0 0.383485 0.980775
-0.49128 -0.391259 -0 0.382231 0.98037
-0.49128 -0.391259 -0 0.382231 0.98037
-0.49128 -0.38637 -0 0.383485 0.980775
-0.49128 -0.586889 -0 0.33449 0.961625
-0.49128 -0.38637 -0 0.383485 0.980775
-0.49128 -0.579556 -0 0.336188 0.962405
-0.49128 -0.586889 -0 0.33449 0.961625
-0.49128 -0.586889 -0 0.33449 0.961625
-0.49128 -0.579556 -0 0.336188 0.962405
-0.49128 -0.782518 -0 0.29206 0.939261
-0.49128 -0.579556 -0 0.336188 0.962405
-0.49128 -0.772741 -0 0.294047 0.940435
-0.49128 -0.782518 -0 0.29206 0.939261
-0.49128 -0.782518 -0 0.29206 0.939261
-0.49128 -0.772741 -0 0.294047 0.940435
-0.49128 -0.978148 -0 0.255213 0.915091
-0.49128 -0.772741 -0 0.294047 0.940435
-0.49128 -0.965926 -0 0.257355 0.916625
-0.49128 -0.978148 -0 0.255213 0.915091
-0.49128 -0.978148 -0 0.255213 0.915091
-0.49128 -0.965926 -0 0.257355 0.916625
-0.49128 -1.17378 -0 0.223677 0.89054
-0.49128 -0.965926 -0 0.257355 0.916625
-0.49128 -1.15911 -0 0.225869 0.892369
-0.49128 -1.17378 -0 0.223677 0.89054
-0.49128 -1.17378 -0 0.223677 0.89054
-0.49128 -1.15911 -0 0.225869 0.892369
-0.49128 -1.36941 -0 0.196888 0.866584
-0.49128 -1.15911 -0 0.225869 0.892369
-0.49128 -1.3523 -0 0.199059 0.868638
-0.49128 -1.36941 -0 0.196888 0.866584
-0.49128 -1.36941 -0 0.196888 0.866584
-0.49128 -1.3523 -0 0.199059 0.868638
-0.49128 -1.56504 -0 0.174184 0.843811
-0.49128 -1.3523 -0 0.199059 0.868638
-0.49128 -1.54548 -0 0.176289 0.846024
-0.49128 -1.56504 -0 0.174184 0.843811
-0.49128 -1.56504 -0 0.174184 0.843811
-0.49128 -1.54548 -0 0.176289 0.846024
-0.49128 -1.76067 -0 0.154915 0.822518
-0.49128 -1.54548 -0 0.176289 0.846024
-0.49128 -1.73867 -0 0.156929 0.824834
-0.49128 -1.76067 -0 0.154915 0.822518
-0.49128 -1.76067 -0 0.154915 0.822518
-0.49128 -1.73867 -0 0.156929 0.824834
-0.49128 -1.9563 -0 0.138503 0.802815
-0.49128 -1.73867 -0 0.156929 0.824834
-0.517638 -1.93185 -0 0.14237 0.800012
-0.49128 -1.9563 -0 0.138503 0.802815
-0.49128 -1.9563 -0 0.138503 0.802815
-0.517638 -1.93185 -0 0.14237 0.800012
-0.49128 -2.15192 -0 0.124453 0.784693
-0.517638 -1.93185 -0 0.14237 0.800012
-0.569402 -2.12504 -0 0.13196 0.772923
-0.49128 -2.15192 -0 0.124453 0.784693
-0.49128 -2.15192 -0 0.124453 0.784693
-0.569402 -2.12504 -0 0.13196 0.772923
-0.541436 -2.54726 0.04 0.10187 0.738353
-0.569402 -2.12504 -0 0.13196 0.772923
-0.674007 -2.51543 0.04 0.112885 0.720035
-0.541436 -2.54726 0.04 0.10187 0.738353
-0.541436 -2.54726 0.04 0.10187 0.738353
-0.674007 -2.51543 0.04 0.112885 0.720035
-0.583018 -2.74289 0.16 0.0866778 0.699557
-0.674007 -2.51543 0.04 0.112885 0.720035
-0.725771 -2.70861 0.16 0.0984833 0.681047
-0.583018 -2.74289 0.16 0.0866778 0.699557
-0.583018 -2.74289 0.16 0.0866778 0.699557
-0.725771 -2.70861 0.16 0.0984833 0.681047
-0.624601 -2.93851 0.36 0.0684033 0.648891
-0.725771 -2.70861 0.16 0.0984833 0.681047
-0.777535 -2.9018 0.36 0.0811985 0.630305
-0.624601 -2.93851 0.36 0.0684033 0.648891
