-0.193185 -0.459585 -0 0.543188 0.997017
-0.19563 -0.459585 -0 0.543872 0.996928
-0.38637 -0.459585 -0 0.595561 0.986736
-0.19563 -0.459585 -0 0.543872 0.996928
-0.391259 -0.459585 -0 0.596834 0.986396
-0.38637 -0.459585 -0 0.595561 0.986736
-0.38637 -0.459585 -0 0.595561 0.986736
-0.391259 -0.459585 -0 0.596834 0.986396
-0.579556 -0.459585 -0 0.643436 0.970878
-0.391259 -0.459585 -0 0.596834 0.986396
-0.586889 -0.459585 -0 0.645148 0.970192
-0.579556 -0.459585 -0 0.643436 0.970878
-0.579556 -0.459585 -0 0.643436 0.970878
-0.586889 -0.459585 -0 0.645148 0.970192
-0.772741 -0.459585 -0 0.685855 0.951344
-0.586889 -0.459585 -0 0.645148 0.970192
-0.782518 -0.459585 -0 0.687851 0.950291
-0.772741 -0.459585 -0 0.685855 0.951344
-0.772741 -0.459585 -0 0.685855 0.951344
-0.782518 -0.459585 -0 0.687851 0.950291
-0.965926 -0.459585 -0 0.722637 0.9299
-0.782518 -0.459585 -0 0.687851 0.950291
-0.978148 -0.459585 -0 0.72478 0.928514
-0.965926 -0.459585 -0 0.722637 0.9299
-0.965926 -0.459585 -0 0.722637 0.9299
-0.978148 -0.459585 -0 0.72478 0.928514
-1.15911 -0.459585 -0 0.754114 0.907923
-0.978148 -0.459585 -0 0.72478 0.928514
-1.17378 -0.459585 -0 0.756303 0.906262
-1.15911 -0.459585 -0 0.754114 0.907923
-1.15911 -0.459585 -0 0.754114 0.907923
-1.17378 -0.459585 -0 0.756303 0.906262
-1.3523 -0.459585 -0 0.780881 0.886354
-1.17378 -0.459585 -0 0.756303 0.906262
-1.36941 -0.459585 -0 0.783048 0.884485
-1.3523 -0.459585 -0 0.780881 0.886354
-1.3523 -0.459585 -0 0.780881 0.886354
-1.36941 -0.459585 -0 0.783048 0.884485
-1.54548 -0.459585 -0 0.803613 0.865759
-1.36941 -0.459585 -0 0.783048 0.884485
-1.56504 -0.459585 -0 0.805715 0.863742
-1.54548 -0.459585 -0 0.803613 0.865759
-1.54548 -0.459585 -0 0.803613 0.865759
-1.56504 -0.459585 -0 0.805715 0.863742
-1.73867 -0.465874 -0 0.822541 0.845078
-1.56504 -0.459585 -0 0.805715 0.863742
-1.76067 -0.459585 -0 0.824968 0.844321
-1.73867 -0.465874 -0 0.822541 0.845078
-1.73867 -0.465874 -0 0.822541 0.845078
-1.76067 -0.459585 -0 0.824968 0.844321
-1.93185 -0.517638 -0 0.835681 0.816923
-1.76067 -0.459585 -0 0.824968 0.844321
-1.9563 -0.459585 -0 0.841393 0.826328
-1.93185 -0.517638 -0 0.835681 0.816923
-1.93185 -0.517638 -0 0.835681 0.816923
-1.9563 -0.459585 -0 0.841393 0.826328
-2.12504 -0.569402 -0 0.846578 0.791665
-1.9563 -0.459585 -0 0.841393 0.826328
-2.15192 -0.459585 -0 0.855481 0.809759
-2.12504 -0.569402 -0 0.846578 0.791665
-2.12504 -0.569402 -0 0.846578 0.791665
-2.15192 -0.459585 -0 0.855481 0.809759
-2.51543 -0.674007 0.04 0.866733 0.741945
-2.15192 -0.459585 -0 0.855481 0.809759
-2.54726 -0.541436 0.04 0.876773 0.761005
-2.51543 -0.674007 0.04 0.866733 0.741945
-2.51543 -0.674007 0.04 0.866733 0.741945
-2.54726 -0.541436 0.04 0.876773 0.761005
-2.70861 -0.725771 0.16 0.881954 0.704619
-2.54726 -0.541436 0.04 0.876773 0.761005
-2.74289 -0.583018 0.16 0.892738 0.723986
-2.70861 -0.725771 0.16 0.881954 0.704619
-2.70861 -0.725771 0.16 0.881954 0.704619
-2.74289 -0.583018 0.16 0.892738 0.723986
-2.9018 -0.777535 0.36 0.9003 0.655749
-2.74289 -0.583018 0.16 0.892738 0.723986
-2.93851 -0.624601 0.36 0.912026 0.675337
-2.9018 -0.777535 0.36 0.9003 0.655749
-2.9018 -0.777535 0.36 0.9003 0.655749
-2.93851 -0.624601 0.36 0.912026 0.675337
-3.09498 -0.829298 0.64 0.920263 0.594441
-0.190211 -0.459585 -0 0.542355 0.997122
-0.193185 -0.459585 -0 0.543188 0.997017
-0.380423 -0.459585 -0 0.594009 0.987146
-0.193185 -0.459585 -0 0.543188 0.997017
-0.38637 -0.459585 -0 0.595561 0.986736
-0.380423 -0.459585 -0 0.594009 0.987146
-0.380423 -0.459585 -0 0.594009 0.987146
-0.38637 -0.459585 -0 0.595561 0.986736
-0.570634 -0.459585 -0 0.64134 0.971706
-0.38637 -0.459585 -0 0.595561 0.986736
-0.579556 -0.459585 -0 0.643436 0.970878
-0.570634 -0.459585 -0 0.64134 0.971706
-0.570634 -0.459585 -0 0.64134 0.971706
-0.579556 -0.459585 -0 0.643436 0.970878
-0.760845 -0.459585 -0 0.683408 0.952618
-0.579556 -0.459585 -0 0.643436 0.970878
-0.772741 -0.459585 -0 0.685855 0.951344
-0.760845 -0.459585 -0 0.683408 0.952618
-0.760845 -0.459585 -0 0.683408 0.952618
-0.772741 -0.459585 -0 0.685855 0.951344
-0.951057 -0.459585 -0 0.720001 0.931585
-0.772741 -0.459585 -0 0.685855 0.951344
-0.965926 -0.459585 -0 0.722637 0.9299
-0.951057 -0.459585 -0 0.720001 0.931585
-0.951057 -0.459585 -0 0.720001 0.931585
-0.965926 -0.459585 -0 0.722637 0.9299
-1.14127 -0.459585 -0 0.751414 0.909947
-0.965926 -0.459585 -0 0.722637 0.9299
-1.15911 -0.459585 -0 0.754114 0.907923
-1.14127 -0.459585 -0 0.751414 0.909947
-1.14127 -0.459585 -0 0.751414 0.909947
-1.15911 -0.459585 -0 0.754114 0.907923
-1.33148 -0.459585 -0 0.778203 0.888639
-1.15911 -0.459585 -0 0.754114 0.907923
-1.3523 -0.459585 -0 0.780881 0.886354
-1.33148 -0.459585 -0 0.778203 0.888639
-1.33148 -0.459585 -0 0.778203 0.888639
-1.3523 -0.459585 -0 0.780881 0.886354
-1.52169 -0.494427 -0 0.798704 0.860058
-1.3523 -0.459585 -0 0.780881 0.886354
-1.54548 -0.459585 -0 0.803613 0.865759
-1.52169 -0.494427 -0 0.798704 0.860058
-1.52169 -0.494427 -0 0.798704 0.860058
-1.54548 -0.459585 -0 0.803613 0.865759
-1.7119 -0.556231 -0 0.814015 0.82813
-1.54548 -0.459585 -0 0.803613 0.865759
-1.73867 -0.465874 -0 0.822541 0.845078
-1.7119 -0.556231 -0 0.814015 0.82813
-1.7119 -0.556231 -0 0.814015 0.82813
-1.73867 -0.465874 -0 0.822541 0.845078
-1.90211 -0.618034 -0 0.826585 0.799515
-1.73867 -0.465874 -0 0.822541 0.845078
-1.93185 -0.517638 -0 0.835681 0.816923
-1.90211 -0.618034 -0 0.826585 0.799515
-1.90211 -0.618034 -0 0.826585 0.799515
-1.93185 -0.517638 -0 0.835681 0.816923
-2.09232 -0.679837 -0 0.836979 0.773915
-1.93185 -0.517638 -0 0.835681 0.816923
-2.12504 -0.569402 -0 0.846578 0.791665
-2.09232 -0.679837 -0 0.836979 0.773915
-2.09232 -0.679837 -0 0.836979 0.773915
-2.12504 -0.569402 -0 0.846578 0.791665
-2.47671 -0.804731 0.04 0.856161 0.723684
-2.12504 -0.569402 -0 0.846578 0.791665
-2.51543 -0.674007 0.04 0.866733 0.741945
-2.47671 -0.804731 0.04 0.856161 0.723684
-2.47671 -0.804731 0.04 0.856161 0.723684
-2.51543 -0.674007 0.04 0.866733 0.741945
-2.66692 -0.866534 0.16 0.870662 0.686083
-2.51543 -0.674007 0.04 0.866733 0.741945
-2.70861 -0.725771 0.16 0.881954 0.704619
-2.66692 -0.866534 0.16 0.870662 0.686083
-2.66692 -0.866534 0.16 0.870662 0.686083
-2.70861 -0.725771 0.16 0.881954 0.704619
-2.85713 -0.928337 0.36 0.888103 0.637022
-2.70861 -0.725771 0.16 0.881954 0.704619
-2.9018 -0.777535 0.36 0.9003 0.655749
-2.85713 -0.928337 0.36 0.888103 0.637022
-2.85713 -0.928337 0.36 0.888103 0.637022
-2.9018 -0.777535 0.36 0.9003 0.655749
-3.04734 -0.990141 0.64 0.907006 0.575742
-2.9018 -0.777535 0.36 0.9003 0.655749
-3.09498 -0.829298 0.64 0.920263 0.594441
-3.04734 -0.990141 0.64 0.907006 0.575742
-3.04734 -0.990141 0.64 0.907006 0.575742
-3.09498 -0.829298 0.64 0.920263 0.594441
-3.23755 -1.05194 1 0.925466 0.502123
-0.186716 -0.459585 -0 0.541376 0.997244
-0.190211 -0.459585 -0 0.542355 0.997122
-0.373432 -0.459585 -0 0.592178 0.987619
-0.190211 -0.459585 -0 0.542355 0.997122
-0.380423 -0.459585 -0 0.594009 0.987146
-0.373432 -0.459585 -0 0.592178 0.987619
-0.373432 -0.459585 -0 0.592178 0.987619
-0.380423 -0.459585 -0 0.594009 0.987146
-0.560148 -0.459585 -0 0.638863 0.972669
-0.380423 -0.459585 -0 0.594009 0.987146
-0.570634 -0.459585 -0 0.64134 0.971706
-0.560148 -0.459585 -0 0.638863 0.972669
-0.560148 -0.459585 -0 0.638863 0.972669
-0.570634 -0.459585 -0 0.64134 0.971706
-0.746864 -0.459585 -0 0.680503 0.954107
-0.570634 -0.459585 -0 0.64134 0.971706
-0.760845 -0.459585 -0 0.683408 0.952618
-0.746864 -0.459585 -0 0.680503 0.954107
-0.746864 -0.459585 -0 0.680503 0.954107
-0.760845 -0.459585 -0 0.683408 0.952618
-0.93358 -0.459585 -0 0.716862 0.933559
-0.760845 -0.459585 -0 0.683408 0.952618
-0.951057 -0.459585 -0 0.720001 0.931585
-0.93358 -0.459585 -0 0.716862 0.933559
-0.93358 -0.459585 -0 0.716862 0.933559
-0.951057 -0.459585 -0 0.720001 0.931585
-1.1203 -0.459585 -0 0.748189 0.91233
-0.951057 -0.459585 -0 0.720001 0.931585
-1.14127 -0.459585 -0 0.751414 0.909947
-1.1203 -0.459585 -0 0.748189 0.91233
-1.1203 -0.459585 -0 0.748189 0.91233
-1.14127 -0.459585 -0 0.751414 0.909947
-1.30701 -0.501715 -0 0.772246 0.880562
-1.14127 -0.459585 -0 0.751414 0.909947
-1.33148 -0.459585 -0 0.778203 0.888639
-1.30701 -0.501715 -0 0.772246 0.880562
-1.30701 -0.501715 -0 0.772246 0.880562
-1.33148 -0.459585 -0 0.778203 0.888639
-1.49373 -0.573389 -0 0.790269 0.844354
-1.33148 -0.459585 -0 0.778203 0.888639
-1.52169 -0.494427 -0 0.798704 0.860058
-1.49373 -0.573389 -0 0.790269 0.844354
-1.49373 -0.573389 -0 0.790269 0.844354
-1.52169 -0.494427 -0 0.798704 0.860058
-1.68044 -0.645062 -0 0.804935 0.811853
-1.52169 -0.494427 -0 0.798704 0.860058
-1.7119 -0.556231 -0 0.814015 0.82813
-1.68044 -0.645062 -0 0.804935 0.811853
-1.68044 -0.645062 -0 0.804935 0.811853
-1.7119 -0.556231 -0 0.814015 0.82813
-1.86716 -0.716736 -0 0.81694 0.782812
-1.7119 -0.556231 -0 0.814015 0.82813
-1.90211 -0.618034 -0 0.826585 0.799515
-1.86716 -0.716736 -0 0.81694 0.782812
-1.86716 -0.716736 -0 0.81694 0.782812
-1.90211 -0.618034 -0 0.826585 0.799515
-2.05388 -0.788409 -0 0.82684 0.756896
-1.90211 -0.618034 -0 0.826585 0.799515
-2.09232 -0.679837 -0 0.836979 0.773915
-2.05388 -0.788409 -0 0.82684 0.756896
-2.05388 -0.788409 -0 0.82684 0.756896
-2.09232 -0.679837 -0 0.836979 0.773915
-2.4312 -0.933249 0.04 0.845073 0.706203
-2.09232 -0.679837 -0 0.836979 0.773915
-2.47671 -0.804731 0.04 0.856161 0.723684
-2.4312 -0.933249 0.04 0.845073 0.706203
-2.4312 -0.933249 0.04 0.845073 0.706203
-2.47671 -0.804731 0.04 0.856161 0.723684
-2.61791 -1.00492 0.16 0.858875 0.668354
-2.47671 -0.804731 0.04 0.856161 0.723684
-2.66692 -0.866534 0.16 0.870662 0.686083
-2.61791 -1.00492 0.16 0.858875 0.668354
-2.61791 -1.00492 0.16 0.858875 0.668354
-2.66692 -0.866534 0.16 0.870662 0.686083
-2.80463 -1.0766 0.36 0.875448 0.619125
-2.66692 -0.866534 0.16 0.870662 0.686083
-2.85713 -0.928337 0.36 0.888103 0.637022
-2.80463 -1.0766 0.36 0.875448 0.619125
-2.80463 -1.0766 0.36 0.875448 0.619125
-2.85713 -0.928337 0.36 0.888103 0.637022
-2.99134 -1.14827 0.64 0.893342 0.557886
-2.85713 -0.928337 0.36 0.888103 0.637022
-3.04734 -0.990141 0.64 0.907006 0.575742
-2.99134 -1.14827 0.64 0.893342 0.557886
-2.99134 -1.14827 0.64 0.893342 0.557886
-3.04734 -0.990141 0.64 0.907006 0.575742
-3.17806 -1.21994 1 0.910711 0.484663
-3.04734 -0.990141 0.64 0.907006 0.575742
-3.23755 -1.05194 1 0.925466 0.502123
-3.17806 -1.21994 1 0.910711 0.484663
-0.182709 -0.459585 -0 0.540251 0.997381
-0.186716 -0.459585 -0 0.541376 0.997244
-0.365418 -0.459585 -0 0.590073 0.988154
-0.186716 -0.459585 -0 0.541376 0.997244
-0.373432 -0.459585 -0 0.592178 0.987619
-0.365418 -0.459585 -0 0.590073 0.988154
-0.365418 -0.459585 -0 0.590073 0.988154
-0.373432 -0.459585 -0 0.592178 0.987619
-0.548127 -0.459585 -0 0.636004 0.973759
-0.373432 -0.459585 -0 0.592178 0.987619
-0.560148 -0.459585 -0 0.638863 0.972669
-0.548127 -0.459585 -0 0.636004 0.973759
-0.548127 -0.459585 -0 0.636004 0.973759
-0.560148 -0.459585 -0 0.638863 0.972669
-0.730836 -0.459585 -0 0.677136 0.955799
-0.560148 -0.459585 -0 0.638863 0.972669
-0.746864 -0.459585 -0 0.680503 0.954107
-0.730836 -0.459585 -0 0.677136 0.955799
-0.730836 -0.459585 -0 0.677136 0.955799
-0.746864 -0.459585 -0 0.680503 0.954107
-0.913545 -0.459585 -0 0.713209 0.935817
-0.746864 -0.459585 -0 0.680503 0.954107
-0.93358 -0.459585 -0 0.716862 0.933559
-0.913545 -0.459585 -0 0.713209 0.935817
-0.913545 -0.459585 -0 0.713209 0.935817
-0.93358 -0.459585 -0 0.716862 0.933559
-1.09625 -0.488084 -0 0.742643 0.907115
-0.93358 -0.459585 -0 0.716862 0.933559
-1.1203 -0.459585 -0 0.748189 0.91233
-1.09625 -0.488084 -0 0.742643 0.907115
-1.09625 -0.488084 -0 0.742643 0.907115
-1.1203 -0.459585 -0 0.748189 0.91233
-1.27896 -0.569431 -0 0.764015 0.8662
-1.1203 -0.459585 -0 0.748189 0.91233
-1.30701 -0.501715 -0 0.772246 0.880562
-1.27896 -0.569431 -0 0.764015 0.8662
-1.27896 -0.569431 -0 0.764015 0.8662
-1.30701 -0.501715 -0 0.772246 0.880562
-1.46167 -0.650779 -0 0.781296 0.829276
-1.30701 -0.501715 -0 0.772246 0.880562
-1.49373 -0.573389 -0 0.790269 0.844354
-1.46167 -0.650779 -0 0.781296 0.829276
-1.46167 -0.650779 -0 0.781296 0.829276
-1.49373 -0.573389 -0 0.790269 0.844354
-1.64438 -0.732126 -0 0.795318 0.79624
-1.49373 -0.573389 -0 0.790269 0.844354
-1.68044 -0.645062 -0 0.804935 0.811853
-1.64438 -0.732126 -0 0.795318 0.79624
-1.64438 -0.732126 -0 0.795318 0.79624
-1.68044 -0.645062 -0 0.804935 0.811853
-1.82709 -0.813473 -0 0.806765 0.766802
-1.68044 -0.645062 -0 0.804935 0.811853
-1.86716 -0.716736 -0 0.81694 0.782812
-1.82709 -0.813473 -0 0.806765 0.766802
-1.82709 -0.813473 -0 0.806765 0.766802
-1.86716 -0.716736 -0 0.81694 0.782812
-2.0098 -0.894821 -0 0.816179 0.740598
-1.86716 -0.716736 -0 0.81694 0.782812
-2.05388 -0.788409 -0 0.82684 0.756896
-2.0098 -0.894821 -0 0.816179 0.740598
-2.0098 -0.894821 -0 0.816179 0.740598
-2.05388 -0.788409 -0 0.82684 0.756896
-2.37902 -1.05921 0.04 0.833485 0.689482
-2.05388 -0.788409 -0 0.82684 0.756896
-2.4312 -0.933249 0.04 0.845073 0.706203
-2.37902 -1.05921 0.04 0.833485 0.689482
-2.37902 -1.05921 0.04 0.833485 0.689482
-2.4312 -0.933249 0.04 0.845073 0.706203
-2.56173 -1.14056 0.16 0.84661 0.651409
-2.4312 -0.933249 0.04 0.845073 0.706203
-2.61791 -1.00492 0.16 0.858875 0.668354
-2.56173 -1.14056 0.16 0.84661 0.651409
-2.56173 -1.14056 0.16 0.84661 0.651409
-2.61791 -1.00492 0.16 0.858875 0.668354
-2.74444 -1.2219 0.36 0.862344 0.602034
-2.61791 -1.00492 0.16 0.858875 0.668354
-2.80463 -1.0766 0.36 0.875448 0.619125
-2.74444 -1.2219 0.36 0.862344 0.602034
-2.74444 -1.2219 0.36 0.862344 0.602034
-2.80463 -1.0766 0.36 0.875448 0.619125
-2.92715 -1.30325 0.64 0.879277 0.540843
-2.80463 -1.0766 0.36 0.875448 0.619125
-2.99134 -1.14827 0.64 0.893342 0.557886
-2.92715 -1.30325 0.64 0.879277 0.540843
-2.92715 -1.30325 0.64 0.879277 0.540843
-2.99134 -1.14827 0.64 0.893342 0.557886
-3.10986 -1.3846 1 0.895618 0.468
-2.99134 -1.14827 0.64 0.893342 0.557886
-3.17806 -1.21994 1 0.910711 0.484663
-3.10986 -1.3846 1 0.895618 0.468
-3.10986 -1.3846 1 0.895618 0.468
-3.17806 -1.21994 1 0.910711 0.484663
-3.29257 -1.46595 1.44 0.909312 0.384972
-0.178201 -0.459585 -0 0.538985 0.997531
-0.182709 -0.459585 -0 0.540251 0.997381
-0.356403 -0.459585 -0 0.587696 0.988743
-0.182709 -0.459585 -0 0.540251 0.997381
-0.365418 -0.459585 -0 0.590073 0.988154
-0.356403 -0.459585 -0 0.587696 0.988743
-0.356403 -0.459585 -0 0.587696 0.988743
-0.365418 -0.459585 -0 0.590073 0.988154
-0.534604 -0.459585 -0 0.632761 0.974967
-0.365418 -0.459585 -0 0.590073 0.988154
-0.548127 -0.459585 -0 0.636004 0.973759
-0.534604 -0.459585 -0 0.632761 0.974967
-0.534604 -0.459585 -0 0.632761 0.974967
-0.548127 -0.459585 -0 0.636004 0.973759
-0.712805 -0.459585 -0 0.673302 0.957685
-0.548127 -0.459585 -0 0.636004 0.973759
-0.730836 -0.459585 -0 0.677136 0.955799
-0.712805 -0.459585 -0 0.673302 0.957685
-0.712805 -0.459585 -0 0.673302 0.957685
-0.730836 -0.459585 -0 0.677136 0.955799
-0.891007 -0.459585 -0 0.709029 0.938345
-0.730836 -0.459585 -0 0.677136 0.955799
-0.913545 -0.459585 -0 0.713209 0.935817
-0.891007 -0.459585 -0 0.709029 0.938345
-0.891007 -0.459585 -0 0.709029 0.938345
-0.913545 -0.459585 -0 0.713209 0.935817
-1.06921 -0.544789 -0 0.73476 0.894227
-0.913545 -0.459585 -0 0.713209 0.935817
-1.09625 -0.488084 -0 0.742643 0.907115
-1.06921 -0.544789 -0 0.73476 0.894227
-1.06921 -0.544789 -0 0.73476 0.894227
-1.09625 -0.488084 -0 0.742643 0.907115
-1.24741 -0.635587 -0 0.755267 0.852418
-1.09625 -0.488084 -0 0.742643 0.907115
-1.27896 -0.569431 -0 0.764015 0.8662
-1.24741 -0.635587 -0 0.755267 0.852418
-1.24741 -0.635587 -0 0.755267 0.852418
-1.27896 -0.569431 -0 0.764015 0.8662
-1.42561 -0.726385 -0 0.771802 0.814821
-1.27896 -0.569431 -0 0.764015 0.8662
-1.46167 -0.650779 -0 0.781296 0.829276
-1.42561 -0.726385 -0 0.771802 0.814821
-1.42561 -0.726385 -0 0.771802 0.814821
-1.46167 -0.650779 -0 0.781296 0.829276
-1.60381 -0.817183 -0 0.785183 0.781284
-1.46167 -0.650779 -0 0.781296 0.829276
-1.64438 -0.732126 -0 0.795318 0.79624
-1.60381 -0.817183 -0 0.785183 0.781284
-1.60381 -0.817183 -0 0.785183 0.781284
-1.64438 -0.732126 -0 0.795318 0.79624
-1.78201 -0.907981 -0 0.796076 0.751479
-1.64438 -0.732126 -0 0.795318 0.79624
-1.82709 -0.813473 -0 0.806765 0.766802
-1.78201 -0.907981 -0 0.796076 0.751479
-1.78201 -0.907981 -0 0.796076 0.751479
-1.82709 -0.813473 -0 0.806765 0.766802
-1.96021 -0.998779 -0 0.805012 0.725007
-1.82709 -0.813473 -0 0.806765 0.766802
-2.0098 -0.894821 -0 0.816179 0.740598
-1.96021 -0.998779 -0 0.805012 0.725007
-1.96021 -0.998779 -0 0.805012 0.725007
-2.0098 -0.894821 -0 0.816179 0.740598
-2.32033 -1.18227 0.04 0.821413 0.673506
-2.0098 -0.894821 -0 0.816179 0.740598
-2.37902 -1.05921 0.04 0.833485 0.689482
-2.32033 -1.18227 0.04 0.821413 0.673506
-2.32033 -1.18227 0.04 0.821413 0.673506
-2.37902 -1.05921 0.04 0.833485 0.689482
-2.49853 -1.27306 0.16 0.833878 0.635229
-2.37902 -1.05921 0.04 0.833485 0.689482
-2.56173 -1.14056 0.16 0.84661 0.651409
-2.49853 -1.27306 0.16 0.833878 0.635229
-2.49853 -1.27306 0.16 0.833878 0.635229
-2.56173 -1.14056 0.16 0.84661 0.651409
-2.67673 -1.36386 0.36 0.848803 0.585724
-2.56173 -1.14056 0.16 0.84661 0.651409
-2.74444 -1.2219 0.36 0.862344 0.602034
-2.67673 -1.36386 0.36 0.848803 0.585724
-2.67673 -1.36386 0.36 0.848803 0.585724
-2.74444 -1.2219 0.36 0.862344 0.602034
-2.85493 -1.45466 0.64 0.864815 0.524586
-2.74444 -1.2219 0.36 0.862344 0.602034
-2.92715 -1.30325 0.64 0.879277 0.540843
-2.85493 -1.45466 0.64 0.864815 0.524586
-2.85493 -1.45466 0.64 0.864815 0.524586
-2.92715 -1.30325 0.64 0.879277 0.540843
-3.03313 -1.54546 1 0.880187 0.452105
-2.92715 -1.30325 0.64 0.879277 0.540843
-3.10986 -1.3846 1 0.895618 0.468
-3.03313 -1.54546 1 0.880187 0.452105
-3.03313 -1.54546 1 0.880187 0.452105
-3.10986 -1.3846 1 0.895618 0.468
-3.21133 -1.63626 1.44 0.89295 0.369871
-3.10986 -1.3846 1 0.895618 0.468
-3.29257 -1.46595 1.44 0.909312 0.384972
-3.21133 -1.63626 1.44 0.89295 0.369871
-3.21133 -1.63626 1.44 0.89295 0.369871
-3.29257 -1.46595 1.44 0.909312 0.384972
-3.38953 -1.72705 1.96 0.901281 0.281031
-0.173205 -0.459585 -0 0.53758 0.997693
-0.178201 -0.459585 -0 0.538985 0.997531
-0.34641 -0.459585 -0 0.585049 0.98938
-0.178201 -0.459585 -0 0.538985 0.997531
-0.356403 -0.459585 -0 0.587696 0.988743
-0.34641 -0.459585 -0 0.585049 0.98938
-0.34641 -0.459585 -0 0.585049 0.98938
-0.356403 -0.459585 -0 0.587696 0.988743
-0.519615 -0.459585 -0 0.629137 0.976282
-0.356403 -0.459585 -0 0.587696 0.988743
-0.534604 -0.459585 -0 0.632761 0.974967
-0.519615 -0.459585 -0 0.629137 0.976282
-0.519615 -0.459585 -0 0.629137 0.976282
-0.534604 -0.459585 -0 0.632761 0.974967
-0.69282 -0.459585 -0 0.668994 0.959751
-0.534604 -0.459585 -0 0.632761 0.974967
-0.712805 -0.459585 -0 0.673302 0.957685
-0.69282 -0.459585 -0 0.668994 0.959751
-0.69282 -0.459585 -0 0.668994 0.959751
-0.712805 -0.459585 -0 0.673302 0.957685
-0.866025 -0.5 -0 0.702006 0.928796
-0.712805 -0.459585 -0 0.673302 0.957685
-0.891007 -0.459585 -0 0.709029 0.938345
-0.866025 -0.5 -0 0.702006 0.928796
-0.866025 -0.5 -0 0.702006 0.928796
-0.891007 -0.459585 -0 0.709029 0.938345
-1.03923 -0.6 -0 0.726392 0.88187
-0.891007 -0.459585 -0 0.709029 0.938345
-1.06921 -0.544789 -0 0.73476 0.894227
-1.03923 -0.6 -0 0.726392 0.88187
-1.03923 -0.6 -0 0.726392 0.88187
-1.06921 -0.544789 -0 0.73476 0.894227
-1.21244 -0.7 -0 0.746021 0.839216
-1.06921 -0.544789 -0 0.73476 0.894227
-1.24741 -0.635587 -0 0.755267 0.852418
-1.21244 -0.7 -0 0.746021 0.839216
-1.21244 -0.7 -0 0.746021 0.839216
-1.24741 -0.635587 -0 0.755267 0.852418
-1.38564 -0.8 -0 0.761806 0.800985
-1.24741 -0.635587 -0 0.755267 0.852418
-1.42561 -0.726385 -0 0.771802 0.814821
-1.38564 -0.8 -0 0.761806 0.800985
-1.38564 -0.8 -0 0.761806 0.800985
-1.42561 -0.726385 -0 0.771802 0.814821
-1.55885 -0.9 -0 0.774546 0.766982
-1.42561 -0.726385 -0 0.771802 0.814821
-1.60381 -0.817183 -0 0.785183 0.781284
-1.55885 -0.9 -0 0.774546 0.766982
-1.55885 -0.9 -0 0.774546 0.766982
-1.60381 -0.817183 -0 0.785183 0.781284
-1.73205 -1 -0 0.784891 0.736833
-1.60381 -0.817183 -0 0.785183 0.781284
-1.78201 -0.907981 -0 0.796076 0.751479
-1.73205 -1 -0 0.784891 0.736833
-1.73205 -1 -0 0.784891 0.736833
-1.78201 -0.907981 -0 0.796076 0.751479
-1.90526 -1.1 -0 0.793356 0.710114
-1.78201 -0.907981 -0 0.796076 0.751479
-1.96021 -0.998779 -0 0.805012 0.725007
-1.90526 -1.1 -0 0.793356 0.710114
-1.90526 -1.1 -0 0.793356 0.710114
-1.96021 -0.998779 -0 0.805012 0.725007
-2.25527 -1.30208 0.04 0.808871 0.658261
-1.96021 -0.998779 -0 0.805012 0.725007
-2.32033 -1.18227 0.04 0.821413 0.673506
-2.25527 -1.30208 0.04 0.808871 0.658261
-2.25527 -1.30208 0.04 0.808871 0.658261
-2.32033 -1.18227 0.04 0.821413 0.673506
-2.42848 -1.40208 0.16 0.820692 0.619799
-2.32033 -1.18227 0.04 0.821413 0.673506
-2.49853 -1.27306 0.16 0.833878 0.635229
-2.42848 -1.40208 0.16 0.820692 0.619799
-2.42848 -1.40208 0.16 0.820692 0.619799
-2.49853 -1.27306 0.16 0.833878 0.635229
-2.60168 -1.50208 0.36 0.834834 0.570177
-2.49853 -1.27306 0.16 0.833878 0.635229
-2.67673 -1.36386 0.36 0.848803 0.585724
-2.60168 -1.50208 0.36 0.834834 0.570177
-2.60168 -1.50208 0.36 0.834834 0.570177
-2.67673 -1.36386 0.36 0.848803 0.585724
-2.77489 -1.60208 0.64 0.849964 0.509093
-2.67673 -1.36386 0.36 0.848803 0.585724
-2.85493 -1.45466 0.64 0.864815 0.524586
-2.77489 -1.60208 0.64 0.849964 0.509093
-2.77489 -1.60208 0.64 0.849964 0.509093
-2.85493 -1.45466 0.64 0.864815 0.524586
-2.94809 -1.70208 1 0.864418 0.436956
-2.85493 -1.45466 0.64 0.864815 0.524586
-3.03313 -1.54546 1 0.880187 0.452105
-2.94809 -1.70208 1 0.864418 0.436956
-2.94809 -1.70208 1 0.864418 0.436956
-3.03313 -1.54546 1 0.880187 0.452105
-3.1213 -1.80208 1.44 0.876316 0.355464
-3.03313 -1.54546 1 0.880187 0.452105
-3.21133 -1.63626 1.44 0.89295 0.369871
-3.1213 -1.80208 1.44 0.876316 0.355464
-3.1213 -1.80208 1.44 0.876316 0.355464
-3.21133 -1.63626 1.44 0.89295 0.369871
-3.2945 -1.90208 1.96 0.883938 0.267833
-3.21133 -1.63626 1.44 0.89295 0.369871
-3.38953 -1.72705 1.96 0.901281 0.281031
-3.2945 -1.90208 1.96 0.883938 0.267833
-3.2945 -1.90208 1.96 0.883938 0.267833
-3.38953 -1.72705 1.96 0.901281 0.281031
-3.46771 -2.00208 2.56 0.886211 0.178345
-0.167734 -0.459585 -0 0.53604 0.997865
-0.173205 -0.459585 -0 0.53758 0.997693
-0.335468 -0.459585 -0 0.582138 0.99006
-0.173205 -0.459585 -0 0.53758 0.997693
-0.34641 -0.459585 -0 0.585049 0.98938
-0.335468 -0.459585 -0 0.582138 0.99006
-0.335468 -0.459585 -0 0.582138 0.99006
-0.34641 -0.459585 -0 0.585049 0.98938
-0.503202 -0.459585 -0 0.625132 0.977692
-0.34641 -0.459585 -0 0.585049 0.98938
-0.519615 -0.459585 -0 0.629137 0.976282
-0.503202 -0.459585 -0 0.625132 0.977692
-0.503202 -0.459585 -0 0.625132 0.977692
-0.519615 -0.459585 -0 0.629137 0.976282
-0.670936 -0.459585 -0 0.664207 0.961981
-0.519615 -0.459585 -0 0.629137 0.976282
-0.69282 -0.459585 -0 0.668994 0.959751
-0.670936 -0.459585 -0 0.664207 0.961981
-0.670936 -0.459585 -0 0.664207 0.961981
-0.69282 -0.459585 -0 0.668994 0.959751
-0.838671 -0.544639 -0 0.694221 0.918025
-0.69282 -0.459585 -0 0.668994 0.959751
-0.866025 -0.5 -0 0.702006 0.928796
-0.838671 -0.544639 -0 0.694221 0.918025
-0.838671 -0.544639 -0 0.694221 0.918025
-0.866025 -0.5 -0 0.702006 0.928796
-1.0064 -0.653567 -0 0.717557 0.870047
-0.866025 -0.5 -0 0.702006 0.928796
-1.03923 -0.6 -0 0.726392 0.88187
-1.0064 -0.653567 -0 0.717557 0.870047
-1.0064 -0.653567 -0 0.717557 0.870047
-1.03923 -0.6 -0 0.726392 0.88187
-1.17414 -0.762495 -0 0.736293 0.826594
-1.03923 -0.6 -0 0.726392 0.88187
-1.21244 -0.7 -0 0.746021 0.839216
-1.17414 -0.762495 -0 0.736293 0.826594
-1.17414 -0.762495 -0 0.736293 0.826594
-1.21244 -0.7 -0 0.746021 0.839216
-1.34187 -0.871422 -0 0.751323 0.787768
-1.21244 -0.7 -0 0.746021 0.839216
-1.38564 -0.8 -0 0.761806 0.800985
-1.34187 -0.871422 -0 0.751323 0.787768
-1.34187 -0.871422 -0 0.751323 0.787768
-1.38564 -0.8 -0 0.761806 0.800985
-1.50961 -0.98035 -0 0.763424 0.753325
-1.38564 -0.8 -0 0.761806 0.800985
-1.55885 -0.9 -0 0.774546 0.766982
-1.50961 -0.98035 -0 0.763424 0.753325
-1.50961 -0.98035 -0 0.763424 0.753325
-1.55885 -0.9 -0 0.774546 0.766982
-1.67734 -1.08928 -0 0.773225 0.722859
-1.55885 -0.9 -0 0.774546 0.766982
-1.73205 -1 -0 0.784891 0.736833
-1.67734 -1.08928 -0 0.773225 0.722859
-1.67734 -1.08928 -0 0.773225 0.722859
-1.73205 -1 -0 0.784891 0.736833
-1.84508 -1.19821 -0 0.781226 0.695911
-1.73205 -1 -0 0.784891 0.736833
-1.90526 -1.1 -0 0.793356 0.710114
-1.84508 -1.19821 -0 0.781226 0.695911
-1.84508 -1.19821 -0 0.781226 0.695911
-1.90526 -1.1 -0 0.793356 0.710114
-2.18404 -1.41833 0.04 0.795873 0.643736
-1.90526 -1.1 -0 0.793356 0.710114
-2.25527 -1.30208 0.04 0.808871 0.658261
-2.18404 -1.41833 0.04 0.795873 0.643736
-2.18404 -1.41833 0.04 0.795873 0.643736
-2.25527 -1.30208 0.04 0.808871 0.658261
-2.35177 -1.52726 0.16 0.807065 0.605103
-2.25527 -1.30208 0.04 0.808871 0.658261
-2.42848 -1.40208 0.16 0.820692 0.619799
-2.35177 -1.52726 0.16 0.807065 0.605103
-2.35177 -1.52726 0.16 0.807065 0.605103
-2.42848 -1.40208 0.16 0.820692 0.619799
-2.5195 -1.63618 0.36 0.820446 0.555376
-2.42848 -1.40208 0.16 0.820692 0.619799
-2.60168 -1.50208 0.36 0.834834 0.570177
-2.5195 -1.63618 0.36 0.820446 0.555376
-2.5195 -1.63618 0.36 0.820446 0.555376
-2.60168 -1.50208 0.36 0.834834 0.570177
-2.68724 -1.74511 0.64 0.834728 0.494347
-2.60168 -1.50208 0.36 0.834834 0.570177
-2.77489 -1.60208 0.64 0.849964 0.509093
-2.68724 -1.74511 0.64 0.834728 0.494347
-2.68724 -1.74511 0.64 0.834728 0.494347
-2.77489 -1.60208 0.64 0.849964 0.509093
-2.85497 -1.85404 1 0.848312 0.422532
-2.77489 -1.60208 0.64 0.849964 0.509093
-2.94809 -1.70208 1 0.864418 0.436956
-2.85497 -1.85404 1 0.848312 0.422532
-2.85497 -1.85404 1 0.848312 0.422532
-2.94809 -1.70208 1 0.864418 0.436956
-3.02271 -1.96297 1.44 0.859405 0.341735
-2.94809 -1.70208 1 0.864418 0.436956
-3.1213 -1.80208 1.44 0.876316 0.355464
-3.02271 -1.96297 1.44 0.859405 0.341735
-3.02271 -1.96297 1.44 0.859405 0.341735
-3.1213 -1.80208 1.44 0.876316 0.355464
-3.19044 -2.0719 1.96 0.866385 0.255229
-3.1213 -1.80208 1.44 0.876316 0.355464
-3.2945 -1.90208 1.96 0.883938 0.267833
-3.19044 -2.0719 1.96 0.866385 0.255229
-3.19044 -2.0719 1.96 0.866385 0.255229
-3.2945 -1.90208 1.96 0.883938 0.267833
-3.35817 -2.18082 2.56 0.86827 0.167275
-3.2945 -1.90208 1.96 0.883938 0.267833
-3.46771 -2.00208 2.56 0.886211 0.178345
-3.35817 -2.18082 2.56 0.86827 0.167275
-0.161803 -0.459585 -0 0.534368 0.998044
-0.167734 -0.459585 -0 0.53604 0.997865
-0.323607 -0.459585 -0 0.578968 0.990775
-0.167734 -0.459585 -0 0.53604 0.997865
-0.335468 -0.459585 -0 0.582138 0.99006
-0.323607 -0.459585 -0 0.578968 0.990775
-0.323607 -0.459585 -0 0.578968 0.990775
-0.335468 -0.459585 -0 0.582138 0.99006
-0.48541 -0.459585 -0 0.620747 0.979185
-0.335468 -0.459585 -0 0.582138 0.99006
-0.503202 -0.459585 -0 0.625132 0.977692
-0.48541 -0.459585 -0 0.620747 0.979185
-0.48541 -0.459585 -0 0.620747 0.979185
-0.503202 -0.459585 -0 0.625132 0.977692
-0.647214 -0.470228 -0 0.658426 0.960837
-0.503202 -0.459585 -0 0.625132 0.977692
-0.670936 -0.459585 -0 0.664207 0.961981
-0.647214 -0.470228 -0 0.658426 0.960837
-0.647214 -0.470228 -0 0.658426 0.960837
-0.670936 -0.459585 -0 0.664207 0.961981
-0.809017 -0.587785 -0 0.686009 0.907736
-0.670936 -0.459585 -0 0.664207 0.961981
-0.838671 -0.544639 -0 0.694221 0.918025
-0.809017 -0.587785 -0 0.686009 0.907736
-0.809017 -0.587785 -0 0.686009 0.907736
-0.838671 -0.544639 -0 0.694221 0.918025
-0.97082 -0.705342 -0 0.70827 0.85876
-0.838671 -0.544639 -0 0.694221 0.918025
-1.0064 -0.653567 -0 0.717557 0.870047
-0.97082 -0.705342 -0 0.70827 0.85876
-0.97082 -0.705342 -0 0.70827 0.85876
-1.0064 -0.653567 -0 0.717557 0.870047
-1.13262 -0.822899 -0 0.726103 0.814554
-1.0064 -0.653567 -0 0.717557 0.870047
-1.17414 -0.762495 -0 0.736293 0.826594
-1.13262 -0.822899 -0 0.726103 0.814554
-1.13262 -0.822899 -0 0.726103 0.814554
-1.17414 -0.762495 -0 0.736293 0.826594
-1.29443 -0.940456 -0 0.740373 0.775168
-1.17414 -0.762495 -0 0.736293 0.826594
-1.34187 -0.871422 -0 0.751323 0.787768
-1.29443 -0.940456 -0 0.740373 0.775168
-1.29443 -0.940456 -0 0.740373 0.775168
-1.34187 -0.871422 -0 0.751323 0.787768
-1.45623 -1.05801 -0 0.751834 0.740315
-1.34187 -0.871422 -0 0.751323 0.787768
-1.50961 -0.98035 -0 0.763424 0.753325
-1.45623 -1.05801 -0 0.751834 0.740315
-1.45623 -1.05801 -0 0.751834 0.740315
-1.50961 -0.98035 -0 0.763424 0.753325
-1.61803 -1.17557 -0 0.761095 0.709552
-1.50961 -0.98035 -0 0.763424 0.753325
-1.67734 -1.08928 -0 0.773225 0.722859
-1.61803 -1.17557 -0 0.761095 0.709552
-1.61803 -1.17557 -0 0.761095 0.709552
-1.67734 -1.08928 -0 0.773225 0.722859
-1.77984 -1.29313 -0 0.768638 0.682392
-1.67734 -1.08928 -0 0.773225 0.722859
-1.84508 -1.19821 -0 0.781226 0.695911
-1.77984 -1.29313 -0 0.768638 0.682392
-1.77984 -1.29313 -0 0.768638 0.682392
-1.84508 -1.19821 -0 0.781226 0.695911
-2.10681 -1.53069 0.04 0.782434 0.629922
-1.84508 -1.19821 -0 0.781226 0.695911
-2.18404 -1.41833 0.04 0.795873 0.643736
-2.10681 -1.53069 0.04 0.782434 0.629922
-2.10681 -1.53069 0.04 0.782434 0.629922
-2.18404 -1.41833 0.04 0.795873 0.643736
-2.26862 -1.64825 0.16 0.79301 0.591133
-2.18404 -1.41833 0.04 0.795873 0.643736
-2.35177 -1.52726 0.16 0.807065 0.605103
-2.26862 -1.64825 0.16 0.79301 0.591133
-2.26862 -1.64825 0.16 0.79301 0.591133
-2.35177 -1.52726 0.16 0.807065 0.605103
-2.43042 -1.7658 0.36 0.80565 0.541311
-2.35177 -1.52726 0.16 0.807065 0.605103
-2.5195 -1.63618 0.36 0.820446 0.555376
-2.43042 -1.7658 0.36 0.80565 0.541311
-2.43042 -1.7658 0.36 0.80565 0.541311
-2.5195 -1.63618 0.36 0.820446 0.555376
-2.59222 -1.88336 0.64 0.819115 0.480334
-2.5195 -1.63618 0.36 0.820446 0.555376
-2.68724 -1.74511 0.64 0.834728 0.494347
-2.59222 -1.88336 0.64 0.819115 0.480334
-2.59222 -1.88336 0.64 0.819115 0.480334
-2.68724 -1.74511 0.64 0.834728 0.494347
-2.75403 -2.00092 1 0.831873 0.408821
-2.68724 -1.74511 0.64 0.834728 0.494347
-2.85497 -1.85404 1 0.848312 0.422532
-2.75403 -2.00092 1 0.831873 0.408821
-2.75403 -2.00092 1 0.831873 0.408821
-2.85497 -1.85404 1 0.848312 0.422532
-2.91583 -2.11847 1.44 0.842215 0.32867
-2.85497 -1.85404 1 0.848312 0.422532
-3.02271 -1.96297 1.44 0.859405 0.341735
-2.91583 -2.11847 1.44 0.842215 0.32867
-2.91583 -2.11847 1.44 0.842215 0.32867
-3.02271 -1.96297 1.44 0.859405 0.341735
-3.07763 -2.23603 1.96 0.848615 0.243209
-3.02271 -1.96297 1.44 0.859405 0.341735
-3.19044 -2.0719 1.96 0.866385 0.255229
-3.07763 -2.23603 1.96 0.848615 0.243209
-3.07763 -2.23603 1.96 0.848615 0.243209
-3.19044 -2.0719 1.96 0.866385 0.255229
-3.23944 -2.35359 2.56 0.850171 0.156681
-3.19044 -2.0719 1.96 0.866385 0.255229
-3.35817 -2.18082 2.56 0.86827 0.167275
-3.23944 -2.35359 2.56 0.850171 0.156681
-0.155429 -0.459585 -0 0.532569 0.99823
-0.161803 -0.459585 -0 0.534368 0.998044
-0.310858 -0.459585 -0 0.575543 0.991518
-0.161803 -0.459585 -0 0.534368 0.998044
-0.323607 -0.459585 -0 0.578968 0.990775
-0.310858 -0.459585 -0 0.575543 0.991518
-0.310858 -0.459585 -0 0.575543 0.991518
-0.323607 -0.459585 -0 0.578968 0.990775
-0.466288 -0.459585 -0 0.615986 0.980745
-0.323607 -0.459585 -0 0.578968 0.990775
-0.48541 -0.459585 -0 0.620747 0.979185
-0.466288 -0.459585 -0 0.615986 0.980745
-0.466288 -0.459585 -0 0.615986 0.980745
-0.48541 -0.459585 -0 0.620747 0.979185
-0.621717 -0.503456 -0 0.651111 0.952259
-0.48541 -0.459585 -0 0.620747 0.979185
-0.647214 -0.470228 -0 0.658426 0.960837
-0.621717 -0.503456 -0 0.651111 0.952259
-0.621717 -0.503456 -0 0.651111 0.952259
-0.647214 -0.470228 -0 0.658426 0.960837
-0.777146 -0.62932 -0 0.677388 0.897933
-0.647214 -0.470228 -0 0.658426 0.960837
-0.809017 -0.587785 -0 0.686009 0.907736
-0.777146 -0.62932 -0 0.677388 0.897933
-0.777146 -0.62932 -0 0.677388 0.897933
-0.809017 -0.587785 -0 0.686009 0.907736
-0.932575 -0.755184 -0 0.698552 0.848014
-0.809017 -0.587785 -0 0.686009 0.907736
-0.97082 -0.705342 -0 0.70827 0.85876
-0.932575 -0.755184 -0 0.698552 0.848014
-0.932575 -0.755184 -0 0.698552 0.848014
-0.97082 -0.705342 -0 0.70827 0.85876
-1.088 -0.881049 -0 0.715466 0.803097
-0.97082 -0.705342 -0 0.70827 0.85876
-1.13262 -0.822899 -0 0.726103 0.814554
-1.088 -0.881049 -0 0.715466 0.803097
-1.088 -0.881049 -0 0.715466 0.803097
-1.13262 -0.822899 -0 0.726103 0.814554
-1.24343 -1.00691 -0 0.728972 0.763185
-1.13262 -0.822899 -0 0.726103 0.814554
-1.29443 -0.940456 -0 0.740373 0.775168
-1.24343 -1.00691 -0 0.728972 0.763185
-1.24343 -1.00691 -0 0.728972 0.763185
-1.29443 -0.940456 -0 0.740373 0.775168
-1.39886 -1.13278 -0 0.739794 0.727946
-1.29443 -0.940456 -0 0.740373 0.775168
-1.45623 -1.05801 -0 0.751834 0.740315
-1.39886 -1.13278 -0 0.739794 0.727946
-1.39886 -1.13278 -0 0.739794 0.727946
-1.45623 -1.05801 -0 0.751834 0.740315
-1.55429 -1.25864 -0 0.748519 0.696907
-1.45623 -1.05801 -0 0.751834 0.740315
-1.61803 -1.17557 -0 0.761095 0.709552
-1.55429 -1.25864 -0 0.748519 0.696907
-1.55429 -1.25864 -0 0.748519 0.696907
-1.61803 -1.17557 -0 0.761095 0.709552
-1.70972 -1.3845 -0 0.755611 0.669553
-1.61803 -1.17557 -0 0.761095 0.709552
-1.77984 -1.29313 -0 0.768638 0.682392
-1.70972 -1.3845 -0 0.755611 0.669553
-1.70972 -1.3845 -0 0.755611 0.669553
-1.77984 -1.29313 -0 0.768638 0.682392
-2.02381 -1.63885 0.04 0.76857 0.616811
-1.77984 -1.29313 -0 0.768638 0.682392
-2.10681 -1.53069 0.04 0.782434 0.629922
-2.02381 -1.63885 0.04 0.76857 0.616811
-2.02381 -1.63885 0.04 0.76857 0.616811
-2.10681 -1.53069 0.04 0.782434 0.629922
-2.17924 -1.76472 0.16 0.778541 0.577879
-2.10681 -1.53069 0.04 0.782434 0.629922
-2.26862 -1.64825 0.16 0.79301 0.591133
-2.17924 -1.76472 0.16 0.778541 0.577879
-2.17924 -1.76472 0.16 0.778541 0.577879
-2.26862 -1.64825 0.16 0.79301 0.591133
-2.33467 -1.89058 0.36 0.790457 0.52797
-2.26862 -1.64825 0.16 0.79301 0.591133
-2.43042 -1.7658 0.36 0.80565 0.541311
-2.33467 -1.89058 0.36 0.790457 0.52797
-2.33467 -1.89058 0.36 0.790457 0.52797
-2.43042 -1.7658 0.36 0.80565 0.541311
-2.4901 -2.01645 0.64 0.803133 0.467044
-2.43042 -1.7658 0.36 0.80565 0.541311
-2.59222 -1.88336 0.64 0.819115 0.480334
-2.4901 -2.01645 0.64 0.803133 0.467044
-2.4901 -2.01645 0.64 0.803133 0.467044
-2.59222 -1.88336 0.64 0.819115 0.480334
-2.64553 -2.14231 1 0.815103 0.39581
-2.59222 -1.88336 0.64 0.819115 0.480334
-2.75403 -2.00092 1 0.831873 0.408821
-2.64553 -2.14231 1 0.815103 0.39581
-2.64553 -2.14231 1 0.815103 0.39581
-2.75403 -2.00092 1 0.831873 0.408821
-2.80096 -2.26817 1.44 0.824744 0.316258
-2.75403 -2.00092 1 0.831873 0.408821
-2.91583 -2.11847 1.44 0.842215 0.32867
-2.80096 -2.26817 1.44 0.824744 0.316258
-2.80096 -2.26817 1.44 0.824744 0.316258
-2.91583 -2.11847 1.44 0.842215 0.32867
-2.95639 -2.39404 1.96 0.830621 0.231767
-2.91583 -2.11847 1.44 0.842215 0.32867
-3.07763 -2.23603 1.96 0.848615 0.243209
-2.95639 -2.39404 1.96 0.830621 0.231767
-2.95639 -2.39404 1.96 0.830621 0.231767
-3.07763 -2.23603 1.96 0.848615 0.243209
-3.11182 -2.5199 2.56 0.831905 0.146562
-3.07763 -2.23603 1.96 0.848615 0.243209
-3.23944 -2.35359 2.56 0.850171 0.156681
-3.11182 -2.5199 2.56 0.831905 0.146562
-0.148629 -0.459585 -0 0.530646 0.998418
-0.155429 -0.459585 -0 0.532569 0.99823
-0.297258 -0.459585 -0 0.571871 0.99228
-0.155429 -0.459585 -0 0.532569 0.99823
-0.310858 -0.459585 -0 0.575543 0.991518
-0.297258 -0.459585 -0 0.571871 0.99228
-0.297258 -0.459585 -0 0.571871 0.99228
-0.310858 -0.459585 -0 0.575543 0.991518
-0.445887 -0.459585 -0 0.610851 0.982359
-0.310858 -0.459585 -0 0.575543 0.991518
-0.466288 -0.459585 -0 0.615986 0.980745
-0.445887 -0.459585 -0 0.610851 0.982359
-0.445887 -0.459585 -0 0.610851 0.982359
-0.466288 -0.459585 -0 0.615986 0.980745
-0.594516 -0.535304 -0 0.643443 0.944107
-0.466288 -0.459585 -0 0.615986 0.980745
-0.621717 -0.503456 -0 0.651111 0.952259
-0.594516 -0.535304 -0 0.643443 0.944107
-0.594516 -0.535304 -0 0.643443 0.944107
-0.621717 -0.503456 -0 0.651111 0.952259
-0.743145 -0.669131 -0 0.668376 0.888622
-0.621717 -0.503456 -0 0.651111 0.952259
-0.777146 -0.62932 -0 0.677388 0.897933
-0.743145 -0.669131 -0 0.668376 0.888622
-0.743145 -0.669131 -0 0.668376 0.888622
-0.777146 -0.62932 -0 0.677388 0.897933
-0.891774 -0.802957 -0 0.688419 0.837813
-0.777146 -0.62932 -0 0.677388 0.897933
-0.932575 -0.755184 -0 0.698552 0.848014
-0.891774 -0.802957 -0 0.688419 0.837813
-0.891774 -0.802957 -0 0.688419 0.837813
-0.932575 -0.755184 -0 0.698552 0.848014
-1.0404 -0.936783 -0 0.704404 0.792225
-0.932575 -0.755184 -0 0.698552 0.848014
-1.088 -0.881049 -0 0.715466 0.803097
-1.0404 -0.936783 -0 0.704404 0.792225
-1.0404 -0.936783 -0 0.704404 0.792225
-1.088 -0.881049 -0 0.715466 0.803097
-1.18903 -1.07061 -0 0.717141 0.751818
-1.088 -0.881049 -0 0.715466 0.803097
-1.24343 -1.00691 -0 0.728972 0.763185
-1.18903 -1.07061 -0 0.717141 0.751818
-1.18903 -1.07061 -0 0.717141 0.751818
-1.24343 -1.00691 -0 0.728972 0.763185
-1.33766 -1.20444 -0 0.727323 0.716221
-1.24343 -1.00691 -0 0.728972 0.763185
-1.39886 -1.13278 -0 0.739794 0.727946
-1.33766 -1.20444 -0 0.727323 0.716221
-1.33766 -1.20444 -0 0.727323 0.716221
-1.39886 -1.13278 -0 0.739794 0.727946
-1.48629 -1.33826 -0 0.735515 0.684923
-1.39886 -1.13278 -0 0.739794 0.727946
-1.55429 -1.25864 -0 0.748519 0.696907
-1.48629 -1.33826 -0 0.735515 0.684923
-1.48629 -1.33826 -0 0.735515 0.684923
-1.55429 -1.25864 -0 0.748519 0.696907
-1.63492 -1.47209 -0 0.74216 0.657389
-1.55429 -1.25864 -0 0.748519 0.696907
-1.70972 -1.3845 -0 0.755611 0.669553
-1.63492 -1.47209 -0 0.74216 0.657389
-1.63492 -1.47209 -0 0.74216 0.657389
-1.70972 -1.3845 -0 0.755611 0.669553
-1.93527 -1.74253 0.04 0.754297 0.6044
-1.70972 -1.3845 -0 0.755611 0.669553
-2.02381 -1.63885 0.04 0.76857 0.616811
-1.93527 -1.74253 0.04 0.754297 0.6044
-1.93527 -1.74253 0.04 0.754297 0.6044
-2.02381 -1.63885 0.04 0.76857 0.616811
-2.0839 -1.87635 0.16 0.763673 0.565336
-2.02381 -1.63885 0.04 0.76857 0.616811
-2.17924 -1.76472 0.16 0.778541 0.577879
-2.0839 -1.87635 0.16 0.763673 0.565336
-2.0839 -1.87635 0.16 0.763673 0.565336
-2.17924 -1.76472 0.16 0.778541 0.577879
-2.23253 -2.01018 0.36 0.774881 0.515347
-2.17924 -1.76472 0.16 0.778541 0.577879
-2.33467 -1.89058 0.36 0.790457 0.52797
-2.23253 -2.01018 0.36 0.774881 0.515347
-2.23253 -2.01018 0.36 0.774881 0.515347
-2.33467 -1.89058 0.36 0.790457 0.52797
-2.38116 -2.144 0.64 0.78679 0.454467
-2.33467 -1.89058 0.36 0.790457 0.52797
-2.4901 -2.01645 0.64 0.803133 0.467044
-2.38116 -2.144 0.64 0.78679 0.454467
-2.38116 -2.144 0.64 0.78679 0.454467
-2.4901 -2.01645 0.64 0.803133 0.467044
-2.52979 -2.27783 1 0.798008 0.383492
-2.4901 -2.01645 0.64 0.803133 0.467044
-2.64553 -2.14231 1 0.815103 0.39581
-2.52979 -2.27783 1 0.798008 0.383492
-2.52979 -2.27783 1 0.798008 0.383492
-2.64553 -2.14231 1 0.815103 0.39581
-2.67842 -2.41166 1.44 0.806995 0.304493
-2.64553 -2.14231 1 0.815103 0.39581
-2.80096 -2.26817 1.44 0.824744 0.316258
-2.67842 -2.41166 1.44 0.806995 0.304493
-2.67842 -2.41166 1.44 0.806995 0.304493
-2.80096 -2.26817 1.44 0.824744 0.316258
-2.82704 -2.54548 1.96 0.8124 0.220899
-2.80096 -2.26817 1.44 0.824744 0.316258
-2.95639 -2.39404 1.96 0.830621 0.231767
-2.82704 -2.54548 1.96 0.8124 0.220899
-2.82704 -2.54548 1.96 0.8124 0.220899
-2.95639 -2.39404 1.96 0.830621 0.231767
-2.97567 -2.67931 2.56 0.813466 0.136917
-2.95639 -2.39404 1.96 0.830621 0.231767
-3.11182 -2.5199 2.56 0.831905 0.146562
-2.97567 -2.67931 2.56 0.813466 0.136917
-0.141421 -0.459585 -0 0.528605 0.998608
-0.148629 -0.459585 -0 0.530646 0.998418
-0.282843 -0.459585 -0 0.567958 0.993052
-0.148629 -0.459585 -0 0.530646 0.998418
-0.297258 -0.459585 -0 0.571871 0.99228
-0.282843 -0.459585 -0 0.567958 0.993052
-0.282843 -0.459585 -0 0.567958 0.993052
-0.297258 -0.459585 -0 0.571871 0.99228
-0.424264 -0.459585 -0 0.605349 0.984007
-0.297258 -0.459585 -0 0.571871 0.99228
-0.445887 -0.459585 -0 0.610851 0.982359
-0.424264 -0.459585 -0 0.605349 0.984007
-0.424264 -0.459585 -0 0.605349 0.984007
-0.445887 -0.459585 -0 0.610851 0.982359
-0.565685 -0.565685 -0 0.635437 0.936388
-0.445887 -0.459585 -0 0.610851 0.982359
-0.594516 -0.535304 -0 0.643443 0.944107
-0.565685 -0.565685 -0 0.635437 0.936388
-0.565685 -0.565685 -0 0.635437 0.936388
-0.594516 -0.535304 -0 0.643443 0.944107
-0.707107 -0.707107 -0 0.658991 0.879811
-0.594516 -0.535304 -0 0.643443 0.944107
-0.743145 -0.669131 -0 0.668376 0.888622
-0.707107 -0.707107 -0 0.658991 0.879811
-0.707107 -0.707107 -0 0.658991 0.879811
-0.743145 -0.669131 -0 0.668376 0.888622
-0.848528 -0.848528 -0 0.67789 0.828162
-0.743145 -0.669131 -0 0.668376 0.888622
-0.891774 -0.802957 -0 0.688419 0.837813
-0.848528 -0.848528 -0 0.67789 0.828162
-0.848528 -0.848528 -0 0.67789 0.828162
-0.891774 -0.802957 -0 0.688419 0.837813
-0.98995 -0.98995 -0 0.692935 0.781943
-0.891774 -0.802957 -0 0.688419 0.837813
-1.0404 -0.936783 -0 0.704404 0.792225
-0.98995 -0.98995 -0 0.692935 0.781943
-0.98995 -0.98995 -0 0.692935 0.781943
-1.0404 -0.936783 -0 0.704404 0.792225
-1.13137 -1.13137 -0 0.704896 0.74107
-1.0404 -0.936783 -0 0.704404 0.792225
-1.18903 -1.07061 -0 0.717141 0.751818
-1.13137 -1.13137 -0 0.704896 0.74107
-1.13137 -1.13137 -0 0.704896 0.74107
-1.18903 -1.07061 -0 0.717141 0.751818
-1.27279 -1.27279 -0 0.71444 0.705136
-1.18903 -1.07061 -0 0.717141 0.751818
-1.33766 -1.20444 -0 0.727323 0.716221
-1.27279 -1.27279 -0 0.71444 0.705136
-1.27279 -1.27279 -0 0.71444 0.705136
-1.33766 -1.20444 -0 0.727323 0.716221
-1.41421 -1.41421 -0 0.722103 0.673601
-1.33766 -1.20444 -0 0.727323 0.716221
-1.48629 -1.33826 -0 0.735515 0.684923
-1.41421 -1.41421 -0 0.722103 0.673601
-1.41421 -1.41421 -0 0.722103 0.673601
-1.48629 -1.33826 -0 0.735515 0.684923
-1.55563 -1.55563 -0 0.728306 0.645899
-1.48629 -1.33826 -0 0.735515 0.684923
-1.63492 -1.47209 -0 0.74216 0.657389
-1.55563 -1.55563 -0 0.728306 0.645899
-1.55563 -1.55563 -0 0.728306 0.645899
-1.63492 -1.47209 -0 0.74216 0.657389
-1.84142 -1.84142 0.04 0.739634 0.592684
-1.63492 -1.47209 -0 0.74216 0.657389
-1.93527 -1.74253 0.04 0.754297 0.6044
-1.84142 -1.84142 0.04 0.739634 0.592684
-1.84142 -1.84142 0.04 0.739634 0.592684
-1.93527 -1.74253 0.04 0.754297 0.6044
-1.98284 -1.98284 0.16 0.748423 0.5535
-1.93527 -1.74253 0.04 0.754297 0.6044
-2.0839 -1.87635 0.16 0.763673 0.565336
-1.98284 -1.98284 0.16 0.748423 0.5535
-1.98284 -1.98284 0.16 0.748423 0.5535
-2.0839 -1.87635 0.16 0.763673 0.565336
-2.12426 -2.12426 0.36 0.758935 0.503437
-2.0839 -1.87635 0.16 0.763673 0.565336
-2.23253 -2.01018 0.36 0.774881 0.515347
-2.12426 -2.12426 0.36 0.758935 0.503437
-2.12426 -2.12426 0.36 0.758935 0.503437
-2.23253 -2.01018 0.36 0.774881 0.515347
-2.26569 -2.26569 0.64 0.770099 0.4426
-2.23253 -2.01018 0.36 0.774881 0.515347
-2.38116 -2.144 0.64 0.78679 0.454467
-2.26569 -2.26569 0.64 0.770099 0.4426
-2.26569 -2.26569 0.64 0.770099 0.4426
-2.38116 -2.144 0.64 0.78679 0.454467
-2.40711 -2.40711 1 0.780595 0.371862
-2.38116 -2.144 0.64 0.78679 0.454467
-2.52979 -2.27783 1 0.798008 0.383492
-2.40711 -2.40711 1 0.780595 0.371862
-2.40711 -2.40711 1 0.780595 0.371862
-2.52979 -2.27783 1 0.798008 0.383492
-2.54853 -2.54853 1.44 0.788969 0.293371
-2.52979 -2.27783 1 0.798008 0.383492
-2.67842 -2.41166 1.44 0.806995 0.304493
-2.54853 -2.54853 1.44 0.788969 0.293371
-2.54853 -2.54853 1.44 0.788969 0.293371
-2.67842 -2.41166 1.44 0.806995 0.304493
-2.68995 -2.68995 1.96 0.793953 0.210603
-2.67842 -2.41166 1.44 0.806995 0.304493
-2.82704 -2.54548 1.96 0.8124 0.220899
-2.68995 -2.68995 1.96 0.793953 0.210603
-2.68995 -2.68995 1.96 0.793953 0.210603
-2.82704 -2.54548 1.96 0.8124 0.220899
-2.83137 -2.83137 2.56 0.794849 0.12775
-2.82704 -2.54548 1.96 0.8124 0.220899
-2.97567 -2.67931 2.56 0.813466 0.136917
-2.83137 -2.83137 2.56 0.794849 0.12775
-0.133826 -0.459585 -0 0.526452 0.998797
-0.141421 -0.459585 -0 0.528605 0.998608
-0.267652 -0.459585 -0 0.563812 0.993827
-0.141421 -0.459585 -0 0.528605 0.998608
-0.282843 -0.459585 -0 0.567958 0.993052
-0.267652 -0.459585 -0 0.563812 0.993827
-0.267652 -0.459585 -0 0.563812 0.993827
-0.282843 -0.459585 -0 0.567958 0.993052
-0.401478 -0.459585 -0 0.599485 0.985673
-0.282843 -0.459585 -0 0.567958 0.993052
-0.424264 -0.459585 -0 0.605349 0.984007
-0.401478 -0.459585 -0 0.599485 0.985673
-0.401478 -0.459585 -0 0.599485 0.985673
-0.424264 -0.459585 -0 0.605349 0.984007
-0.535304 -0.594516 -0 0.62711 0.92911
-0.424264 -0.459585 -0 0.605349 0.984007
-0.565685 -0.565685 -0 0.635437 0.936388
-0.535304 -0.594516 -0 0.62711 0.92911
-0.535304 -0.594516 -0 0.62711 0.92911
-0.565685 -0.565685 -0 0.635437 0.936388
-0.669131 -0.743145 -0 0.649252 0.871504
-0.565685 -0.565685 -0 0.635437 0.936388
-0.707107 -0.707107 -0 0.658991 0.879811
-0.669131 -0.743145 -0 0.649252 0.871504
-0.669131 -0.743145 -0 0.649252 0.871504
-0.707107 -0.707107 -0 0.658991 0.879811
-0.802957 -0.891774 -0 0.666988 0.819063
-0.707107 -0.707107 -0 0.658991 0.879811
-0.848528 -0.848528 -0 0.67789 0.828162
-0.802957 -0.891774 -0 0.666988 0.819063
-0.802957 -0.891774 -0 0.666988 0.819063
-0.848528 -0.848528 -0 0.67789 0.828162
-0.936783 -1.0404 -0 0.681079 0.772252
-0.848528 -0.848528 -0 0.67789 0.828162
-0.98995 -0.98995 -0 0.692935 0.781943
-0.936783 -1.0404 -0 0.681079 0.772252
-0.936783 -1.0404 -0 0.681079 0.772252
-0.98995 -0.98995 -0 0.692935 0.781943
-1.07061 -1.18903 -0 0.692261 0.730943
-0.98995 -0.98995 -0 0.692935 0.781943
-1.13137 -1.13137 -0 0.704896 0.74107
-1.07061 -1.18903 -0 0.692261 0.730943
-1.07061 -1.18903 -0 0.692261 0.730943
-1.13137 -1.13137 -0 0.704896 0.74107
-1.20444 -1.33766 -0 0.701165 0.694696
-1.13137 -1.13137 -0 0.704896 0.74107
-1.27279 -1.27279 -0 0.71444 0.705136
-1.20444 -1.33766 -0 0.701165 0.694696
-1.20444 -1.33766 -0 0.701165 0.694696
-1.27279 -1.27279 -0 0.71444 0.705136
-1.33826 -1.48629 -0 0.708302 0.662938
-1.27279 -1.27279 -0 0.71444 0.705136
-1.41421 -1.41421 -0 0.722103 0.673601
-1.33826 -1.48629 -0 0.708302 0.662938
-1.33826 -1.48629 -0 0.708302 0.662938
-1.41421 -1.41421 -0 0.722103 0.673601
-1.47209 -1.63492 -0 0.714068 0.635084
-1.41421 -1.41421 -0 0.722103 0.673601
-1.55563 -1.55563 -0 0.728306 0.645899
-1.47209 -1.63492 -0 0.714068 0.635084
-1.47209 -1.63492 -0 0.714068 0.635084
-1.55563 -1.55563 -0 0.728306 0.645899
-1.74253 -1.93527 0.04 0.724599 0.581664
-1.55563 -1.55563 -0 0.728306 0.645899
-1.84142 -1.84142 0.04 0.739634 0.592684
-1.74253 -1.93527 0.04 0.724599 0.581664
-1.74253 -1.93527 0.04 0.724599 0.581664
-1.84142 -1.84142 0.04 0.739634 0.592684
-1.87635 -2.0839 0.16 0.732808 0.542368
-1.84142 -1.84142 0.04 0.739634 0.592684
-1.98284 -1.98284 0.16 0.748423 0.5535
-1.87635 -2.0839 0.16 0.732808 0.542368
-1.87635 -2.0839 0.16 0.732808 0.542368
-1.98284 -1.98284 0.16 0.748423 0.5535
-2.01018 -2.23253 0.36 0.742637 0.492237
-1.98284 -1.98284 0.16 0.748423 0.5535
-2.12426 -2.12426 0.36 0.758935 0.503437
-2.01018 -2.23253 0.36 0.742637 0.492237
-2.01018 -2.23253 0.36 0.742637 0.492237
-2.12426 -2.12426 0.36 0.758935 0.503437
-2.144 -2.38116 0.64 0.753074 0.431439
-2.12426 -2.12426 0.36 0.758935 0.503437
-2.26569 -2.26569 0.64 0.770099 0.4426
-2.144 -2.38116 0.64 0.753074 0.431439
-2.144 -2.38116 0.64 0.753074 0.431439
-2.26569 -2.26569 0.64 0.770099 0.4426
-2.27783 -2.52979 1 0.762876 0.360918
-2.26569 -2.26569 0.64 0.770099 0.4426
-2.40711 -2.40711 1 0.780595 0.371862
-2.27783 -2.52979 1 0.762876 0.360918
-2.27783 -2.52979 1 0.762876 0.360918
-2.40711 -2.40711 1 0.780595 0.371862
-2.41166 -2.67842 1.44 0.770673 0.28289
-2.40711 -2.40711 1 0.780595 0.371862
-2.54853 -2.54853 1.44 0.788969 0.293371
-2.41166 -2.67842 1.44 0.770673 0.28289
-2.41166 -2.67842 1.44 0.770673 0.28289
-2.54853 -2.54853 1.44 0.788969 0.293371
-2.54548 -2.82704 1.96 0.775279 0.200878
-2.54853 -2.54853 1.44 0.788969 0.293371
-2.68995 -2.68995 1.96 0.793953 0.210603
-2.54548 -2.82704 1.96 0.775279 0.200878
-2.54548 -2.82704 1.96 0.775279 0.200878
-2.68995 -2.68995 1.96 0.793953 0.210603
-2.67931 -2.97567 2.56 0.776052 0.119064
-2.68995 -2.68995 1.96 0.793953 0.210603
-2.83137 -2.83137 2.56 0.794849 0.12775
-2.67931 -2.97567 2.56 0.776052 0.119064
-0.125864 -0.459585 -0 0.524191 0.998982
-0.133826 -0.459585 -0 0.526452 0.998797
-0.251728 -0.459585 -0 0.559442 0.994596
-0.133826 -0.459585 -0 0.526452 0.998797
-0.267652 -0.459585 -0 0.563812 0.993827
-0.251728 -0.459585 -0 0.559442 0.994596
-0.251728 -0.459585 -0 0.559442 0.994596
-0.267652 -0.459585 -0 0.563812 0.993827
-0.377592 -0.466288 -0 0.593054 0.984942
-0.267652 -0.459585 -0 0.563812 0.993827
-0.401478 -0.459585 -0 0.599485 0.985673
-0.377592 -0.466288 -0 0.593054 0.984942
-0.377592 -0.466288 -0 0.593054 0.984942
-0.401478 -0.459585 -0 0.599485 0.985673
-0.503456 -0.621717 -0 0.618481 0.92228
-0.401478 -0.459585 -0 0.599485 0.985673
-0.535304 -0.594516 -0 0.62711 0.92911
-0.503456 -0.621717 -0 0.618481 0.92228
-0.503456 -0.621717 -0 0.618481 0.92228
-0.535304 -0.594516 -0 0.62711 0.92911
-0.62932 -0.777146 -0 0.639178 0.863707
-0.535304 -0.594516 -0 0.62711 0.92911
-0.669131 -0.743145 -0 0.649252 0.871504
-0.62932 -0.777146 -0 0.639178 0.863707
-0.62932 -0.777146 -0 0.639178 0.863707
-0.669131 -0.743145 -0 0.649252 0.871504
-0.755184 -0.932575 -0 0.655731 0.810524
-0.669131 -0.743145 -0 0.649252 0.871504
-0.802957 -0.891774 -0 0.666988 0.819063
-0.755184 -0.932575 -0 0.655731 0.810524
-0.755184 -0.932575 -0 0.655731 0.810524
-0.802957 -0.891774 -0 0.666988 0.819063
-0.881049 -1.088 -0 0.668858 0.763156
-0.802957 -0.891774 -0 0.666988 0.819063
-0.936783 -1.0404 -0 0.681079 0.772252
-0.881049 -1.088 -0 0.668858 0.763156
-0.881049 -1.088 -0 0.668858 0.763156
-0.936783 -1.0404 -0 0.681079 0.772252
-1.00691 -1.24343 -0 0.679256 0.72144
-0.936783 -1.0404 -0 0.681079 0.772252
-1.07061 -1.18903 -0 0.692261 0.730943
-1.00691 -1.24343 -0 0.679256 0.72144
-1.00691 -1.24343 -0 0.679256 0.72144
-1.07061 -1.18903 -0 0.692261 0.730943
-1.13278 -1.39886 -0 0.687522 0.684901
-1.07061 -1.18903 -0 0.692261 0.730943
-1.20444 -1.33766 -0 0.701165 0.694696
-1.13278 -1.39886 -0 0.687522 0.684901
-1.13278 -1.39886 -0 0.687522 0.684901
-1.20444 -1.33766 -0 0.701165 0.694696
-1.25864 -1.55429 -0 0.694135 0.652939
-1.20444 -1.33766 -0 0.701165 0.694696
-1.33826 -1.48629 -0 0.708302 0.662938
-1.25864 -1.55429 -0 0.694135 0.652939
-1.25864 -1.55429 -0 0.694135 0.652939
-1.33826 -1.48629 -0 0.708302 0.662938
-1.3845 -1.70972 -0 0.699469 0.624944
-1.33826 -1.48629 -0 0.708302 0.662938
-1.47209 -1.63492 -0 0.714068 0.635084
-1.3845 -1.70972 -0 0.699469 0.624944
-1.3845 -1.70972 -0 0.699469 0.624944
-1.47209 -1.63492 -0 0.714068 0.635084
-1.63885 -2.02381 0.04 0.709214 0.571337
-1.47209 -1.63492 -0 0.714068 0.635084
-1.74253 -1.93527 0.04 0.724599 0.581664
-1.63885 -2.02381 0.04 0.709214 0.571337
-1.63885 -2.02381 0.04 0.709214 0.571337
-1.74253 -1.93527 0.04 0.724599 0.581664
-1.76472 -2.17924 0.16 0.71685 0.53194
-1.74253 -1.93527 0.04 0.724599 0.581664
-1.87635 -2.0839 0.16 0.732808 0.542368
-1.76472 -2.17924 0.16 0.71685 0.53194
-1.76472 -2.17924 0.16 0.71685 0.53194
-1.87635 -2.0839 0.16 0.732808 0.542368
-1.89058 -2.33467 0.36 0.726005 0.481747
-1.87635 -2.0839 0.16 0.732808 0.542368
-2.01018 -2.23253 0.36 0.742637 0.492237
-1.89058 -2.33467 0.36 0.726005 0.481747
-1.89058 -2.33467 0.36 0.726005 0.481747
-2.01018 -2.23253 0.36 0.742637 0.492237
-2.01645 -2.4901 0.64 0.73573 0.420982
-2.01018 -2.23253 0.36 0.742637 0.492237
-2.144 -2.38116 0.64 0.753074 0.431439
-2.01645 -2.4901 0.64 0.73573 0.420982
-2.01645 -2.4901 0.64 0.73573 0.420982
-2.144 -2.38116 0.64 0.753074 0.431439
-2.14231 -2.64553 1 0.744862 0.350656
-2.144 -2.38116 0.64 0.753074 0.431439
-2.27783 -2.52979 1 0.762876 0.360918
-2.14231 -2.64553 1 0.744862 0.350656
-2.14231 -2.64553 1 0.744862 0.350656
-2.27783 -2.52979 1 0.762876 0.360918
-2.26817 -2.80096 1.44 0.752116 0.273051
-2.27783 -2.52979 1 0.762876 0.360918
-2.41166 -2.67842 1.44 0.770673 0.28289
-2.26817 -2.80096 1.44 0.752116 0.273051
-2.26817 -2.80096 1.44 0.752116 0.273051
-2.41166 -2.67842 1.44 0.770673 0.28289
-2.39404 -2.95639 1.96 0.756384 0.191727
-2.41166 -2.67842 1.44 0.770673 0.28289
-2.54548 -2.82704 1.96 0.775279 0.200878
-2.39404 -2.95639 1.96 0.756384 0.191727
-2.39404 -2.95639 1.96 0.756384 0.191727
-2.54548 -2.82704 1.96 0.775279 0.200878
-2.5199 -3.11182 2.56 0.757077 0.110863
-2.54548 -2.82704 1.96 0.775279 0.200878
-2.67931 -2.97567 2.56 0.776052 0.119064
-2.5199 -3.11182 2.56 0.757077 0.110863
-0.117557 -0.459585 -0 0.521828 0.999161
-0.125864 -0.459585 -0 0.524191 0.998982
-0.235114 -0.459585 -0 0.554858 0.995348
-0.125864 -0.459585 -0 0.524191 0.998982
-0.251728 -0.459585 -0 0.559442 0.994596
-0.235114 -0.459585 -0 0.554858 0.995348
-0.235114 -0.459585 -0 0.554858 0.995348
-0.251728 -0.459585 -0 0.559442 0.994596
-0.352671 -0.48541 -0 0.585926 0.97971
-0.251728 -0.459585 -0 0.559442 0.994596
-0.377592 -0.466288 -0 0.593054 0.984942
-0.352671 -0.48541 -0 0.585926 0.97971
-0.352671 -0.48541 -0 0.585926 0.97971
-0.377592 -0.466288 -0 0.593054 0.984942
-0.470228 -0.647214 -0 0.609568 0.915904
-0.377592 -0.466288 -0 0.593054 0.984942
-0.503456 -0.621717 -0 0.618481 0.92228
-0.470228 -0.647214 -0 0.609568 0.915904
-0.470228 -0.647214 -0 0.609568 0.915904
-0.503456 -0.621717 -0 0.618481 0.92228
-0.587785 -0.809017 -0 0.62879 0.856428
-0.503456 -0.621717 -0 0.618481 0.92228
-0.62932 -0.777146 -0 0.639178 0.863707
-0.587785 -0.809017 -0 0.62879 0.856428
-0.587785 -0.809017 -0 0.62879 0.856428
-0.62932 -0.777146 -0 0.639178 0.863707
-0.705342 -0.97082 -0 0.644141 0.802549
-0.62932 -0.777146 -0 0.639178 0.863707
-0.755184 -0.932575 -0 0.655731 0.810524
-0.705342 -0.97082 -0 0.644141 0.802549
-0.705342 -0.97082 -0 0.644141 0.802549
-0.755184 -0.932575 -0 0.655731 0.810524
-0.822899 -1.13262 -0 0.656295 0.754661
-0.755184 -0.932575 -0 0.655731 0.810524
-0.881049 -1.088 -0 0.668858 0.763156
-0.822899 -1.13262 -0 0.656295 0.754661
-0.822899 -1.13262 -0 0.656295 0.754661
-0.881049 -1.088 -0 0.668858 0.763156
-0.940456 -1.29443 -0 0.665906 0.712566
-0.881049 -1.088 -0 0.668858 0.763156
-1.00691 -1.24343 -0 0.679256 0.72144
-0.940456 -1.29443 -0 0.665906 0.712566
-0.940456 -1.29443 -0 0.665906 0.712566
-1.00691 -1.24343 -0 0.679256 0.72144
-1.05801 -1.45623 -0 0.673533 0.675755
-1.00691 -1.24343 -0 0.679256 0.72144
-1.13278 -1.39886 -0 0.687522 0.684901
-1.05801 -1.45623 -0 0.673533 0.675755
-1.05801 -1.45623 -0 0.673533 0.675755
-1.13278 -1.39886 -0 0.687522 0.684901
-1.17557 -1.61803 -0 0.679625 0.643605
-1.13278 -1.39886 -0 0.687522 0.684901
-1.25864 -1.55429 -0 0.694135 0.652939
-1.17557 -1.61803 -0 0.679625 0.643605
-1.17557 -1.61803 -0 0.679625 0.643605
-1.25864 -1.55429 -0 0.694135 0.652939
-1.29313 -1.77984 -0 0.684531 0.615481
-1.25864 -1.55429 -0 0.694135 0.652939
-1.3845 -1.70972 -0 0.699469 0.624944
-1.29313 -1.77984 -0 0.684531 0.615481
-1.29313 -1.77984 -0 0.684531 0.615481
-1.3845 -1.70972 -0 0.699469 0.624944
-1.53069 -2.10681 0.04 0.693502 0.561705
-1.3845 -1.70972 -0 0.699469 0.624944
-1.63885 -2.02381 0.04 0.709214 0.571337
-1.53069 -2.10681 0.04 0.693502 0.561705
-1.53069 -2.10681 0.04 0.693502 0.561705
-1.63885 -2.02381 0.04 0.709214 0.571337
-1.64825 -2.26862 0.16 0.70057 0.522215
-1.63885 -2.02381 0.04 0.709214 0.571337
-1.76472 -2.17924 0.16 0.71685 0.53194
-1.64825 -2.26862 0.16 0.70057 0.522215
-1.64825 -2.26862 0.16 0.70057 0.522215
-1.76472 -2.17924 0.16 0.71685 0.53194
-1.7658 -2.43042 0.36 0.709059 0.471965
-1.76472 -2.17924 0.16 0.71685 0.53194
-1.89058 -2.33467 0.36 0.726005 0.481747
-1.7658 -2.43042 0.36 0.709059 0.471965
-1.7658 -2.43042 0.36 0.709059 0.471965
-1.89058 -2.33467 0.36 0.726005 0.481747
-1.88336 -2.59222 0.64 0.718086 0.41123
-1.89058 -2.33467 0.36 0.726005 0.481747
-2.01645 -2.4901 0.64 0.73573 0.420982
-1.88336 -2.59222 0.64 0.718086 0.41123
-1.88336 -2.59222 0.64 0.718086 0.41123
-2.01645 -2.4901 0.64 0.73573 0.420982
-2.00092 -2.75403 1 0.726568 0.341079
-2.01645 -2.4901 0.64 0.73573 0.420982
-2.14231 -2.64553 1 0.744862 0.350656
-2.00092 -2.75403 1 0.726568 0.341079
-2.00092 -2.75403 1 0.726568 0.341079
-2.14231 -2.64553 1 0.744862 0.350656
-2.11847 -2.91583 1.44 0.733307 0.263853
-2.14231 -2.64553 1 0.744862 0.350656
-2.26817 -2.80096 1.44 0.752116 0.273051
-2.11847 -2.91583 1.44 0.733307 0.263853
-2.11847 -2.91583 1.44 0.733307 0.263853
-2.26817 -2.80096 1.44 0.752116 0.273051
-2.23603 -3.07763 1.96 0.737274 0.183153
-2.26817 -2.80096 1.44 0.752116 0.273051
-2.39404 -2.95639 1.96 0.756384 0.191727
-2.23603 -3.07763 1.96 0.737274 0.183153
-2.23603 -3.07763 1.96 0.737274 0.183153
-2.39404 -2.95639 1.96 0.756384 0.191727
-2.35359 -3.23944 2.56 0.737925 0.103153
-2.39404 -2.95639 1.96 0.756384 0.191727
-2.5199 -3.11182 2.56 0.757077 0.110863
-2.35359 -3.23944 2.56 0.737925 0.103153
-0.108928 -0.459585 -0 0.519371 0.999333
-0.117557 -0.459585 -0 0.521828 0.999161
-0.217856 -0.459585 -0 0.550072 0.996075
-0.117557 -0.459585 -0 0.521828 0.999161
-0.235114 -0.459585 -0 0.554858 0.995348
-0.217856 -0.459585 -0 0.550072 0.996075
-0.217856 -0.459585 -0 0.550072 0.996075
-0.235114 -0.459585 -0 0.554858 0.995348
-0.326783 -0.503202 -0 0.578573 0.974856
-0.235114 -0.459585 -0 0.554858 0.995348
-0.352671 -0.48541 -0 0.585926 0.97971
-0.326783 -0.503202 -0 0.578573 0.974856
-0.326783 -0.503202 -0 0.578573 0.974856
-0.352671 -0.48541 -0 0.585926 0.97971
-0.435711 -0.670936 -0 0.600389 0.909989
-0.352671 -0.48541 -0 0.585926 0.97971
-0.470228 -0.647214 -0 0.609568 0.915904
-0.435711 -0.670936 -0 0.600389 0.909989
-0.435711 -0.670936 -0 0.600389 0.909989
-0.470228 -0.647214 -0 0.609568 0.915904
-0.544639 -0.838671 -0 0.618109 0.849671
-0.470228 -0.647214 -0 0.609568 0.915904
-0.587785 -0.809017 -0 0.62879 0.856428
-0.544639 -0.838671 -0 0.618109 0.849671
-0.544639 -0.838671 -0 0.618109 0.849671
-0.587785 -0.809017 -0 0.62879 0.856428
-0.653567 -1.0064 -0 0.632241 0.795144
-0.587785 -0.809017 -0 0.62879 0.856428
-0.705342 -0.97082 -0 0.644141 0.802549
-0.653567 -1.0064 -0 0.632241 0.795144
-0.653567 -1.0064 -0 0.632241 0.795144
-0.705342 -0.97082 -0 0.644141 0.802549
-0.762495 -1.17414 -0 0.643413 0.746771
-0.705342 -0.97082 -0 0.644141 0.802549
-0.822899 -1.13262 -0 0.656295 0.754661
-0.762495 -1.17414 -0 0.643413 0.746771
-0.762495 -1.17414 -0 0.643413 0.746771
-0.822899 -1.13262 -0 0.656295 0.754661
-0.871422 -1.34187 -0 0.652233 0.704324
-0.822899 -1.13262 -0 0.656295 0.754661
-0.940456 -1.29443 -0 0.665906 0.712566
-0.871422 -1.34187 -0 0.652233 0.704324
-0.871422 -1.34187 -0 0.652233 0.704324
-0.940456 -1.29443 -0 0.665906 0.712566
-0.98035 -1.50961 -0 0.659222 0.667264
-0.940456 -1.29443 -0 0.665906 0.712566
-1.05801 -1.45623 -0 0.673533 0.675755
-0.98035 -1.50961 -0 0.659222 0.667264
-0.98035 -1.50961 -0 0.659222 0.667264
-1.05801 -1.45623 -0 0.673533 0.675755
-1.08928 -1.67734 -0 0.664795 0.634938
-1.05801 -1.45623 -0 0.673533 0.675755
-1.17557 -1.61803 -0 0.679625 0.643605
-1.08928 -1.67734 -0 0.664795 0.634938
-1.08928 -1.67734 -0 0.664795 0.634938
-1.17557 -1.61803 -0 0.679625 0.643605
-1.19821 -1.84508 -0 0.66928 0.606699
-1.17557 -1.61803 -0 0.679625 0.643605
-1.29313 -1.77984 -0 0.684531 0.615481
-1.19821 -1.84508 -0 0.66928 0.606699
-1.19821 -1.84508 -0 0.66928 0.606699
-1.29313 -1.77984 -0 0.684531 0.615481
-1.41833 -2.18404 0.04 0.677486 0.55277
-1.29313 -1.77984 -0 0.684531 0.615481
-1.53069 -2.10681 0.04 0.693502 0.561705
-1.41833 -2.18404 0.04 0.677486 0.55277
-1.41833 -2.18404 0.04 0.677486 0.55277
-1.53069 -2.10681 0.04 0.693502 0.561705
-1.52726 -2.35177 0.16 0.683992 0.513196
-1.53069 -2.10681 0.04 0.693502 0.561705
-1.64825 -2.26862 0.16 0.70057 0.522215
-1.52726 -2.35177 0.16 0.683992 0.513196
-1.52726 -2.35177 0.16 0.683992 0.513196
-1.64825 -2.26862 0.16 0.70057 0.522215
-1.63618 -2.5195 0.36 0.691821 0.462892
-1.64825 -2.26862 0.16 0.70057 0.522215
-1.7658 -2.43042 0.36 0.709059 0.471965
-1.63618 -2.5195 0.36 0.691821 0.462892
-1.63618 -2.5195 0.36 0.691821 0.462892
-1.7658 -2.43042 0.36 0.709059 0.471965
-1.74511 -2.68724 0.64 0.700162 0.402182
-1.7658 -2.43042 0.36 0.709059 0.471965
-1.88336 -2.59222 0.64 0.718086 0.41123
-1.74511 -2.68724 0.64 0.700162 0.402182
-1.74511 -2.68724 0.64 0.700162 0.402182
-1.88336 -2.59222 0.64 0.718086 0.41123
-1.85404 -2.85497 1 0.70801 0.332187
-1.88336 -2.59222 0.64 0.718086 0.41123
-2.00092 -2.75403 1 0.726568 0.341079
-1.85404 -2.85497 1 0.70801 0.332187
-1.85404 -2.85497 1 0.70801 0.332187
-2.00092 -2.75403 1 0.726568 0.341079
-1.96297 -3.02271 1.44 0.714261 0.255299
-2.00092 -2.75403 1 0.726568 0.341079
-2.11847 -2.91583 1.44 0.733307 0.263853
-1.96297 -3.02271 1.44 0.714261 0.255299
-1.96297 -3.02271 1.44 0.714261 0.255299
-2.11847 -2.91583 1.44 0.733307 0.263853
-2.0719 -3.19044 1.96 0.717957 0.175159
-2.11847 -2.91583 1.44 0.733307 0.263853
-2.23603 -3.07763 1.96 0.737274 0.183153
-2.0719 -3.19044 1.96 0.717957 0.175159
-2.0719 -3.19044 1.96 0.717957 0.175159
-2.23603 -3.07763 1.96 0.737274 0.183153
-2.18082 -3.35817 2.56 0.718602 0.0959388
-2.23603 -3.07763 1.96 0.737274 0.183153
-2.35359 -3.23944 2.56 0.737925 0.103153
-2.18082 -3.35817 2.56 0.718602 0.0959388
-0.1 -0.459585 -0 0.516824 0.999495
-0.108928 -0.459585 -0 0.519371 0.999333
-0.2 -0.459585 -0 0.545094 0.996768
-0.108928 -0.459585 -0 0.519371 0.999333
-0.217856 -0.459585 -0 0.550072 0.996075
-0.2 -0.459585 -0 0.545094 0.996768
-0.2 -0.459585 -0 0.545094 0.996768
-0.217856 -0.459585 -0 0.550072 0.996075
-0.3 -0.519615 -0 0.571015 0.970389
-0.217856 -0.459585 -0 0.550072 0.996075
-0.326783 -0.503202 -0 0.578573 0.974856
-0.3 -0.519615 -0 0.571015 0.970389
-0.3 -0.519615 -0 0.571015 0.970389
-0.326783 -0.503202 -0 0.578573 0.974856
-0.4 -0.69282 -0 0.590966 0.904541
-0.326783 -0.503202 -0 0.578573 0.974856
-0.435711 -0.670936 -0 0.600389 0.909989
-0.4 -0.69282 -0 0.590966 0.904541
-0.4 -0.69282 -0 0.590966 0.904541
-0.435711 -0.670936 -0 0.600389 0.909989
-0.5 -0.866025 -0 0.607156 0.843443
-0.435711 -0.670936 -0 0.600389 0.909989
-0.544639 -0.838671 -0 0.618109 0.849671
-0.5 -0.866025 -0 0.607156 0.843443
-0.5 -0.866025 -0 0.607156 0.843443
-0.544639 -0.838671 -0 0.618109 0.849671
-0.6 -1.03923 -0 0.620053 0.788316
-0.544639 -0.838671 -0 0.618109 0.849671
-0.653567 -1.0064 -0 0.632241 0.795144
-0.6 -1.03923 -0 0.620053 0.788316
-0.6 -1.03923 -0 0.620053 0.788316
-0.653567 -1.0064 -0 0.632241 0.795144
-0.7 -1.21244 -0 0.630236 0.739495
-0.653567 -1.0064 -0 0.632241 0.795144
-0.762495 -1.17414 -0 0.643413 0.746771
-0.7 -1.21244 -0 0.630236 0.739495
-0.7 -1.21244 -0 0.630236 0.739495
-0.762495 -1.17414 -0 0.643413 0.746771
-0.8 -1.38564 -0 0.638263 0.69672
-0.762495 -1.17414 -0 0.643413 0.746771
-0.871422 -1.34187 -0 0.652233 0.704324
-0.8 -1.38564 -0 0.638263 0.69672
-0.8 -1.38564 -0 0.638263 0.69672
-0.871422 -1.34187 -0 0.652233 0.704324
-0.9 -1.55885 -0 0.644614 0.65943
-0.871422 -1.34187 -0 0.652233 0.704324
-0.98035 -1.50961 -0 0.659222 0.667264
-0.9 -1.55885 -0 0.644614 0.65943
-0.9 -1.55885 -0 0.644614 0.65943
-0.98035 -1.50961 -0 0.659222 0.667264
-1 -1.73205 -0 0.649675 0.626945
-0.98035 -1.50961 -0 0.659222 0.667264
-1.08928 -1.67734 -0 0.664795 0.634938
-1 -1.73205 -0 0.649675 0.626945
-1 -1.73205 -0 0.649675 0.626945
-1.08928 -1.67734 -0 0.664795 0.634938
-1.1 -1.90526 -0 0.65374 0.598599
-1.08928 -1.67734 -0 0.664795 0.634938
-1.19821 -1.84508 -0 0.66928 0.606699
-1.1 -1.90526 -0 0.65374 0.598599
-1.1 -1.90526 -0 0.65374 0.598599
-1.19821 -1.84508 -0 0.66928 0.606699
-1.30208 -2.25527 0.04 0.661193 0.544534
-1.19821 -1.84508 -0 0.66928 0.606699
-1.41833 -2.18404 0.04 0.677486 0.55277
-1.30208 -2.25527 0.04 0.661193 0.544534
-1.30208 -2.25527 0.04 0.661193 0.544534
-1.41833 -2.18404 0.04 0.677486 0.55277
-1.40208 -2.42848 0.16 0.66714 0.504883
-1.41833 -2.18404 0.04 0.677486 0.55277
-1.52726 -2.35177 0.16 0.683992 0.513196
-1.40208 -2.42848 0.16 0.66714 0.504883
-1.40208 -2.42848 0.16 0.66714 0.504883
-1.52726 -2.35177 0.16 0.683992 0.513196
-1.50208 -2.60168 0.36 0.674316 0.45453
-1.52726 -2.35177 0.16 0.683992 0.513196
-1.63618 -2.5195 0.36 0.691821 0.462892
-1.50208 -2.60168 0.36 0.674316 0.45453
-1.50208 -2.60168 0.36 0.674316 0.45453
-1.63618 -2.5195 0.36 0.691821 0.462892
-1.60208 -2.77489 0.64 0.681978 0.39384
-1.63618 -2.5195 0.36 0.691821 0.462892
-1.74511 -2.68724 0.64 0.700162 0.402182
-1.60208 -2.77489 0.64 0.681978 0.39384
-1.60208 -2.77489 0.64 0.681978 0.39384
-1.74511 -2.68724 0.64 0.700162 0.402182
-1.70208 -2.94809 1 0.689209 0.323979
-1.74511 -2.68724 0.64 0.700162 0.402182
-1.85404 -2.85497 1 0.70801 0.332187
-1.70208 -2.94809 1 0.689209 0.323979
-1.70208 -2.94809 1 0.689209 0.323979
-1.85404 -2.85497 1 0.70801 0.332187
-1.80208 -3.1213 1.44 0.694991 0.247389
-1.85404 -2.85497 1 0.70801 0.332187
-1.96297 -3.02271 1.44 0.714261 0.255299
-1.80208 -3.1213 1.44 0.694991 0.247389
-1.80208 -3.1213 1.44 0.694991 0.247389
-1.96297 -3.02271 1.44 0.714261 0.255299
-1.90208 -3.2945 1.96 0.698446 0.167748
-1.96297 -3.02271 1.44 0.714261 0.255299
-2.0719 -3.19044 1.96 0.717957 0.175159
-1.90208 -3.2945 1.96 0.698446 0.167748
-1.90208 -3.2945 1.96 0.698446 0.167748
-2.0719 -3.19044 1.96 0.717957 0.175159
-2.00208 -3.46771 2.56 0.699115 0.0892272
-2.0719 -3.19044 1.96 0.717957 0.175159
-2.18082 -3.35817 2.56 0.718602 0.0959388
-2.00208 -3.46771 2.56 0.699115 0.0892272
-0.0907981 -0.459585 -0 0.514196 0.999644
-0.1 -0.459585 -0 0.516824 0.999495
-0.181596 -0.459585 -0 0.539939 0.997419
-0.1 -0.459585 -0 0.516824 0.999495
-0.2 -0.459585 -0 0.545094 0.996768
-0.181596 -0.459585 -0 0.539939 0.997419
-0.181596 -0.459585 -0 0.539939 0.997419
-0.2 -0.459585 -0 0.545094 0.996768
-0.272394 -0.534604 -0 0.563267 0.966313
-0.2 -0.459585 -0 0.545094 0.996768
-0.3 -0.519615 -0 0.571015 0.970389
-0.272394 -0.534604 -0 0.563267 0.966313
-0.272394 -0.534604 -0 0.563267 0.966313
-0.3 -0.519615 -0 0.571015 0.970389
-0.363192 -0.712805 -0 0.581317 0.899566
-0.3 -0.519615 -0 0.571015 0.970389
-0.4 -0.69282 -0 0.590966 0.904541
-0.363192 -0.712805 -0 0.581317 0.899566
-0.363192 -0.712805 -0 0.581317 0.899566
-0.4 -0.69282 -0 0.590966 0.904541
-0.453991 -0.891007 -0 0.595955 0.837752
-0.4 -0.69282 -0 0.590966 0.904541
-0.5 -0.866025 -0 0.607156 0.843443
-0.453991 -0.891007 -0 0.595955 0.837752
-0.453991 -0.891007 -0 0.595955 0.837752
-0.5 -0.866025 -0 0.607156 0.843443
-0.544789 -1.06921 -0 0.607603 0.78207
-0.5 -0.866025 -0 0.607156 0.843443
-0.6 -1.03923 -0 0.620053 0.788316
-0.544789 -1.06921 -0 0.607603 0.78207
-0.544789 -1.06921 -0 0.607603 0.78207
-0.6 -1.03923 -0 0.620053 0.788316
-0.635587 -1.24741 -0 0.616789 0.732834
-0.6 -1.03923 -0 0.620053 0.788316
-0.7 -1.21244 -0 0.630236 0.739495
-0.635587 -1.24741 -0 0.616789 0.732834
-0.635587 -1.24741 -0 0.616789 0.732834
-0.7 -1.21244 -0 0.630236 0.739495
-0.726385 -1.42561 -0 0.624021 0.68976
-0.7 -1.21244 -0 0.630236 0.739495
-0.8 -1.38564 -0 0.638263 0.69672
-0.726385 -1.42561 -0 0.624021 0.68976
-0.726385 -1.42561 -0 0.624021 0.68976
-0.8 -1.38564 -0 0.638263 0.69672
-0.817183 -1.60381 -0 0.629737 0.652257
-0.8 -1.38564 -0 0.638263 0.69672
-0.9 -1.55885 -0 0.644614 0.65943
-0.817183 -1.60381 -0 0.629737 0.652257
-0.817183 -1.60381 -0 0.629737 0.652257
-0.9 -1.55885 -0 0.644614 0.65943
-0.907981 -1.78201 -0 0.634286 0.619629
-0.9 -1.55885 -0 0.644614 0.65943
-1 -1.73205 -0 0.649675 0.626945
-0.907981 -1.78201 -0 0.634286 0.619629
-0.907981 -1.78201 -0 0.634286 0.619629
-1 -1.73205 -0 0.649675 0.626945
-0.998779 -1.96021 -0 0.637939 0.591187
-1 -1.73205 -0 0.649675 0.626945
-1.1 -1.90526 -0 0.65374 0.598599
-0.998779 -1.96021 -0 0.637939 0.591187
-0.998779 -1.96021 -0 0.637939 0.591187
-1.1 -1.90526 -0 0.65374 0.598599
-1.18227 -2.32033 0.04 0.644648 0.536998
-1.1 -1.90526 -0 0.65374 0.598599
-1.30208 -2.25527 0.04 0.661193 0.544534
-1.18227 -2.32033 0.04 0.644648 0.536998
-1.18227 -2.32033 0.04 0.644648 0.536998
-1.30208 -2.25527 0.04 0.661193 0.544534
-1.27306 -2.49853 0.16 0.65004 0.497278
-1.30208 -2.25527 0.04 0.661193 0.544534
-1.40208 -2.42848 0.16 0.66714 0.504883
-1.27306 -2.49853 0.16 0.65004 0.497278
-1.27306 -2.49853 0.16 0.65004 0.497278
-1.40208 -2.42848 0.16 0.66714 0.504883
-1.36386 -2.67673 0.36 0.656568 0.44688
-1.40208 -2.42848 0.16 0.66714 0.504883
-1.50208 -2.60168 0.36 0.674316 0.45453
-1.36386 -2.67673 0.36 0.656568 0.44688
-1.36386 -2.67673 0.36 0.656568 0.44688
-1.50208 -2.60168 0.36 0.674316 0.45453
-1.45466 -2.85493 0.64 0.66356 0.386203
-1.50208 -2.60168 0.36 0.674316 0.45453
-1.60208 -2.77489 0.64 0.681978 0.39384
-1.45466 -2.85493 0.64 0.66356 0.386203
-1.45466 -2.85493 0.64 0.66356 0.386203
-1.60208 -2.77489 0.64 0.681978 0.39384
-1.54546 -3.03313 1 0.670184 0.316457
-1.60208 -2.77489 0.64 0.681978 0.39384
-1.70208 -2.94809 1 0.689209 0.323979
-1.54546 -3.03313 1 0.670184 0.316457
-1.54546 -3.03313 1 0.670184 0.316457
-1.70208 -2.94809 1 0.689209 0.323979
-1.63626 -3.21133 1.44 0.675516 0.240127
-1.70208 -2.94809 1 0.689209 0.323979
-1.80208 -3.1213 1.44 0.694991 0.247389
-1.63626 -3.21133 1.44 0.675516 0.240127
-1.63626 -3.21133 1.44 0.675516 0.240127
-1.80208 -3.1213 1.44 0.694991 0.247389
-1.72705 -3.38953 1.96 0.678752 0.160923
-1.80208 -3.1213 1.44 0.694991 0.247389
-1.90208 -3.2945 1.96 0.698446 0.167748
-1.72705 -3.38953 1.96 0.678752 0.160923
-1.72705 -3.38953 1.96 0.678752 0.160923
-1.90208 -3.2945 1.96 0.698446 0.167748
-1.81785 -3.56774 2.56 0.679474 0.083023
-1.90208 -3.2945 1.96 0.698446 0.167748
-2.00208 -3.46771 2.56 0.699115 0.0892272
-1.81785 -3.56774 2.56 0.679474 0.083023
-0.0813473 -0.459585 -0 0.511494 0.999779
-0.0907981 -0.459585 -0 0.514196 0.999644
-0.162695 -0.459585 -0 0.53462 0.998018
-0.0907981 -0.459585 -0 0.514196 0.999644
-0.181596 -0.459585 -0 0.539939 0.997419
-0.162695 -0.459585 -0 0.53462 0.998018
-0.162695 -0.459585 -0 0.53462 0.998018
-0.181596 -0.459585 -0 0.539939 0.997419
-0.244042 -0.548127 -0 0.555346 0.962635
-0.181596 -0.459585 -0 0.539939 0.997419
-0.272394 -0.534604 -0 0.563267 0.966313
-0.244042 -0.548127 -0 0.555346 0.962635
-0.244042 -0.548127 -0 0.555346 0.962635
-0.272394 -0.534604 -0 0.563267 0.966313
-0.325389 -0.730836 -0 0.571463 0.89507
-0.272394 -0.534604 -0 0.563267 0.966313
-0.363192 -0.712805 -0 0.581317 0.899566
-0.325389 -0.730836 -0 0.571463 0.89507
-0.325389 -0.730836 -0 0.571463 0.89507
-0.363192 -0.712805 -0 0.581317 0.899566
-0.406737 -0.913545 -0 0.584526 0.832601
-0.363192 -0.712805 -0 0.581317 0.899566
-0.453991 -0.891007 -0 0.595955 0.837752
-0.406737 -0.913545 -0 0.584526 0.832601
-0.406737 -0.913545 -0 0.584526 0.832601
-0.453991 -0.891007 -0 0.595955 0.837752
-0.488084 -1.09625 -0 0.594914 0.776413
-0.453991 -0.891007 -0 0.595955 0.837752
-0.544789 -1.06921 -0 0.607603 0.78207
-0.488084 -1.09625 -0 0.594914 0.776413
-0.488084 -1.09625 -0 0.594914 0.776413
-0.544789 -1.06921 -0 0.607603 0.78207
-0.569431 -1.27896 -0 0.603098 0.726797
-0.544789 -1.06921 -0 0.607603 0.78207
-0.635587 -1.24741 -0 0.616789 0.732834
-0.569431 -1.27896 -0 0.603098 0.726797
-0.569431 -1.27896 -0 0.603098 0.726797
-0.635587 -1.24741 -0 0.616789 0.732834
-0.650779 -1.46167 -0 0.609535 0.683449
-0.635587 -1.24741 -0 0.616789 0.732834
-0.726385 -1.42561 -0 0.624021 0.68976
-0.650779 -1.46167 -0 0.609535 0.683449
-0.650779 -1.46167 -0 0.609535 0.683449
-0.726385 -1.42561 -0 0.624021 0.68976
-0.732126 -1.64438 -0 0.614618 0.645754
-0.726385 -1.42561 -0 0.624021 0.68976
-0.817183 -1.60381 -0 0.629737 0.652257
-0.732126 -1.64438 -0 0.614618 0.645754
-0.732126 -1.64438 -0 0.614618 0.645754
-0.817183 -1.60381 -0 0.629737 0.652257
-0.813473 -1.82709 -0 0.61866 0.612994
-0.817183 -1.60381 -0 0.629737 0.652257
-0.907981 -1.78201 -0 0.634286 0.619629
-0.813473 -1.82709 -0 0.61866 0.612994
-0.813473 -1.82709 -0 0.61866 0.612994
-0.907981 -1.78201 -0 0.634286 0.619629
-0.894821 -2.0098 -0 0.621904 0.584465
-0.907981 -1.78201 -0 0.634286 0.619629
-0.998779 -1.96021 -0 0.637939 0.591187
-0.894821 -2.0098 -0 0.621904 0.584465
-0.894821 -2.0098 -0 0.621904 0.584465
-0.998779 -1.96021 -0 0.637939 0.591187
-1.05921 -2.37902 0.04 0.627878 0.530167
-0.998779 -1.96021 -0 0.637939 0.591187
-1.18227 -2.32033 0.04 0.644648 0.536998
-1.05921 -2.37902 0.04 0.627878 0.530167
-1.05921 -2.37902 0.04 0.627878 0.530167
-1.18227 -2.32033 0.04 0.644648 0.536998
-1.14056 -2.56173 0.16 0.63272 0.490383
-1.18227 -2.32033 0.04 0.644648 0.536998
-1.27306 -2.49853 0.16 0.65004 0.497278
-1.14056 -2.56173 0.16 0.63272 0.490383
-1.14056 -2.56173 0.16 0.63272 0.490383
-1.27306 -2.49853 0.16 0.65004 0.497278
-1.2219 -2.74444 0.36 0.638603 0.439942
-1.27306 -2.49853 0.16 0.65004 0.497278
-1.36386 -2.67673 0.36 0.656568 0.44688
-1.2219 -2.74444 0.36 0.638603 0.439942
-1.2219 -2.74444 0.36 0.638603 0.439942
-1.36386 -2.67673 0.36 0.656568 0.44688
-1.30325 -2.92715 0.64 0.64493 0.379273
-1.36386 -2.67673 0.36 0.656568 0.44688
-1.45466 -2.85493 0.64 0.66356 0.386203
-1.30325 -2.92715 0.64 0.64493 0.379273
-1.30325 -2.92715 0.64 0.64493 0.379273
-1.45466 -2.85493 0.64 0.66356 0.386203
-1.3846 -3.10986 1 0.650957 0.309622
-1.45466 -2.85493 0.64 0.66356 0.386203
-1.54546 -3.03313 1 0.670184 0.316457
-1.3846 -3.10986 1 0.650957 0.309622
-1.3846 -3.10986 1 0.650957 0.309622
-1.54546 -3.03313 1 0.670184 0.316457
-1.46595 -3.29257 1.44 0.655852 0.233512
-1.54546 -3.03313 1 0.670184 0.316457
-1.63626 -3.21133 1.44 0.675516 0.240127
-1.46595 -3.29257 1.44 0.655852 0.233512
-1.46595 -3.29257 1.44 0.655852 0.233512
-1.63626 -3.21133 1.44 0.675516 0.240127
-1.54729 -3.47528 1.96 0.65889 0.154688
-1.63626 -3.21133 1.44 0.675516 0.240127
-1.72705 -3.38953 1.96 0.678752 0.160923
-1.54729 -3.47528 1.96 0.65889 0.154688
-1.54729 -3.47528 1.96 0.65889 0.154688
-1.72705 -3.38953 1.96 0.678752 0.160923
-1.62864 -3.65798 2.56 0.659689 0.0773305
-1.72705 -3.38953 1.96 0.678752 0.160923
-1.81785 -3.56774 2.56 0.679474 0.083023
-1.62864 -3.65798 2.56 0.659689 0.0773305
-0.0716736 -0.459585 -0 0.508724 0.999898
-0.0813473 -0.459585 -0 0.511494 0.999779
-0.143347 -0.459585 -0 0.529151 0.998558
-0.0813473 -0.459585 -0 0.511494 0.999779
-0.162695 -0.459585 -0 0.53462 0.998018
-0.143347 -0.459585 -0 0.529151 0.998558
-0.143347 -0.459585 -0 0.529151 0.998558
-0.162695 -0.459585 -0 0.53462 0.998018
-0.215021 -0.560148 -0 0.54727 0.959357
-0.162695 -0.459585 -0 0.53462 0.998018
-0.244042 -0.548127 -0 0.555346 0.962635
-0.215021 -0.560148 -0 0.54727 0.959357
-0.215021 -0.560148 -0 0.54727 0.959357
-0.244042 -0.548127 -0 0.555346 0.962635
-0.286694 -0.746864 -0 0.561424 0.891058
-0.244042 -0.548127 -0 0.555346 0.962635
-0.325389 -0.730836 -0 0.571463 0.89507
-0.286694 -0.746864 -0 0.561424 0.891058
-0.286694 -0.746864 -0 0.561424 0.891058
-0.325389 -0.730836 -0 0.571463 0.89507
-0.358368 -0.93358 -0 0.572894 0.827999
-0.325389 -0.730836 -0 0.571463 0.89507
-0.406737 -0.913545 -0 0.584526 0.832601
-0.358368 -0.93358 -0 0.572894 0.827999
-0.358368 -0.93358 -0 0.572894 0.827999
-0.406737 -0.913545 -0 0.584526 0.832601
-0.430042 -1.1203 -0 0.582011 0.77135
-0.406737 -0.913545 -0 0.584526 0.832601
-0.488084 -1.09625 -0 0.594914 0.776413
-0.430042 -1.1203 -0 0.582011 0.77135
-0.430042 -1.1203 -0 0.582011 0.77135
-0.488084 -1.09625 -0 0.594914 0.776413
-0.501715 -1.30701 -0 0.589188 0.721391
-0.488084 -1.09625 -0 0.594914 0.776413
-0.569431 -1.27896 -0 0.603098 0.726797
-0.501715 -1.30701 -0 0.589188 0.721391
-0.501715 -1.30701 -0 0.589188 0.721391
-0.569431 -1.27896 -0 0.603098 0.726797
-0.573389 -1.49373 -0 0.59483 0.677794
-0.569431 -1.27896 -0 0.603098 0.726797
-0.650779 -1.46167 -0 0.609535 0.683449
-0.573389 -1.49373 -0 0.59483 0.677794
-0.573389 -1.49373 -0 0.59483 0.677794
-0.650779 -1.46167 -0 0.609535 0.683449
-0.645062 -1.68044 -0 0.599283 0.639924
-0.650779 -1.46167 -0 0.609535 0.683449
-0.732126 -1.64438 -0 0.614618 0.645754
-0.645062 -1.68044 -0 0.599283 0.639924
-0.645062 -1.68044 -0 0.599283 0.639924
-0.732126 -1.64438 -0 0.614618 0.645754
-0.716736 -1.86716 -0 0.602823 0.607045
-0.732126 -1.64438 -0 0.614618 0.645754
-0.813473 -1.82709 -0 0.61866 0.612994
-0.716736 -1.86716 -0 0.602823 0.607045
-0.716736 -1.86716 -0 0.602823 0.607045
-0.813473 -1.82709 -0 0.61866 0.612994
-0.788409 -2.05388 -0 0.605662 0.578439
-0.813473 -1.82709 -0 0.61866 0.612994
-0.894821 -2.0098 -0 0.621904 0.584465
-0.788409 -2.05388 -0 0.605662 0.578439
-0.788409 -2.05388 -0 0.605662 0.578439
-0.894821 -2.0098 -0 0.621904 0.584465
-0.933249 -2.4312 0.04 0.610911 0.524042
-0.894821 -2.0098 -0 0.621904 0.584465
-1.05921 -2.37902 0.04 0.627878 0.530167
-0.933249 -2.4312 0.04 0.610911 0.524042
-0.933249 -2.4312 0.04 0.610911 0.524042
-1.05921 -2.37902 0.04 0.627878 0.530167
-1.00492 -2.61791 0.16 0.615205 0.4842
-1.05921 -2.37902 0.04 0.627878 0.530167
-1.14056 -2.56173 0.16 0.63272 0.490383
-1.00492 -2.61791 0.16 0.615205 0.4842
-1.00492 -2.61791 0.16 0.615205 0.4842
-1.14056 -2.56173 0.16 0.63272 0.490383
-1.0766 -2.80463 0.36 0.620447 0.433717
-1.14056 -2.56173 0.16 0.63272 0.490383
-1.2219 -2.74444 0.36 0.638603 0.439942
-1.0766 -2.80463 0.36 0.620447 0.433717
-1.0766 -2.80463 0.36 0.620447 0.433717
-1.2219 -2.74444 0.36 0.638603 0.439942
-1.14827 -2.99134 0.64 0.626113 0.37305
-1.2219 -2.74444 0.36 0.638603 0.439942
-1.30325 -2.92715 0.64 0.64493 0.379273
-1.14827 -2.99134 0.64 0.626113 0.37305
-1.14827 -2.99134 0.64 0.626113 0.37305
-1.30325 -2.92715 0.64 0.64493 0.379273
-1.21994 -3.17806 1 0.63155 0.303472
-1.30325 -2.92715 0.64 0.64493 0.379273
-1.3846 -3.10986 1 0.650957 0.309622
-1.21994 -3.17806 1 0.63155 0.303472
-1.21994 -3.17806 1 0.63155 0.303472
-1.3846 -3.10986 1 0.650957 0.309622
-1.29162 -3.36478 1.44 0.63602 0.227546
-1.3846 -3.10986 1 0.650957 0.309622
-1.46595 -3.29257 1.44 0.655852 0.233512
-1.29162 -3.36478 1.44 0.63602 0.227546
-1.29162 -3.36478 1.44 0.63602 0.227546
-1.46595 -3.29257 1.44 0.655852 0.233512
-1.36329 -3.55149 1.96 0.638876 0.149044
-1.46595 -3.29257 1.44 0.655852 0.233512
-1.54729 -3.47528 1.96 0.65889 0.154688
-1.36329 -3.55149 1.96 0.638876 0.149044
-1.36329 -3.55149 1.96 0.638876 0.149044
-1.54729 -3.47528 1.96 0.65889 0.154688
-1.43496 -3.73821 2.56 0.639772 0.0721563
-1.54729 -3.47528 1.96 0.65889 0.154688
-1.62864 -3.65798 2.56 0.659689 0.0773305
-1.43496 -3.73821 2.56 0.639772 0.0721563
-0.0618034 -0.459585 -0 0.505895 1
-0.0716736 -0.459585 -0 0.508724 0.999898
-0.123607 -0.459585 -0 0.523549 0.999032
-0.0716736 -0.459585 -0 0.508724 0.999898
-0.143347 -0.459585 -0 0.529151 0.998558
-0.123607 -0.459585 -0 0.523549 0.999032
-0.123607 -0.459585 -0 0.523549 0.999032
-0.143347 -0.459585 -0 0.529151 0.998558
-0.18541 -0.570634 -0 0.539058 0.956486
-0.143347 -0.459585 -0 0.529151 0.998558
-0.215021 -0.560148 -0 0.54727 0.959357
-0.18541 -0.570634 -0 0.539058 0.956486
-0.18541 -0.570634 -0 0.539058 0.956486
-0.215021 -0.560148 -0 0.54727 0.959357
-0.247214 -0.760845 -0 0.551222 0.887536
-0.215021 -0.560148 -0 0.54727 0.959357
-0.286694 -0.746864 -0 0.561424 0.891058
-0.247214 -0.760845 -0 0.551222 0.887536
-0.247214 -0.760845 -0 0.551222 0.887536
-0.286694 -0.746864 -0 0.561424 0.891058
-0.309017 -0.951057 -0 0.561082 0.82395
-0.286694 -0.746864 -0 0.561424 0.891058
-0.358368 -0.93358 -0 0.572894 0.827999
-0.309017 -0.951057 -0 0.561082 0.82395
-0.309017 -0.951057 -0 0.561082 0.82395
-0.358368 -0.93358 -0 0.572894 0.827999
-0.37082 -1.14127 -0 0.568919 0.766891
-0.358368 -0.93358 -0 0.572894 0.827999
-0.430042 -1.1203 -0 0.582011 0.77135
-0.37082 -1.14127 -0 0.568919 0.766891
-0.37082 -1.14127 -0 0.568919 0.766891
-0.430042 -1.1203 -0 0.582011 0.77135
-0.432624 -1.33148 -0 0.575087 0.716623
-0.430042 -1.1203 -0 0.582011 0.77135
-0.501715 -1.30701 -0 0.589188 0.721391
-0.432624 -1.33148 -0 0.575087 0.716623
-0.432624 -1.33148 -0 0.575087 0.716623
-0.501715 -1.30701 -0 0.589188 0.721391
-0.494427 -1.52169 -0 0.579934 0.672801
-0.501715 -1.30701 -0 0.589188 0.721391
-0.573389 -1.49373 -0 0.59483 0.677794
-0.494427 -1.52169 -0 0.579934 0.672801
-0.494427 -1.52169 -0 0.579934 0.672801
-0.573389 -1.49373 -0 0.59483 0.677794
-0.556231 -1.7119 -0 0.58376 0.634774
-0.573389 -1.49373 -0 0.59483 0.677794
-0.645062 -1.68044 -0 0.599283 0.639924
-0.556231 -1.7119 -0 0.58376 0.634774
-0.556231 -1.7119 -0 0.58376 0.634774
-0.645062 -1.68044 -0 0.599283 0.639924
-0.618034 -1.90211 -0 0.586801 0.601788
-0.645062 -1.68044 -0 0.599283 0.639924
-0.716736 -1.86716 -0 0.602823 0.607045
-0.618034 -1.90211 -0 0.586801 0.601788
-0.618034 -1.90211 -0 0.586801 0.601788
-0.716736 -1.86716 -0 0.602823 0.607045
-0.679837 -2.09232 -0 0.58924 0.573111
-0.716736 -1.86716 -0 0.602823 0.607045
-0.788409 -2.05388 -0 0.605662 0.578439
-0.679837 -2.09232 -0 0.58924 0.573111
-0.679837 -2.09232 -0 0.58924 0.573111
-0.788409 -2.05388 -0 0.605662 0.578439
-0.804731 -2.47671 0.04 0.593772 0.518625
-0.788409 -2.05388 -0 0.605662 0.578439
-0.933249 -2.4312 0.04 0.610911 0.524042
-0.804731 -2.47671 0.04 0.593772 0.518625
-0.804731 -2.47671 0.04 0.593772 0.518625
-0.933249 -2.4312 0.04 0.610911 0.524042
-0.866534 -2.66692 0.16 0.597523 0.47873
-0.933249 -2.4312 0.04 0.610911 0.524042
-1.00492 -2.61791 0.16 0.615205 0.4842
-0.866534 -2.66692 0.16 0.597523 0.47873
-0.866534 -2.66692 0.16 0.597523 0.47873
-1.00492 -2.61791 0.16 0.615205 0.4842
-0.928337 -2.85713 0.36 0.602126 0.428206
-1.00492 -2.61791 0.16 0.615205 0.4842
-1.0766 -2.80463 0.36 0.620447 0.433717
-0.928337 -2.85713 0.36 0.602126 0.428206
-0.928337 -2.85713 0.36 0.602126 0.428206
-1.0766 -2.80463 0.36 0.620447 0.433717
-0.990141 -3.04734 0.64 0.607136 0.367532
-1.0766 -2.80463 0.36 0.620447 0.433717
-1.14827 -2.99134 0.64 0.626113 0.37305
-0.990141 -3.04734 0.64 0.607136 0.367532
-0.990141 -3.04734 0.64 0.607136 0.367532
-1.14827 -2.99134 0.64 0.626113 0.37305
-1.05194 -3.23755 1 0.611987 0.298008
-1.14827 -2.99134 0.64 0.626113 0.37305
-1.21994 -3.17806 1 0.63155 0.303472
-1.05194 -3.23755 1 0.611987 0.298008
-1.05194 -3.23755 1 0.611987 0.298008
-1.21994 -3.17806 1 0.63155 0.303472
-1.11375 -3.42776 1.44 0.61604 0.222228
-1.21994 -3.17806 1 0.63155 0.303472
-1.29162 -3.36478 1.44 0.63602 0.227546
-1.11375 -3.42776 1.44 0.61604 0.222228
-1.11375 -3.42776 1.44 0.61604 0.222228
-1.29162 -3.36478 1.44 0.63602 0.227546
-1.17555 -3.61797 1.96 0.618725 0.143993
-1.29162 -3.36478 1.44 0.63602 0.227546
-1.36329 -3.55149 1.96 0.638876 0.149044
-1.17555 -3.61797 1.96 0.618725 0.143993
-1.17555 -3.61797 1.96 0.618725 0.143993
-1.36329 -3.55149 1.96 0.638876 0.149044
-1.23735 -3.80819 2.56 0.619736 0.0675037
-1.36329 -3.55149 1.96 0.638876 0.149044
-1.43496 -3.73821 2.56 0.639772 0.0721563
-1.23735 -3.80819 2.56 0.619736 0.0675037
-0.0517638 -0.459585 -0 0.503014 1.00008
-0.0618034 -0.459585 -0 0.505895 1
-0.103528 -0.459585 -0 0.517831 0.999433
-0.0618034 -0.459585 -0 0.505895 1
-0.123607 -0.459585 -0 0.523549 0.999032
-0.103528 -0.459585 -0 0.517831 0.999433
-0.103528 -0.459585 -0 0.517831 0.999433
-0.123607 -0.459585 -0 0.523549 0.999032
-0.155291 -0.579556 -0 0.530727 0.954027
-0.123607 -0.459585 -0 0.523549 0.999032
-0.18541 -0.570634 -0 0.539058 0.956486
-0.155291 -0.579556 -0 0.530727 0.954027
-0.155291 -0.579556 -0 0.530727 0.954027
-0.18541 -0.570634 -0 0.539058 0.956486
-0.207055 -0.772741 -0 0.540879 0.88451
-0.18541 -0.570634 -0 0.539058 0.956486
-0.247214 -0.760845 -0 0.551222 0.887536
-0.207055 -0.772741 -0 0.540879 0.88451
-0.207055 -0.772741 -0 0.540879 0.88451
-0.247214 -0.760845 -0 0.551222 0.887536
-0.258819 -0.965926 -0 0.549114 0.820461
-0.247214 -0.760845 -0 0.551222 0.887536
-0.309017 -0.951057 -0 0.561082 0.82395
-0.258819 -0.965926 -0 0.549114 0.820461
-0.258819 -0.965926 -0 0.549114 0.820461
-0.309017 -0.951057 -0 0.561082 0.82395
-0.310583 -1.15911 -0 0.555663 0.763038
-0.309017 -0.951057 -0 0.561082 0.82395
-0.37082 -1.14127 -0 0.568919 0.766891
-0.310583 -1.15911 -0 0.555663 0.763038
-0.310583 -1.15911 -0 0.555663 0.763038
-0.37082 -1.14127 -0 0.568919 0.766891
-0.362347 -1.3523 -0 0.56082 0.712497
-0.37082 -1.14127 -0 0.568919 0.766891
-0.432624 -1.33148 -0 0.575087 0.716623
-0.362347 -1.3523 -0 0.56082 0.712497
-0.362347 -1.3523 -0 0.56082 0.712497
-0.432624 -1.33148 -0 0.575087 0.716623
-0.41411 -1.54548 -0 0.564874 0.668476
-0.432624 -1.33148 -0 0.575087 0.716623
-0.494427 -1.52169 -0 0.579934 0.672801
-0.41411 -1.54548 -0 0.564874 0.668476
-0.41411 -1.54548 -0 0.564874 0.668476
-0.494427 -1.52169 -0 0.579934 0.672801
-0.465874 -1.73867 -0 0.568076 0.630308
-0.494427 -1.52169 -0 0.579934 0.672801
-0.556231 -1.7119 -0 0.58376 0.634774
-0.465874 -1.73867 -0 0.568076 0.630308
-0.465874 -1.73867 -0 0.568076 0.630308
-0.556231 -1.7119 -0 0.58376 0.634774
-0.517638 -1.93185 -0 0.570622 0.597226
-0.556231 -1.7119 -0 0.58376 0.634774
-0.618034 -1.90211 -0 0.586801 0.601788
-0.517638 -1.93185 -0 0.570622 0.597226
-0.517638 -1.93185 -0 0.570622 0.597226
-0.618034 -1.90211 -0 0.586801 0.601788
-0.569402 -2.12504 -0 0.572667 0.568486
-0.618034 -1.90211 -0 0.586801 0.601788
-0.679837 -2.09232 -0 0.58924 0.573111
-0.569402 -2.12504 -0 0.572667 0.568486
-0.569402 -2.12504 -0 0.572667 0.568486
-0.679837 -2.09232 -0 0.58924 0.573111
-0.674007 -2.51543 0.04 0.57649 0.513918
-0.679837 -2.09232 -0 0.58924 0.573111
-0.804731 -2.47671 0.04 0.593772 0.518625
-0.674007 -2.51543 0.04 0.57649 0.513918
-0.674007 -2.51543 0.04 0.57649 0.513918
-0.804731 -2.47671 0.04 0.593772 0.518625
-0.725771 -2.70861 0.16 0.579698 0.473973
-0.804731 -2.47671 0.04 0.593772 0.518625
-0.866534 -2.66692 0.16 0.597523 0.47873
-0.725771 -2.70861 0.16 0.579698 0.473973
-0.725771 -2.70861 0.16 0.579698 0.473973
-0.866534 -2.66692 0.16 0.597523 0.47873
-0.777535 -2.9018 0.36 0.583666 0.423407
-0.866534 -2.66692 0.16 0.597523 0.47873
-0.928337 -2.85713 0.36 0.602126 0.428206
-0.777535 -2.9018 0.36 0.583666 0.423407
-0.777535 -2.9018 0.36 0.583666 0.423407
-0.928337 -2.85713 0.36 0.602126 0.428206
-0.829298 -3.09498 0.64 0.58802 0.362719
-0.928337 -2.85713 0.36 0.602126 0.428206
-0.990141 -3.04734 0.64 0.607136 0.367532
-0.829298 -3.09498 0.64 0.58802 0.362719
-0.829298 -3.09498 0.64 0.58802 0.362719
-0.990141 -3.04734 0.64 0.607136 0.367532
-0.881062 -3.28817 1 0.592288 0.293229
-0.990141 -3.04734 0.64 0.607136 0.367532
-1.05194 -3.23755 1 0.611987 0.298008
-0.881062 -3.28817 1 0.592288 0.293229
-0.881062 -3.28817 1 0.592288 0.293229
-1.05194 -3.23755 1 0.611987 0.298008
-0.932826 -3.48135 1.44 0.59593 0.21756
-1.05194 -3.23755 1 0.611987 0.298008
-1.11375 -3.42776 1.44 0.61604 0.222228
-0.932826 -3.48135 1.44 0.59593 0.21756
-0.932826 -3.48135 1.44 0.59593 0.21756
-1.11375 -3.42776 1.44 0.61604 0.222228
-0.98459 -3.67454 1.96 0.598456 0.139539
-1.11375 -3.42776 1.44 0.61604 0.222228
-1.17555 -3.61797 1.96 0.618725 0.143993
-0.98459 -3.67454 1.96 0.598456 0.139539
-0.98459 -3.67454 1.96 0.598456 0.139539
-1.17555 -3.61797 1.96 0.618725 0.143993
-1.03635 -3.86772 2.56 0.599596 0.0633748
-1.17555 -3.61797 1.96 0.618725 0.143993
-1.23735 -3.80819 2.56 0.619736 0.0675037
-1.03635 -3.86772 2.56 0.599596 0.0633748
-0.0415823 -0.459585 -0 0.50009 1.00014
-0.0517638 -0.459585 -0 0.503014 1.00008
-0.0831647 -0.459585 -0 0.512014 0.999755
-0.0517638 -0.459585 -0 0.503014 1.00008
-0.103528 -0.459585 -0 0.517831 0.999433
-0.0831647 -0.459585 -0 0.512014 0.999755
-0.0831647 -0.459585 -0 0.512014 0.999755
-0.103528 -0.459585 -0 0.517831 0.999433
-0.124747 -0.586889 -0 0.522297 0.951982
-0.103528 -0.459585 -0 0.517831 0.999433
-0.155291 -0.579556 -0 0.530727 0.954027
-0.124747 -0.586889 -0 0.522297 0.951982
-0.124747 -0.586889 -0 0.522297 0.951982
-0.155291 -0.579556 -0 0.530727 0.954027
-0.166329 -0.782518 -0 0.530416 0.881983
-0.155291 -0.579556 -0 0.530727 0.954027
-0.207055 -0.772741 -0 0.540879 0.88451
-0.166329 -0.782518 -0 0.530416 0.881983
-0.166329 -0.782518 -0 0.530416 0.881983
-0.207055 -0.772741 -0 0.540879 0.88451
-0.207912 -0.978148 -0 0.537014 0.817538
-0.207055 -0.772741 -0 0.540879 0.88451
-0.258819 -0.965926 -0 0.549114 0.820461
-0.207912 -0.978148 -0 0.537014 0.817538
-0.207912 -0.978148 -0 0.537014 0.817538
-0.258819 -0.965926 -0 0.549114 0.820461
-0.249494 -1.17378 -0 0.542269 0.7598
-0.258819 -0.965926 -0 0.549114 0.820461
-0.310583 -1.15911 -0 0.555663 0.763038
-0.249494 -1.17378 -0 0.542269 0.7598
-0.249494 -1.17378 -0 0.542269 0.7598
-0.310583 -1.15911 -0 0.555663 0.763038
-0.291076 -1.36941 -0 0.546412 0.709019
-0.310583 -1.15911 -0 0.555663 0.763038
-0.362347 -1.3523 -0 0.56082 0.712497
-0.291076 -1.36941 -0 0.546412 0.709019
-0.291076 -1.36941 -0 0.546412 0.709019
-0.362347 -1.3523 -0 0.56082 0.712497
-0.332659 -1.56504 -0 0.549676 0.664823
-0.362347 -1.3523 -0 0.56082 0.712497
-0.41411 -1.54548 -0 0.564874 0.668476
-0.332659 -1.56504 -0 0.549676 0.664823
-0.332659 -1.56504 -0 0.549676 0.664823
-0.41411 -1.54548 -0 0.564874 0.668476
-0.374241 -1.76067 -0 0.552256 0.626531
-0.41411 -1.54548 -0 0.564874 0.668476
-0.465874 -1.73867 -0 0.568076 0.630308
-0.374241 -1.76067 -0 0.552256 0.626531
-0.374241 -1.76067 -0 0.552256 0.626531
-0.465874 -1.73867 -0 0.568076 0.630308
-0.415823 -1.9563 -0 0.554312 0.593365
-0.465874 -1.73867 -0 0.568076 0.630308
-0.517638 -1.93185 -0 0.570622 0.597226
-0.415823 -1.9563 -0 0.554312 0.593365
-0.415823 -1.9563 -0 0.554312 0.593365
-0.517638 -1.93185 -0 0.570622 0.597226
-0.457406 -2.15192 -0 0.555965 0.564566
-0.517638 -1.93185 -0 0.570622 0.597226
-0.569402 -2.12504 -0 0.572667 0.568486
-0.457406 -2.15192 -0 0.555965 0.564566
-0.457406 -2.15192 -0 0.555965 0.564566
-0.569402 -2.12504 -0 0.572667 0.568486
-0.541436 -2.54726 0.04 0.559088 0.509923
-0.569402 -2.12504 -0 0.572667 0.568486
-0.674007 -2.51543 0.04 0.57649 0.513918
-0.541436 -2.54726 0.04 0.559088 0.509923
-0.541436 -2.54726 0.04 0.559088 0.509923
-0.674007 -2.51543 0.04 0.57649 0.513918
-0.583018 -2.74289 0.16 0.561757 0.46993
-0.674007 -2.51543 0.04 0.57649 0.513918
-0.725771 -2.70861 0.16 0.579698 0.473973
-0.583018 -2.74289 0.16 0.561757 0.46993
-0.583018 -2.74289 0.16 0.561757 0.46993
-0.725771 -2.70861 0.16 0.579698 0.473973
-0.624601 -2.93851 0.36 0.56509 0.41932
-0.725771 -2.70861 0.16 0.579698 0.473973
-0.777535 -2.9018 0.36 0.583666 0.423407
-0.624601 -2.93851 0.36 0.56509 0.41932
-0.624601 -2.93851 0.36 0.56509 0.41932
-0.777535 -2.9018 0.36 0.583666 0.423407
-0.666183 -3.13414 0.64 0.56879 0.358608
-0.777535 -2.9018 0.36 0.583666 0.423407
-0.829298 -3.09498 0.64 0.58802 0.362719
-0.666183 -3.13414 0.64 0.56879 0.358608
-0.666183 -3.13414 0.64 0.56879 0.358608
-0.829298 -3.09498 0.64 0.58802 0.362719
-0.707765 -3.32977 1 0.572477 0.289133
-0.829298 -3.09498 0.64 0.58802 0.362719
-0.881062 -3.28817 1 0.592288 0.293229
-0.707765 -3.32977 1 0.572477 0.289133
-0.707765 -3.32977 1 0.572477 0.289133
-0.881062 -3.28817 1 0.592288 0.293229
-0.749348 -3.5254 1.44 0.57571 0.213538
-0.881062 -3.28817 1 0.592288 0.293229
-0.932826 -3.48135 1.44 0.59593 0.21756
-0.749348 -3.5254 1.44 0.57571 0.213538
-0.749348 -3.5254 1.44 0.57571 0.213538
-0.932826 -3.48135 1.44 0.59593 0.21756
-0.79093 -3.72103 1.96 0.578085 0.13568
-0.932826 -3.48135 1.44 0.59593 0.21756
-0.98459 -3.67454 1.96 0.598456 0.139539
-0.79093 -3.72103 1.96 0.578085 0.13568
-0.79093 -3.72103 1.96 0.578085 0.13568
-0.98459 -3.67454 1.96 0.598456 0.139539
-0.832512 -3.91666 2.56 0.579366 0.0597733
-0.98459 -3.67454 1.96 0.598456 0.139539
-1.03635 -3.86772 2.56 0.599596 0.0633748
-0.832512 -3.91666 2.56 0.579366 0.0597733
-0.0312869 -0.459585 -0 0.497131 1.00018
-0.0415823 -0.459585 -0 0.50009 1.00014
-0.0625738 -0.459585 -0 0.506116 0.999993
-0.0415823 -0.459585 -0 0.50009 1.00014
-0.0831647 -0.459585 -0 0.512014 0.999755
-0.0625738 -0.459585 -0 0.506116 0.999993
-0.0625738 -0.459585 -0 0.506116 0.999993
-0.0831647 -0.459585 -0 0.512014 0.999755
-0.0938607 -0.592613 -0 0.513785 0.950355
-0.0831647 -0.459585 -0 0.512014 0.999755
-0.124747 -0.586889 -0 0.522297 0.951982
-0.0938607 -0.592613 -0 0.513785 0.950355
-0.0938607 -0.592613 -0 0.513785 0.950355
-0.124747 -0.586889 -0 0.522297 0.951982
-0.125148 -0.790151 -0 0.519855 0.879959
-0.124747 -0.586889 -0 0.522297 0.951982
-0.166329 -0.782518 -0 0.530416 0.881983
-0.125148 -0.790151 -0 0.519855 0.879959
-0.125148 -0.790151 -0 0.519855 0.879959
-0.166329 -0.782518 -0 0.530416 0.881983
-0.156434 -0.987688 -0 0.524805 0.815183
-0.166329 -0.782518 -0 0.530416 0.881983
-0.207912 -0.978148 -0 0.537014 0.817538
-0.156434 -0.987688 -0 0.524805 0.815183
-0.156434 -0.987688 -0 0.524805 0.815183
-0.207912 -0.978148 -0 0.537014 0.817538
-0.187721 -1.18523 -0 0.528761 0.757181
-0.207912 -0.978148 -0 0.537014 0.817538
-0.249494 -1.17378 -0 0.542269 0.7598
-0.187721 -1.18523 -0 0.528761 0.757181
-0.187721 -1.18523 -0 0.528761 0.757181
-0.249494 -1.17378 -0 0.542269 0.7598
-0.219008 -1.38276 -0 0.531891 0.706196
-0.249494 -1.17378 -0 0.542269 0.7598
-0.291076 -1.36941 -0 0.546412 0.709019
-0.219008 -1.38276 -0 0.531891 0.706196
-0.219008 -1.38276 -0 0.531891 0.706196
-0.291076 -1.36941 -0 0.546412 0.709019
-0.250295 -1.5803 -0 0.534364 0.66185
-0.291076 -1.36941 -0 0.546412 0.709019
-0.332659 -1.56504 -0 0.549676 0.664823
-0.250295 -1.5803 -0 0.534364 0.66185
-0.250295 -1.5803 -0 0.534364 0.66185
-0.332659 -1.56504 -0 0.549676 0.664823
-0.281582 -1.77784 -0 0.536326 0.62345
-0.332659 -1.56504 -0 0.549676 0.664823
-0.374241 -1.76067 -0 0.552256 0.626531
-0.281582 -1.77784 -0 0.536326 0.62345
-0.281582 -1.77784 -0 0.536326 0.62345
-0.374241 -1.76067 -0 0.552256 0.626531
-0.312869 -1.97538 -0 0.537896 0.590206
-0.374241 -1.76067 -0 0.552256 0.626531
-0.415823 -1.9563 -0 0.554312 0.593365
-0.312869 -1.97538 -0 0.537896 0.590206
-0.312869 -1.97538 -0 0.537896 0.590206
-0.415823 -1.9563 -0 0.554312 0.593365
-0.344156 -2.17291 -0 0.539162 0.561357
-0.415823 -1.9563 -0 0.554312 0.593365
-0.457406 -2.15192 -0 0.555965 0.564566
-0.344156 -2.17291 -0 0.539162 0.561357
-0.344156 -2.17291 -0 0.539162 0.561357
-0.457406 -2.15192 -0 0.555965 0.564566
-0.407381 -2.5721 0.04 0.54159 0.506641
-0.457406 -2.15192 -0 0.555965 0.564566
-0.541436 -2.54726 0.04 0.559088 0.509923
-0.407381 -2.5721 0.04 0.54159 0.506641
-0.407381 -2.5721 0.04 0.54159 0.506641
-0.541436 -2.54726 0.04 0.559088 0.509923
-0.438668 -2.76964 0.16 0.543722 0.466601
-0.541436 -2.54726 0.04 0.559088 0.509923
-0.583018 -2.74289 0.16 0.561757 0.46993
-0.438668 -2.76964 0.16 0.543722 0.466601
-0.438668 -2.76964 0.16 0.543722 0.466601
-0.583018 -2.74289 0.16 0.561757 0.46993
-0.469955 -2.96718 0.36 0.546421 0.415945
-0.583018 -2.74289 0.16 0.561757 0.46993
-0.624601 -2.93851 0.36 0.56509 0.41932
-0.469955 -2.96718 0.36 0.546421 0.415945
-0.469955 -2.96718 0.36 0.546421 0.415945
-0.624601 -2.93851 0.36 0.56509 0.41932
-0.501242 -3.16471 0.64 0.549467 0.355198
-0.624601 -2.93851 0.36 0.56509 0.41932
-0.666183 -3.13414 0.64 0.56879 0.358608
-0.501242 -3.16471 0.64 0.549467 0.355198
-0.501242 -3.16471 0.64 0.549467 0.355198
-0.666183 -3.13414 0.64 0.56879 0.358608
-0.532528 -3.36225 1 0.552573 0.285717
-0.666183 -3.13414 0.64 0.56879 0.358608
-0.707765 -3.32977 1 0.572477 0.289133
-0.532528 -3.36225 1 0.552573 0.285717
-0.532528 -3.36225 1 0.552573 0.285717
-0.707765 -3.32977 1 0.572477 0.289133
-0.563815 -3.55979 1.44 0.555401 0.210166
-0.707765 -3.32977 1 0.572477 0.289133
-0.749348 -3.5254 1.44 0.57571 0.213538
-0.563815 -3.55979 1.44 0.555401 0.210166
-0.563815 -3.55979 1.44 0.555401 0.210166
-0.749348 -3.5254 1.44 0.57571 0.213538
-0.595102 -3.75733 1.96 0.557631 0.132417
-0.749348 -3.5254 1.44 0.57571 0.213538
-0.79093 -3.72103 1.96 0.578085 0.13568
-0.595102 -3.75733 1.96 0.557631 0.132417
-0.595102 -3.75733 1.96 0.557631 0.132417
-0.79093 -3.72103 1.96 0.578085 0.13568
-0.626389 -3.95487 2.56 0.55906 0.0567015
-0.79093 -3.72103 1.96 0.578085 0.13568
-0.832512 -3.91666 2.56 0.579366 0.0597733
-0.626389 -3.95487 2.56 0.55906 0.0567015
-0.0209057 -0.459585 -0 0.494145 1.0002
-0.0312869 -0.459585 -0 0.497131 1.00018
-0.0418114 -0.459585 -0 0.500156 1.00014
-0.0312869 -0.459585 -0 0.497131 1.00018
-0.0625738 -0.459585 -0 0.506116 0.999993
-0.0418114 -0.459585 -0 0.500156 1.00014
-0.0418114 -0.459585 -0 0.500156 1.00014
-0.0625738 -0.459585 -0 0.506116 0.999993
-0.0627171 -0.596713 -0 0.505211 0.949148
-0.0625738 -0.459585 -0 0.506116 0.999993
-0.0938607 -0.592613 -0 0.513785 0.950355
-0.0627171 -0.596713 -0 0.505211 0.949148
-0.0627171 -0.596713 -0 0.505211 0.949148
-0.0938607 -0.592613 -0 0.513785 0.950355
-0.0836228 -0.795618 -0 0.50922 0.878442
-0.0938607 -0.592613 -0 0.513785 0.950355
-0.125148 -0.790151 -0 0.519855 0.879959
-0.0836228 -0.795618 -0 0.50922 0.878442
-0.0836228 -0.795618 -0 0.50922 0.878442
-0.125148 -0.790151 -0 0.519855 0.879959
-0.104528 -0.994522 -0 0.512513 0.813402
-0.125148 -0.790151 -0 0.519855 0.879959
-0.156434 -0.987688 -0 0.524805 0.815183
-0.104528 -0.994522 -0 0.512513 0.813402
-0.104528 -0.994522 -0 0.512513 0.813402
-0.156434 -0.987688 -0 0.524805 0.815183
-0.125434 -1.19343 -0 0.515166 0.755186
-0.156434 -0.987688 -0 0.524805 0.815183
-0.187721 -1.18523 -0 0.528761 0.757181
-0.125434 -1.19343 -0 0.515166 0.755186
-0.125434 -1.19343 -0 0.515166 0.755186
-0.187721 -1.18523 -0 0.528761 0.757181
-0.14634 -1.39233 -0 0.517281 0.704033
-0.187721 -1.18523 -0 0.528761 0.757181
-0.219008 -1.38276 -0 0.531891 0.706196
-0.14634 -1.39233 -0 0.517281 0.704033
-0.14634 -1.39233 -0 0.517281 0.704033
-0.219008 -1.38276 -0 0.531891 0.706196
-0.167246 -1.59124 -0 0.518965 0.659561
-0.219008 -1.38276 -0 0.531891 0.706196
-0.250295 -1.5803 -0 0.534364 0.66185
-0.167246 -1.59124 -0 0.518965 0.659561
-0.167246 -1.59124 -0 0.518965 0.659561
-0.250295 -1.5803 -0 0.534364 0.66185
-0.188151 -1.79014 -0 0.520312 0.621067
-0.250295 -1.5803 -0 0.534364 0.66185
-0.281582 -1.77784 -0 0.536326 0.62345
-0.188151 -1.79014 -0 0.520312 0.621067
-0.188151 -1.79014 -0 0.520312 0.621067
-0.281582 -1.77784 -0 0.536326 0.62345
-0.209057 -1.98904 -0 0.521397 0.587757
-0.281582 -1.77784 -0 0.536326 0.62345
-0.312869 -1.97538 -0 0.537896 0.590206
-0.209057 -1.98904 -0 0.521397 0.587757
-0.209057 -1.98904 -0 0.521397 0.587757
-0.312869 -1.97538 -0 0.537896 0.590206
-0.229963 -2.18795 -0 0.522279 0.558859
-0.312869 -1.97538 -0 0.537896 0.590206
-0.344156 -2.17291 -0 0.539162 0.561357
-0.229963 -2.18795 -0 0.522279 0.558859
-0.229963 -2.18795 -0 0.522279 0.558859
-0.344156 -2.17291 -0 0.539162 0.561357
-0.272209 -2.5899 0.04 0.524018 0.504074
-0.344156 -2.17291 -0 0.539162 0.561357
-0.407381 -2.5721 0.04 0.54159 0.506641
-0.272209 -2.5899 0.04 0.524018 0.504074
-0.272209 -2.5899 0.04 0.524018 0.504074
-0.407381 -2.5721 0.04 0.54159 0.506641
-0.293115 -2.7888 0.16 0.525615 0.463986
-0.407381 -2.5721 0.04 0.54159 0.506641
-0.438668 -2.76964 0.16 0.543722 0.466601
-0.293115 -2.7888 0.16 0.525615 0.463986
-0.293115 -2.7888 0.16 0.525615 0.463986
-0.438668 -2.76964 0.16 0.543722 0.466601
-0.314021 -2.98771 0.36 0.527681 0.41328
-0.438668 -2.76964 0.16 0.543722 0.466601
-0.469955 -2.96718 0.36 0.546421 0.415945
-0.314021 -2.98771 0.36 0.527681 0.41328
-0.314021 -2.98771 0.36 0.527681 0.41328
-0.469955 -2.96718 0.36 0.546421 0.415945
-0.334926 -3.18661 0.64 0.530073 0.352487
-0.469955 -2.96718 0.36 0.546421 0.415945
-0.501242 -3.16471 0.64 0.549467 0.355198
-0.334926 -3.18661 0.64 0.530073 0.352487
-0.334926 -3.18661 0.64 0.530073 0.352487
-0.501242 -3.16471 0.64 0.549467 0.355198
-0.355832 -3.38551 1 0.532598 0.282979
-0.501242 -3.16471 0.64 0.549467 0.355198
-0.532528 -3.36225 1 0.552573 0.285717
-0.355832 -3.38551 1 0.532598 0.282979
-0.355832 -3.38551 1 0.532598 0.282979
-0.532528 -3.36225 1 0.552573 0.285717
-0.376738 -3.58442 1.44 0.535022 0.207438
-0.532528 -3.36225 1 0.552573 0.285717
-0.563815 -3.55979 1.44 0.555401 0.210166
-0.376738 -3.58442 1.44 0.535022 0.207438
-0.376738 -3.58442 1.44 0.535022 0.207438
-0.563815 -3.55979 1.44 0.555401 0.210166
-0.397643 -3.78332 1.96 0.537109 0.129754
-0.563815 -3.55979 1.44 0.555401 0.210166
-0.595102 -3.75733 1.96 0.557631 0.132417
-0.397643 -3.78332 1.96 0.537109 0.129754
-0.397643 -3.78332 1.96 0.537109 0.129754
-0.595102 -3.75733 1.96 0.557631 0.132417
-0.418549 -3.98223 2.56 0.538696 0.0541614
-0.595102 -3.75733 1.96 0.557631 0.132417
-0.626389 -3.95487 2.56 0.55906 0.0567015
-0.418549 -3.98223 2.56 0.538696 0.0541614
-0.0104672 -0.459585 -0 0.491142 1.0002
-0.0209057 -0.459585 -0 0.494145 1.0002
-0.0209344 -0.459585 -0 0.494154 1.0002
-0.0209057 -0.459585 -0 0.494145 1.0002
-0.0418114 -0.459585 -0 0.500156 1.00014
-0.0209344 -0.459585 -0 0.494154 1.0002
-0.0209344 -0.459585 -0 0.494154 1.0002
-0.0418114 -0.459585 -0 0.500156 1.00014
-0.0314016 -0.599178 -0 0.496594 0.948363
-0.0418114 -0.459585 -0 0.500156 1.00014
-0.0627171 -0.596713 -0 0.505211 0.949148
-0.0314016 -0.599178 -0 0.496594 0.948363
-0.0314016 -0.599178 -0 0.496594 0.948363
-0.0627171 -0.596713 -0 0.505211 0.949148
-0.0418688 -0.798904 -0 0.498531 0.877436
-0.0627171 -0.596713 -0 0.505211 0.949148
-0.0836228 -0.795618 -0 0.50922 0.878442
-0.0418688 -0.798904 -0 0.498531 0.877436
-0.0418688 -0.798904 -0 0.498531 0.877436
-0.0836228 -0.795618 -0 0.50922 0.878442
-0.052336 -0.99863 -0 0.500161 0.8122
-0.0836228 -0.795618 -0 0.50922 0.878442
-0.104528 -0.994522 -0 0.512513 0.813402
-0.052336 -0.99863 -0 0.500161 0.8122
-0.052336 -0.99863 -0 0.500161 0.8122
-0.104528 -0.994522 -0 0.512513 0.813402
-0.0628031 -1.19836 -0 0.501507 0.753819
-0.104528 -0.994522 -0 0.512513 0.813402
-0.125434 -1.19343 -0 0.515166 0.755186
-0.0628031 -1.19836 -0 0.501507 0.753819
-0.0628031 -1.19836 -0 0.501507 0.753819
-0.125434 -1.19343 -0 0.515166 0.755186
-0.0732703 -1.39808 -0 0.502607 0.702536
-0.125434 -1.19343 -0 0.515166 0.755186
-0.14634 -1.39233 -0 0.517281 0.704033
-0.0732703 -1.39808 -0 0.502607 0.702536
-0.0732703 -1.39808 -0 0.502607 0.702536
-0.14634 -1.39233 -0 0.517281 0.704033
-0.0837375 -1.59781 -0 0.503503 0.657959
-0.14634 -1.39233 -0 0.517281 0.704033
-0.167246 -1.59124 -0 0.518965 0.659561
-0.0837375 -1.59781 -0 0.503503 0.657959
-0.0837375 -1.59781 -0 0.503503 0.657959
-0.167246 -1.59124 -0 0.518965 0.659561
-0.0942047 -1.79753 -0 0.504236 0.619387
-0.167246 -1.59124 -0 0.518965 0.659561
-0.188151 -1.79014 -0 0.520312 0.621067
-0.0942047 -1.79753 -0 0.504236 0.619387
-0.0942047 -1.79753 -0 0.504236 0.619387
-0.188151 -1.79014 -0 0.520312 0.621067
-0.104672 -1.99726 -0 0.504839 0.586018
-0.188151 -1.79014 -0 0.520312 0.621067
-0.209057 -1.98904 -0 0.521397 0.587757
-0.104672 -1.99726 -0 0.504839 0.586018
-0.104672 -1.99726 -0 0.504839 0.586018
-0.209057 -1.98904 -0 0.521397 0.587757
-0.115139 -2.19699 -0 0.505339 0.557077
-0.209057 -1.98904 -0 0.521397 0.587757
-0.229963 -2.18795 -0 0.522279 0.558859
-0.115139 -2.19699 -0 0.505339 0.557077
-0.115139 -2.19699 -0 0.505339 0.557077
-0.229963 -2.18795 -0 0.522279 0.558859
-0.136291 -2.60059 0.04 0.506392 0.502223
-0.229963 -2.18795 -0 0.522279 0.558859
-0.272209 -2.5899 0.04 0.524018 0.504074
-0.136291 -2.60059 0.04 0.506392 0.502223
-0.136291 -2.60059 0.04 0.506392 0.502223
-0.272209 -2.5899 0.04 0.524018 0.504074
-0.146759 -2.80032 0.16 0.507454 0.462087
-0.272209 -2.5899 0.04 0.524018 0.504074
-0.293115 -2.7888 0.16 0.525615 0.463986
-0.146759 -2.80032 0.16 0.507454 0.462087
-0.146759 -2.80032 0.16 0.507454 0.462087
-0.293115 -2.7888 0.16 0.525615 0.463986
-0.157226 -3.00005 0.36 0.508888 0.411325
-0.293115 -2.7888 0.16 0.525615 0.463986
-0.314021 -2.98771 0.36 0.527681 0.41328
-0.157226 -3.00005 0.36 0.508888 0.411325
-0.157226 -3.00005 0.36 0.508888 0.411325
-0.314021 -2.98771 0.36 0.527681 0.41328
-0.167693 -3.19977 0.64 0.510625 0.350477
-0.314021 -2.98771 0.36 0.527681 0.41328
-0.334926 -3.18661 0.64 0.530073 0.352487
-0.167693 -3.19977 0.64 0.510625 0.350477
-0.167693 -3.19977 0.64 0.510625 0.350477
-0.334926 -3.18661 0.64 0.530073 0.352487
-0.17816 -3.3995 1 0.512569 0.280923
-0.334926 -3.18661 0.64 0.530073 0.352487
-0.355832 -3.38551 1 0.532598 0.282979
-0.17816 -3.3995 1 0.512569 0.280923
-0.17816 -3.3995 1 0.512569 0.280923
-0.355832 -3.38551 1 0.532598 0.282979
-0.188627 -3.59922 1.44 0.51459 0.205359
-0.355832 -3.38551 1 0.532598 0.282979
-0.376738 -3.58442 1.44 0.535022 0.207438
-0.188627 -3.59922 1.44 0.51459 0.205359
-0.188627 -3.59922 1.44 0.51459 0.205359
-0.376738 -3.58442 1.44 0.535022 0.207438
-0.199095 -3.79895 1.96 0.516539 0.127689
-0.376738 -3.58442 1.44 0.535022 0.207438
-0.397643 -3.78332 1.96 0.537109 0.129754
-0.199095 -3.79895 1.96 0.516539 0.127689
-0.199095 -3.79895 1.96 0.516539 0.127689
-0.397643 -3.78332 1.96 0.537109 0.129754
-0.209562 -3.99868 2.56 0.518287 0.0521552
-0.397643 -3.78332 1.96 0.537109 0.129754
-0.418549 -3.98223 2.56 0.538696 0.0541614
-0.209562 -3.99868 2.56 0.518287 0.0521552
-1.22465e-17 -0.459585 -0 0.488128 1.00017
-0.0104672 -0.459585 -0 0.491142 1.0002
-2.44929e-17 -0.459585 -0 0.488128 1.00017
-0.0104672 -0.459585 -0 0.491142 1.0002
-0.0209344 -0.459585 -0 0.494154 1.0002
-2.44929e-17 -0.459585 -0 0.488128 1.00017
-2.44929e-17 -0.459585 -0 0.488128 1.00017
-0.0209344 -0.459585 -0 0.494154 1.0002
-3.67394e-17 -0.6 -0 0.487953 0.948004
-0.0209344 -0.459585 -0 0.494154 1.0002
-0.0314016 -0.599178 -0 0.496594 0.948363
-3.67394e-17 -0.6 -0 0.487953 0.948004
-3.67394e-17 -0.6 -0 0.487953 0.948004
-0.0314016 -0.599178 -0 0.496594 0.948363
-4.89859e-17 -0.8 -0 0.487812 0.876941
-0.0314016 -0.599178 -0 0.496594 0.948363
-0.0418688 -0.798904 -0 0.498531 0.877436
-4.89859e-17 -0.8 -0 0.487812 0.876941
-4.89859e-17 -0.8 -0 0.487812 0.876941
-0.0418688 -0.798904 -0 0.498531 0.877436
-6.12323e-17 -1 -0 0.487775 0.811578
-0.0418688 -0.798904 -0 0.498531 0.877436
-0.052336 -0.99863 -0 0.500161 0.8122
-6.12323e-17 -1 -0 0.487775 0.811578
-6.12323e-17 -1 -0 0.487775 0.811578
-0.052336 -0.99863 -0 0.500161 0.8122
-7.34788e-17 -1.2 -0 0.487811 0.753084
-0.052336 -0.99863 -0 0.500161 0.8122
-0.0628031 -1.19836 -0 0.501507 0.753819
-7.34788e-17 -1.2 -0 0.487811 0.753084
-7.34788e-17 -1.2 -0 0.487811 0.753084
-0.0628031 -1.19836 -0 0.501507 0.753819
-8.57253e-17 -1.4 -0 0.487893 0.701703
-0.0628031 -1.19836 -0 0.501507 0.753819
-0.0732703 -1.39808 -0 0.502607 0.702536
-8.57253e-17 -1.4 -0 0.487893 0.701703
-8.57253e-17 -1.4 -0 0.487893 0.701703
-0.0732703 -1.39808 -0 0.502607 0.702536
-9.79717e-17 -1.6 -0 0.488001 0.65705
-0.0732703 -1.39808 -0 0.502607 0.702536
-0.0837375 -1.59781 -0 0.503503 0.657959
-9.79717e-17 -1.6 -0 0.488001 0.65705
-9.79717e-17 -1.6 -0 0.488001 0.65705
-0.0837375 -1.59781 -0 0.503503 0.657959
-1.10218e-16 -1.8 -0 0.488121 0.618414
-0.0837375 -1.59781 -0 0.503503 0.657959
-0.0942047 -1.79753 -0 0.504236 0.619387
-1.10218e-16 -1.8 -0 0.488121 0.618414
-1.10218e-16 -1.8 -0 0.488121 0.618414
-0.0942047 -1.79753 -0 0.504236 0.619387
-1.22465e-16 -2 -0 0.488243 0.584995
-0.0942047 -1.79753 -0 0.504236 0.619387
-0.104672 -1.99726 -0 0.504839 0.586018
-1.22465e-16 -2 -0 0.488243 0.584995
-1.22465e-16 -2 -0 0.488243 0.584995
-0.104672 -1.99726 -0 0.504839 0.586018
-1.34711e-16 -2.2 -0 0.488362 0.556014
-0.104672 -1.99726 -0 0.504839 0.586018
-0.115139 -2.19699 -0 0.505339 0.557077
-1.34711e-16 -2.2 -0 0.488362 0.556014
-1.34711e-16 -2.2 -0 0.488362 0.556014
-0.115139 -2.19699 -0 0.505339 0.557077
-1.59459e-16 -2.60416 0.04 0.488733 0.50109
-0.115139 -2.19699 -0 0.505339 0.557077
-0.136291 -2.60059 0.04 0.506392 0.502223
-1.59459e-16 -2.60416 0.04 0.488733 0.50109
-1.59459e-16 -2.60416 0.04 0.488733 0.50109
-0.136291 -2.60059 0.04 0.506392 0.502223
-1.71705e-16 -2.80416 0.16 0.489259 0.460903
-0.136291 -2.60059 0.04 0.506392 0.502223
-0.146759 -2.80032 0.16 0.507454 0.462087
-1.71705e-16 -2.80416 0.16 0.489259 0.460903
-1.71705e-16 -2.80416 0.16 0.489259 0.460903
-0.146759 -2.80032 0.16 0.507454 0.462087
-1.83952e-16 -3.00416 0.36 0.49006 0.410079
-0.146759 -2.80032 0.16 0.507454 0.462087
-0.157226 -3.00005 0.36 0.508888 0.411325
-1.83952e-16 -3.00416 0.36 0.49006 0.410079
-1.83952e-16 -3.00416 0.36 0.49006 0.410079
-0.157226 -3.00005 0.36 0.508888 0.411325
-1.96198e-16 -3.20416 0.64 0.491142 0.349163
-0.157226 -3.00005 0.36 0.508888 0.411325
-0.167693 -3.19977 0.64 0.510625 0.350477
-1.96198e-16 -3.20416 0.64 0.491142 0.349163
-1.96198e-16 -3.20416 0.64 0.491142 0.349163
-0.167693 -3.19977 0.64 0.510625 0.350477
-2.08445e-16 -3.40416 1 0.492505 0.279544
-0.167693 -3.19977 0.64 0.510625 0.350477
-0.17816 -3.3995 1 0.512569 0.280923
-2.08445e-16 -3.40416 1 0.492505 0.279544
-2.08445e-16 -3.40416 1 0.492505 0.279544
-0.17816 -3.3995 1 0.512569 0.280923
-2.20691e-16 -3.60416 1.44 0.494124 0.203926
-0.17816 -3.3995 1 0.512569 0.280923
-0.188627 -3.59922 1.44 0.51459 0.205359
-2.20691e-16 -3.60416 1.44 0.494124 0.203926
-2.20691e-16 -3.60416 1.44 0.494124 0.203926
-0.188627 -3.59922 1.44 0.51459 0.205359
-2.32938e-16 -3.80416 1.96 0.495936 0.126223
-0.188627 -3.59922 1.44 0.51459 0.205359
-0.199095 -3.79895 1.96 0.516539 0.127689
-2.32938e-16 -3.80416 1.96 0.495936 0.126223
-2.32938e-16 -3.80416 1.96 0.495936 0.126223
-0.199095 -3.79895 1.96 0.516539 0.127689
-2.45184e-16 -4.00416 2.56 0.49785 0.0506833
-0.199095 -3.79895 1.96 0.516539 0.127689
-0.209562 -3.99868 2.56 0.518287 0.0521552
-2.45184e-16 -4.00416 2.56 0.49785 0.0506833
0.0104672 -0.459585 -0 0.485114 1.00012
-1.22465e-17 -0.459585 -0 0.488128 1.00017
0.0209344 -0.459585 -0 0.4821 1.00005
-1.22465e-17 -0.459585 -0 0.488128 1.00017
-2.44929e-17 -0.459585 -0 0.488128 1.00017
0.0209344 -0.459585 -0 0.4821 1.00005
0.0209344 -0.459585 -0 0.4821 1.00005
-2.44929e-17 -0.459585 -0 0.488128 1.00017
0.0314016 -0.599178 -0 0.479308 0.94807
-2.44929e-17 -0.459585 -0 0.488128 1.00017
-3.67394e-17 -0.6 -0 0.487953 0.948004
0.0314016 -0.599178 -0 0.479308 0.94807
0.0314016 -0.599178 -0 0.479308 0.94807
-3.67394e-17 -0.6 -0 0.487953 0.948004
0.0418688 -0.798904 -0 0.477085 0.876961
-3.67394e-17 -0.6 -0 0.487953 0.948004
-4.89859e-17 -0.8 -0 0.487812 0.876941
0.0418688 -0.798904 -0 0.477085 0.876961
0.0418688 -0.798904 -0 0.477085 0.876961
-4.89859e-17 -0.8 -0 0.487812 0.876941
0.052336 -0.99863 -0 0.475377 0.811539
-4.89859e-17 -0.8 -0 0.487812 0.876941
-6.12323e-17 -1 -0 0.487775 0.811578
0.052336 -0.99863 -0 0.475377 0.811539
0.052336 -0.99863 -0 0.475377 0.811539
-6.12323e-17 -1 -0 0.487775 0.811578
0.0628031 -1.19836 -0 0.474102 0.752982
-6.12323e-17 -1 -0 0.487775 0.811578
-7.34788e-17 -1.2 -0 0.487811 0.753084
0.0628031 -1.19836 -0 0.474102 0.752982
0.0628031 -1.19836 -0 0.474102 0.752982
-7.34788e-17 -1.2 -0 0.487811 0.753084
0.0732703 -1.39808 -0 0.473165 0.701542
-7.34788e-17 -1.2 -0 0.487811 0.753084
-8.57253e-17 -1.4 -0 0.487893 0.701703
0.0732703 -1.39808 -0 0.473165 0.701542
0.0732703 -1.39808 -0 0.473165 0.701542
-8.57253e-17 -1.4 -0 0.487893 0.701703
0.0837375 -1.59781 -0 0.472484 0.656834
-8.57253e-17 -1.4 -0 0.487893 0.701703
-9.79717e-17 -1.6 -0 0.488001 0.65705
0.0837375 -1.59781 -0 0.472484 0.656834
0.0837375 -1.59781 -0 0.472484 0.656834
-9.79717e-17 -1.6 -0 0.488001 0.65705
0.0942047 -1.79753 -0 0.471989 0.61815
-9.79717e-17 -1.6 -0 0.488001 0.65705
-1.10218e-16 -1.8 -0 0.488121 0.618414
0.0942047 -1.79753 -0 0.471989 0.61815
0.0942047 -1.79753 -0 0.471989 0.61815
-1.10218e-16 -1.8 -0 0.488121 0.618414
0.104672 -1.99726 -0 0.47163 0.584688
-1.10218e-16 -1.8 -0 0.488121 0.618414
-1.22465e-16 -2 -0 0.488243 0.584995
0.104672 -1.99726 -0 0.47163 0.584688
0.104672 -1.99726 -0 0.47163 0.584688
-1.22465e-16 -2 -0 0.488243 0.584995
0.115139 -2.19699 -0 0.471369 0.55567
-1.22465e-16 -2 -0 0.488243 0.584995
-1.34711e-16 -2.2 -0 0.488362 0.556014
0.115139 -2.19699 -0 0.471369 0.55567
0.115139 -2.19699 -0 0.471369 0.55567
-1.34711e-16 -2.2 -0 0.488362 0.556014
0.136291 -2.60059 0.04 0.471056 0.500677
-1.34711e-16 -2.2 -0 0.488362 0.556014
-1.59459e-16 -2.60416 0.04 0.488733 0.50109
0.136291 -2.60059 0.04 0.471056 0.500677
0.136291 -2.60059 0.04 0.471056 0.500677
-1.59459e-16 -2.60416 0.04 0.488733 0.50109
0.146759 -2.80032 0.16 0.471048 0.460437
-1.59459e-16 -2.60416 0.04 0.488733 0.50109
-1.71705e-16 -2.80416 0.16 0.489259 0.460903
0.146759 -2.80032 0.16 0.471048 0.460437
0.146759 -2.80032 0.16 0.471048 0.460437
-1.71705e-16 -2.80416 0.16 0.489259 0.460903
0.157226 -3.00005 0.36 0.471214 0.409546
-1.71705e-16 -2.80416 0.16 0.489259 0.460903
-1.83952e-16 -3.00416 0.36 0.49006 0.410079
0.157226 -3.00005 0.36 0.471214 0.409546
0.157226 -3.00005 0.36 0.471214 0.409546
-1.83952e-16 -3.00416 0.36 0.49006 0.410079
0.167693 -3.19977 0.64 0.471641 0.348552
-1.83952e-16 -3.00416 0.36 0.49006 0.410079
-1.96198e-16 -3.20416 0.64 0.491142 0.349163
0.167693 -3.19977 0.64 0.471641 0.348552
0.167693 -3.19977 0.64 0.471641 0.348552
-1.96198e-16 -3.20416 0.64 0.491142 0.349163
0.17816 -3.3995 1 0.472424 0.278848
-1.96198e-16 -3.20416 0.64 0.491142 0.349163
-2.08445e-16 -3.40416 1 0.492505 0.279544
0.17816 -3.3995 1 0.472424 0.278848
0.17816 -3.3995 1 0.472424 0.278848
-2.08445e-16 -3.40416 1 0.492505 0.279544
0.188627 -3.59922 1.44 0.473642 0.203144
-2.08445e-16 -3.40416 1 0.492505 0.279544
-2.20691e-16 -3.60416 1.44 0.494124 0.203926
0.188627 -3.59922 1.44 0.473642 0.203144
0.188627 -3.59922 1.44 0.473642 0.203144
-2.20691e-16 -3.60416 1.44 0.494124 0.203926
0.199095 -3.79895 1.96 0.475319 0.12536
-2.20691e-16 -3.60416 1.44 0.494124 0.203926
-2.32938e-16 -3.80416 1.96 0.495936 0.126223
0.199095 -3.79895 1.96 0.475319 0.12536
0.199095 -3.79895 1.96 0.475319 0.12536
-2.32938e-16 -3.80416 1.96 0.495936 0.126223
0.209562 -3.99868 2.56 0.4774 0.0497487
-2.32938e-16 -3.80416 1.96 0.495936 0.126223
-2.45184e-16 -4.00416 2.56 0.49785 0.0506833
0.209562 -3.99868 2.56 0.4774 0.0497487
0.0209057 -0.459585 -0 0.482108 1.00005
0.0104672 -0.459585 -0 0.485114 1.00012
0.0418114 -0.459585 -0 0.476088 0.999829
0.0104672 -0.459585 -0 0.485114 1.00012
0.0209344 -0.459585 -0 0.4821 1.00005
0.0418114 -0.459585 -0 0.476088 0.999829
0.0418114 -0.459585 -0 0.476088 0.999829
0.0209344 -0.459585 -0 0.4821 1.00005
0.0627171 -0.596713 -0 0.470677 0.948564
0.0209344 -0.459585 -0 0.4821 1.00005
0.0314016 -0.599178 -0 0.479308 0.94807
0.0627171 -0.596713 -0 0.470677 0.948564
0.0627171 -0.596713 -0 0.470677 0.948564
0.0314016 -0.599178 -0 0.479308 0.94807
0.0836228 -0.795618 -0 0.466374 0.877496
0.0314016 -0.599178 -0 0.479308 0.94807
0.0418688 -0.798904 -0 0.477085 0.876961
0.0836228 -0.795618 -0 0.466374 0.877496
0.0836228 -0.795618 -0 0.466374 0.877496
0.0418688 -0.798904 -0 0.477085 0.876961
0.104528 -0.994522 -0 0.462995 0.812084
0.0418688 -0.798904 -0 0.477085 0.876961
0.052336 -0.99863 -0 0.475377 0.811539
0.104528 -0.994522 -0 0.462995 0.812084
0.104528 -0.994522 -0 0.462995 0.812084
0.052336 -0.99863 -0 0.475377 0.811539
0.125434 -1.19343 -0 0.460405 0.753517
0.052336 -0.99863 -0 0.475377 0.811539
0.0628031 -1.19836 -0 0.474102 0.752982
0.125434 -1.19343 -0 0.460405 0.753517
0.125434 -1.19343 -0 0.460405 0.753517
0.0628031 -1.19836 -0 0.474102 0.752982
0.14634 -1.39233 -0 0.458448 0.702053
0.0628031 -1.19836 -0 0.474102 0.752982
0.0732703 -1.39808 -0 0.473165 0.701542
0.14634 -1.39233 -0 0.458448 0.702053
0.14634 -1.39233 -0 0.458448 0.702053
0.0732703 -1.39808 -0 0.473165 0.701542
0.167246 -1.59124 -0 0.456975 0.657314
0.0732703 -1.39808 -0 0.473165 0.701542
0.0837375 -1.59781 -0 0.472484 0.656834
0.167246 -1.59124 -0 0.456975 0.657314
0.167246 -1.59124 -0 0.456975 0.657314
0.0837375 -1.59781 -0 0.472484 0.656834
0.188151 -1.79014 -0 0.455865 0.618597
0.0837375 -1.59781 -0 0.472484 0.656834
0.0942047 -1.79753 -0 0.471989 0.61815
0.188151 -1.79014 -0 0.455865 0.618597
0.188151 -1.79014 -0 0.455865 0.618597
0.0942047 -1.79753 -0 0.471989 0.61815
0.209057 -1.98904 -0 0.455023 0.585101
0.0942047 -1.79753 -0 0.471989 0.61815
0.104672 -1.99726 -0 0.47163 0.584688
0.209057 -1.98904 -0 0.455023 0.585101
0.209057 -1.98904 -0 0.455023 0.585101
0.104672 -1.99726 -0 0.47163 0.584688
0.229963 -2.18795 -0 0.454379 0.55605
0.104672 -1.99726 -0 0.47163 0.584688
0.115139 -2.19699 -0 0.471369 0.55567
0.229963 -2.18795 -0 0.454379 0.55605
0.229963 -2.18795 -0 0.454379 0.55605
0.115139 -2.19699 -0 0.471369 0.55567
0.272209 -2.5899 0.04 0.45338 0.500986
0.115139 -2.19699 -0 0.471369 0.55567
0.136291 -2.60059 0.04 0.471056 0.500677
0.272209 -2.5899 0.04 0.45338 0.500986
0.272209 -2.5899 0.04 0.45338 0.500986
0.136291 -2.60059 0.04 0.471056 0.500677
0.293115 -2.7888 0.16 0.452836 0.460691
0.136291 -2.60059 0.04 0.471056 0.500677
0.146759 -2.80032 0.16 0.471048 0.460437
0.293115 -2.7888 0.16 0.452836 0.460691
0.293115 -2.7888 0.16 0.452836 0.460691
0.146759 -2.80032 0.16 0.471048 0.460437
0.314021 -2.98771 0.36 0.45237 0.409728
0.146759 -2.80032 0.16 0.471048 0.460437
0.157226 -3.00005 0.36 0.471214 0.409546
0.314021 -2.98771 0.36 0.45237 0.409728
0.314021 -2.98771 0.36 0.45237 0.409728
0.157226 -3.00005 0.36 0.471214 0.409546
0.334926 -3.18661 0.64 0.452142 0.348646
0.157226 -3.00005 0.36 0.471214 0.409546
0.167693 -3.19977 0.64 0.471641 0.348552
0.334926 -3.18661 0.64 0.452142 0.348646
0.334926 -3.18661 0.64 0.452142 0.348646
0.167693 -3.19977 0.64 0.471641 0.348552
0.355832 -3.38551 1 0.452344 0.278836
0.167693 -3.19977 0.64 0.471641 0.348552
0.17816 -3.3995 1 0.472424 0.278848
0.355832 -3.38551 1 0.452344 0.278836
0.355832 -3.38551 1 0.452344 0.278836
0.17816 -3.3995 1 0.472424 0.278848
0.376738 -3.58442 1.44 0.453161 0.203012
0.17816 -3.3995 1 0.472424 0.278848
0.188627 -3.59922 1.44 0.473642 0.203144
0.376738 -3.58442 1.44 0.453161 0.203012
0.376738 -3.58442 1.44 0.453161 0.203012
0.188627 -3.59922 1.44 0.473642 0.203144
0.397643 -3.78332 1.96 0.454705 0.1251
0.188627 -3.59922 1.44 0.473642 0.203144
0.199095 -3.79895 1.96 0.475319 0.12536
0.397643 -3.78332 1.96 0.454705 0.1251
0.397643 -3.78332 1.96 0.454705 0.1251
0.199095 -3.79895 1.96 0.475319 0.12536
0.418549 -3.98223 2.56 0.456953 0.0493519
0.199095 -3.79895 1.96 0.475319 0.12536
0.209562 -3.99868 2.56 0.4774 0.0497487
0.418549 -3.98223 2.56 0.456953 0.0493519
0.0312869 -0.459585 -0 0.479119 0.999949
0.0209057 -0.459585 -0 0.482108 1.00005
0.0625738 -0.459585 -0 0.470113 0.999521
0.0209057 -0.459585 -0 0.482108 1.00005
0.0418114 -0.459585 -0 0.476088 0.999829
0.0625738 -0.459585 -0 0.470113 0.999521
0.0625738 -0.459585 -0 0.470113 0.999521
0.0418114 -0.459585 -0 0.476088 0.999829
0.0938607 -0.592613 -0 0.462082 0.949484
0.0418114 -0.459585 -0 0.476088 0.999829
0.0627171 -0.596713 -0 0.470677 0.948564
0.0938607 -0.592613 -0 0.462082 0.949484
0.0938607 -0.592613 -0 0.462082 0.949484
0.0627171 -0.596713 -0 0.470677 0.948564
0.125148 -0.790151 -0 0.455701 0.878547
0.0627171 -0.596713 -0 0.470677 0.948564
0.0836228 -0.795618 -0 0.466374 0.877496
0.125148 -0.790151 -0 0.455701 0.878547
0.125148 -0.790151 -0 0.455701 0.878547
0.0836228 -0.795618 -0 0.466374 0.877496
0.156434 -0.987688 -0 0.450651 0.813214
0.0836228 -0.795618 -0 0.466374 0.877496
0.104528 -0.994522 -0 0.462995 0.812084
0.156434 -0.987688 -0 0.450651 0.813214
0.156434 -0.987688 -0 0.450651 0.813214
0.104528 -0.994522 -0 0.462995 0.812084
0.187721 -1.18523 -0 0.446747 0.754687
0.104528 -0.994522 -0 0.462995 0.812084
0.125434 -1.19343 -0 0.460405 0.753517
0.187721 -1.18523 -0 0.446747 0.754687
0.187721 -1.18523 -0 0.446747 0.754687
0.125434 -1.19343 -0 0.460405 0.753517
0.219008 -1.38276 -0 0.443767 0.703237
0.125434 -1.19343 -0 0.460405 0.753517
0.14634 -1.39233 -0 0.458448 0.702053
0.219008 -1.38276 -0 0.443767 0.703237
0.219008 -1.38276 -0 0.443767 0.703237
0.14634 -1.39233 -0 0.458448 0.702053
0.250295 -1.5803 -0 0.4415 0.658491
0.14634 -1.39233 -0 0.458448 0.702053
0.167246 -1.59124 -0 0.456975 0.657314
0.250295 -1.5803 -0 0.4415 0.658491
0.250295 -1.5803 -0 0.4415 0.658491
0.167246 -1.59124 -0 0.456975 0.657314
0.281582 -1.77784 -0 0.439771 0.619756
0.167246 -1.59124 -0 0.456975 0.657314
0.188151 -1.79014 -0 0.455865 0.618597
0.281582 -1.77784 -0 0.439771 0.619756
0.281582 -1.77784 -0 0.439771 0.619756
0.188151 -1.79014 -0 0.455865 0.618597
0.312869 -1.97538 -0 0.438443 0.586234
0.188151 -1.79014 -0 0.455865 0.618597
0.209057 -1.98904 -0 0.455023 0.585101
0.312869 -1.97538 -0 0.438443 0.586234
0.312869 -1.97538 -0 0.438443 0.586234
0.209057 -1.98904 -0 0.455023 0.585101
0.344156 -2.17291 -0 0.437415 0.557153
0.209057 -1.98904 -0 0.455023 0.585101
0.229963 -2.18795 -0 0.454379 0.55605
0.344156 -2.17291 -0 0.437415 0.557153
0.344156 -2.17291 -0 0.437415 0.557153
0.229963 -2.18795 -0 0.454379 0.55605
0.407381 -2.5721 0.04 0.435726 0.502021
0.229963 -2.18795 -0 0.454379 0.55605
0.272209 -2.5899 0.04 0.45338 0.500986
0.407381 -2.5721 0.04 0.435726 0.502021
0.407381 -2.5721 0.04 0.435726 0.502021
0.272209 -2.5899 0.04 0.45338 0.500986
0.438668 -2.76964 0.16 0.434646 0.461671
0.272209 -2.5899 0.04 0.45338 0.500986
0.293115 -2.7888 0.16 0.452836 0.460691
0.438668 -2.76964 0.16 0.434646 0.461671
0.438668 -2.76964 0.16 0.434646 0.461671
0.293115 -2.7888 0.16 0.452836 0.460691
0.469955 -2.96718 0.36 0.433544 0.410631
0.293115 -2.7888 0.16 0.452836 0.460691
0.314021 -2.98771 0.36 0.45237 0.409728
0.469955 -2.96718 0.36 0.433544 0.410631
0.469955 -2.96718 0.36 0.433544 0.410631
0.314021 -2.98771 0.36 0.45237 0.409728
0.501242 -3.16471 0.64 0.432661 0.349448
0.314021 -2.98771 0.36 0.45237 0.409728
0.334926 -3.18661 0.64 0.452142 0.348646
0.501242 -3.16471 0.64 0.432661 0.349448
0.501242 -3.16471 0.64 0.432661 0.349448
0.334926 -3.18661 0.64 0.452142 0.348646
0.532528 -3.36225 1 0.432284 0.279512
0.334926 -3.18661 0.64 0.452142 0.348646
0.355832 -3.38551 1 0.452344 0.278836
0.532528 -3.36225 1 0.432284 0.279512
0.532528 -3.36225 1 0.432284 0.279512
0.355832 -3.38551 1 0.452344 0.278836
0.563815 -3.55979 1.44 0.432702 0.203539
0.355832 -3.38551 1 0.452344 0.278836
0.376738 -3.58442 1.44 0.453161 0.203012
0.563815 -3.55979 1.44 0.432702 0.203539
0.563815 -3.55979 1.44 0.432702 0.203539
0.376738 -3.58442 1.44 0.453161 0.203012
0.595102 -3.75733 1.96 0.43411 0.125446
0.376738 -3.58442 1.44 0.453161 0.203012
0.397643 -3.78332 1.96 0.454705 0.1251
0.595102 -3.75733 1.96 0.43411 0.125446
0.595102 -3.75733 1.96 0.43411 0.125446
0.397643 -3.78332 1.96 0.454705 0.1251
0.626389 -3.95487 2.56 0.436525 0.0494929
0.397643 -3.78332 1.96 0.454705 0.1251
0.418549 -3.98223 2.56 0.456953 0.0493519
0.626389 -3.95487 2.56 0.436525 0.0494929
0.0415823 -0.459585 -0 0.476154 0.999832
0.0312869 -0.459585 -0 0.479119 0.999949
0.0831647 -0.459585 -0 0.464194 0.999126
0.0312869 -0.459585 -0 0.479119 0.999949
0.0625738 -0.459585 -0 0.470113 0.999521
0.0831647 -0.459585 -0 0.464194 0.999126
0.0831647 -0.459585 -0 0.464194 0.999126
0.0625738 -0.459585 -0 0.470113 0.999521
0.124747 -0.586889 -0 0.45354 0.95083
0.0625738 -0.459585 -0 0.470113 0.999521
0.0938607 -0.592613 -0 0.462082 0.949484
0.124747 -0.586889 -0 0.45354 0.95083
0.124747 -0.586889 -0 0.45354 0.95083
0.0938607 -0.592613 -0 0.462082 0.949484
0.166329 -0.782518 -0 0.445088 0.880114
0.0938607 -0.592613 -0 0.462082 0.949484
0.125148 -0.790151 -0 0.455701 0.878547
0.166329 -0.782518 -0 0.445088 0.880114
0.166329 -0.782518 -0 0.445088 0.880114
0.125148 -0.790151 -0 0.455701 0.878547
0.207912 -0.978148 -0 0.438371 0.814928
0.125148 -0.790151 -0 0.455701 0.878547
0.156434 -0.987688 -0 0.450651 0.813214
0.207912 -0.978148 -0 0.438371 0.814928
0.207912 -0.978148 -0 0.438371 0.814928
0.156434 -0.987688 -0 0.450651 0.813214
0.249494 -1.17378 -0 0.433153 0.756494
0.156434 -0.987688 -0 0.450651 0.813214
0.187721 -1.18523 -0 0.446747 0.754687
0.249494 -1.17378 -0 0.433153 0.756494
0.249494 -1.17378 -0 0.433153 0.756494
0.187721 -1.18523 -0 0.446747 0.754687
0.291076 -1.36941 -0 0.429147 0.705093
0.187721 -1.18523 -0 0.446747 0.754687
0.219008 -1.38276 -0 0.443767 0.703237
0.291076 -1.36941 -0 0.429147 0.705093
0.291076 -1.36941 -0 0.429147 0.705093
0.219008 -1.38276 -0 0.443767 0.703237
0.332659 -1.56504 -0 0.426083 0.660366
0.219008 -1.38276 -0 0.443767 0.703237
0.250295 -1.5803 -0 0.4415 0.658491
0.332659 -1.56504 -0 0.426083 0.660366
0.332659 -1.56504 -0 0.426083 0.660366
0.250295 -1.5803 -0 0.4415 0.658491
0.374241 -1.76067 -0 0.423731 0.621628
0.250295 -1.5803 -0 0.4415 0.658491
0.281582 -1.77784 -0 0.439771 0.619756
0.374241 -1.76067 -0 0.423731 0.621628
0.374241 -1.76067 -0 0.423731 0.621628
0.281582 -1.77784 -0 0.439771 0.619756
0.415823 -1.9563 -0 0.421914 0.588089
0.281582 -1.77784 -0 0.439771 0.619756
0.312869 -1.97538 -0 0.438443 0.586234
0.415823 -1.9563 -0 0.421914 0.588089
0.415823 -1.9563 -0 0.421914 0.588089
0.312869 -1.97538 -0 0.438443 0.586234
0.457406 -2.15192 -0 0.420499 0.558983
0.312869 -1.97538 -0 0.438443 0.586234
0.344156 -2.17291 -0 0.437415 0.557153
0.457406 -2.15192 -0 0.420499 0.558983
0.457406 -2.15192 -0 0.420499 0.558983
0.344156 -2.17291 -0 0.437415 0.557153
0.541436 -2.54726 0.04 0.418117 0.503784
0.344156 -2.17291 -0 0.437415 0.557153
0.407381 -2.5721 0.04 0.435726 0.502021
0.541436 -2.54726 0.04 0.418117 0.503784
0.541436 -2.54726 0.04 0.418117 0.503784
0.407381 -2.5721 0.04 0.435726 0.502021
0.583018 -2.74289 0.16 0.416496 0.463379
0.407381 -2.5721 0.04 0.435726 0.502021
0.438668 -2.76964 0.16 0.434646 0.461671
0.583018 -2.74289 0.16 0.416496 0.463379
0.583018 -2.74289 0.16 0.416496 0.463379
0.438668 -2.76964 0.16 0.434646 0.461671
0.624601 -2.93851 0.36 0.414758 0.412259
0.438668 -2.76964 0.16 0.434646 0.461671
0.469955 -2.96718 0.36 0.433544 0.410631
0.624601 -2.93851 0.36 0.414758 0.412259
0.624601 -2.93851 0.36 0.414758 0.412259
0.469955 -2.96718 0.36 0.433544 0.410631
0.666183 -3.13414 0.64 0.41322 0.350965
0.469955 -2.96718 0.36 0.433544 0.410631
0.501242 -3.16471 0.64 0.432661 0.349448
0.666183 -3.13414 0.64 0.41322 0.350965
0.666183 -3.13414 0.64 0.41322 0.350965
0.501242 -3.16471 0.64 0.432661 0.349448
0.707765 -3.32977 1 0.412263 0.280885
0.501242 -3.16471 0.64 0.432661 0.349448
0.532528 -3.36225 1 0.432284 0.279512
0.707765 -3.32977 1 0.412263 0.280885
0.707765 -3.32977 1 0.412263 0.280885
0.532528 -3.36225 1 0.432284 0.279512
0.749348 -3.5254 1.44 0.412281 0.204724
0.532528 -3.36225 1 0.432284 0.279512
0.563815 -3.55979 1.44 0.432702 0.203539
0.749348 -3.5254 1.44 0.412281 0.204724
0.749348 -3.5254 1.44 0.412281 0.204724
0.563815 -3.55979 1.44 0.432702 0.203539
0.79093 -3.72103 1.96 0.413553 0.126401
0.563815 -3.55979 1.44 0.432702 0.203539
0.595102 -3.75733 1.96 0.43411 0.125446
0.79093 -3.72103 1.96 0.413553 0.126401
0.79093 -3.72103 1.96 0.413553 0.126401
0.595102 -3.75733 1.96 0.43411 0.125446
0.832512 -3.91666 2.56 0.416131 0.0501748
0.595102 -3.75733 1.96 0.43411 0.125446
0.626389 -3.95487 2.56 0.436525 0.0494929
0.832512 -3.91666 2.56 0.416131 0.0501748
0.0517638 -0.459585 -0 0.473223 0.999692
0.0415823 -0.459585 -0 0.476154 0.999832
0.103528 -0.459585 -0 0.45835 0.998649
0.0415823 -0.459585 -0 0.476154 0.999832
0.0831647 -0.459585 -0 0.464194 0.999126
0.103528 -0.459585 -0 0.45835 0.998649
0.103528 -0.459585 -0 0.45835 0.998649
0.0831647 -0.459585 -0 0.464194 0.999126
0.155291 -0.579556 -0 0.445072 0.952603
0.0831647 -0.459585 -0 0.464194 0.999126
0.124747 -0.586889 -0 0.45354 0.95083
0.155291 -0.579556 -0 0.445072 0.952603
0.155291 -0.579556 -0 0.445072 0.952603
0.124747 -0.586889 -0 0.45354 0.95083
0.207055 -0.772741 -0 0.43456 0.882195
0.124747 -0.586889 -0 0.45354 0.95083
0.166329 -0.782518 -0 0.445088 0.880114
0.207055 -0.772741 -0 0.43456 0.882195
0.207055 -0.772741 -0 0.43456 0.882195
0.166329 -0.782518 -0 0.445088 0.880114
0.258819 -0.965926 -0 0.42618 0.817227
0.166329 -0.782518 -0 0.445088 0.880114
0.207912 -0.978148 -0 0.438371 0.814928
0.258819 -0.965926 -0 0.42618 0.817227
0.258819 -0.965926 -0 0.42618 0.817227
0.207912 -0.978148 -0 0.438371 0.814928
0.310583 -1.15911 -0 0.419649 0.758936
0.207912 -0.978148 -0 0.438371 0.814928
0.249494 -1.17378 -0 0.433153 0.756494
0.310583 -1.15911 -0 0.419649 0.758936
0.310583 -1.15911 -0 0.419649 0.758936
0.249494 -1.17378 -0 0.433153 0.756494
0.362347 -1.3523 -0 0.414616 0.707621
0.249494 -1.17378 -0 0.433153 0.756494
0.291076 -1.36941 -0 0.429147 0.705093
0.362347 -1.3523 -0 0.414616 0.707621
0.362347 -1.3523 -0 0.414616 0.707621
0.291076 -1.36941 -0 0.429147 0.705093
0.41411 -1.54548 -0 0.410751 0.662938
0.291076 -1.36941 -0 0.429147 0.705093
0.332659 -1.56504 -0 0.426083 0.660366
0.41411 -1.54548 -0 0.410751 0.662938
0.41411 -1.54548 -0 0.410751 0.662938
0.332659 -1.56504 -0 0.426083 0.660366
0.465874 -1.73867 -0 0.407773 0.624213
0.332659 -1.56504 -0 0.426083 0.660366
0.374241 -1.76067 -0 0.423731 0.621628
0.465874 -1.73867 -0 0.407773 0.624213
0.465874 -1.73867 -0 0.407773 0.624213
0.374241 -1.76067 -0 0.423731 0.621628
0.517638 -1.93185 -0 0.405464 0.590667
0.374241 -1.76067 -0 0.423731 0.621628
0.415823 -1.9563 -0 0.421914 0.588089
0.517638 -1.93185 -0 0.405464 0.590667
0.517638 -1.93185 -0 0.405464 0.590667
0.415823 -1.9563 -0 0.421914 0.588089
0.569402 -2.12504 -0 0.403656 0.561541
0.415823 -1.9563 -0 0.421914 0.588089
0.457406 -2.15192 -0 0.420499 0.558983
0.569402 -2.12504 -0 0.403656 0.561541
0.569402 -2.12504 -0 0.403656 0.561541
0.457406 -2.15192 -0 0.420499 0.558983
0.674007 -2.51543 0.04 0.400575 0.506279
0.457406 -2.15192 -0 0.420499 0.558983
0.541436 -2.54726 0.04 0.418117 0.503784
0.674007 -2.51543 0.04 0.400575 0.506279
0.674007 -2.51543 0.04 0.400575 0.506279
0.541436 -2.54726 0.04 0.418117 0.503784
0.725771 -2.70861 0.16 0.398411 0.465821
0.541436 -2.54726 0.04 0.418117 0.503784
0.583018 -2.74289 0.16 0.416496 0.463379
0.725771 -2.70861 0.16 0.398411 0.465821
0.725771 -2.70861 0.16 0.398411 0.465821
0.583018 -2.74289 0.16 0.416496 0.463379
0.777535 -2.9018 0.36 0.396035 0.414618
0.583018 -2.74289 0.16 0.416496 0.463379
0.624601 -2.93851 0.36 0.414758 0.412259
0.777535 -2.9018 0.36 0.396035 0.414618
0.777535 -2.9018 0.36 0.396035 0.414618
0.624601 -2.93851 0.36 0.414758 0.412259
0.829298 -3.09498 0.64 0.393839 0.353203
0.624601 -2.93851 0.36 0.414758 0.412259
0.666183 -3.13414 0.64 0.41322 0.350965
0.829298 -3.09498 0.64 0.393839 0.353203
0.829298 -3.09498 0.64 0.393839 0.353203
0.666183 -3.13414 0.64 0.41322 0.350965
0.881062 -3.28817 1 0.392303 0.282957
0.666183 -3.13414 0.64 0.41322 0.350965
0.707765 -3.32977 1 0.412263 0.280885
0.881062 -3.28817 1 0.392303 0.282957
0.881062 -3.28817 1 0.392303 0.282957
0.707765 -3.32977 1 0.412263 0.280885
0.932826 -3.48135 1.44 0.391919 0.206575
0.707765 -3.32977 1 0.412263 0.280885
0.749348 -3.5254 1.44 0.412281 0.204724
0.932826 -3.48135 1.44 0.391919 0.206575
0.932826 -3.48135 1.44 0.391919 0.206575
0.749348 -3.5254 1.44 0.412281 0.204724
0.98459 -3.67454 1.96 0.393051 0.127968
0.749348 -3.5254 1.44 0.412281 0.204724
0.79093 -3.72103 1.96 0.413553 0.126401
0.98459 -3.67454 1.96 0.393051 0.127968
0.98459 -3.67454 1.96 0.393051 0.127968
0.79093 -3.72103 1.96 0.413553 0.126401
1.03635 -3.86772 2.56 0.395787 0.0513961
0.79093 -3.72103 1.96 0.413553 0.126401
0.832512 -3.91666 2.56 0.416131 0.0501748
1.03635 -3.86772 2.56 0.395787 0.0513961
0.0618034 -0.459585 -0 0.470335 0.999534
0.0517638 -0.459585 -0 0.473223 0.999692
0.123607 -0.459585 -0 0.4526 0.998093
0.0517638 -0.459585 -0 0.473223 0.999692
0.103528 -0.459585 -0 0.45835 0.998649
0.123607 -0.459585 -0 0.4526 0.998093
0.123607 -0.459585 -0 0.4526 0.998093
0.103528 -0.459585 -0 0.45835 0.998649
0.18541 -0.570634 -0 0.436697 0.954798
0.103528 -0.459585 -0 0.45835 0.998649
0.155291 -0.579556 -0 0.445072 0.952603
0.18541 -0.570634 -0 0.436697 0.954798
0.18541 -0.570634 -0 0.436697 0.954798
0.155291 -0.579556 -0 0.445072 0.952603
0.247214 -0.760845 -0 0.424139 0.884791
0.155291 -0.579556 -0 0.445072 0.952603
0.207055 -0.772741 -0 0.43456 0.882195
0.247214 -0.760845 -0 0.424139 0.884791
0.247214 -0.760845 -0 0.424139 0.884791
0.207055 -0.772741 -0 0.43456 0.882195
0.309017 -0.951057 -0 0.414104 0.820108
0.207055 -0.772741 -0 0.43456 0.882195
0.258819 -0.965926 -0 0.42618 0.817227
0.309017 -0.951057 -0 0.414104 0.820108
0.309017 -0.951057 -0 0.414104 0.820108
0.258819 -0.965926 -0 0.42618 0.817227
0.37082 -1.14127 -0 0.406261 0.762013
0.258819 -0.965926 -0 0.42618 0.817227
0.310583 -1.15911 -0 0.419649 0.758936
0.37082 -1.14127 -0 0.406261 0.762013
0.37082 -1.14127 -0 0.406261 0.762013
0.310583 -1.15911 -0 0.419649 0.758936
0.432624 -1.33148 -0 0.4002 0.710821
0.310583 -1.15911 -0 0.419649 0.758936
0.362347 -1.3523 -0 0.414616 0.707621
0.432624 -1.33148 -0 0.4002 0.710821
0.432624 -1.33148 -0 0.4002 0.710821
0.362347 -1.3523 -0 0.414616 0.707621
0.494427 -1.52169 -0 0.395531 0.666207
0.362347 -1.3523 -0 0.414616 0.707621
0.41411 -1.54548 -0 0.410751 0.662938
0.494427 -1.52169 -0 0.395531 0.666207
0.494427 -1.52169 -0 0.395531 0.666207
0.41411 -1.54548 -0 0.410751 0.662938
0.556231 -1.7119 -0 0.391922 0.627512
0.41411 -1.54548 -0 0.410751 0.662938
0.465874 -1.73867 -0 0.407773 0.624213
0.556231 -1.7119 -0 0.391922 0.627512
0.556231 -1.7119 -0 0.391922 0.627512
0.465874 -1.73867 -0 0.407773 0.624213
0.618034 -1.90211 -0 0.389115 0.593969
0.465874 -1.73867 -0 0.407773 0.624213
0.517638 -1.93185 -0 0.405464 0.590667
0.618034 -1.90211 -0 0.389115 0.593969
0.618034 -1.90211 -0 0.389115 0.593969
0.517638 -1.93185 -0 0.405464 0.590667
0.679837 -2.09232 -0 0.386914 0.56483
0.517638 -1.93185 -0 0.405464 0.590667
0.569402 -2.12504 -0 0.403656 0.561541
0.679837 -2.09232 -0 0.386914 0.56483
0.679837 -2.09232 -0 0.386914 0.56483
0.569402 -2.12504 -0 0.403656 0.561541
0.804731 -2.47671 0.04 0.383125 0.50951
0.569402 -2.12504 -0 0.403656 0.561541
0.674007 -2.51543 0.04 0.400575 0.506279
0.804731 -2.47671 0.04 0.383125 0.50951
0.804731 -2.47671 0.04 0.383125 0.50951
0.674007 -2.51543 0.04 0.400575 0.506279
0.866534 -2.66692 0.16 0.380416 0.469001
0.674007 -2.51543 0.04 0.400575 0.506279
0.725771 -2.70861 0.16 0.398411 0.465821
0.866534 -2.66692 0.16 0.380416 0.469001
0.866534 -2.66692 0.16 0.380416 0.469001
0.725771 -2.70861 0.16 0.398411 0.465821
0.928337 -2.85713 0.36 0.377398 0.417715
0.725771 -2.70861 0.16 0.398411 0.465821
0.777535 -2.9018 0.36 0.396035 0.414618
0.928337 -2.85713 0.36 0.377398 0.417715
0.928337 -2.85713 0.36 0.377398 0.417715
0.777535 -2.9018 0.36 0.396035 0.414618
0.990141 -3.04734 0.64 0.374544 0.35617
0.777535 -2.9018 0.36 0.396035 0.414618
0.829298 -3.09498 0.64 0.393839 0.353203
0.990141 -3.04734 0.64 0.374544 0.35617
0.990141 -3.04734 0.64 0.374544 0.35617
0.829298 -3.09498 0.64 0.393839 0.353203
1.05194 -3.23755 1 0.372425 0.285737
0.829298 -3.09498 0.64 0.393839 0.353203
0.881062 -3.28817 1 0.392303 0.282957
1.05194 -3.23755 1 0.372425 0.285737
1.05194 -3.23755 1 0.372425 0.285737
0.881062 -3.28817 1 0.392303 0.282957
1.11375 -3.42776 1.44 0.371636 0.209097
0.881062 -3.28817 1 0.392303 0.282957
0.932826 -3.48135 1.44 0.391919 0.206575
1.11375 -3.42776 1.44 0.371636 0.209097
1.11375 -3.42776 1.44 0.371636 0.209097
0.932826 -3.48135 1.44 0.391919 0.206575
1.17555 -3.61797 1.96 0.372622 0.130148
0.932826 -3.48135 1.44 0.391919 0.206575
0.98459 -3.67454 1.96 0.393051 0.127968
1.17555 -3.61797 1.96 0.372622 0.130148
1.17555 -3.61797 1.96 0.372622 0.130148
0.98459 -3.67454 1.96 0.393051 0.127968
1.23735 -3.80819 2.56 0.375506 0.0531576
0.98459 -3.67454 1.96 0.393051 0.127968
1.03635 -3.86772 2.56 0.395787 0.0513961
1.23735 -3.80819 2.56 0.375506 0.0531576
0.0716736 -0.459585 -0 0.467496 0.999358
0.0618034 -0.459585 -0 0.470335 0.999534
0.143347 -0.459585 -0 0.446961 0.997466
0.0618034 -0.459585 -0 0.470335 0.999534
0.123607 -0.459585 -0 0.4526 0.998093
0.143347 -0.459585 -0 0.446961 0.997466
0.143347 -0.459585 -0 0.446961 0.997466
0.123607 -0.459585 -0 0.4526 0.998093
0.215021 -0.560148 -0 0.428433 0.957418
0.123607 -0.459585 -0 0.4526 0.998093
0.18541 -0.570634 -0 0.436697 0.954798
0.215021 -0.560148 -0 0.428433 0.957418
0.215021 -0.560148 -0 0.428433 0.957418
0.18541 -0.570634 -0 0.436697 0.954798
0.286694 -0.746864 -0 0.413848 0.887898
0.18541 -0.570634 -0 0.436697 0.954798
0.247214 -0.760845 -0 0.424139 0.884791
0.286694 -0.746864 -0 0.413848 0.887898
0.286694 -0.746864 -0 0.413848 0.887898
0.247214 -0.760845 -0 0.424139 0.884791
0.358368 -0.93358 -0 0.402168 0.823571
0.247214 -0.760845 -0 0.424139 0.884791
0.309017 -0.951057 -0 0.414104 0.820108
0.358368 -0.93358 -0 0.402168 0.823571
0.358368 -0.93358 -0 0.402168 0.823571
0.309017 -0.951057 -0 0.414104 0.820108
0.430042 -1.1203 -0 0.393017 0.765723
0.309017 -0.951057 -0 0.414104 0.820108
0.37082 -1.14127 -0 0.406261 0.762013
0.430042 -1.1203 -0 0.393017 0.765723
0.430042 -1.1203 -0 0.393017 0.765723
0.37082 -1.14127 -0 0.406261 0.762013
0.501715 -1.30701 -0 0.385927 0.714692
0.37082 -1.14127 -0 0.406261 0.762013
0.432624 -1.33148 -0 0.4002 0.710821
0.501715 -1.30701 -0 0.385927 0.714692
0.501715 -1.30701 -0 0.385927 0.714692
0.432624 -1.33148 -0 0.4002 0.710821
0.573389 -1.49373 -0 0.380451 0.670172
0.432624 -1.33148 -0 0.4002 0.710821
0.494427 -1.52169 -0 0.395531 0.666207
0.573389 -1.49373 -0 0.380451 0.670172
0.573389 -1.49373 -0 0.380451 0.670172
0.494427 -1.52169 -0 0.395531 0.666207
0.645062 -1.68044 -0 0.376208 0.631524
0.494427 -1.52169 -0 0.395531 0.666207
0.556231 -1.7119 -0 0.391922 0.627512
0.645062 -1.68044 -0 0.376208 0.631524
0.645062 -1.68044 -0 0.376208 0.631524
0.556231 -1.7119 -0 0.391922 0.627512
0.716736 -1.86716 -0 0.3729 0.597996
0.556231 -1.7119 -0 0.391922 0.627512
0.618034 -1.90211 -0 0.389115 0.593969
0.716736 -1.86716 -0 0.3729 0.597996
0.716736 -1.86716 -0 0.3729 0.597996
0.618034 -1.90211 -0 0.389115 0.593969
0.788409 -2.05388 -0 0.370298 0.568849
0.618034 -1.90211 -0 0.389115 0.593969
0.679837 -2.09232 -0 0.386914 0.56483
0.788409 -2.05388 -0 0.370298 0.568849
0.788409 -2.05388 -0 0.370298 0.568849
0.679837 -2.09232 -0 0.386914 0.56483
0.933249 -2.4312 0.04 0.365794 0.51348
0.679837 -2.09232 -0 0.386914 0.56483
0.804731 -2.47671 0.04 0.383125 0.50951
0.933249 -2.4312 0.04 0.365794 0.51348
0.933249 -2.4312 0.04 0.365794 0.51348
0.804731 -2.47671 0.04 0.383125 0.50951
1.00492 -2.61791 0.16 0.362536 0.472924
0.804731 -2.47671 0.04 0.383125 0.50951
0.866534 -2.66692 0.16 0.380416 0.469001
1.00492 -2.61791 0.16 0.362536 0.472924
1.00492 -2.61791 0.16 0.362536 0.472924
0.866534 -2.66692 0.16 0.380416 0.469001
1.0766 -2.80463 0.36 0.358873 0.421554
0.866534 -2.66692 0.16 0.380416 0.469001
0.928337 -2.85713 0.36 0.377398 0.417715
1.0766 -2.80463 0.36 0.358873 0.421554
1.0766 -2.80463 0.36 0.358873 0.421554
0.928337 -2.85713 0.36 0.377398 0.417715
1.14827 -2.99134 0.64 0.355357 0.359871
0.928337 -2.85713 0.36 0.377398 0.417715
0.990141 -3.04734 0.64 0.374544 0.35617
1.14827 -2.99134 0.64 0.355357 0.359871
1.14827 -2.99134 0.64 0.355357 0.359871
0.990141 -3.04734 0.64 0.374544 0.35617
1.21994 -3.17806 1 0.352651 0.289229
0.990141 -3.04734 0.64 0.374544 0.35617
1.05194 -3.23755 1 0.372425 0.285737
1.21994 -3.17806 1 0.352651 0.289229
1.21994 -3.17806 1 0.352651 0.289229
1.05194 -3.23755 1 0.372425 0.285737
1.29162 -3.36478 1.44 0.351451 0.212291
1.05194 -3.23755 1 0.372425 0.285737
1.11375 -3.42776 1.44 0.371636 0.209097
1.29162 -3.36478 1.44 0.351451 0.212291
1.29162 -3.36478 1.44 0.351451 0.212291
1.11375 -3.42776 1.44 0.371636 0.209097
1.36329 -3.55149 1.96 0.352282 0.132944
1.11375 -3.42776 1.44 0.371636 0.209097
1.17555 -3.61797 1.96 0.372622 0.130148
1.36329 -3.55149 1.96 0.352282 0.132944
1.36329 -3.55149 1.96 0.352282 0.132944
1.17555 -3.61797 1.96 0.372622 0.130148
1.43496 -3.73821 2.56 0.355304 0.0554579
1.17555 -3.61797 1.96 0.372622 0.130148
1.23735 -3.80819 2.56 0.375506 0.0531576
1.43496 -3.73821 2.56 0.355304 0.0554579
0.0813473 -0.459585 -0 0.464716 0.999165
0.0716736 -0.459585 -0 0.467496 0.999358
0.162695 -0.459585 -0 0.441451 0.996774
0.0716736 -0.459585 -0 0.467496 0.999358
0.143347 -0.459585 -0 0.446961 0.997466
0.162695 -0.459585 -0 0.441451 0.996774
0.162695 -0.459585 -0 0.441451 0.996774
0.143347 -0.459585 -0 0.446961 0.997466
0.244042 -0.548127 -0 0.420301 0.960457
0.143347 -0.459585 -0 0.446961 0.997466
0.215021 -0.560148 -0 0.428433 0.957418
0.244042 -0.548127 -0 0.420301 0.960457
0.244042 -0.548127 -0 0.420301 0.960457
0.215021 -0.560148 -0 0.428433 0.957418
0.325389 -0.730836 -0 0.403709 0.891514
0.215021 -0.560148 -0 0.428433 0.957418
0.286694 -0.746864 -0 0.413848 0.887898
0.325389 -0.730836 -0 0.403709 0.891514
0.325389 -0.730836 -0 0.403709 0.891514
0.286694 -0.746864 -0 0.413848 0.887898
0.406737 -0.913545 -0 0.390397 0.827612
0.286694 -0.746864 -0 0.413848 0.887898
0.358368 -0.93358 -0 0.402168 0.823571
0.406737 -0.913545 -0 0.390397 0.827612
0.406737 -0.913545 -0 0.390397 0.827612
0.358368 -0.93358 -0 0.402168 0.823571
0.488084 -1.09625 -0 0.379943 0.770063
0.358368 -0.93358 -0 0.402168 0.823571
0.430042 -1.1203 -0 0.393017 0.765723
0.488084 -1.09625 -0 0.379943 0.770063
0.488084 -1.09625 -0 0.379943 0.770063
0.430042 -1.1203 -0 0.393017 0.765723
0.569431 -1.27896 -0 0.371825 0.71923
0.430042 -1.1203 -0 0.393017 0.765723
0.501715 -1.30701 -0 0.385927 0.714692
0.569431 -1.27896 -0 0.371825 0.71923
0.569431 -1.27896 -0 0.371825 0.71923
0.501715 -1.30701 -0 0.385927 0.714692
0.650779 -1.46167 -0 0.36554 0.674832
0.501715 -1.30701 -0 0.385927 0.714692
0.573389 -1.49373 -0 0.380451 0.670172
0.650779 -1.46167 -0 0.36554 0.674832
0.650779 -1.46167 -0 0.36554 0.674832
0.573389 -1.49373 -0 0.380451 0.670172
0.732126 -1.64438 -0 0.360659 0.636248
0.573389 -1.49373 -0 0.380451 0.670172
0.645062 -1.68044 -0 0.376208 0.631524
0.732126 -1.64438 -0 0.360659 0.636248
0.732126 -1.64438 -0 0.360659 0.636248
0.645062 -1.68044 -0 0.376208 0.631524
0.813473 -1.82709 -0 0.356844 0.602747
0.645062 -1.68044 -0 0.376208 0.631524
0.716736 -1.86716 -0 0.3729 0.597996
0.813473 -1.82709 -0 0.356844 0.602747
0.813473 -1.82709 -0 0.356844 0.602747
0.716736 -1.86716 -0 0.3729 0.597996
0.894821 -2.0098 -0 0.353839 0.573601
0.716736 -1.86716 -0 0.3729 0.597996
0.788409 -2.05388 -0 0.370298 0.568849
0.894821 -2.0098 -0 0.353839 0.573601
0.894821 -2.0098 -0 0.353839 0.573601
0.788409 -2.05388 -0 0.370298 0.568849
1.05921 -2.37902 0.04 0.34861 0.518192
0.788409 -2.05388 -0 0.370298 0.568849
0.933249 -2.4312 0.04 0.365794 0.51348
1.05921 -2.37902 0.04 0.34861 0.518192
1.05921 -2.37902 0.04 0.34861 0.518192
0.933249 -2.4312 0.04 0.365794 0.51348
1.14056 -2.56173 0.16 0.344799 0.477594
0.933249 -2.4312 0.04 0.365794 0.51348
1.00492 -2.61791 0.16 0.362536 0.472924
1.14056 -2.56173 0.16 0.344799 0.477594
1.14056 -2.56173 0.16 0.344799 0.477594
1.00492 -2.61791 0.16 0.362536 0.472924
1.2219 -2.74444 0.36 0.340486 0.42614
1.00492 -2.61791 0.16 0.362536 0.472924
1.0766 -2.80463 0.36 0.358873 0.421554
1.2219 -2.74444 0.36 0.340486 0.42614
1.2219 -2.74444 0.36 0.340486 0.42614
1.0766 -2.80463 0.36 0.358873 0.421554
1.30325 -2.92715 0.64 0.336304 0.364312
1.0766 -2.80463 0.36 0.358873 0.421554
1.14827 -2.99134 0.64 0.355357 0.359871
1.30325 -2.92715 0.64 0.336304 0.364312
1.30325 -2.92715 0.64 0.336304 0.364312
1.14827 -2.99134 0.64 0.355357 0.359871
1.3846 -3.10986 1 0.333005 0.293439
1.14827 -2.99134 0.64 0.355357 0.359871
1.21994 -3.17806 1 0.352651 0.289229
1.3846 -3.10986 1 0.333005 0.293439
1.3846 -3.10986 1 0.333005 0.293439
1.21994 -3.17806 1 0.352651 0.289229
1.46595 -3.29257 1.44 0.331385 0.216164
1.21994 -3.17806 1 0.352651 0.289229
1.29162 -3.36478 1.44 0.351451 0.212291
1.46595 -3.29257 1.44 0.331385 0.216164
1.46595 -3.29257 1.44 0.331385 0.216164
1.29162 -3.36478 1.44 0.351451 0.212291
1.54729 -3.47528 1.96 0.332049 0.136358
1.29162 -3.36478 1.44 0.351451 0.212291
1.36329 -3.55149 1.96 0.352282 0.132944
1.54729 -3.47528 1.96 0.332049 0.136358
1.54729 -3.47528 1.96 0.332049 0.136358
1.36329 -3.55149 1.96 0.352282 0.132944
1.62864 -3.65798 2.56 0.335194 0.0582967
1.36329 -3.55149 1.96 0.352282 0.132944
1.43496 -3.73821 2.56 0.355304 0.0554579
1.62864 -3.65798 2.56 0.335194 0.0582967
0.0907981 -0.459585 -0 0.462002 0.998958
0.0813473 -0.459585 -0 0.464716 0.999165
0.181596 -0.459585 -0 0.436087 0.996025
0.0813473 -0.459585 -0 0.464716 0.999165
0.162695 -0.459585 -0 0.441451 0.996774
0.181596 -0.459585 -0 0.436087 0.996025
0.181596 -0.459585 -0 0.436087 0.996025
0.162695 -0.459585 -0 0.441451 0.996774
0.272394 -0.534604 -0 0.412319 0.963913
0.162695 -0.459585 -0 0.441451 0.996774
0.244042 -0.548127 -0 0.420301 0.960457
0.272394 -0.534604 -0 0.412319 0.963913
0.272394 -0.534604 -0 0.412319 0.963913
0.244042 -0.548127 -0 0.420301 0.960457
0.363192 -0.712805 -0 0.393745 0.895638
0.244042 -0.548127 -0 0.420301 0.960457
0.325389 -0.730836 -0 0.403709 0.891514
0.363192 -0.712805 -0 0.393745 0.895638
0.363192 -0.712805 -0 0.393745 0.895638
0.325389 -0.730836 -0 0.403709 0.891514
0.453991 -0.891007 -0 0.378815 0.83223
0.325389 -0.730836 -0 0.403709 0.891514
0.406737 -0.913545 -0 0.390397 0.827612
0.453991 -0.891007 -0 0.378815 0.83223
0.453991 -0.891007 -0 0.378815 0.83223
0.406737 -0.913545 -0 0.390397 0.827612
0.544789 -1.06921 -0 0.367067 0.775031
0.406737 -0.913545 -0 0.390397 0.827612
0.488084 -1.09625 -0 0.379943 0.770063
0.544789 -1.06921 -0 0.367067 0.775031
0.544789 -1.06921 -0 0.367067 0.775031
0.488084 -1.09625 -0 0.379943 0.770063
0.635587 -1.24741 -0 0.357923 0.724434
0.488084 -1.09625 -0 0.379943 0.770063
0.569431 -1.27896 -0 0.371825 0.71923
0.635587 -1.24741 -0 0.357923 0.724434
0.635587 -1.24741 -0 0.357923 0.724434
0.569431 -1.27896 -0 0.371825 0.71923
0.726385 -1.42561 -0 0.350826 0.680185
0.569431 -1.27896 -0 0.371825 0.71923
0.650779 -1.46167 -0 0.36554 0.674832
0.726385 -1.42561 -0 0.350826 0.680185
0.726385 -1.42561 -0 0.350826 0.680185
0.650779 -1.46167 -0 0.36554 0.674832
0.817183 -1.60381 -0 0.345303 0.641686
0.650779 -1.46167 -0 0.36554 0.674832
0.732126 -1.64438 -0 0.360659 0.636248
0.817183 -1.60381 -0 0.345303 0.641686
0.817183 -1.60381 -0 0.345303 0.641686
0.732126 -1.64438 -0 0.360659 0.636248
0.907981 -1.78201 -0 0.340978 0.608224
0.732126 -1.64438 -0 0.360659 0.636248
0.813473 -1.82709 -0 0.356844 0.602747
0.907981 -1.78201 -0 0.340978 0.608224
0.907981 -1.78201 -0 0.340978 0.608224
0.813473 -1.82709 -0 0.356844 0.602747
0.998779 -1.96021 -0 0.337562 0.579088
0.813473 -1.82709 -0 0.356844 0.602747
0.894821 -2.0098 -0 0.353839 0.573601
0.998779 -1.96021 -0 0.337562 0.579088
0.998779 -1.96021 -0 0.337562 0.579088
0.894821 -2.0098 -0 0.353839 0.573601
1.18227 -2.32033 0.04 0.331601 0.523649
0.894821 -2.0098 -0 0.353839 0.573601
1.05921 -2.37902 0.04 0.34861 0.518192
1.18227 -2.32033 0.04 0.331601 0.523649
1.18227 -2.32033 0.04 0.331601 0.523649
1.05921 -2.37902 0.04 0.34861 0.518192
1.27306 -2.49853 0.16 0.327232 0.483014
1.05921 -2.37902 0.04 0.34861 0.518192
1.14056 -2.56173 0.16 0.344799 0.477594
1.27306 -2.49853 0.16 0.327232 0.483014
1.27306 -2.49853 0.16 0.327232 0.483014
1.14056 -2.56173 0.16 0.344799 0.477594
1.36386 -2.67673 0.36 0.322266 0.43148
1.14056 -2.56173 0.16 0.344799 0.477594
1.2219 -2.74444 0.36 0.340486 0.42614
1.36386 -2.67673 0.36 0.322266 0.43148
1.36386 -2.67673 0.36 0.322266 0.43148
1.2219 -2.74444 0.36 0.340486 0.42614
1.45466 -2.85493 0.64 0.317409 0.369499
1.2219 -2.74444 0.36 0.340486 0.42614
1.30325 -2.92715 0.64 0.336304 0.364312
1.45466 -2.85493 0.64 0.317409 0.369499
1.45466 -2.85493 0.64 0.317409 0.369499
1.30325 -2.92715 0.64 0.336304 0.364312
1.54546 -3.03313 1 0.313509 0.298373
1.30325 -2.92715 0.64 0.336304 0.364312
1.3846 -3.10986 1 0.333005 0.293439
1.54546 -3.03313 1 0.313509 0.298373
1.54546 -3.03313 1 0.313509 0.298373
1.3846 -3.10986 1 0.333005 0.293439
1.63626 -3.21133 1.44 0.311457 0.22072
1.3846 -3.10986 1 0.333005 0.293439
1.46595 -3.29257 1.44 0.331385 0.216164
1.63626 -3.21133 1.44 0.311457 0.22072
1.63626 -3.21133 1.44 0.311457 0.22072
1.46595 -3.29257 1.44 0.331385 0.216164
1.72705 -3.38953 1.96 0.311938 0.140392
1.46595 -3.29257 1.44 0.331385 0.216164
1.54729 -3.47528 1.96 0.332049 0.136358
1.72705 -3.38953 1.96 0.311938 0.140392
1.72705 -3.38953 1.96 0.311938 0.140392
1.54729 -3.47528 1.96 0.332049 0.136358
1.81785 -3.56774 2.56 0.315187 0.0616708
1.54729 -3.47528 1.96 0.332049 0.136358
1.62864 -3.65798 2.56 0.335194 0.0582967
1.81785 -3.56774 2.56 0.315187 0.0616708
0.1 -0.459585 -0 0.459361 0.998738
0.0907981 -0.459585 -0 0.462002 0.998958
0.2 -0.459585 -0 0.430884 0.995226
0.0907981 -0.459585 -0 0.462002 0.998958
0.181596 -0.459585 -0 0.436087 0.996025
0.2 -0.459585 -0 0.430884 0.995226
0.2 -0.459585 -0 0.430884 0.995226
0.181596 -0.459585 -0 0.436087 0.996025
0.3 -0.519615 -0 0.404506 0.967783
0.181596 -0.459585 -0 0.436087 0.996025
0.272394 -0.534604 -0 0.412319 0.963913
0.3 -0.519615 -0 0.404506 0.967783
0.3 -0.519615 -0 0.404506 0.967783
0.272394 -0.534604 -0 0.412319 0.963913
0.4 -0.69282 -0 0.383979 0.900265
0.272394 -0.534604 -0 0.412319 0.963913
0.363192 -0.712805 -0 0.393745 0.895638
0.4 -0.69282 -0 0.383979 0.900265
0.4 -0.69282 -0 0.383979 0.900265
0.363192 -0.712805 -0 0.393745 0.895638
0.5 -0.866025 -0 0.367449 0.83742
0.363192 -0.712805 -0 0.393745 0.895638
0.453991 -0.891007 -0 0.378815 0.83223
0.5 -0.866025 -0 0.367449 0.83742
0.5 -0.866025 -0 0.367449 0.83742
0.453991 -0.891007 -0 0.378815 0.83223
0.6 -1.03923 -0 0.354415 0.780625
0.453991 -0.891007 -0 0.378815 0.83223
0.544789 -1.06921 -0 0.367067 0.775031
0.6 -1.03923 -0 0.354415 0.780625
0.6 -1.03923 -0 0.354415 0.780625
0.544789 -1.06921 -0 0.367067 0.775031
0.7 -1.21244 -0 0.344248 0.730303
0.544789 -1.06921 -0 0.367067 0.775031
0.635587 -1.24741 -0 0.357923 0.724434
0.7 -1.21244 -0 0.344248 0.730303
0.7 -1.21244 -0 0.344248 0.730303
0.635587 -1.24741 -0 0.357923 0.724434
0.8 -1.38564 -0 0.336339 0.686229
0.635587 -1.24741 -0 0.357923 0.724434
0.726385 -1.42561 -0 0.350826 0.680185
0.8 -1.38564 -0 0.336339 0.686229
0.8 -1.38564 -0 0.336339 0.686229
0.726385 -1.42561 -0 0.350826 0.680185
0.9 -1.55885 -0 0.33017 0.647835
0.726385 -1.42561 -0 0.350826 0.680185
0.817183 -1.60381 -0 0.345303 0.641686
0.9 -1.55885 -0 0.33017 0.647835
0.9 -1.55885 -0 0.33017 0.647835
0.817183 -1.60381 -0 0.345303 0.641686
1 -1.73205 -0 0.32533 0.614427
0.817183 -1.60381 -0 0.345303 0.641686
0.907981 -1.78201 -0 0.340978 0.608224
1 -1.73205 -0 0.32533 0.614427
1 -1.73205 -0 0.32533 0.614427
0.907981 -1.78201 -0 0.340978 0.608224
1.1 -1.90526 -0 0.321501 0.58531
0.907981 -1.78201 -0 0.340978 0.608224
0.998779 -1.96021 -0 0.337562 0.579088
1.1 -1.90526 -0 0.321501 0.58531
1.1 -1.90526 -0 0.321501 0.58531
0.998779 -1.96021 -0 0.337562 0.579088
1.30208 -2.25527 0.04 0.314795 0.529853
0.998779 -1.96021 -0 0.337562 0.579088
1.18227 -2.32033 0.04 0.331601 0.523649
1.30208 -2.25527 0.04 0.314795 0.529853
1.30208 -2.25527 0.04 0.314795 0.529853
1.18227 -2.32033 0.04 0.331601 0.523649
1.40208 -2.42848 0.16 0.309863 0.489188
1.18227 -2.32033 0.04 0.331601 0.523649
1.27306 -2.49853 0.16 0.327232 0.483014
1.40208 -2.42848 0.16 0.309863 0.489188
1.40208 -2.42848 0.16 0.309863 0.489188
1.27306 -2.49853 0.16 0.327232 0.483014
1.50208 -2.60168 0.36 0.304238 0.437576
1.27306 -2.49853 0.16 0.327232 0.483014
1.36386 -2.67673 0.36 0.322266 0.43148
1.50208 -2.60168 0.36 0.304238 0.437576
1.50208 -2.60168 0.36 0.304238 0.437576
1.36386 -2.67673 0.36 0.322266 0.43148
1.60208 -2.77489 0.64 0.298699 0.375436
1.36386 -2.67673 0.36 0.322266 0.43148
1.45466 -2.85493 0.64 0.317409 0.369499
1.60208 -2.77489 0.64 0.298699 0.375436
1.60208 -2.77489 0.64 0.298699 0.375436
1.45466 -2.85493 0.64 0.317409 0.369499
1.70208 -2.94809 1 0.294187 0.304036
1.45466 -2.85493 0.64 0.317409 0.369499
1.54546 -3.03313 1 0.313509 0.298373
1.70208 -2.94809 1 0.294187 0.304036
1.70208 -2.94809 1 0.294187 0.304036
1.54546 -3.03313 1 0.313509 0.298373
1.80208 -3.1213 1.44 0.291687 0.22596
1.54546 -3.03313 1 0.313509 0.298373
1.63626 -3.21133 1.44 0.311457 0.22072
1.80208 -3.1213 1.44 0.291687 0.22596
1.80208 -3.1213 1.44 0.291687 0.22596
1.63626 -3.21133 1.44 0.311457 0.22072
1.90208 -3.2945 1.96 0.291965 0.145043
1.63626 -3.21133 1.44 0.311457 0.22072
1.72705 -3.38953 1.96 0.311938 0.140392
1.90208 -3.2945 1.96 0.291965 0.145043
1.90208 -3.2945 1.96 0.291965 0.145043
1.72705 -3.38953 1.96 0.311938 0.140392
2.00208 -3.46771 2.56 0.295296 0.0655777
1.72705 -3.38953 1.96 0.311938 0.140392
1.81785 -3.56774 2.56 0.315187 0.0616708
2.00208 -3.46771 2.56 0.295296 0.0655777
0.108928 -0.459585 -0 0.456802 0.998508
0.1 -0.459585 -0 0.459361 0.998738
0.217856 -0.459585 -0 0.425856 0.994388
0.1 -0.459585 -0 0.459361 0.998738
0.2 -0.459585 -0 0.430884 0.995226
0.217856 -0.459585 -0 0.425856 0.994388
0.217856 -0.459585 -0 0.425856 0.994388
0.2 -0.459585 -0 0.430884 0.995226
0.326783 -0.503202 -0 0.396879 0.972063
0.2 -0.459585 -0 0.430884 0.995226
0.3 -0.519615 -0 0.404506 0.967783
0.326783 -0.503202 -0 0.396879 0.972063
0.326783 -0.503202 -0 0.396879 0.972063
0.3 -0.519615 -0 0.404506 0.967783
0.435711 -0.670936 -0 0.374432 0.905393
0.3 -0.519615 -0 0.404506 0.967783
0.4 -0.69282 -0 0.383979 0.900265
0.435711 -0.670936 -0 0.374432 0.905393
0.435711 -0.670936 -0 0.374432 0.905393
0.4 -0.69282 -0 0.383979 0.900265
0.544639 -0.838671 -0 0.356323 0.843181
0.4 -0.69282 -0 0.383979 0.900265
0.5 -0.866025 -0 0.367449 0.83742
0.544639 -0.838671 -0 0.356323 0.843181
0.544639 -0.838671 -0 0.356323 0.843181
0.5 -0.866025 -0 0.367449 0.83742
0.653567 -1.0064 -0 0.342013 0.786842
0.5 -0.866025 -0 0.367449 0.83742
0.6 -1.03923 -0 0.354415 0.780625
0.653567 -1.0064 -0 0.342013 0.786842
0.653567 -1.0064 -0 0.342013 0.786842
0.6 -1.03923 -0 0.354415 0.780625
0.762495 -1.17414 -0 0.330827 0.736835
0.6 -1.03923 -0 0.354415 0.780625
0.7 -1.21244 -0 0.344248 0.730303
0.762495 -1.17414 -0 0.330827 0.736835
0.762495 -1.17414 -0 0.330827 0.736835
0.7 -1.21244 -0 0.344248 0.730303
0.871422 -1.34187 -0 0.322106 0.692965
0.7 -1.21244 -0 0.344248 0.730303
0.8 -1.38564 -0 0.336339 0.686229
0.871422 -1.34187 -0 0.322106 0.692965
0.871422 -1.34187 -0 0.322106 0.692965
0.8 -1.38564 -0 0.336339 0.686229
0.98035 -1.50961 -0 0.315289 0.654697
0.8 -1.38564 -0 0.336339 0.686229
0.9 -1.55885 -0 0.33017 0.647835
0.98035 -1.50961 -0 0.315289 0.654697
0.98035 -1.50961 -0 0.315289 0.654697
0.9 -1.55885 -0 0.33017 0.647835
1.08928 -1.67734 -0 0.309928 0.621357
0.9 -1.55885 -0 0.33017 0.647835
1 -1.73205 -0 0.32533 0.614427
1.08928 -1.67734 -0 0.309928 0.621357
1.08928 -1.67734 -0 0.309928 0.621357
1 -1.73205 -0 0.32533 0.614427
1.19821 -1.84508 -0 0.30568 0.592269
1 -1.73205 -0 0.32533 0.614427
1.1 -1.90526 -0 0.321501 0.58531
1.19821 -1.84508 -0 0.30568 0.592269
1.19821 -1.84508 -0 0.30568 0.592269
1.1 -1.90526 -0 0.321501 0.58531
1.41833 -2.18404 0.04 0.29822 0.536808
1.1 -1.90526 -0 0.321501 0.58531
1.30208 -2.25527 0.04 0.314795 0.529853
1.41833 -2.18404 0.04 0.29822 0.536808
1.41833 -2.18404 0.04 0.29822 0.536808
1.30208 -2.25527 0.04 0.314795 0.529853
1.52726 -2.35177 0.16 0.29272 0.49612
1.30208 -2.25527 0.04 0.314795 0.529853
1.40208 -2.42848 0.16 0.309863 0.489188
1.52726 -2.35177 0.16 0.29272 0.49612
1.52726 -2.35177 0.16 0.29272 0.49612
1.40208 -2.42848 0.16 0.309863 0.489188
1.63618 -2.5195 0.36 0.286428 0.444433
1.40208 -2.42848 0.16 0.309863 0.489188
1.50208 -2.60168 0.36 0.304238 0.437576
1.63618 -2.5195 0.36 0.286428 0.444433
1.63618 -2.5195 0.36 0.286428 0.444433
1.50208 -2.60168 0.36 0.304238 0.437576
1.74511 -2.68724 0.64 0.280198 0.382127
1.50208 -2.60168 0.36 0.304238 0.437576
1.60208 -2.77489 0.64 0.298699 0.375436
1.74511 -2.68724 0.64 0.280198 0.382127
1.74511 -2.68724 0.64 0.280198 0.382127
1.60208 -2.77489 0.64 0.298699 0.375436
1.85404 -2.85497 1 0.275059 0.31043
1.60208 -2.77489 0.64 0.298699 0.375436
1.70208 -2.94809 1 0.294187 0.304036
1.85404 -2.85497 1 0.275059 0.31043
1.85404 -2.85497 1 0.275059 0.31043
1.70208 -2.94809 1 0.294187 0.304036
1.96297 -3.02271 1.44 0.272092 0.231888
1.70208 -2.94809 1 0.294187 0.304036
1.80208 -3.1213 1.44 0.291687 0.22596
1.96297 -3.02271 1.44 0.272092 0.231888
1.96297 -3.02271 1.44 0.272092 0.231888
1.80208 -3.1213 1.44 0.291687 0.22596
2.0719 -3.19044 1.96 0.272143 0.150313
1.80208 -3.1213 1.44 0.291687 0.22596
1.90208 -3.2945 1.96 0.291965 0.145043
2.0719 -3.19044 1.96 0.272143 0.150313
2.0719 -3.19044 1.96 0.272143 0.150313
1.90208 -3.2945 1.96 0.291965 0.145043
2.18082 -3.35817 2.56 0.275529 0.0700153
1.90208 -3.2945 1.96 0.291965 0.145043
2.00208 -3.46771 2.56 0.295296 0.0655777
2.18082 -3.35817 2.56 0.275529 0.0700153
0.117557 -0.459585 -0 0.454331 0.99827
0.108928 -0.459585 -0 0.456802 0.998508
0.235114 -0.459585 -0 0.421018 0.993519
0.108928 -0.459585 -0 0.456802 0.998508
0.217856 -0.459585 -0 0.425856 0.994388
0.235114 -0.459585 -0 0.421018 0.993519
0.235114 -0.459585 -0 0.421018 0.993519
0.217856 -0.459585 -0 0.425856 0.994388
0.352671 -0.48541 -0 0.389458 0.976749
0.217856 -0.459585 -0 0.425856 0.994388
0.326783 -0.503202 -0 0.396879 0.972063
0.352671 -0.48541 -0 0.389458 0.976749
0.352671 -0.48541 -0 0.389458 0.976749
0.326783 -0.503202 -0 0.396879 0.972063
0.470228 -0.647214 -0 0.365126 0.911017
0.326783 -0.503202 -0 0.396879 0.972063
0.435711 -0.670936 -0 0.374432 0.905393
0.470228 -0.647214 -0 0.365126 0.911017
0.470228 -0.647214 -0 0.365126 0.911017
0.435711 -0.670936 -0 0.374432 0.905393
0.587785 -0.809017 -0 0.34546 0.84951
0.435711 -0.670936 -0 0.374432 0.905393
0.544639 -0.838671 -0 0.356323 0.843181
0.587785 -0.809017 -0 0.34546 0.84951
0.587785 -0.809017 -0 0.34546 0.84951
0.544639 -0.838671 -0 0.356323 0.843181
0.705342 -0.97082 -0 0.329888 0.79368
0.544639 -0.838671 -0 0.356323 0.843181
0.653567 -1.0064 -0 0.342013 0.786842
0.705342 -0.97082 -0 0.329888 0.79368
0.705342 -0.97082 -0 0.329888 0.79368
0.653567 -1.0064 -0 0.342013 0.786842
0.822899 -1.13262 -0 0.317688 0.744026
0.653567 -1.0064 -0 0.342013 0.786842
0.762495 -1.17414 -0 0.330827 0.736835
0.822899 -1.13262 -0 0.317688 0.744026
0.822899 -1.13262 -0 0.317688 0.744026
0.762495 -1.17414 -0 0.330827 0.736835
0.940456 -1.29443 -0 0.308155 0.700392
0.762495 -1.17414 -0 0.330827 0.736835
0.871422 -1.34187 -0 0.322106 0.692965
0.940456 -1.29443 -0 0.308155 0.700392
0.940456 -1.29443 -0 0.308155 0.700392
0.871422 -1.34187 -0 0.322106 0.692965
1.05801 -1.45623 -0 0.300687 0.66227
0.871422 -1.34187 -0 0.322106 0.692965
0.98035 -1.50961 -0 0.315289 0.654697
1.05801 -1.45623 -0 0.300687 0.66227
1.05801 -1.45623 -0 0.300687 0.66227
0.98035 -1.50961 -0 0.315289 0.654697
1.17557 -1.61803 -0 0.294803 0.629014
0.98035 -1.50961 -0 0.315289 0.654697
1.08928 -1.67734 -0 0.309928 0.621357
1.17557 -1.61803 -0 0.294803 0.629014
1.17557 -1.61803 -0 0.294803 0.629014
1.08928 -1.67734 -0 0.309928 0.621357
1.29313 -1.77984 -0 0.29013 0.599966
1.08928 -1.67734 -0 0.309928 0.621357
1.19821 -1.84508 -0 0.30568 0.592269
1.29313 -1.77984 -0 0.29013 0.599966
1.29313 -1.77984 -0 0.29013 0.599966
1.19821 -1.84508 -0 0.30568 0.592269
1.53069 -2.10681 0.04 0.281904 0.544516
1.19821 -1.84508 -0 0.30568 0.592269
1.41833 -2.18404 0.04 0.29822 0.536808
1.53069 -2.10681 0.04 0.281904 0.544516
1.53069 -2.10681 0.04 0.281904 0.544516
1.41833 -2.18404 0.04 0.29822 0.536808
1.64825 -2.26862 0.16 0.275829 0.503813
1.41833 -2.18404 0.04 0.29822 0.536808
1.52726 -2.35177 0.16 0.29272 0.49612
1.64825 -2.26862 0.16 0.275829 0.503813
1.64825 -2.26862 0.16 0.275829 0.503813
1.52726 -2.35177 0.16 0.29272 0.49612
1.7658 -2.43042 0.36 0.268862 0.452055
1.52726 -2.35177 0.16 0.29272 0.49612
1.63618 -2.5195 0.36 0.286428 0.444433
1.7658 -2.43042 0.36 0.268862 0.452055
1.7658 -2.43042 0.36 0.268862 0.452055
1.63618 -2.5195 0.36 0.286428 0.444433
1.88336 -2.59222 0.64 0.261928 0.389578
1.63618 -2.5195 0.36 0.286428 0.444433
1.74511 -2.68724 0.64 0.280198 0.382127
1.88336 -2.59222 0.64 0.261928 0.389578
1.88336 -2.59222 0.64 0.261928 0.389578
1.74511 -2.68724 0.64 0.280198 0.382127
2.00092 -2.75403 1 0.256145 0.31756
1.74511 -2.68724 0.64 0.280198 0.382127
1.85404 -2.85497 1 0.275059 0.31043
2.00092 -2.75403 1 0.256145 0.31756
2.00092 -2.75403 1 0.256145 0.31756
1.85404 -2.85497 1 0.275059 0.31043
2.11847 -2.91583 1.44 0.252686 0.238504
1.85404 -2.85497 1 0.275059 0.31043
1.96297 -3.02271 1.44 0.272092 0.231888
2.11847 -2.91583 1.44 0.252686 0.238504
2.11847 -2.91583 1.44 0.252686 0.238504
1.96297 -3.02271 1.44 0.272092 0.231888
2.23603 -3.07763 1.96 0.252482 0.156201
1.96297 -3.02271 1.44 0.272092 0.231888
2.0719 -3.19044 1.96 0.272143 0.150313
2.23603 -3.07763 1.96 0.252482 0.156201
2.23603 -3.07763 1.96 0.252482 0.156201
2.0719 -3.19044 1.96 0.272143 0.150313
2.35359 -3.23944 2.56 0.255894 0.0749785
2.0719 -3.19044 1.96 0.272143 0.150313
2.18082 -3.35817 2.56 0.275529 0.0700153
2.35359 -3.23944 2.56 0.255894 0.0749785
0.125864 -0.459585 -0 0.451954 0.998026
0.117557 -0.459585 -0 0.454331 0.99827
0.251728 -0.459585 -0 0.416381 0.992629
0.117557 -0.459585 -0 0.454331 0.99827
0.235114 -0.459585 -0 0.421018 0.993519
0.251728 -0.459585 -0 0.416381 0.992629
0.251728 -0.459585 -0 0.416381 0.992629
0.235114 -0.459585 -0 0.421018 0.993519
0.377592 -0.466288 -0 0.38226 0.981835
0.235114 -0.459585 -0 0.421018 0.993519
0.352671 -0.48541 -0 0.389458 0.976749
0.377592 -0.466288 -0 0.38226 0.981835
0.377592 -0.466288 -0 0.38226 0.981835
0.352671 -0.48541 -0 0.389458 0.976749
0.503456 -0.621717 -0 0.356082 0.917133
0.352671 -0.48541 -0 0.389458 0.976749
0.470228 -0.647214 -0 0.365126 0.911017
0.503456 -0.621717 -0 0.356082 0.917133
0.503456 -0.621717 -0 0.356082 0.917133
0.470228 -0.647214 -0 0.365126 0.911017
0.62932 -0.777146 -0 0.334885 0.856401
0.470228 -0.647214 -0 0.365126 0.911017
0.587785 -0.809017 -0 0.34546 0.84951
0.62932 -0.777146 -0 0.334885 0.856401
0.62932 -0.777146 -0 0.334885 0.856401
0.587785 -0.809017 -0 0.34546 0.84951
0.755184 -0.932575 -0 0.318065 0.801135
0.587785 -0.809017 -0 0.34546 0.84951
0.705342 -0.97082 -0 0.329888 0.79368
0.755184 -0.932575 -0 0.318065 0.801135
0.755184 -0.932575 -0 0.318065 0.801135
0.705342 -0.97082 -0 0.329888 0.79368
0.881049 -1.088 -0 0.304857 0.751876
0.705342 -0.97082 -0 0.329888 0.79368
0.822899 -1.13262 -0 0.317688 0.744026
0.881049 -1.088 -0 0.304857 0.751876
0.881049 -1.088 -0 0.304857 0.751876
0.822899 -1.13262 -0 0.317688 0.744026
1.00691 -1.24343 -0 0.294514 0.708508
0.822899 -1.13262 -0 0.317688 0.744026
0.940456 -1.29443 -0 0.308155 0.700392
1.00691 -1.24343 -0 0.294514 0.708508
1.00691 -1.24343 -0 0.294514 0.708508
0.940456 -1.29443 -0 0.308155 0.700392
1.13278 -1.39886 -0 0.286393 0.670555
0.940456 -1.29443 -0 0.308155 0.700392
1.05801 -1.45623 -0 0.300687 0.66227
1.13278 -1.39886 -0 0.286393 0.670555
1.13278 -1.39886 -0 0.286393 0.670555
1.05801 -1.45623 -0 0.300687 0.66227
1.25864 -1.55429 -0 0.27998 0.6374
1.05801 -1.45623 -0 0.300687 0.66227
1.17557 -1.61803 -0 0.294803 0.629014
1.25864 -1.55429 -0 0.27998 0.6374
1.25864 -1.55429 -0 0.27998 0.6374
1.17557 -1.61803 -0 0.294803 0.629014
1.3845 -1.70972 -0 0.274877 0.608402
1.17557 -1.61803 -0 0.294803 0.629014
1.29313 -1.77984 -0 0.29013 0.599966
1.3845 -1.70972 -0 0.274877 0.608402
1.3845 -1.70972 -0 0.274877 0.608402
1.29313 -1.77984 -0 0.29013 0.599966
1.63885 -2.02381 0.04 0.265872 0.55298
1.29313 -1.77984 -0 0.29013 0.599966
1.53069 -2.10681 0.04 0.281904 0.544516
1.63885 -2.02381 0.04 0.265872 0.55298
1.63885 -2.02381 0.04 0.265872 0.55298
1.53069 -2.10681 0.04 0.281904 0.544516
1.76472 -2.17924 0.16 0.259216 0.512271
1.53069 -2.10681 0.04 0.281904 0.544516
1.64825 -2.26862 0.16 0.275829 0.503813
1.76472 -2.17924 0.16 0.259216 0.512271
1.76472 -2.17924 0.16 0.259216 0.512271
1.64825 -2.26862 0.16 0.275829 0.503813
1.89058 -2.33467 0.36 0.251564 0.460447
1.64825 -2.26862 0.16 0.275829 0.503813
1.7658 -2.43042 0.36 0.268862 0.452055
1.89058 -2.33467 0.36 0.251564 0.460447
1.89058 -2.33467 0.36 0.251564 0.460447
1.7658 -2.43042 0.36 0.268862 0.452055
2.01645 -2.4901 0.64 0.243912 0.397791
1.7658 -2.43042 0.36 0.268862 0.452055
1.88336 -2.59222 0.64 0.261928 0.389578
2.01645 -2.4901 0.64 0.243912 0.397791
2.01645 -2.4901 0.64 0.243912 0.397791
1.88336 -2.59222 0.64 0.261928 0.389578
2.14231 -2.64553 1 0.237463 0.325428
1.88336 -2.59222 0.64 0.261928 0.389578
2.00092 -2.75403 1 0.256145 0.31756
2.14231 -2.64553 1 0.237463 0.325428
2.14231 -2.64553 1 0.237463 0.325428
2.00092 -2.75403 1 0.256145 0.31756
2.26817 -2.80096 1.44 0.233487 0.245812
2.00092 -2.75403 1 0.256145 0.31756
2.11847 -2.91583 1.44 0.252686 0.238504
2.26817 -2.80096 1.44 0.233487 0.245812
2.26817 -2.80096 1.44 0.233487 0.245812
2.11847 -2.91583 1.44 0.252686 0.238504
2.39404 -2.95639 1.96 0.232993 0.162707
2.11847 -2.91583 1.44 0.252686 0.238504
2.23603 -3.07763 1.96 0.252482 0.156201
2.39404 -2.95639 1.96 0.232993 0.162707
2.39404 -2.95639 1.96 0.232993 0.162707
2.23603 -3.07763 1.96 0.252482 0.156201
2.5199 -3.11182 2.56 0.236398 0.080463
2.23603 -3.07763 1.96 0.252482 0.156201
2.35359 -3.23944 2.56 0.255894 0.0749785
2.5199 -3.11182 2.56 0.236398 0.080463
0.133826 -0.459585 -0 0.449679 0.997779
0.125864 -0.459585 -0 0.451954 0.998026
0.267652 -0.459585 -0 0.411957 0.991726
0.125864 -0.459585 -0 0.451954 0.998026
0.251728 -0.459585 -0 0.416381 0.992629
0.267652 -0.459585 -0 0.411957 0.991726
0.267652 -0.459585 -0 0.411957 0.991726
0.251728 -0.459585 -0 0.416381 0.992629
0.401478 -0.459585 -0 0.375733 0.982374
0.251728 -0.459585 -0 0.416381 0.992629
0.377592 -0.466288 -0 0.38226 0.981835
0.401478 -0.459585 -0 0.375733 0.982374
0.401478 -0.459585 -0 0.375733 0.982374
0.377592 -0.466288 -0 0.38226 0.981835
0.535304 -0.594516 -0 0.347321 0.923737
0.377592 -0.466288 -0 0.38226 0.981835
0.503456 -0.621717 -0 0.356082 0.917133
0.535304 -0.594516 -0 0.347321 0.923737
0.535304 -0.594516 -0 0.347321 0.923737
0.503456 -0.621717 -0 0.356082 0.917133
0.669131 -0.743145 -0 0.32462 0.863852
0.503456 -0.621717 -0 0.356082 0.917133
0.62932 -0.777146 -0 0.334885 0.856401
0.669131 -0.743145 -0 0.32462 0.863852
0.669131 -0.743145 -0 0.32462 0.863852
0.62932 -0.777146 -0 0.334885 0.856401
0.802957 -0.891774 -0 0.306568 0.809206
0.62932 -0.777146 -0 0.334885 0.856401
0.755184 -0.932575 -0 0.318065 0.801135
0.802957 -0.891774 -0 0.306568 0.809206
0.802957 -0.891774 -0 0.306568 0.809206
0.755184 -0.932575 -0 0.318065 0.801135
0.936783 -1.0404 -0 0.29236 0.760385
0.755184 -0.932575 -0 0.318065 0.801135
0.881049 -1.088 -0 0.304857 0.751876
0.936783 -1.0404 -0 0.29236 0.760385
0.936783 -1.0404 -0 0.29236 0.760385
0.881049 -1.088 -0 0.304857 0.751876
1.07061 -1.18903 -0 0.281208 0.717313
0.881049 -1.088 -0 0.304857 0.751876
1.00691 -1.24343 -0 0.294514 0.708508
1.07061 -1.18903 -0 0.281208 0.717313
1.07061 -1.18903 -0 0.281208 0.717313
1.00691 -1.24343 -0 0.294514 0.708508
1.20444 -1.33766 -0 0.272432 0.679553
1.00691 -1.24343 -0 0.294514 0.708508
1.13278 -1.39886 -0 0.286393 0.670555
1.20444 -1.33766 -0 0.272432 0.679553
1.20444 -1.33766 -0 0.272432 0.679553
1.13278 -1.39886 -0 0.286393 0.670555
1.33826 -1.48629 -0 0.265486 0.646515
1.13278 -1.39886 -0 0.286393 0.670555
1.25864 -1.55429 -0 0.27998 0.6374
1.33826 -1.48629 -0 0.265486 0.646515
1.33826 -1.48629 -0 0.265486 0.646515
1.25864 -1.55429 -0 0.27998 0.6374
1.47209 -1.63492 -0 0.259946 0.617581
1.25864 -1.55429 -0 0.27998 0.6374
1.3845 -1.70972 -0 0.274877 0.608402
1.47209 -1.63492 -0 0.259946 0.617581
1.47209 -1.63492 -0 0.259946 0.617581
1.3845 -1.70972 -0 0.274877 0.608402
1.74253 -1.93527 0.04 0.250148 0.562204
1.3845 -1.70972 -0 0.274877 0.608402
1.63885 -2.02381 0.04 0.265872 0.55298
1.74253 -1.93527 0.04 0.250148 0.562204
1.74253 -1.93527 0.04 0.250148 0.562204
1.63885 -2.02381 0.04 0.265872 0.55298
1.87635 -2.0839 0.16 0.242904 0.521498
1.63885 -2.02381 0.04 0.265872 0.55298
1.76472 -2.17924 0.16 0.259216 0.512271
1.87635 -2.0839 0.16 0.242904 0.521498
1.87635 -2.0839 0.16 0.242904 0.521498
1.76472 -2.17924 0.16 0.259216 0.512271
2.01018 -2.23253 0.36 0.234556 0.469611
1.76472 -2.17924 0.16 0.259216 0.512271
1.89058 -2.33467 0.36 0.251564 0.460447
2.01018 -2.23253 0.36 0.234556 0.469611
2.01018 -2.23253 0.36 0.234556 0.469611
1.89058 -2.33467 0.36 0.251564 0.460447
2.144 -2.38116 0.64 0.226168 0.406771
1.89058 -2.33467 0.36 0.251564 0.460447
2.01645 -2.4901 0.64 0.243912 0.397791
2.144 -2.38116 0.64 0.226168 0.406771
2.144 -2.38116 0.64 0.226168 0.406771
2.01645 -2.4901 0.64 0.243912 0.397791
2.27783 -2.52979 1 0.21903 0.334039
2.01645 -2.4901 0.64 0.243912 0.397791
2.14231 -2.64553 1 0.237463 0.325428
2.27783 -2.52979 1 0.21903 0.334039
2.27783 -2.52979 1 0.21903 0.334039
2.14231 -2.64553 1 0.237463 0.325428
2.41166 -2.67842 1.44 0.214503 0.253812
2.14231 -2.64553 1 0.237463 0.325428
2.26817 -2.80096 1.44 0.233487 0.245812
2.41166 -2.67842 1.44 0.214503 0.253812
2.41166 -2.67842 1.44 0.214503 0.253812
2.26817 -2.80096 1.44 0.233487 0.245812
2.54548 -2.82704 1.96 0.213684 0.16983
2.26817 -2.80096 1.44 0.233487 0.245812
2.39404 -2.95639 1.96 0.232993 0.162707
2.54548 -2.82704 1.96 0.213684 0.16983
2.54548 -2.82704 1.96 0.213684 0.16983
2.39404 -2.95639 1.96 0.232993 0.162707
2.67931 -2.97567 2.56 0.217042 0.0864663
2.39404 -2.95639 1.96 0.232993 0.162707
2.5199 -3.11182 2.56 0.236398 0.080463
2.67931 -2.97567 2.56 0.217042 0.0864663
0.141421 -0.459585 -0 0.44751 0.997531
0.133826 -0.459585 -0 0.449679 0.997779
0.282843 -0.459585 -0 0.407757 0.990822
0.133826 -0.459585 -0 0.449679 0.997779
0.267652 -0.459585 -0 0.411957 0.991726
0.282843 -0.459585 -0 0.407757 0.990822
0.282843 -0.459585 -0 0.407757 0.990822
0.267652 -0.459585 -0 0.411957 0.991726
0.424264 -0.459585 -0 0.369761 0.980491
0.267652 -0.459585 -0 0.411957 0.991726
0.401478 -0.459585 -0 0.375733 0.982374
0.424264 -0.459585 -0 0.369761 0.980491
0.424264 -0.459585 -0 0.369761 0.980491
0.401478 -0.459585 -0 0.375733 0.982374
0.565685 -0.565685 -0 0.338862 0.930824
0.401478 -0.459585 -0 0.375733 0.982374
0.535304 -0.594516 -0 0.347321 0.923737
0.565685 -0.565685 -0 0.338862 0.930824
0.565685 -0.565685 -0 0.338862 0.930824
0.535304 -0.594516 -0 0.347321 0.923737
0.707107 -0.707107 -0 0.314688 0.871861
0.535304 -0.594516 -0 0.347321 0.923737
0.669131 -0.743145 -0 0.32462 0.863852
0.707107 -0.707107 -0 0.314688 0.871861
0.707107 -0.707107 -0 0.314688 0.871861
0.669131 -0.743145 -0 0.32462 0.863852
0.848528 -0.848528 -0 0.295422 0.81789
0.669131 -0.743145 -0 0.32462 0.863852
0.802957 -0.891774 -0 0.306568 0.809206
0.848528 -0.848528 -0 0.295422 0.81789
0.848528 -0.848528 -0 0.295422 0.81789
0.802957 -0.891774 -0 0.306568 0.809206
0.98995 -0.98995 -0 0.280222 0.769549
0.802957 -0.891774 -0 0.306568 0.809206
0.936783 -1.0404 -0 0.29236 0.760385
0.98995 -0.98995 -0 0.280222 0.769549
0.98995 -0.98995 -0 0.280222 0.769549
0.936783 -1.0404 -0 0.29236 0.760385
1.13137 -1.13137 -0 0.268263 0.726807
0.936783 -1.0404 -0 0.29236 0.760385
1.07061 -1.18903 -0 0.281208 0.717313
1.13137 -1.13137 -0 0.268263 0.726807
1.13137 -1.13137 -0 0.268263 0.726807
1.07061 -1.18903 -0 0.281208 0.717313
1.27279 -1.27279 -0 0.258829 0.689265
1.07061 -1.18903 -0 0.281208 0.717313
1.20444 -1.33766 -0 0.272432 0.679553
1.27279 -1.27279 -0 0.258829 0.689265
1.27279 -1.27279 -0 0.258829 0.689265
1.20444 -1.33766 -0 0.272432 0.679553
1.41421 -1.41421 -0 0.251344 0.656362
1.20444 -1.33766 -0 0.272432 0.679553
1.33826 -1.48629 -0 0.265486 0.646515
1.41421 -1.41421 -0 0.251344 0.656362
1.41421 -1.41421 -0 0.251344 0.656362
1.33826 -1.48629 -0 0.265486 0.646515
1.55563 -1.55563 -0 0.245361 0.627506
1.33826 -1.48629 -0 0.265486 0.646515
1.47209 -1.63492 -0 0.259946 0.617581
1.55563 -1.55563 -0 0.245361 0.627506
1.55563 -1.55563 -0 0.245361 0.627506
1.47209 -1.63492 -0 0.259946 0.617581
1.84142 -1.84142 0.04 0.234756 0.572192
1.47209 -1.63492 -0 0.259946 0.617581
1.74253 -1.93527 0.04 0.250148 0.562204
1.84142 -1.84142 0.04 0.234756 0.572192
1.84142 -1.84142 0.04 0.234756 0.572192
1.74253 -1.93527 0.04 0.250148 0.562204
1.98284 -1.98284 0.16 0.226914 0.531499
1.74253 -1.93527 0.04 0.250148 0.562204
1.87635 -2.0839 0.16 0.242904 0.521498
1.98284 -1.98284 0.16 0.226914 0.531499
1.98284 -1.98284 0.16 0.226914 0.531499
1.87635 -2.0839 0.16 0.242904 0.521498
2.12426 -2.12426 0.36 0.217857 0.479555
1.87635 -2.0839 0.16 0.242904 0.521498
2.01018 -2.23253 0.36 0.234556 0.469611
2.12426 -2.12426 0.36 0.217857 0.479555
2.12426 -2.12426 0.36 0.217857 0.479555
2.01018 -2.23253 0.36 0.234556 0.469611
2.26569 -2.26569 0.64 0.208716 0.416524
2.01018 -2.23253 0.36 0.234556 0.469611
2.144 -2.38116 0.64 0.226168 0.406771
2.26569 -2.26569 0.64 0.208716 0.416524
2.26569 -2.26569 0.64 0.208716 0.416524
2.144 -2.38116 0.64 0.226168 0.406771
2.40711 -2.40711 1 0.200859 0.343397
2.144 -2.38116 0.64 0.226168 0.406771
2.27783 -2.52979 1 0.21903 0.334039
2.40711 -2.40711 1 0.200859 0.343397
2.40711 -2.40711 1 0.200859 0.343397
2.27783 -2.52979 1 0.21903 0.334039
2.54853 -2.54853 1.44 0.195744 0.26251
2.27783 -2.52979 1 0.21903 0.334039
2.41166 -2.67842 1.44 0.214503 0.253812
2.54853 -2.54853 1.44 0.195744 0.26251
2.54853 -2.54853 1.44 0.195744 0.26251
2.41166 -2.67842 1.44 0.214503 0.253812
2.68995 -2.68995 1.96 0.194557 0.177569
2.41166 -2.67842 1.44 0.214503 0.253812
2.54548 -2.82704 1.96 0.213684 0.16983
2.68995 -2.68995 1.96 0.194557 0.177569
2.68995 -2.68995 1.96 0.194557 0.177569
2.54548 -2.82704 1.96 0.213684 0.16983
2.83137 -2.83137 2.56 0.197828 0.0929832
2.54548 -2.82704 1.96 0.213684 0.16983
2.67931 -2.97567 2.56 0.217042 0.0864663
2.83137 -2.83137 2.56 0.197828 0.0929832
0.148629 -0.459585 -0 0.445455 0.997285
0.141421 -0.459585 -0 0.44751 0.997531
0.297258 -0.459585 -0 0.40379 0.989924
0.141421 -0.459585 -0 0.44751 0.997531
0.282843 -0.459585 -0 0.407757 0.990822
0.297258 -0.459585 -0 0.40379 0.989924
0.297258 -0.459585 -0 0.40379 0.989924
0.282843 -0.459585 -0 0.407757 0.990822
0.445887 -0.459585 -0 0.364154 0.978633
0.282843 -0.459585 -0 0.407757 0.990822
0.424264 -0.459585 -0 0.369761 0.980491
0.445887 -0.459585 -0 0.364154 0.978633
0.445887 -0.459585 -0 0.364154 0.978633
0.424264 -0.459585 -0 0.369761 0.980491
0.594516 -0.535304 -0 0.330727 0.938388
0.424264 -0.459585 -0 0.369761 0.980491
0.565685 -0.565685 -0 0.338862 0.930824
0.594516 -0.535304 -0 0.330727 0.938388
0.594516 -0.535304 -0 0.330727 0.938388
0.565685 -0.565685 -0 0.338862 0.930824
0.743145 -0.669131 -0 0.30511 0.880422
0.565685 -0.565685 -0 0.338862 0.930824
0.707107 -0.707107 -0 0.314688 0.871861
0.743145 -0.669131 -0 0.30511 0.880422
0.743145 -0.669131 -0 0.30511 0.880422
0.707107 -0.707107 -0 0.314688 0.871861
0.891774 -0.802957 -0 0.284648 0.827187
0.707107 -0.707107 -0 0.314688 0.871861
0.848528 -0.848528 -0 0.295422 0.81789
0.891774 -0.802957 -0 0.284648 0.827187
0.891774 -0.802957 -0 0.284648 0.827187
0.848528 -0.848528 -0 0.295422 0.81789
1.0404 -0.936783 -0 0.268466 0.77937
0.848528 -0.848528 -0 0.295422 0.81789
0.98995 -0.98995 -0 0.280222 0.769549
1.0404 -0.936783 -0 0.268466 0.77937
1.0404 -0.936783 -0 0.268466 0.77937
0.98995 -0.98995 -0 0.280222 0.769549
1.18903 -1.07061 -0 0.255701 0.736992
0.98995 -0.98995 -0 0.280222 0.769549
1.13137 -1.13137 -0 0.268263 0.726807
1.18903 -1.07061 -0 0.255701 0.736992
1.18903 -1.07061 -0 0.255701 0.736992
1.13137 -1.13137 -0 0.268263 0.726807
1.33766 -1.20444 -0 0.245608 0.699693
1.13137 -1.13137 -0 0.268263 0.726807
1.27279 -1.27279 -0 0.258829 0.689265
1.33766 -1.20444 -0 0.245608 0.699693
1.33766 -1.20444 -0 0.245608 0.699693
1.27279 -1.27279 -0 0.258829 0.689265
1.48629 -1.33826 -0 0.23758 0.666945
1.27279 -1.27279 -0 0.258829 0.689265
1.41421 -1.41421 -0 0.251344 0.656362
1.48629 -1.33826 -0 0.23758 0.666945
1.48629 -1.33826 -0 0.23758 0.666945
1.41421 -1.41421 -0 0.251344 0.656362
1.63492 -1.47209 -0 0.231146 0.63818
1.41421 -1.41421 -0 0.251344 0.656362
1.55563 -1.55563 -0 0.245361 0.627506
1.63492 -1.47209 -0 0.231146 0.63818
1.63492 -1.47209 -0 0.231146 0.63818
1.55563 -1.55563 -0 0.245361 0.627506
1.93527 -1.74253 0.04 0.219718 0.582949
1.55563 -1.55563 -0 0.245361 0.627506
1.84142 -1.84142 0.04 0.234756 0.572192
1.93527 -1.74253 0.04 0.219718 0.582949
1.93527 -1.74253 0.04 0.219718 0.582949
1.84142 -1.84142 0.04 0.234756 0.572192
2.0839 -1.87635 0.16 0.211269 0.542279
1.84142 -1.84142 0.04 0.234756 0.572192
1.98284 -1.98284 0.16 0.226914 0.531499
2.0839 -1.87635 0.16 0.211269 0.542279
2.0839 -1.87635 0.16 0.211269 0.542279
1.98284 -1.98284 0.16 0.226914 0.531499
2.23253 -2.01018 0.36 0.201487 0.490285
1.98284 -1.98284 0.16 0.226914 0.531499
2.12426 -2.12426 0.36 0.217857 0.479555
2.23253 -2.01018 0.36 0.201487 0.490285
2.23253 -2.01018 0.36 0.201487 0.490285
2.12426 -2.12426 0.36 0.217857 0.479555
2.38116 -2.144 0.64 0.191568 0.427057
2.12426 -2.12426 0.36 0.217857 0.479555
2.26569 -2.26569 0.64 0.208716 0.416524
2.38116 -2.144 0.64 0.191568 0.427057
2.38116 -2.144 0.64 0.191568 0.427057
2.26569 -2.26569 0.64 0.208716 0.416524
2.52979 -2.27783 1 0.182961 0.353509
2.26569 -2.26569 0.64 0.208716 0.416524
2.40711 -2.40711 1 0.200859 0.343397
2.52979 -2.27783 1 0.182961 0.353509
2.52979 -2.27783 1 0.182961 0.353509
2.40711 -2.40711 1 0.200859 0.343397
2.67842 -2.41166 1.44 0.177218 0.271907
2.40711 -2.40711 1 0.200859 0.343397
2.54853 -2.54853 1.44 0.195744 0.26251
2.67842 -2.41166 1.44 0.177218 0.271907
2.67842 -2.41166 1.44 0.177218 0.271907
2.54853 -2.54853 1.44 0.195744 0.26251
2.82704 -2.54548 1.96 0.175616 0.185928
2.54853 -2.54853 1.44 0.195744 0.26251
2.68995 -2.68995 1.96 0.194557 0.177569
2.82704 -2.54548 1.96 0.175616 0.185928
2.82704 -2.54548 1.96 0.175616 0.185928
2.68995 -2.68995 1.96 0.194557 0.177569
2.97567 -2.67931 2.56 0.178755 0.100012
2.68995 -2.68995 1.96 0.194557 0.177569
2.83137 -2.83137 2.56 0.197828 0.0929832
2.97567 -2.67931 2.56 0.178755 0.100012
0.155429 -0.459585 -0 0.443518 0.997043
0.148629 -0.459585 -0 0.445455 0.997285
0.310858 -0.459585 -0 0.400065 0.989044
0.148629 -0.459585 -0 0.445455 0.997285
0.297258 -0.459585 -0 0.40379 0.989924
0.310858 -0.459585 -0 0.400065 0.989044
0.310858 -0.459585 -0 0.400065 0.989044
0.297258 -0.459585 -0 0.40379 0.989924
0.466288 -0.459585 -0 0.358917 0.97682
0.297258 -0.459585 -0 0.40379 0.989924
0.445887 -0.459585 -0 0.364154 0.978633
0.466288 -0.459585 -0 0.358917 0.97682
0.466288 -0.459585 -0 0.358917 0.97682
0.445887 -0.459585 -0 0.364154 0.978633
0.621717 -0.503456 -0 0.322933 0.946425
0.445887 -0.459585 -0 0.364154 0.978633
0.594516 -0.535304 -0 0.330727 0.938388
0.621717 -0.503456 -0 0.322933 0.946425
0.621717 -0.503456 -0 0.322933 0.946425
0.594516 -0.535304 -0 0.330727 0.938388
0.777146 -0.62932 -0 0.295908 0.889531
0.594516 -0.535304 -0 0.330727 0.938388
0.743145 -0.669131 -0 0.30511 0.880422
0.777146 -0.62932 -0 0.295908 0.889531
0.777146 -0.62932 -0 0.295908 0.889531
0.743145 -0.669131 -0 0.30511 0.880422
0.932575 -0.755184 -0 0.27427 0.837092
0.743145 -0.669131 -0 0.30511 0.880422
0.891774 -0.802957 -0 0.284648 0.827187
0.932575 -0.755184 -0 0.27427 0.837092
0.932575 -0.755184 -0 0.27427 0.837092
0.891774 -0.802957 -0 0.284648 0.827187
1.088 -0.881049 -0 0.257114 0.789848
0.891774 -0.802957 -0 0.284648 0.827187
1.0404 -0.936783 -0 0.268466 0.77937
1.088 -0.881049 -0 0.257114 0.789848
1.088 -0.881049 -0 0.257114 0.789848
1.0404 -0.936783 -0 0.268466 0.77937
1.24343 -1.00691 -0 0.243547 0.747869
1.0404 -0.936783 -0 0.268466 0.77937
1.18903 -1.07061 -0 0.255701 0.736992
1.24343 -1.00691 -0 0.243547 0.747869
1.24343 -1.00691 -0 0.243547 0.747869
1.18903 -1.07061 -0 0.255701 0.736992
1.39886 -1.13278 -0 0.23279 0.710841
1.18903 -1.07061 -0 0.255701 0.736992
1.33766 -1.20444 -0 0.245608 0.699693
1.39886 -1.13278 -0 0.23279 0.710841
1.39886 -1.13278 -0 0.23279 0.710841
1.33766 -1.20444 -0 0.245608 0.699693
1.55429 -1.25864 -0 0.224214 0.678267
1.33766 -1.20444 -0 0.245608 0.699693
1.48629 -1.33826 -0 0.23758 0.666945
1.55429 -1.25864 -0 0.224214 0.678267
1.55429 -1.25864 -0 0.224214 0.678267
1.48629 -1.33826 -0 0.23758 0.666945
1.70972 -1.3845 -0 0.217323 0.649607
1.48629 -1.33826 -0 0.23758 0.666945
1.63492 -1.47209 -0 0.231146 0.63818
1.70972 -1.3845 -0 0.217323 0.649607
1.70972 -1.3845 -0 0.217323 0.649607
1.63492 -1.47209 -0 0.231146 0.63818
2.02381 -1.63885 0.04 0.205054 0.594483
1.63492 -1.47209 -0 0.231146 0.63818
1.93527 -1.74253 0.04 0.219718 0.582949
2.02381 -1.63885 0.04 0.205054 0.594483
2.02381 -1.63885 0.04 0.205054 0.594483
1.93527 -1.74253 0.04 0.219718 0.582949
2.17924 -1.76472 0.16 0.195984 0.553847
1.93527 -1.74253 0.04 0.219718 0.582949
2.0839 -1.87635 0.16 0.211269 0.542279
2.17924 -1.76472 0.16 0.195984 0.553847
2.17924 -1.76472 0.16 0.195984 0.553847
2.0839 -1.87635 0.16 0.211269 0.542279
2.33467 -1.89058 0.36 0.185461 0.501808
2.0839 -1.87635 0.16 0.211269 0.542279
2.23253 -2.01018 0.36 0.201487 0.490285
2.33467 -1.89058 0.36 0.185461 0.501808
2.33467 -1.89058 0.36 0.185461 0.501808
2.23253 -2.01018 0.36 0.201487 0.490285
2.4901 -2.01645 0.64 0.174738 0.438377
2.23253 -2.01018 0.36 0.201487 0.490285
2.38116 -2.144 0.64 0.191568 0.427057
2.4901 -2.01645 0.64 0.174738 0.438377
2.4901 -2.01645 0.64 0.174738 0.438377
2.38116 -2.144 0.64 0.191568 0.427057
2.64553 -2.14231 1 0.165346 0.364382
2.38116 -2.144 0.64 0.191568 0.427057
2.52979 -2.27783 1 0.182961 0.353509
2.64553 -2.14231 1 0.165346 0.364382
2.64553 -2.14231 1 0.165346 0.364382
2.52979 -2.27783 1 0.182961 0.353509
2.80096 -2.26817 1.44 0.158927 0.282011
2.52979 -2.27783 1 0.182961 0.353509
2.67842 -2.41166 1.44 0.177218 0.271907
2.80096 -2.26817 1.44 0.158927 0.282011
2.80096 -2.26817 1.44 0.158927 0.282011
2.67842 -2.41166 1.44 0.177218 0.271907
2.95639 -2.39404 1.96 0.15686 0.194907
2.67842 -2.41166 1.44 0.177218 0.271907
2.82704 -2.54548 1.96 0.175616 0.185928
2.95639 -2.39404 1.96 0.15686 0.194907
2.95639 -2.39404 1.96 0.15686 0.194907
2.82704 -2.54548 1.96 0.175616 0.185928
3.11182 -2.5199 2.56 0.159818 0.10755
2.82704 -2.54548 1.96 0.175616 0.185928
2.97567 -2.67931 2.56 0.178755 0.100012
3.11182 -2.5199 2.56 0.159818 0.10755
0.161803 -0.459585 -0 0.441705 0.996808
0.155429 -0.459585 -0 0.443518 0.997043
0.323607 -0.459585 -0 0.39659 0.988189
0.155429 -0.459585 -0 0.443518 0.997043
0.310858 -0.459585 -0 0.400065 0.989044
0.323607 -0.459585 -0 0.39659 0.988189
0.323607 -0.459585 -0 0.39659 0.988189
0.310858 -0.459585 -0 0.400065 0.989044
0.48541 -0.459585 -0 0.354058 0.975068
0.310858 -0.459585 -0 0.400065 0.989044
0.466288 -0.459585 -0 0.358917 0.97682
0.48541 -0.459585 -0 0.354058 0.975068
0.48541 -0.459585 -0 0.354058 0.975068
0.466288 -0.459585 -0 0.358917 0.97682
0.647214 -0.470228 -0 0.3155 0.954928
0.466288 -0.459585 -0 0.358917 0.97682
0.621717 -0.503456 -0 0.322933 0.946425
0.647214 -0.470228 -0 0.3155 0.954928
0.647214 -0.470228 -0 0.3155 0.954928
0.621717 -0.503456 -0 0.322933 0.946425
0.809017 -0.587785 -0 0.287102 0.899186
0.621717 -0.503456 -0 0.322933 0.946425
0.777146 -0.62932 -0 0.295908 0.889531
0.809017 -0.587785 -0 0.287102 0.899186
0.809017 -0.587785 -0 0.287102 0.899186
0.777146 -0.62932 -0 0.295908 0.889531
0.97082 -0.705342 -0 0.264308 0.847605
0.777146 -0.62932 -0 0.295908 0.889531
0.932575 -0.755184 -0 0.27427 0.837092
0.97082 -0.705342 -0 0.264308 0.847605
0.97082 -0.705342 -0 0.264308 0.847605
0.932575 -0.755184 -0 0.27427 0.837092
1.13262 -0.822899 -0 0.246189 0.800982
0.932575 -0.755184 -0 0.27427 0.837092
1.088 -0.881049 -0 0.257114 0.789848
1.13262 -0.822899 -0 0.246189 0.800982
1.13262 -0.822899 -0 0.246189 0.800982
1.088 -0.881049 -0 0.257114 0.789848
1.29443 -0.940456 -0 0.231821 0.759441
1.088 -0.881049 -0 0.257114 0.789848
1.24343 -1.00691 -0 0.243547 0.747869
1.29443 -0.940456 -0 0.231821 0.759441
1.29443 -0.940456 -0 0.231821 0.759441
1.24343 -1.00691 -0 0.243547 0.747869
1.45623 -1.05801 -0 0.220398 0.72271
1.24343 -1.00691 -0 0.243547 0.747869
1.39886 -1.13278 -0 0.23279 0.710841
1.45623 -1.05801 -0 0.220398 0.72271
1.45623 -1.05801 -0 0.220398 0.72271
1.39886 -1.13278 -0 0.23279 0.710841
1.61803 -1.17557 -0 0.211266 0.690333
1.39886 -1.13278 -0 0.23279 0.710841
1.55429 -1.25864 -0 0.224214 0.678267
1.61803 -1.17557 -0 0.211266 0.690333
1.61803 -1.17557 -0 0.211266 0.690333
1.55429 -1.25864 -0 0.224214 0.678267
1.77984 -1.29313 -0 0.20391 0.661796
1.55429 -1.25864 -0 0.224214 0.678267
1.70972 -1.3845 -0 0.217323 0.649607
1.77984 -1.29313 -0 0.20391 0.661796
1.77984 -1.29313 -0 0.20391 0.661796
1.70972 -1.3845 -0 0.217323 0.649607
2.10681 -1.53069 0.04 0.190781 0.606801
1.70972 -1.3845 -0 0.217323 0.649607
2.02381 -1.63885 0.04 0.205054 0.594483
2.10681 -1.53069 0.04 0.190781 0.606801
2.10681 -1.53069 0.04 0.190781 0.606801
2.02381 -1.63885 0.04 0.205054 0.594483
2.26862 -1.64825 0.16 0.181078 0.566212
2.02381 -1.63885 0.04 0.205054 0.594483
2.17924 -1.76472 0.16 0.195984 0.553847
2.26862 -1.64825 0.16 0.181078 0.566212
2.26862 -1.64825 0.16 0.181078 0.566212
2.17924 -1.76472 0.16 0.195984 0.553847
2.43042 -1.7658 0.36 0.169793 0.514135
2.17924 -1.76472 0.16 0.195984 0.553847
2.33467 -1.89058 0.36 0.185461 0.501808
2.43042 -1.7658 0.36 0.169793 0.514135
2.43042 -1.7658 0.36 0.169793 0.514135
2.33467 -1.89058 0.36 0.185461 0.501808
2.59222 -1.88336 0.64 0.158238 0.450497
2.33467 -1.89058 0.36 0.185461 0.501808
2.4901 -2.01645 0.64 0.174738 0.438377
2.59222 -1.88336 0.64 0.158238 0.450497
2.59222 -1.88336 0.64 0.158238 0.450497
2.4901 -2.01645 0.64 0.174738 0.438377
2.75403 -2.00092 1 0.148018 0.376027
2.4901 -2.01645 0.64 0.174738 0.438377
2.64553 -2.14231 1 0.165346 0.364382
2.75403 -2.00092 1 0.148018 0.376027
2.75403 -2.00092 1 0.148018 0.376027
2.64553 -2.14231 1 0.165346 0.364382
2.91583 -2.11847 1.44 0.140874 0.292831
2.64553 -2.14231 1 0.165346 0.364382
2.80096 -2.26817 1.44 0.158927 0.282011
2.91583 -2.11847 1.44 0.140874 0.292831
2.91583 -2.11847 1.44 0.140874 0.292831
2.80096 -2.26817 1.44 0.158927 0.282011
3.07763 -2.23603 1.96 0.138286 0.204514
2.80096 -2.26817 1.44 0.158927 0.282011
2.95639 -2.39404 1.96 0.15686 0.194907
3.07763 -2.23603 1.96 0.138286 0.204514
3.07763 -2.23603 1.96 0.138286 0.204514
2.95639 -2.39404 1.96 0.15686 0.194907
3.23944 -2.35359 2.56 0.14101 0.115597
2.95639 -2.39404 1.96 0.15686 0.194907
3.11182 -2.5199 2.56 0.159818 0.10755
3.23944 -2.35359 2.56 0.14101 0.115597
0.167734 -0.459585 -0 0.440019 0.996581
0.161803 -0.459585 -0 0.441705 0.996808
0.335468 -0.459585 -0 0.393371 0.987368
0.161803 -0.459585 -0 0.441705 0.996808
0.323607 -0.459585 -0 0.39659 0.988189
0.335468 -0.459585 -0 0.393371 0.987368
0.335468 -0.459585 -0 0.393371 0.987368
0.323607 -0.459585 -0 0.39659 0.988189
0.503202 -0.459585 -0 0.349581 0.973395
0.323607 -0.459585 -0 0.39659 0.988189
0.48541 -0.459585 -0 0.354058 0.975068
0.503202 -0.459585 -0 0.349581 0.973395
0.503202 -0.459585 -0 0.349581 0.973395
0.48541 -0.459585 -0 0.354058 0.975068
0.670936 -0.459585 -0 0.309593 0.955875
0.48541 -0.459585 -0 0.354058 0.975068
0.647214 -0.470228 -0 0.3155 0.954928
0.670936 -0.459585 -0 0.309593 0.955875
0.670936 -0.459585 -0 0.309593 0.955875
0.647214 -0.470228 -0 0.3155 0.954928
0.838671 -0.544639 -0 0.278713 0.909382
0.647214 -0.470228 -0 0.3155 0.954928
0.809017 -0.587785 -0 0.287102 0.899186
0.838671 -0.544639 -0 0.278713 0.909382
0.838671 -0.544639 -0 0.278713 0.909382
0.809017 -0.587785 -0 0.287102 0.899186
1.0064 -0.653567 -0 0.254785 0.858724
0.809017 -0.587785 -0 0.287102 0.899186
0.97082 -0.705342 -0 0.264308 0.847605
1.0064 -0.653567 -0 0.254785 0.858724
1.0064 -0.653567 -0 0.254785 0.858724
0.97082 -0.705342 -0 0.264308 0.847605
1.17414 -0.762495 -0 0.235711 0.812773
0.97082 -0.705342 -0 0.264308 0.847605
1.13262 -0.822899 -0 0.246189 0.800982
1.17414 -0.762495 -0 0.235711 0.812773
1.17414 -0.762495 -0 0.235711 0.812773
1.13262 -0.822899 -0 0.246189 0.800982
1.34187 -0.871422 -0 0.220544 0.771709
1.13262 -0.822899 -0 0.246189 0.800982
1.29443 -0.940456 -0 0.231821 0.759441
1.34187 -0.871422 -0 0.220544 0.771709
1.34187 -0.871422 -0 0.220544 0.771709
1.29443 -0.940456 -0 0.231821 0.759441
1.50961 -0.98035 -0 0.208452 0.735308
1.29443 -0.940456 -0 0.231821 0.759441
1.45623 -1.05801 -0 0.220398 0.72271
1.50961 -0.98035 -0 0.208452 0.735308
1.50961 -0.98035 -0 0.208452 0.735308
1.45623 -1.05801 -0 0.220398 0.72271
1.67734 -1.08928 -0 0.198758 0.703151
1.45623 -1.05801 -0 0.220398 0.72271
1.61803 -1.17557 -0 0.211266 0.690333
1.67734 -1.08928 -0 0.198758 0.703151
1.67734 -1.08928 -0 0.198758 0.703151
1.61803 -1.17557 -0 0.211266 0.690333
1.84508 -1.19821 -0 0.190928 0.674753
1.61803 -1.17557 -0 0.211266 0.690333
1.77984 -1.29313 -0 0.20391 0.661796
1.84508 -1.19821 -0 0.190928 0.674753
1.84508 -1.19821 -0 0.190928 0.674753
1.77984 -1.29313 -0 0.20391 0.661796
2.18404 -1.41833 0.04 0.176918 0.619914
1.77984 -1.29313 -0 0.20391 0.661796
2.10681 -1.53069 0.04 0.190781 0.606801
2.18404 -1.41833 0.04 0.176918 0.619914
2.18404 -1.41833 0.04 0.176918 0.619914
2.10681 -1.53069 0.04 0.190781 0.606801
2.35177 -1.52726 0.16 0.166567 0.579386
2.10681 -1.53069 0.04 0.190781 0.606801
2.26862 -1.64825 0.16 0.181078 0.566212
2.35177 -1.52726 0.16 0.166567 0.579386
2.35177 -1.52726 0.16 0.166567 0.579386
2.26862 -1.64825 0.16 0.181078 0.566212
2.5195 -1.63618 0.36 0.154498 0.52728
2.26862 -1.64825 0.16 0.181078 0.566212
2.43042 -1.7658 0.36 0.169793 0.514135
2.5195 -1.63618 0.36 0.154498 0.52728
2.5195 -1.63618 0.36 0.154498 0.52728
2.43042 -1.7658 0.36 0.169793 0.514135
2.68724 -1.74511 0.64 0.142076 0.463428
2.43042 -1.7658 0.36 0.169793 0.514135
2.59222 -1.88336 0.64 0.158238 0.450497
2.68724 -1.74511 0.64 0.142076 0.463428
2.68724 -1.74511 0.64 0.142076 0.463428
2.59222 -1.88336 0.64 0.158238 0.450497
2.85497 -1.85404 1 0.130983 0.388457
2.59222 -1.88336 0.64 0.158238 0.450497
2.75403 -2.00092 1 0.148018 0.376027
2.85497 -1.85404 1 0.130983 0.388457
2.85497 -1.85404 1 0.130983 0.388457
2.75403 -2.00092 1 0.148018 0.376027
3.02271 -1.96297 1.44 0.123058 0.304378
2.75403 -2.00092 1 0.148018 0.376027
2.91583 -2.11847 1.44 0.140874 0.292831
3.02271 -1.96297 1.44 0.123058 0.304378
3.02271 -1.96297 1.44 0.123058 0.304378
2.91583 -2.11847 1.44 0.140874 0.292831
3.19044 -2.0719 1.96 0.119889 0.214754
2.91583 -2.11847 1.44 0.140874 0.292831
3.07763 -2.23603 1.96 0.138286 0.204514
3.19044 -2.0719 1.96 0.119889 0.214754
3.19044 -2.0719 1.96 0.119889 0.214754
3.07763 -2.23603 1.96 0.138286 0.204514
3.35817 -2.18082 2.56 0.122322 0.124155
3.07763 -2.23603 1.96 0.138286 0.204514
3.23944 -2.35359 2.56 0.14101 0.115597
3.35817 -2.18082 2.56 0.122322 0.124155
0.173205 -0.459585 -0 0.438466 0.996366
0.167734 -0.459585 -0 0.440019 0.996581
0.34641 -0.459585 -0 0.390414 0.98659
0.167734 -0.459585 -0 0.440019 0.996581
0.335468 -0.459585 -0 0.393371 0.987368
0.34641 -0.459585 -0 0.390414 0.98659
0.34641 -0.459585 -0 0.390414 0.98659
0.335468 -0.459585 -0 0.393371 0.987368
0.519615 -0.459585 -0 0.34549 0.971816
0.335468 -0.459585 -0 0.393371 0.987368
0.503202 -0.459585 -0 0.349581 0.973395
0.519615 -0.459585 -0 0.34549 0.971816
0.519615 -0.459585 -0 0.34549 0.971816
0.503202 -0.459585 -0 0.349581 0.973395
0.69282 -0.459585 -0 0.304685 0.953395
0.503202 -0.459585 -0 0.349581 0.973395
0.670936 -0.459585 -0 0.309593 0.955875
0.69282 -0.459585 -0 0.304685 0.953395
0.69282 -0.459585 -0 0.304685 0.953395
0.670936 -0.459585 -0 0.309593 0.955875
0.866025 -0.5 -0 0.270759 0.920115
0.670936 -0.459585 -0 0.309593 0.955875
0.838671 -0.544639 -0 0.278713 0.909382
0.866025 -0.5 -0 0.270759 0.920115
0.866025 -0.5 -0 0.270759 0.920115
0.838671 -0.544639 -0 0.278713 0.909382
1.03923 -0.6 -0 0.245719 0.870448
0.838671 -0.544639 -0 0.278713 0.909382
1.0064 -0.653567 -0 0.254785 0.858724
1.03923 -0.6 -0 0.245719 0.870448
1.03923 -0.6 -0 0.245719 0.870448
1.0064 -0.653567 -0 0.254785 0.858724
1.21244 -0.7 -0 0.225702 0.825223
1.0064 -0.653567 -0 0.254785 0.858724
1.17414 -0.762495 -0 0.235711 0.812773
1.21244 -0.7 -0 0.225702 0.825223
1.21244 -0.7 -0 0.225702 0.825223
1.17414 -0.762495 -0 0.235711 0.812773
1.38564 -0.8 -0 0.209736 0.784678
1.17414 -0.762495 -0 0.235711 0.812773
1.34187 -0.871422 -0 0.220544 0.771709
1.38564 -0.8 -0 0.209736 0.784678
1.38564 -0.8 -0 0.209736 0.784678
1.34187 -0.871422 -0 0.220544 0.771709
1.55885 -0.9 -0 0.196972 0.748639
1.34187 -0.871422 -0 0.220544 0.771709
1.50961 -0.98035 -0 0.208452 0.735308
1.55885 -0.9 -0 0.196972 0.748639
1.55885 -0.9 -0 0.196972 0.748639
1.50961 -0.98035 -0 0.208452 0.735308
1.73205 -1 -0 0.186709 0.716727
1.50961 -0.98035 -0 0.208452 0.735308
1.67734 -1.08928 -0 0.198758 0.703151
1.73205 -1 -0 0.186709 0.716727
1.73205 -1 -0 0.186709 0.716727
1.67734 -1.08928 -0 0.198758 0.703151
1.90526 -1.1 -0 0.178395 0.688488
1.67734 -1.08928 -0 0.198758 0.703151
1.84508 -1.19821 -0 0.190928 0.674753
1.90526 -1.1 -0 0.178395 0.688488
1.90526 -1.1 -0 0.178395 0.688488
1.84508 -1.19821 -0 0.190928 0.674753
2.25527 -1.30208 0.04 0.163482 0.633834
1.84508 -1.19821 -0 0.190928 0.674753
2.18404 -1.41833 0.04 0.176918 0.619914
2.25527 -1.30208 0.04 0.163482 0.633834
2.25527 -1.30208 0.04 0.163482 0.633834
2.18404 -1.41833 0.04 0.176918 0.619914
2.42848 -1.40208 0.16 0.152464 0.593382
2.18404 -1.41833 0.04 0.176918 0.619914
2.35177 -1.52726 0.16 0.166567 0.579386
2.42848 -1.40208 0.16 0.152464 0.593382
2.42848 -1.40208 0.16 0.152464 0.593382
2.35177 -1.52726 0.16 0.166567 0.579386
2.60168 -1.50208 0.36 0.139584 0.541257
2.35177 -1.52726 0.16 0.166567 0.579386
2.5195 -1.63618 0.36 0.154498 0.52728
2.60168 -1.50208 0.36 0.139584 0.541257
2.60168 -1.50208 0.36 0.139584 0.541257
2.5195 -1.63618 0.36 0.154498 0.52728
2.77489 -1.60208 0.64 0.126259 0.477189
2.5195 -1.63618 0.36 0.154498 0.52728
2.68724 -1.74511 0.64 0.142076 0.463428
2.77489 -1.60208 0.64 0.126259 0.477189
2.77489 -1.60208 0.64 0.126259 0.477189
2.68724 -1.74511 0.64 0.142076 0.463428
2.94809 -1.70208 1 0.114243 0.401689
2.68724 -1.74511 0.64 0.142076 0.463428
2.85497 -1.85404 1 0.130983 0.388457
2.94809 -1.70208 1 0.114243 0.401689
2.94809 -1.70208 1 0.114243 0.401689
2.85497 -1.85404 1 0.130983 0.388457
3.1213 -1.80208 1.44 0.105476 0.316666
2.85497 -1.85404 1 0.130983 0.388457
3.02271 -1.96297 1.44 0.123058 0.304378
3.1213 -1.80208 1.44 0.105476 0.316666
3.1213 -1.80208 1.44 0.105476 0.316666
3.02271 -1.96297 1.44 0.123058 0.304378
3.2945 -1.90208 1.96 0.101659 0.22564
3.02271 -1.96297 1.44 0.123058 0.304378
3.19044 -2.0719 1.96 0.119889 0.214754
3.2945 -1.90208 1.96 0.101659 0.22564
0.178201 -0.459585 -0 0.437049 0.996165
0.173205 -0.459585 -0 0.438466 0.996366
0.356403 -0.459585 -0 0.387725 0.985862
0.173205 -0.459585 -0 0.438466 0.996366
0.34641 -0.459585 -0 0.390414 0.98659
0.356403 -0.459585 -0 0.387725 0.985862
0.356403 -0.459585 -0 0.387725 0.985862
0.34641 -0.459585 -0 0.390414 0.98659
0.534604 -0.459585 -0 0.341786 0.970345
0.34641 -0.459585 -0 0.390414 0.98659
0.519615 -0.459585 -0 0.34549 0.971816
0.534604 -0.459585 -0 0.341786 0.970345
0.534604 -0.459585 -0 0.341786 0.970345
0.519615 -0.459585 -0 0.34549 0.971816
0.712805 -0.459585 -0 0.300267 0.9511
0.519615 -0.459585 -0 0.34549 0.971816
0.69282 -0.459585 -0 0.304685 0.953395
0.712805 -0.459585 -0 0.300267 0.9511
0.712805 -0.459585 -0 0.300267 0.9511
0.69282 -0.459585 -0 0.304685 0.953395
0.891007 -0.459585 -0 0.263583 0.929642
0.69282 -0.459585 -0 0.304685 0.953395
0.866025 -0.5 -0 0.270759 0.920115
0.891007 -0.459585 -0 0.263583 0.929642
0.891007 -0.459585 -0 0.263583 0.929642
0.866025 -0.5 -0 0.270759 0.920115
1.06921 -0.544789 -0 0.237131 0.882775
0.866025 -0.5 -0 0.270759 0.920115
1.03923 -0.6 -0 0.245719 0.870448
1.06921 -0.544789 -0 0.237131 0.882775
1.06921 -0.544789 -0 0.237131 0.882775
1.03923 -0.6 -0 0.245719 0.870448
1.24741 -0.635587 -0 0.21618 0.838333
1.03923 -0.6 -0 0.245719 0.870448
1.21244 -0.7 -0 0.225702 0.825223
1.24741 -0.635587 -0 0.21618 0.838333
1.24741 -0.635587 -0 0.21618 0.838333
1.21244 -0.7 -0 0.225702 0.825223
1.42561 -0.726385 -0 0.199419 0.798353
1.21244 -0.7 -0 0.225702 0.825223
1.38564 -0.8 -0 0.209736 0.784678
1.42561 -0.726385 -0 0.199419 0.798353
1.42561 -0.726385 -0 0.199419 0.798353
1.38564 -0.8 -0 0.209736 0.784678
1.60381 -0.817183 -0 0.185976 0.762711
1.38564 -0.8 -0 0.209736 0.784678
1.55885 -0.9 -0 0.196972 0.748639
1.60381 -0.817183 -0 0.185976 0.762711
1.60381 -0.817183 -0 0.185976 0.762711
1.55885 -0.9 -0 0.196972 0.748639
1.78201 -0.907981 -0 0.175135 0.731071
1.55885 -0.9 -0 0.196972 0.748639
1.73205 -1 -0 0.186709 0.716727
1.78201 -0.907981 -0 0.175135 0.731071
1.78201 -0.907981 -0 0.175135 0.731071
1.73205 -1 -0 0.186709 0.716727
1.96021 -0.998779 -0 0.166328 0.703011
1.73205 -1 -0 0.186709 0.716727
1.90526 -1.1 -0 0.178395 0.688488
1.96021 -0.998779 -0 0.166328 0.703011
1.96021 -0.998779 -0 0.166328 0.703011
1.90526 -1.1 -0 0.178395 0.688488
2.32033 -1.18227 0.04 0.150486 0.648575
1.90526 -1.1 -0 0.178395 0.688488
2.25527 -1.30208 0.04 0.163482 0.633834
2.32033 -1.18227 0.04 0.150486 0.648575
2.32033 -1.18227 0.04 0.150486 0.648575
2.25527 -1.30208 0.04 0.163482 0.633834
2.49853 -1.27306 0.16 0.138783 0.608217
2.25527 -1.30208 0.04 0.163482 0.633834
2.42848 -1.40208 0.16 0.152464 0.593382
2.49853 -1.27306 0.16 0.138783 0.608217
2.49853 -1.27306 0.16 0.138783 0.608217
2.42848 -1.40208 0.16 0.152464 0.593382
2.67673 -1.36386 0.36 0.125065 0.556085
2.42848 -1.40208 0.16 0.152464 0.593382
2.60168 -1.50208 0.36 0.139584 0.541257
2.67673 -1.36386 0.36 0.125065 0.556085
2.67673 -1.36386 0.36 0.125065 0.556085
2.60168 -1.50208 0.36 0.139584 0.541257
2.85493 -1.45466 0.64 0.110795 0.491799
2.60168 -1.50208 0.36 0.139584 0.541257
2.77489 -1.60208 0.64 0.126259 0.477189
2.85493 -1.45466 0.64 0.110795 0.491799
2.85493 -1.45466 0.64 0.110795 0.491799
2.77489 -1.60208 0.64 0.126259 0.477189
3.03313 -1.54546 1 0.0977996 0.415744
2.77489 -1.60208 0.64 0.126259 0.477189
2.94809 -1.70208 1 0.114243 0.401689
3.03313 -1.54546 1 0.0977996 0.415744
3.03313 -1.54546 1 0.0977996 0.415744
2.94809 -1.70208 1 0.114243 0.401689
3.21133 -1.63626 1.44 0.0881223 0.329717
2.94809 -1.70208 1 0.114243 0.401689
3.1213 -1.80208 1.44 0.105476 0.316666
3.21133 -1.63626 1.44 0.0881223 0.329717
0.182709 -0.459585 -0 0.435772 0.995978
0.178201 -0.459585 -0 0.437049 0.996165
0.365418 -0.459585 -0 0.385308 0.98519
0.178201 -0.459585 -0 0.437049 0.996165
0.356403 -0.459585 -0 0.387725 0.985862
0.365418 -0.459585 -0 0.385308 0.98519
0.365418 -0.459585 -0 0.385308 0.98519
0.356403 -0.459585 -0 0.387725 0.985862
0.548127 -0.459585 -0 0.338471 0.968996
0.356403 -0.459585 -0 0.387725 0.985862
0.534604 -0.459585 -0 0.341786 0.970345
0.548127 -0.459585 -0 0.338471 0.968996
0.548127 -0.459585 -0 0.338471 0.968996
0.534604 -0.459585 -0 0.341786 0.970345
0.730836 -0.459585 -0 0.296333 0.949006
0.534604 -0.459585 -0 0.341786 0.970345
0.712805 -0.459585 -0 0.300267 0.9511
0.730836 -0.459585 -0 0.296333 0.949006
0.730836 -0.459585 -0 0.296333 0.949006
0.712805 -0.459585 -0 0.300267 0.9511
0.913545 -0.459585 -0 0.259289 0.926839
0.712805 -0.459585 -0 0.300267 0.9511
0.891007 -0.459585 -0 0.263583 0.929642
0.913545 -0.459585 -0 0.259289 0.926839
0.913545 -0.459585 -0 0.259289 0.926839
0.891007 -0.459585 -0 0.263583 0.929642
1.09625 -0.488084 -0 0.229042 0.895703
0.891007 -0.459585 -0 0.263583 0.929642
1.06921 -0.544789 -0 0.237131 0.882775
1.09625 -0.488084 -0 0.229042 0.895703
1.09625 -0.488084 -0 0.229042 0.895703
1.06921 -0.544789 -0 0.237131 0.882775
1.27896 -0.569431 -0 0.207167 0.852106
1.06921 -0.544789 -0 0.237131 0.882775
1.24741 -0.635587 -0 0.21618 0.838333
1.27896 -0.569431 -0 0.207167 0.852106
1.27896 -0.569431 -0 0.207167 0.852106
1.24741 -0.635587 -0 0.21618 0.838333
1.46167 -0.650779 -0 0.18961 0.812738
1.24741 -0.635587 -0 0.21618 0.838333
1.42561 -0.726385 -0 0.199419 0.798353
1.46167 -0.650779 -0 0.18961 0.812738
1.46167 -0.650779 -0 0.18961 0.812738
1.42561 -0.726385 -0 0.199419 0.798353
1.64438 -0.732126 -0 0.175485 0.777531
1.42561 -0.726385 -0 0.199419 0.798353
1.60381 -0.817183 -0 0.185976 0.762711
1.64438 -0.732126 -0 0.175485 0.777531
1.64438 -0.732126 -0 0.175485 0.777531
1.60381 -0.817183 -0 0.185976 0.762711
1.82709 -0.813473 -0 0.164058 0.746194
1.60381 -0.817183 -0 0.185976 0.762711
1.78201 -0.907981 -0 0.175135 0.731071
1.82709 -0.813473 -0 0.164058 0.746194
1.82709 -0.813473 -0 0.164058 0.746194
1.78201 -0.907981 -0 0.175135 0.731071
2.0098 -0.894821 -0 0.154746 0.718337
1.78201 -0.907981 -0 0.175135 0.731071
1.96021 -0.998779 -0 0.166328 0.703011
2.0098 -0.894821 -0 0.154746 0.718337
2.0098 -0.894821 -0 0.154746 0.718337
1.96021 -0.998779 -0 0.166328 0.703011
2.37902 -1.05921 0.04 0.137949 0.664155
1.96021 -0.998779 -0 0.166328 0.703011
2.32033 -1.18227 0.04 0.150486 0.648575
2.37902 -1.05921 0.04 0.137949 0.664155
2.37902 -1.05921 0.04 0.137949 0.664155
2.32033 -1.18227 0.04 0.150486 0.648575
2.56173 -1.14056 0.16 0.125539 0.62391
2.32033 -1.18227 0.04 0.150486 0.648575
2.49853 -1.27306 0.16 0.138783 0.608217
2.56173 -1.14056 0.16 0.125539 0.62391
2.56173 -1.14056 0.16 0.125539 0.62391
2.49853 -1.27306 0.16 0.138783 0.608217
2.74444 -1.2219 0.36 0.11095 0.571788
2.49853 -1.27306 0.16 0.138783 0.608217
2.67673 -1.36386 0.36 0.125065 0.556085
2.74444 -1.2219 0.36 0.11095 0.571788
2.74444 -1.2219 0.36 0.11095 0.571788
2.67673 -1.36386 0.36 0.125065 0.556085
2.92715 -1.30325 0.64 0.0956882 0.507284
2.67673 -1.36386 0.36 0.125065 0.556085
2.85493 -1.45466 0.64 0.110795 0.491799
2.92715 -1.30325 0.64 0.0956882 0.507284
2.92715 -1.30325 0.64 0.0956882 0.507284
2.85493 -1.45466 0.64 0.110795 0.491799
3.10986 -1.3846 1 0.081653 0.430649
2.85493 -1.45466 0.64 0.110795 0.491799
3.03313 -1.54546 1 0.0977996 0.415744
3.10986 -1.3846 1 0.081653 0.430649
0.186716 -0.459585 -0 0.434638 0.995809
0.182709 -0.459585 -0 0.435772 0.995978
0.373432 -0.459585 -0 0.383167 0.984583
0.182709 -0.459585 -0 0.435772 0.995978
0.365418 -0.459585 -0 0.385308 0.98519
0.373432 -0.459585 -0 0.383167 0.984583
0.373432 -0.459585 -0 0.383167 0.984583
0.365418 -0.459585 -0 0.385308 0.98519
0.560148 -0.459585 -0 0.335547 0.967779
0.365418 -0.459585 -0 0.385308 0.98519
0.548127 -0.459585 -0 0.338471 0.968996
0.560148 -0.459585 -0 0.335547 0.967779
0.560148 -0.459585 -0 0.335547 0.967779
0.548127 -0.459585 -0 0.338471 0.968996
0.746864 -0.459585 -0 0.292878 0.947126
0.548127 -0.459585 -0 0.338471 0.968996
0.730836 -0.459585 -0 0.296333 0.949006
0.746864 -0.459585 -0 0.292878 0.947126
0.746864 -0.459585 -0 0.292878 0.947126
0.730836 -0.459585 -0 0.296333 0.949006
0.93358 -0.459585 -0 0.255535 0.924337
0.730836 -0.459585 -0 0.296333 0.949006
0.913545 -0.459585 -0 0.259289 0.926839
0.93358 -0.459585 -0 0.255535 0.924337
0.93358 -0.459585 -0 0.255535 0.924337
0.913545 -0.459585 -0 0.259289 0.926839
1.1203 -0.459585 -0 0.223349 0.90082
0.913545 -0.459585 -0 0.259289 0.926839
1.09625 -0.488084 -0 0.229042 0.895703
1.1203 -0.459585 -0 0.223349 0.90082
1.1203 -0.459585 -0 0.223349 0.90082
1.09625 -0.488084 -0 0.229042 0.895703
1.30701 -0.501715 -0 0.198682 0.866541
1.09625 -0.488084 -0 0.229042 0.895703
1.27896 -0.569431 -0 0.207167 0.852106
1.30701 -0.501715 -0 0.198682 0.866541
1.30701 -0.501715 -0 0.198682 0.866541
1.27896 -0.569431 -0 0.207167 0.852106
1.49373 -0.573389 -0 0.180332 0.827839
1.27896 -0.569431 -0 0.207167 0.852106
1.46167 -0.650779 -0 0.18961 0.812738
1.49373 -0.573389 -0 0.180332 0.827839
1.49373 -0.573389 -0 0.180332 0.827839
1.46167 -0.650779 -0 0.18961 0.812738
1.68044 -0.645062 -0 0.165518 0.79311
1.46167 -0.650779 -0 0.18961 0.812738
1.64438 -0.732126 -0 0.175485 0.777531
1.68044 -0.645062 -0 0.165518 0.79311
1.68044 -0.645062 -0 0.165518 0.79311
1.64438 -0.732126 -0 0.175485 0.777531
1.86716 -0.716736 -0 0.153495 0.762106
1.64438 -0.732126 -0 0.175485 0.777531
1.82709 -0.813473 -0 0.164058 0.746194
1.86716 -0.716736 -0 0.153495 0.762106
1.86716 -0.716736 -0 0.153495 0.762106
1.82709 -0.813473 -0 0.164058 0.746194
2.05388 -0.788409 -0 0.143667 0.734478
1.82709 -0.813473 -0 0.164058 0.746194
2.0098 -0.894821 -0 0.154746 0.718337
2.05388 -0.788409 -0 0.143667 0.734478
2.05388 -0.788409 -0 0.143667 0.734478
2.0098 -0.894821 -0 0.154746 0.718337
2.4312 -0.933249 0.04 0.125885 0.680591
2.0098 -0.894821 -0 0.154746 0.718337
2.37902 -1.05921 0.04 0.137949 0.664155
2.4312 -0.933249 0.04 0.125885 0.680591
2.4312 -0.933249 0.04 0.125885 0.680591
2.37902 -1.05921 0.04 0.137949 0.664155
2.61791 -1.00492 0.16 0.112746 0.640485
2.37902 -1.05921 0.04 0.137949 0.664155
2.56173 -1.14056 0.16 0.125539 0.62391
2.61791 -1.00492 0.16 0.112746 0.640485
2.61791 -1.00492 0.16 0.112746 0.640485
2.56173 -1.14056 0.16 0.125539 0.62391
2.80463 -1.0766 0.36 0.0972497 0.58839
2.56173 -1.14056 0.16 0.125539 0.62391
2.74444 -1.2219 0.36 0.11095 0.571788
2.80463 -1.0766 0.36 0.0972497 0.58839
2.80463 -1.0766 0.36 0.0972497 0.58839
2.74444 -1.2219 0.36 0.11095 0.571788
2.99134 -1.14827 0.64 0.0809458 0.523673
2.74444 -1.2219 0.36 0.11095 0.571788
2.92715 -1.30325 0.64 0.0956882 0.507284
2.99134 -1.14827 0.64 0.0809458 0.523673
2.99134 -1.14827 0.64 0.0809458 0.523673
2.92715 -1.30325 0.64 0.0956882 0.507284
3.17806 -1.21994 1 0.0658029 0.446433
2.92715 -1.30325 0.64 0.0956882 0.507284
3.10986 -1.3846 1 0.081653 0.430649
3.17806 -1.21994 1 0.0658029 0.446433
0.190211 -0.459585 -0 0.433649 0.995659
0.186716 -0.459585 -0 0.434638 0.995809
0.380423 -0.459585 -0 0.381306 0.984044
0.186716 -0.459585 -0 0.434638 0.995809
0.373432 -0.459585 -0 0.383167 0.984583
0.380423 -0.459585 -0 0.381306 0.984044
0.380423 -0.459585 -0 0.381306 0.984044
0.373432 -0.459585 -0 0.383167 0.984583
0.570634 -0.459585 -0 0.333013 0.966704
0.373432 -0.459585 -0 0.383167 0.984583
0.560148 -0.459585 -0 0.335547 0.967779
0.570634 -0.459585 -0 0.333013 0.966704
0.570634 -0.459585 -0 0.333013 0.966704
0.560148 -0.459585 -0 0.335547 0.967779
0.760845 -0.459585 -0 0.289897 0.945474
0.560148 -0.459585 -0 0.335547 0.967779
0.746864 -0.459585 -0 0.292878 0.947126
0.760845 -0.459585 -0 0.289897 0.945474
0.760845 -0.459585 -0 0.289897 0.945474
0.746864 -0.459585 -0 0.292878 0.947126
0.951057 -0.459585 -0 0.25231 0.922148
0.746864 -0.459585 -0 0.292878 0.947126
0.93358 -0.459585 -0 0.255535 0.924337
0.951057 -0.459585 -0 0.25231 0.922148
0.951057 -0.459585 -0 0.25231 0.922148
0.93358 -0.459585 -0 0.255535 0.924337
1.14127 -0.459585 -0 0.220037 0.898182
0.93358 -0.459585 -0 0.255535 0.924337
1.1203 -0.459585 -0 0.223349 0.90082
1.14127 -0.459585 -0 0.220037 0.898182
1.14127 -0.459585 -0 0.220037 0.898182
1.1203 -0.459585 -0 0.223349 0.90082
1.33148 -0.459585 -0 0.192549 0.8746
1.1203 -0.459585 -0 0.223349 0.90082
1.30701 -0.501715 -0 0.198682 0.866541
1.33148 -0.459585 -0 0.192549 0.8746
1.33148 -0.459585 -0 0.192549 0.8746
1.30701 -0.501715 -0 0.198682 0.866541
1.52169 -0.494427 -0 0.171603 0.843661
1.30701 -0.501715 -0 0.198682 0.866541
1.49373 -0.573389 -0 0.180332 0.827839
1.52169 -0.494427 -0 0.171603 0.843661
1.52169 -0.494427 -0 0.171603 0.843661
1.49373 -0.573389 -0 0.180332 0.827839
1.7119 -0.556231 -0 0.156095 0.809455
1.49373 -0.573389 -0 0.180332 0.827839
1.68044 -0.645062 -0 0.165518 0.79311
1.7119 -0.556231 -0 0.156095 0.809455
1.7119 -0.556231 -0 0.156095 0.809455
1.68044 -0.645062 -0 0.165518 0.79311
1.90211 -0.618034 -0 0.143467 0.778822
1.68044 -0.645062 -0 0.165518 0.79311
1.86716 -0.716736 -0 0.153495 0.762106
1.90211 -0.618034 -0 0.143467 0.778822
1.90211 -0.618034 -0 0.143467 0.778822
1.86716 -0.716736 -0 0.153495 0.762106
2.09232 -0.679837 -0 0.13311 0.751452
1.86716 -0.716736 -0 0.153495 0.762106
2.05388 -0.788409 -0 0.143667 0.734478
2.09232 -0.679837 -0 0.13311 0.751452
2.09232 -0.679837 -0 0.13311 0.751452
2.05388 -0.788409 -0 0.143667 0.734478
2.47671 -0.804731 0.04 0.114313 0.697907
2.05388 -0.788409 -0 0.143667 0.734478
2.4312 -0.933249 0.04 0.125885 0.680591
2.47671 -0.804731 0.04 0.114313 0.697907
2.47671 -0.804731 0.04 0.114313 0.697907
2.4312 -0.933249 0.04 0.125885 0.680591
2.66692 -0.866534 0.16 0.100417 0.657966
2.4312 -0.933249 0.04 0.125885 0.680591
2.61791 -1.00492 0.16 0.112746 0.640485
2.66692 -0.866534 0.16 0.100417 0.657966
2.66692 -0.866534 0.16 0.100417 0.657966
2.61791 -1.00492 0.16 0.112746 0.640485
2.85713 -0.928337 0.36 0.0839759 0.605922
2.61791 -1.00492 0.16 0.112746 0.640485
2.80463 -1.0766 0.36 0.0972497 0.58839
2.85713 -0.928337 0.36 0.0839759 0.605922
2.85713 -0.928337 0.36 0.0839759 0.605922
2.80463 -1.0766 0.36 0.0972497 0.58839
3.04734 -0.990141 0.64 0.066574 0.541001
2.80463 -1.0766 0.36 0.0972497 0.58839
2.99134 -1.14827 0.64 0.0809458 0.523673
3.04734 -0.990141 0.64 0.066574 0.541001
0.193185 -0.459585 -0 0.432808 0.99553
0.190211 -0.459585 -0 0.433649 0.995659
0.38637 -0.459585 -0 0.379727 0.983579
0.190211 -0.459585 -0 0.433649 0.995659
0.380423 -0.459585 -0 0.381306 0.984044
0.38637 -0.459585 -0 0.379727 0.983579
0.38637 -0.459585 -0 0.379727 0.983579
0.380423 -0.459585 -0 0.381306 0.984044
0.579556 -0.459585 -0 0.330869 0.965781
0.380423 -0.459585 -0 0.381306 0.984044
0.570634 -0.459585 -0 0.333013 0.966704
0.579556 -0.459585 -0 0.330869 0.965781
0.579556 -0.459585 -0 0.330869 0.965781
0.570634 -0.459585 -0 0.333013 0.966704
0.772741 -0.459585 -0 0.287384 0.94406
0.570634 -0.459585 -0 0.333013 0.966704
0.760845 -0.459585 -0 0.289897 0.945474
0.772741 -0.459585 -0 0.287384 0.94406
0.772741 -0.459585 -0 0.287384 0.94406
0.760845 -0.459585 -0 0.289897 0.945474
0.965926 -0.459585 -0 0.249601 0.920282
0.760845 -0.459585 -0 0.289897 0.945474
0.951057 -0.459585 -0 0.25231 0.922148
0.965926 -0.459585 -0 0.249601 0.920282
0.965926 -0.459585 -0 0.249601 0.920282
0.951057 -0.459585 -0 0.25231 0.922148
1.15911 -0.459585 -0 0.217264 0.895941
0.951057 -0.459585 -0 0.25231 0.922148
1.14127 -0.459585 -0 0.220037 0.898182
1.15911 -0.459585 -0 0.217264 0.895941
1.15911 -0.459585 -0 0.217264 0.895941
1.14127 -0.459585 -0 0.220037 0.898182
1.3523 -0.459585 -0 0.189804 0.872072
1.14127 -0.459585 -0 0.220037 0.898182
1.33148 -0.459585 -0 0.192549 0.8746
1.3523 -0.459585 -0 0.189804 0.872072
1.3523 -0.459585 -0 0.189804 0.872072
1.33148 -0.459585 -0 0.192549 0.8746
1.54548 -0.459585 -0 0.166541 0.849304
1.33148 -0.459585 -0 0.192549 0.8746
1.52169 -0.494427 -0 0.171603 0.843661
1.54548 -0.459585 -0 0.166541 0.849304
1.54548 -0.459585 -0 0.166541 0.849304
1.52169 -0.494427 -0 0.171603 0.843661
1.73867 -0.465874 -0 0.147239 0.826576
1.52169 -0.494427 -0 0.171603 0.843661
1.7119 -0.556231 -0 0.156095 0.809455
1.73867 -0.465874 -0 0.147239 0.826576
1.73867 -0.465874 -0 0.147239 0.826576
1.7119 -0.556231 -0 0.156095 0.809455
1.93185 -0.517638 -0 0.133994 0.796356
1.7119 -0.556231 -0 0.156095 0.809455
1.90211 -0.618034 -0 0.143467 0.778822
1.93185 -0.517638 -0 0.133994 0.796356
1.93185 -0.517638 -0 0.133994 0.796356
1.90211 -0.618034 -0 0.143467 0.778822
2.12504 -0.569402 -0 0.123096 0.769275
1.90211 -0.618034 -0 0.143467 0.778822
2.09232 -0.679837 -0 0.13311 0.751452
2.12504 -0.569402 -0 0.123096 0.769275
2.12504 -0.569402 -0 0.123096 0.769275
2.09232 -0.679837 -0 0.13311 0.751452
2.51543 -0.674007 0.04 0.103251 0.716126
2.09232 -0.679837 -0 0.13311 0.751452
2.47671 -0.804731 0.04 0.114313 0.697907
2.51543 -0.674007 0.04 0.103251 0.716126
2.51543 -0.674007 0.04 0.103251 0.716126
2.47671 -0.804731 0.04 0.114313 0.697907
2.70861 -0.725771 0.16 0.0885712 0.676383
2.47671 -0.804731 0.04 0.114313 0.697907
2.66692 -0.866534 0.16 0.100417 0.657966
2.70861 -0.725771 0.16 0.0885712 0.676383
2.70861 -0.725771 0.16 0.0885712 0.676383
2.66692 -0.866534 0.16 0.100417 0.657966
2.9018 -0.777535 0.36 0.0711416 0.624419
2.66692 -0.866534 0.16 0.100417 0.657966
2.85713 -0.928337 0.36 0.0839759 0.605922
2.9018 -0.777535 0.36 0.0711416 0.624419
0.19563 -0.459585 -0 0.432118 0.995422
0.193185 -0.459585 -0 0.432808 0.99553
0.391259 -0.459585 -0 0.378431 0.983194
0.193185 -0.459585 -0 0.432808 0.99553
0.38637 -0.459585 -0 0.379727 0.983579
0.391259 -0.459585 -0 0.378431 0.983194
0.391259 -0.459585 -0 0.378431 0.983194
0.38637 -0.459585 -0 0.379727 0.983579
0.586889 -0.459585 -0 0.329116 0.965015
0.38637 -0.459585 -0 0.379727 0.983579
0.579556 -0.459585 -0 0.330869 0.965781
0.586889 -0.459585 -0 0.329116 0.965015
0.586889 -0.459585 -0 0.329116 0.965015
0.579556 -0.459585 -0 0.330869 0.965781
0.782518 -0.459585 -0 0.285335 0.942891
0.579556 -0.459585 -0 0.330869 0.965781
0.772741 -0.459585 -0 0.287384 0.94406
0.782518 -0.459585 -0 0.285335 0.942891
0.782518 -0.459585 -0 0.285335 0.942891
0.772741 -0.459585 -0 0.287384 0.94406
0.978148 -0.459585 -0 0.247399 0.918745
0.772741 -0.459585 -0 0.287384 0.94406
0.965926 -0.459585 -0 0.249601 0.920282
0.978148 -0.459585 -0 0.247399 0.918745
0.978148 -0.459585 -0 0.247399 0.918745
0.965926 -0.459585 -0 0.249601 0.920282
1.17378 -0.459585 -0 0.215017 0.894102
0.965926 -0.459585 -0 0.249601 0.920282
1.15911 -0.459585 -0 0.217264 0.895941
1.17378 -0.459585 -0 0.215017 0.894102
1.17378 -0.459585 -0 0.215017 0.894102
1.15911 -0.459585 -0 0.217264 0.895941
1.36941 -0.459585 -0 0.187584 0.870004
1.15911 -0.459585 -0 0.217264 0.895941
1.3523 -0.459585 -0 0.189804 0.872072
1.36941 -0.459585 -0 0.187584 0.870004
1.36941 -0.459585 -0 0.187584 0.870004
1.3523 -0.459585 -0 0.189804 0.872072
1.56504 -0.459585 -0 0.164393 0.847075
1.3523 -0.459585 -0 0.189804 0.872072
1.54548 -0.459585 -0 0.166541 0.849304
1.56504 -0.459585 -0 0.164393 0.847075
1.56504 -0.459585 -0 0.164393 0.847075
1.54548 -0.459585 -0 0.166541 0.849304
1.76067 -0.459585 -0 0.144756 0.825634
1.54548 -0.459585 -0 0.166541 0.849304
1.73867 -0.465874 -0 0.147239 0.826576
1.76067 -0.459585 -0 0.144756 0.825634
1.76067 -0.459585 -0 0.144756 0.825634
1.73867 -0.465874 -0 0.147239 0.826576
1.9563 -0.459585 -0 0.128061 0.805796
1.73867 -0.465874 -0 0.147239 0.826576
1.93185 -0.517638 -0 0.133994 0.796356
1.9563 -0.459585 -0 0.128061 0.805796
1.9563 -0.459585 -0 0.128061 0.805796
1.93185 -0.517638 -0 0.133994 0.796356
2.15192 -0.459585 -0 0.113793 0.787554
1.93185 -0.517638 -0 0.133994 0.796356
2.12504 -0.569402 -0 0.123096 0.769275
2.15192 -0.459585 -0 0.113793 0.787554
2.15192 -0.459585 -0 0.113793 0.787554
2.12504 -0.569402 -0 0.123096 0.769275
2.54726 -0.541436 0.04 0.0927203 0.735275
2.12504 -0.569402 -0 0.123096 0.769275
2.51543 -0.674007 0.04 0.103251 0.716126
2.54726 -0.541436 0.04 0.0927203 0.735275
