0.193185 0.386803 -0 0.555423 0.996666
0.19563 0.386803 -0 0.556099 0.996623
0.38637 0.386803 -0 0.608589 0.993319
0.19563 0.386803 -0 0.556099 0.996623
0.391259 0.386803 -0 0.609926 0.993235
0.38637 0.386803 -0 0.608589 0.993319
0.38637 0.386803 -0 0.608589 0.993319
0.391259 0.386803 -0 0.609926 0.993235
0.579556 0.386803 -0 0.661109 0.990014
0.391259 0.386803 -0 0.609926 0.993235
0.586889 0.386803 -0 0.66309 0.989889
0.579556 0.386803 -0 0.661109 0.990014
0.579556 0.386803 -0 0.661109 0.990014
0.586889 0.386803 -0 0.66309 0.989889
0.772741 0.386803 -0 0.712994 0.986748
0.586889 0.386803 -0 0.66309 0.989889
0.782518 0.386803 -0 0.715603 0.986584
0.772741 0.386803 -0 0.712994 0.986748
0.772741 0.386803 -0 0.712994 0.986748
0.782518 0.386803 -0 0.715603 0.986584
0.965926 0.386803 -0 0.764255 0.983521
0.782518 0.386803 -0 0.715603 0.986584
0.978148 0.386803 -0 0.767477 0.983318
0.965926 0.386803 -0 0.764255 0.983521
0.965926 0.386803 -0 0.764255 0.983521
0.978148 0.386803 -0 0.767477 0.983318
1.15911 0.386803 -0 0.814903 0.980333
0.978148 0.386803 -0 0.767477 0.983318
1.17378 0.386803 -0 0.818724 0.980093
1.15911 0.386803 -0 0.814903 0.980333
1.15911 0.386803 -0 0.814903 0.980333
1.17378 0.386803 -0 0.818724 0.980093
1.3523 0.386803 -0 0.864951 0.977183
1.17378 0.386803 -0 0.818724 0.980093
1.36941 0.386803 -0 0.869355 0.976906
1.3523 0.386803 -0 0.864951 0.977183
1.3523 0.386803 -0 0.864951 0.977183
1.36941 0.386803 -0 0.869355 0.976906
1.54548 0.41411 -0 0.901492 0.954615
1.36941 0.386803 -0 0.869355 0.976906
1.56504 0.386803 -0 0.919381 0.973757
1.54548 0.41411 -0 0.901492 0.954615
1.54548 0.41411 -0 0.901492 0.954615
1.56504 0.386803 -0 0.919381 0.973757
1.73867 0.465874 -0 0.924044 0.918307
1.56504 0.386803 -0 0.919381 0.973757
1.76067 0.386803 -0 0.968813 0.970645
1.73867 0.465874 -0 0.924044 0.918307
1.73867 0.465874 -0 0.924044 0.918307
1.76067 0.386803 -0 0.968813 0.970645
1.93185 0.517638 -0 0.944037 0.886122
0.190211 0.386803 -0 0.554599 0.996718
0.193185 0.386803 -0 0.555423 0.996666
0.380423 0.386803 -0 0.606962 0.993422
0.193185 0.386803 -0 0.555423 0.996666
0.38637 0.386803 -0 0.608589 0.993319
0.380423 0.386803 -0 0.606962 0.993422
0.380423 0.386803 -0 0.606962 0.993422
0.38637 0.386803 -0 0.608589 0.993319
0.570634 0.386803 -0 0.658697 0.990165
0.38637 0.386803 -0 0.608589 0.993319
0.579556 0.386803 -0 0.661109 0.990014
0.570634 0.386803 -0 0.658697 0.990165
0.570634 0.386803 -0 0.658697 0.990165
0.579556 0.386803 -0 0.661109 0.990014
0.760845 0.386803 -0 0.709817 0.986948
0.579556 0.386803 -0 0.661109 0.990014
0.772741 0.386803 -0 0.712994 0.986748
0.760845 0.386803 -0 0.709817 0.986948
0.760845 0.386803 -0 0.709817 0.986948
0.772741 0.386803 -0 0.712994 0.986748
0.951057 0.386803 -0 0.760331 0.983768
0.772741 0.386803 -0 0.712994 0.986748
0.965926 0.386803 -0 0.764255 0.983521
0.951057 0.386803 -0 0.760331 0.983768
0.951057 0.386803 -0 0.760331 0.983768
0.965926 0.386803 -0 0.764255 0.983521
1.14127 0.386803 -0 0.810251 0.980626
0.965926 0.386803 -0 0.764255 0.983521
1.15911 0.386803 -0 0.814903 0.980333
1.14127 0.386803 -0 0.810251 0.980626
1.14127 0.386803 -0 0.810251 0.980626
1.15911 0.386803 -0 0.814903 0.980333
1.33148 0.432624 -0 0.841014 0.945167
1.15911 0.386803 -0 0.814903 0.980333
1.3523 0.386803 -0 0.864951 0.977183
1.33148 0.432624 -0 0.841014 0.945167
1.33148 0.432624 -0 0.841014 0.945167
1.3523 0.386803 -0 0.864951 0.977183
1.52169 0.494427 -0 0.862313 0.90405
1.3523 0.386803 -0 0.864951 0.977183
1.54548 0.41411 -0 0.901492 0.954615
1.52169 0.494427 -0 0.862313 0.90405
1.52169 0.494427 -0 0.862313 0.90405
1.54548 0.41411 -0 0.901492 0.954615
1.7119 0.556231 -0 0.880861 0.868244
1.54548 0.41411 -0 0.901492 0.954615
1.73867 0.465874 -0 0.924044 0.918307
1.7119 0.556231 -0 0.880861 0.868244
1.7119 0.556231 -0 0.880861 0.868244
1.73867 0.465874 -0 0.924044 0.918307
1.90211 0.618034 -0 0.897157 0.836783
1.73867 0.465874 -0 0.924044 0.918307
1.93185 0.517638 -0 0.944037 0.886122
1.90211 0.618034 -0 0.897157 0.836783
1.90211 0.618034 -0 0.897157 0.836783
1.93185 0.517638 -0 0.944037 0.886122
2.09232 0.679837 -0 0.911589 0.808922
1.93185 0.517638 -0 0.944037 0.886122
2.12504 0.569402 -0 0.961881 0.857395
2.09232 0.679837 -0 0.911589 0.808922
2.09232 0.679837 -0 0.911589 0.808922
2.12504 0.569402 -0 0.961881 0.857395
2.47671 0.804731 0.04 0.943322 0.756015
0.186716 0.386803 -0 0.553631 0.996779
0.190211 0.386803 -0 0.554599 0.996718
0.373432 0.386803 -0 0.605049 0.993542
0.190211 0.386803 -0 0.554599 0.996718
0.380423 0.386803 -0 0.606962 0.993422
0.373432 0.386803 -0 0.605049 0.993542
0.373432 0.386803 -0 0.605049 0.993542
0.380423 0.386803 -0 0.606962 0.993422
0.560148 0.386803 -0 0.655862 0.990344
0.380423 0.386803 -0 0.606962 0.993422
0.570634 0.386803 -0 0.658697 0.990165
0.560148 0.386803 -0 0.655862 0.990344
0.560148 0.386803 -0 0.655862 0.990344
0.570634 0.386803 -0 0.658697 0.990165
0.746864 0.386803 -0 0.70608 0.987183
0.570634 0.386803 -0 0.658697 0.990165
0.760845 0.386803 -0 0.709817 0.986948
0.746864 0.386803 -0 0.70608 0.987183
0.746864 0.386803 -0 0.70608 0.987183
0.760845 0.386803 -0 0.709817 0.986948
0.93358 0.386803 -0 0.755715 0.984059
0.760845 0.386803 -0 0.709817 0.986948
0.951057 0.386803 -0 0.760331 0.983768
0.93358 0.386803 -0 0.755715 0.984059
0.93358 0.386803 -0 0.755715 0.984059
0.951057 0.386803 -0 0.760331 0.983768
1.1203 0.430042 -0 0.789746 0.949995
0.951057 0.386803 -0 0.760331 0.983768
1.14127 0.386803 -0 0.810251 0.980626
1.1203 0.430042 -0 0.789746 0.949995
1.1203 0.430042 -0 0.789746 0.949995
1.14127 0.386803 -0 0.810251 0.980626
1.30701 0.501715 -0 0.810735 0.902465
1.14127 0.386803 -0 0.810251 0.980626
1.33148 0.432624 -0 0.841014 0.945167
1.30701 0.501715 -0 0.810735 0.902465
1.30701 0.501715 -0 0.810735 0.902465
1.33148 0.432624 -0 0.841014 0.945167
1.49373 0.573389 -0 0.82865 0.861898
1.33148 0.432624 -0 0.841014 0.945167
1.52169 0.494427 -0 0.862313 0.90405
1.49373 0.573389 -0 0.82865 0.861898
1.49373 0.573389 -0 0.82865 0.861898
1.52169 0.494427 -0 0.862313 0.90405
1.68044 0.645062 -0 0.844119 0.826867
1.52169 0.494427 -0 0.862313 0.90405
1.7119 0.556231 -0 0.880861 0.868244
1.68044 0.645062 -0 0.844119 0.826867
1.68044 0.645062 -0 0.844119 0.826867
1.7119 0.556231 -0 0.880861 0.868244
1.86716 0.716736 -0 0.857612 0.796313
1.7119 0.556231 -0 0.880861 0.868244
1.90211 0.618034 -0 0.897157 0.836783
1.86716 0.716736 -0 0.857612 0.796313
1.86716 0.716736 -0 0.857612 0.796313
1.90211 0.618034 -0 0.897157 0.836783
2.05388 0.788409 -0 0.869484 0.769427
1.90211 0.618034 -0 0.897157 0.836783
2.09232 0.679837 -0 0.911589 0.808922
2.05388 0.788409 -0 0.869484 0.769427
2.05388 0.788409 -0 0.869484 0.769427
2.09232 0.679837 -0 0.911589 0.808922
2.4312 0.933249 0.04 0.895358 0.718492
2.09232 0.679837 -0 0.911589 0.808922
2.47671 0.804731 0.04 0.943322 0.756015
2.4312 0.933249 0.04 0.895358 0.718492
2.4312 0.933249 0.04 0.895358 0.718492
2.47671 0.804731 0.04 0.943322 0.756015
2.61791 1.00492 0.16 0.921321 0.682349
2.47671 0.804731 0.04 0.943322 0.756015
2.66692 0.866534 0.16 0.975541 0.718751
2.61791 1.00492 0.16 0.921321 0.682349
2.61791 1.00492 0.16 0.921321 0.682349
2.66692 0.866534 0.16 0.975541 0.718751
2.80463 1.0766 0.36 0.960071 0.633783
0.182709 0.386803 -0 0.552521 0.996849
0.186716 0.386803 -0 0.553631 0.996779
0.365418 0.386803 -0 0.602854 0.99368
0.186716 0.386803 -0 0.553631 0.996779
0.373432 0.386803 -0 0.605049 0.993542
0.365418 0.386803 -0 0.602854 0.99368
0.365418 0.386803 -0 0.602854 0.99368
0.373432 0.386803 -0 0.605049 0.993542
0.548127 0.386803 -0 0.652608 0.990549
0.373432 0.386803 -0 0.605049 0.993542
0.560148 0.386803 -0 0.655862 0.990344
0.548127 0.386803 -0 0.652608 0.990549
0.548127 0.386803 -0 0.652608 0.990549
0.560148 0.386803 -0 0.655862 0.990344
0.730836 0.386803 -0 0.701792 0.987453
0.560148 0.386803 -0 0.655862 0.990344
0.746864 0.386803 -0 0.70608 0.987183
0.730836 0.386803 -0 0.701792 0.987453
0.730836 0.386803 -0 0.701792 0.987453
0.746864 0.386803 -0 0.70608 0.987183
0.913545 0.406737 -0 0.744512 0.969558
0.746864 0.386803 -0 0.70608 0.987183
0.93358 0.386803 -0 0.755715 0.984059
0.913545 0.406737 -0 0.744512 0.969558
0.913545 0.406737 -0 0.744512 0.969558
0.93358 0.386803 -0 0.755715 0.984059
1.09625 0.488084 -0 0.766083 0.913154
0.93358 0.386803 -0 0.755715 0.984059
1.1203 0.430042 -0 0.789746 0.949995
1.09625 0.488084 -0 0.766083 0.913154
1.09625 0.488084 -0 0.766083 0.913154
1.1203 0.430042 -0 0.789746 0.949995
1.27896 0.569431 -0 0.784067 0.866131
1.1203 0.430042 -0 0.789746 0.949995
1.30701 0.501715 -0 0.810735 0.902465
1.27896 0.569431 -0 0.784067 0.866131
1.27896 0.569431 -0 0.784067 0.866131
1.30701 0.501715 -0 0.810735 0.902465
1.46167 0.650779 -0 0.79929 0.826328
1.30701 0.501715 -0 0.810735 0.902465
1.49373 0.573389 -0 0.82865 0.861898
1.46167 0.650779 -0 0.79929 0.826328
1.46167 0.650779 -0 0.79929 0.826328
1.49373 0.573389 -0 0.82865 0.861898
1.64438 0.732126 -0 0.812342 0.792201
1.49373 0.573389 -0 0.82865 0.861898
1.68044 0.645062 -0 0.844119 0.826867
1.64438 0.732126 -0 0.812342 0.792201
1.64438 0.732126 -0 0.812342 0.792201
1.68044 0.645062 -0 0.844119 0.826867
1.82709 0.813473 -0 0.823656 0.762617
1.68044 0.645062 -0 0.844119 0.826867
1.86716 0.716736 -0 0.857612 0.796313
1.82709 0.813473 -0 0.823656 0.762617
1.82709 0.813473 -0 0.823656 0.762617
1.86716 0.716736 -0 0.857612 0.796313
2.0098 0.894821 -0 0.833559 0.736725
1.86716 0.716736 -0 0.857612 0.796313
2.05388 0.788409 -0 0.869484 0.769427
2.0098 0.894821 -0 0.833559 0.736725
2.0098 0.894821 -0 0.833559 0.736725
2.05388 0.788409 -0 0.869484 0.769427
2.37902 1.05921 0.04 0.854984 0.68779
2.05388 0.788409 -0 0.869484 0.769427
2.4312 0.933249 0.04 0.895358 0.718492
2.37902 1.05921 0.04 0.854984 0.68779
2.37902 1.05921 0.04 0.854984 0.68779
2.4312 0.933249 0.04 0.895358 0.718492
2.56173 1.14056 0.16 0.876286 0.652914
2.4312 0.933249 0.04 0.895358 0.718492
2.61791 1.00492 0.16 0.921321 0.682349
2.56173 1.14056 0.16 0.876286 0.652914
2.56173 1.14056 0.16 0.876286 0.652914
2.61791 1.00492 0.16 0.921321 0.682349
2.74444 1.2219 0.36 0.907673 0.606427
2.61791 1.00492 0.16 0.921321 0.682349
2.80463 1.0766 0.36 0.960071 0.633783
2.74444 1.2219 0.36 0.907673 0.606427
2.74444 1.2219 0.36 0.907673 0.606427
2.80463 1.0766 0.36 0.960071 0.633783
2.92715 1.30325 0.64 0.952121 0.54404
0.178201 0.386803 -0 0.551272 0.996927
0.182709 0.386803 -0 0.552521 0.996849
0.356403 0.386803 -0 0.600384 0.993836
0.182709 0.386803 -0 0.552521 0.996849
0.365418 0.386803 -0 0.602854 0.99368
0.356403 0.386803 -0 0.600384 0.993836
0.356403 0.386803 -0 0.600384 0.993836
0.365418 0.386803 -0 0.602854 0.99368
0.534604 0.386803 -0 0.648945 0.990779
0.365418 0.386803 -0 0.602854 0.99368
0.548127 0.386803 -0 0.652608 0.990549
0.534604 0.386803 -0 0.648945 0.990779
0.534604 0.386803 -0 0.648945 0.990779
0.548127 0.386803 -0 0.652608 0.990549
0.712805 0.386803 -0 0.696964 0.987757
0.548127 0.386803 -0 0.652608 0.990549
0.730836 0.386803 -0 0.701792 0.987453
0.712805 0.386803 -0 0.696964 0.987757
0.712805 0.386803 -0 0.696964 0.987757
0.730836 0.386803 -0 0.701792 0.987453
0.891007 0.453991 -0 0.726006 0.937303
0.730836 0.386803 -0 0.701792 0.987453
0.913545 0.406737 -0 0.744512 0.969558
0.891007 0.453991 -0 0.726006 0.937303
0.891007 0.453991 -0 0.726006 0.937303
0.913545 0.406737 -0 0.744512 0.969558
1.06921 0.544789 -0 0.744784 0.881263
0.913545 0.406737 -0 0.744512 0.969558
1.09625 0.488084 -0 0.766083 0.913154
1.06921 0.544789 -0 0.744784 0.881263
1.06921 0.544789 -0 0.744784 0.881263
1.09625 0.488084 -0 0.766083 0.913154
1.24741 0.635587 -0 0.760306 0.83494
1.09625 0.488084 -0 0.766083 0.913154
1.27896 0.569431 -0 0.784067 0.866131
1.24741 0.635587 -0 0.760306 0.83494
1.24741 0.635587 -0 0.760306 0.83494
1.27896 0.569431 -0 0.784067 0.866131
1.42561 0.726385 -0 0.773351 0.796008
1.27896 0.569431 -0 0.784067 0.866131
1.46167 0.650779 -0 0.79929 0.826328
1.42561 0.726385 -0 0.773351 0.796008
1.42561 0.726385 -0 0.773351 0.796008
1.46167 0.650779 -0 0.79929 0.826328
1.60381 0.817183 -0 0.784468 0.762829
1.46167 0.650779 -0 0.79929 0.826328
1.64438 0.732126 -0 0.812342 0.792201
1.60381 0.817183 -0 0.784468 0.762829
1.60381 0.817183 -0 0.784468 0.762829
1.64438 0.732126 -0 0.812342 0.792201
1.78201 0.907981 -0 0.794056 0.734216
1.64438 0.732126 -0 0.812342 0.792201
1.82709 0.813473 -0 0.823656 0.762617
1.78201 0.907981 -0 0.794056 0.734216
1.78201 0.907981 -0 0.794056 0.734216
1.82709 0.813473 -0 0.823656 0.762617
1.96021 0.998779 -0 0.802409 0.709287
1.82709 0.813473 -0 0.823656 0.762617
2.0098 0.894821 -0 0.833559 0.736725
1.96021 0.998779 -0 0.802409 0.709287
1.96021 0.998779 -0 0.802409 0.709287
2.0098 0.894821 -0 0.833559 0.736725
2.32033 1.18227 0.04 0.820376 0.662284
2.0098 0.894821 -0 0.833559 0.736725
2.37902 1.05921 0.04 0.854984 0.68779
2.32033 1.18227 0.04 0.820376 0.662284
2.32033 1.18227 0.04 0.820376 0.662284
2.37902 1.05921 0.04 0.854984 0.68779
2.49853 1.27306 0.16 0.838109 0.628695
2.37902 1.05921 0.04 0.854984 0.68779
2.56173 1.14056 0.16 0.876286 0.652914
2.49853 1.27306 0.16 0.838109 0.628695
2.49853 1.27306 0.16 0.838109 0.628695
2.56173 1.14056 0.16 0.876286 0.652914
2.67673 1.36386 0.36 0.863967 0.584236
2.56173 1.14056 0.16 0.876286 0.652914
2.74444 1.2219 0.36 0.907673 0.606427
2.67673 1.36386 0.36 0.863967 0.584236
2.67673 1.36386 0.36 0.863967 0.584236
2.74444 1.2219 0.36 0.907673 0.606427
2.85493 1.45466 0.64 0.90003 0.525374
2.74444 1.2219 0.36 0.907673 0.606427
2.92715 1.30325 0.64 0.952121 0.54404
2.85493 1.45466 0.64 0.90003 0.525374
2.85493 1.45466 0.64 0.90003 0.525374
2.92715 1.30325 0.64 0.952121 0.54404
3.03313 1.54546 1 0.950174 0.446
0.173205 0.386803 -0 0.549887 0.997015
0.178201 0.386803 -0 0.551272 0.996927
0.34641 0.386803 -0 0.597645 0.994008
0.178201 0.386803 -0 0.551272 0.996927
0.356403 0.386803 -0 0.600384 0.993836
0.34641 0.386803 -0 0.597645 0.994008
0.34641 0.386803 -0 0.597645 0.994008
0.356403 0.386803 -0 0.600384 0.993836
0.519615 0.386803 -0 0.644882 0.991035
0.356403 0.386803 -0 0.600384 0.993836
0.534604 0.386803 -0 0.648945 0.990779
0.519615 0.386803 -0 0.644882 0.991035
0.519615 0.386803 -0 0.644882 0.991035
0.534604 0.386803 -0 0.648945 0.990779
0.69282 0.4 -0 0.68855 0.978071
0.534604 0.386803 -0 0.648945 0.990779
0.712805 0.386803 -0 0.696964 0.987757
0.69282 0.4 -0 0.68855 0.978071
0.69282 0.4 -0 0.68855 0.978071
0.712805 0.386803 -0 0.696964 0.987757
0.866025 0.5 -0 0.709011 0.908963
0.712805 0.386803 -0 0.696964 0.987757
0.891007 0.453991 -0 0.726006 0.937303
0.866025 0.5 -0 0.709011 0.908963
0.866025 0.5 -0 0.709011 0.908963
0.891007 0.453991 -0 0.726006 0.937303
1.03923 0.6 -0 0.725437 0.853484
0.891007 0.453991 -0 0.726006 0.937303
1.06921 0.544789 -0 0.744784 0.881263
1.03923 0.6 -0 0.725437 0.853484
1.03923 0.6 -0 0.725437 0.853484
1.06921 0.544789 -0 0.744784 0.881263
1.21244 0.7 -0 0.738915 0.807966
1.06921 0.544789 -0 0.744784 0.881263
1.24741 0.635587 -0 0.760306 0.83494
1.21244 0.7 -0 0.738915 0.807966
1.21244 0.7 -0 0.738915 0.807966
1.24741 0.635587 -0 0.760306 0.83494
1.38564 0.8 -0 0.750172 0.769945
1.24741 0.635587 -0 0.760306 0.83494
1.42561 0.726385 -0 0.773351 0.796008
1.38564 0.8 -0 0.750172 0.769945
1.38564 0.8 -0 0.750172 0.769945
1.42561 0.726385 -0 0.773351 0.796008
1.55885 0.9 -0 0.759715 0.737711
1.42561 0.726385 -0 0.773351 0.796008
1.60381 0.817183 -0 0.784468 0.762829
1.55885 0.9 -0 0.759715 0.737711
1.55885 0.9 -0 0.759715 0.737711
1.60381 0.817183 -0 0.784468 0.762829
1.73205 1 -0 0.767909 0.710036
1.60381 0.817183 -0 0.784468 0.762829
1.78201 0.907981 -0 0.794056 0.734216
1.73205 1 -0 0.767909 0.710036
1.73205 1 -0 0.767909 0.710036
1.78201 0.907981 -0 0.794056 0.734216
1.90526 1.1 -0 0.775021 0.686017
1.78201 0.907981 -0 0.794056 0.734216
1.96021 0.998779 -0 0.802409 0.709287
1.90526 1.1 -0 0.775021 0.686017
1.90526 1.1 -0 0.775021 0.686017
1.96021 0.998779 -0 0.802409 0.709287
2.25527 1.30208 0.04 0.790245 0.640829
1.96021 0.998779 -0 0.802409 0.709287
2.32033 1.18227 0.04 0.820376 0.662284
2.25527 1.30208 0.04 0.790245 0.640829
2.25527 1.30208 0.04 0.790245 0.640829
2.32033 1.18227 0.04 0.820376 0.662284
2.42848 1.40208 0.16 0.805182 0.608486
2.32033 1.18227 0.04 0.820376 0.662284
2.49853 1.27306 0.16 0.838109 0.628695
2.42848 1.40208 0.16 0.805182 0.608486
2.42848 1.40208 0.16 0.805182 0.608486
2.49853 1.27306 0.16 0.838109 0.628695
2.60168 1.50208 0.36 0.826778 0.565934
2.49853 1.27306 0.16 0.838109 0.628695
2.67673 1.36386 0.36 0.863967 0.584236
2.60168 1.50208 0.36 0.826778 0.565934
2.60168 1.50208 0.36 0.826778 0.565934
2.67673 1.36386 0.36 0.863967 0.584236
2.77489 1.60208 0.64 0.856523 0.510226
2.67673 1.36386 0.36 0.863967 0.584236
2.85493 1.45466 0.64 0.90003 0.525374
2.77489 1.60208 0.64 0.856523 0.510226
2.77489 1.60208 0.64 0.856523 0.510226
2.85493 1.45466 0.64 0.90003 0.525374
2.94809 1.70208 1 0.897169 0.436359
2.85493 1.45466 0.64 0.90003 0.525374
3.03313 1.54546 1 0.950174 0.446
2.94809 1.70208 1 0.897169 0.436359
2.94809 1.70208 1 0.897169 0.436359
3.03313 1.54546 1 0.950174 0.446
3.1213 1.80208 1.44 0.95361 0.335697
0.167734 0.386803 -0 0.548369 0.99711
0.173205 0.386803 -0 0.549887 0.997015
0.335468 0.386803 -0 0.594644 0.994197
0.173205 0.386803 -0 0.549887 0.997015
0.34641 0.386803 -0 0.597645 0.994008
0.335468 0.386803 -0 0.594644 0.994197
0.335468 0.386803 -0 0.594644 0.994197
0.34641 0.386803 -0 0.597645 0.994008
0.503202 0.386803 -0 0.640428 0.991315
0.34641 0.386803 -0 0.597645 0.994008
0.519615 0.386803 -0 0.644882 0.991035
0.503202 0.386803 -0 0.640428 0.991315
0.503202 0.386803 -0 0.640428 0.991315
0.519615 0.386803 -0 0.644882 0.991035
0.670936 0.435711 -0 0.675181 0.952771
0.519615 0.386803 -0 0.644882 0.991035
0.69282 0.4 -0 0.68855 0.978071
0.670936 0.435711 -0 0.675181 0.952771
0.670936 0.435711 -0 0.675181 0.952771
0.69282 0.4 -0 0.68855 0.978071
0.838671 0.544639 -0 0.693296 0.88396
0.69282 0.4 -0 0.68855 0.978071
0.866025 0.5 -0 0.709011 0.908963
0.838671 0.544639 -0 0.693296 0.88396
0.838671 0.544639 -0 0.693296 0.88396
0.866025 0.5 -0 0.709011 0.908963
1.0064 0.653567 -0 0.707721 0.829163
0.866025 0.5 -0 0.709011 0.908963
1.03923 0.6 -0 0.725437 0.853484
1.0064 0.653567 -0 0.707721 0.829163
1.0064 0.653567 -0 0.707721 0.829163
1.03923 0.6 -0 0.725437 0.853484
1.17414 0.762495 -0 0.71948 0.784495
1.03923 0.6 -0 0.725437 0.853484
1.21244 0.7 -0 0.738915 0.807966
1.17414 0.762495 -0 0.71948 0.784495
1.17414 0.762495 -0 0.71948 0.784495
1.21244 0.7 -0 0.738915 0.807966
1.34187 0.871422 -0 0.729249 0.747386
1.21244 0.7 -0 0.738915 0.807966
1.38564 0.8 -0 0.750172 0.769945
1.34187 0.871422 -0 0.729249 0.747386
1.34187 0.871422 -0 0.729249 0.747386
1.38564 0.8 -0 0.750172 0.769945
1.50961 0.98035 -0 0.737495 0.716066
1.38564 0.8 -0 0.750172 0.769945
1.55885 0.9 -0 0.759715 0.737711
1.50961 0.98035 -0 0.737495 0.716066
1.50961 0.98035 -0 0.737495 0.716066
1.55885 0.9 -0 0.759715 0.737711
1.67734 1.08928 -0 0.744547 0.689278
1.55885 0.9 -0 0.759715 0.737711
1.73205 1 -0 0.767909 0.710036
1.67734 1.08928 -0 0.744547 0.689278
1.67734 1.08928 -0 0.744547 0.689278
1.73205 1 -0 0.767909 0.710036
1.84508 1.19821 -0 0.750647 0.666105
1.73205 1 -0 0.767909 0.710036
1.90526 1.1 -0 0.775021 0.686017
1.84508 1.19821 -0 0.750647 0.666105
1.84508 1.19821 -0 0.750647 0.666105
1.90526 1.1 -0 0.775021 0.686017
2.18404 1.41833 0.04 0.763655 0.622598
1.90526 1.1 -0 0.775021 0.686017
2.25527 1.30208 0.04 0.790245 0.640829
2.18404 1.41833 0.04 0.763655 0.622598
2.18404 1.41833 0.04 0.763655 0.622598
2.25527 1.30208 0.04 0.790245 0.640829
2.35177 1.52726 0.16 0.77636 0.591429
2.25527 1.30208 0.04 0.790245 0.640829
2.42848 1.40208 0.16 0.805182 0.608486
2.35177 1.52726 0.16 0.77636 0.591429
2.35177 1.52726 0.16 0.77636 0.591429
2.42848 1.40208 0.16 0.805182 0.608486
2.5195 1.63618 0.36 0.794597 0.550634
2.42848 1.40208 0.16 0.805182 0.608486
2.60168 1.50208 0.36 0.826778 0.565934
2.5195 1.63618 0.36 0.794597 0.550634
2.5195 1.63618 0.36 0.794597 0.550634
2.60168 1.50208 0.36 0.826778 0.565934
2.68724 1.74511 0.64 0.819458 0.497729
2.60168 1.50208 0.36 0.826778 0.565934
2.77489 1.60208 0.64 0.856523 0.510226
2.68724 1.74511 0.64 0.819458 0.497729
2.68724 1.74511 0.64 0.819458 0.497729
2.77489 1.60208 0.64 0.856523 0.510226
2.85497 1.85404 1 0.852949 0.428544
2.77489 1.60208 0.64 0.856523 0.510226
2.94809 1.70208 1 0.897169 0.436359
2.85497 1.85404 1 0.852949 0.428544
2.85497 1.85404 1 0.852949 0.428544
2.94809 1.70208 1 0.897169 0.436359
3.02271 1.96297 1.44 0.898552 0.33608
2.94809 1.70208 1 0.897169 0.436359
3.1213 1.80208 1.44 0.95361 0.335697
3.02271 1.96297 1.44 0.898552 0.33608
3.02271 1.96297 1.44 0.898552 0.33608
3.1213 1.80208 1.44 0.95361 0.335697
3.19044 2.0719 1.96 0.962481 0.208019
0.161803 0.386803 -0 0.546724 0.997214
0.167734 0.386803 -0 0.548369 0.99711
0.323607 0.386803 -0 0.591387 0.994402
0.167734 0.386803 -0 0.548369 0.99711
0.335468 0.386803 -0 0.594644 0.994197
0.323607 0.386803 -0 0.591387 0.994402
0.323607 0.386803 -0 0.591387 0.994402
0.335468 0.386803 -0 0.594644 0.994197
0.48541 0.386803 -0 0.635594 0.99162
0.335468 0.386803 -0 0.594644 0.994197
0.503202 0.386803 -0 0.640428 0.991315
0.48541 0.386803 -0 0.635594 0.99162
0.48541 0.386803 -0 0.635594 0.99162
0.503202 0.386803 -0 0.640428 0.991315
0.647214 0.470228 -0 0.662599 0.930188
0.503202 0.386803 -0 0.640428 0.991315
0.670936 0.435711 -0 0.675181 0.952771
0.647214 0.470228 -0 0.662599 0.930188
0.647214 0.470228 -0 0.662599 0.930188
0.670936 0.435711 -0 0.675181 0.952771
0.809017 0.587785 -0 0.67867 0.861829
0.670936 0.435711 -0 0.675181 0.952771
0.838671 0.544639 -0 0.693296 0.88396
0.809017 0.587785 -0 0.67867 0.861829
0.809017 0.587785 -0 0.67867 0.861829
0.838671 0.544639 -0 0.693296 0.88396
0.97082 0.705342 -0 0.691377 0.80778
0.838671 0.544639 -0 0.693296 0.88396
1.0064 0.653567 -0 0.707721 0.829163
0.97082 0.705342 -0 0.691377 0.80778
0.97082 0.705342 -0 0.691377 0.80778
1.0064 0.653567 -0 0.707721 0.829163
1.13262 0.822899 -0 0.701677 0.763973
1.0064 0.653567 -0 0.707721 0.829163
1.17414 0.762495 -0 0.71948 0.784495
1.13262 0.822899 -0 0.701677 0.763973
1.13262 0.822899 -0 0.701677 0.763973
1.17414 0.762495 -0 0.71948 0.784495
1.29443 0.940456 -0 0.710193 0.727749
1.17414 0.762495 -0 0.71948 0.784495
1.34187 0.871422 -0 0.729249 0.747386
1.29443 0.940456 -0 0.710193 0.727749
1.29443 0.940456 -0 0.710193 0.727749
1.34187 0.871422 -0 0.729249 0.747386
1.45623 1.05801 -0 0.717353 0.697295
1.34187 0.871422 -0 0.729249 0.747386
1.50961 0.98035 -0 0.737495 0.716066
1.45623 1.05801 -0 0.717353 0.697295
1.45623 1.05801 -0 0.717353 0.697295
1.50961 0.98035 -0 0.737495 0.716066
1.61803 1.17557 -0 0.723456 0.671336
1.50961 0.98035 -0 0.737495 0.716066
1.67734 1.08928 -0 0.744547 0.689278
1.61803 1.17557 -0 0.723456 0.671336
1.61803 1.17557 -0 0.723456 0.671336
1.67734 1.08928 -0 0.744547 0.689278
1.77984 1.29313 -0 0.72872 0.648943
1.67734 1.08928 -0 0.744547 0.689278
1.84508 1.19821 -0 0.750647 0.666105
1.77984 1.29313 -0 0.72872 0.648943
1.77984 1.29313 -0 0.72872 0.648943
1.84508 1.19821 -0 0.750647 0.666105
2.10681 1.53069 0.04 0.739911 0.606977
1.84508 1.19821 -0 0.750647 0.666105
2.18404 1.41833 0.04 0.763655 0.622598
2.10681 1.53069 0.04 0.739911 0.606977
2.10681 1.53069 0.04 0.739911 0.606977
2.18404 1.41833 0.04 0.763655 0.622598
2.26862 1.64825 0.16 0.750802 0.576896
2.18404 1.41833 0.04 0.763655 0.622598
2.35177 1.52726 0.16 0.77636 0.591429
2.26862 1.64825 0.16 0.750802 0.576896
2.26862 1.64825 0.16 0.750802 0.576896
2.35177 1.52726 0.16 0.77636 0.591429
2.43042 1.7658 0.36 0.766343 0.537704
2.35177 1.52726 0.16 0.77636 0.591429
2.5195 1.63618 0.36 0.794597 0.550634
2.43042 1.7658 0.36 0.766343 0.537704
2.43042 1.7658 0.36 0.766343 0.537704
2.5195 1.63618 0.36 0.794597 0.550634
2.59222 1.88336 0.64 0.787345 0.487282
2.5195 1.63618 0.36 0.794597 0.550634
2.68724 1.74511 0.64 0.819458 0.497729
2.59222 1.88336 0.64 0.787345 0.487282
2.59222 1.88336 0.64 0.787345 0.487282
2.68724 1.74511 0.64 0.819458 0.497729
2.75403 2.00092 1 0.815304 0.422102
2.68724 1.74511 0.64 0.819458 0.497729
2.85497 1.85404 1 0.852949 0.428544
2.75403 2.00092 1 0.815304 0.422102
2.75403 2.00092 1 0.815304 0.422102
2.85497 1.85404 1 0.852949 0.428544
2.91583 2.11847 1.44 0.852771 0.33637
2.85497 1.85404 1 0.852949 0.428544
3.02271 1.96297 1.44 0.898552 0.33608
2.91583 2.11847 1.44 0.852771 0.33637
2.91583 2.11847 1.44 0.852771 0.33637
3.02271 1.96297 1.44 0.898552 0.33608
3.07763 2.23603 1.96 0.904147 0.22023
3.02271 1.96297 1.44 0.898552 0.33608
3.19044 2.0719 1.96 0.962481 0.208019
3.07763 2.23603 1.96 0.904147 0.22023
3.07763 2.23603 1.96 0.904147 0.22023
3.19044 2.0719 1.96 0.962481 0.208019
3.23944 2.35359 2.56 0.977497 0.0557494
0.155429 0.386803 -0 0.544955 0.997325
0.161803 0.386803 -0 0.546724 0.997214
0.310858 0.386803 -0 0.587885 0.994623
0.161803 0.386803 -0 0.546724 0.997214
0.323607 0.386803 -0 0.591387 0.994402
0.310858 0.386803 -0 0.587885 0.994623
0.310858 0.386803 -0 0.587885 0.994623
0.323607 0.386803 -0 0.591387 0.994402
0.466288 0.386803 -0 0.630393 0.991947
0.323607 0.386803 -0 0.591387 0.994402
0.48541 0.386803 -0 0.635594 0.99162
0.466288 0.386803 -0 0.630393 0.991947
0.466288 0.386803 -0 0.630393 0.991947
0.48541 0.386803 -0 0.635594 0.99162
0.621717 0.503456 -0 0.650702 0.91
0.48541 0.386803 -0 0.635594 0.99162
0.647214 0.470228 -0 0.662599 0.930188
0.621717 0.503456 -0 0.650702 0.91
0.621717 0.503456 -0 0.650702 0.91
0.647214 0.470228 -0 0.662599 0.930188
0.777146 0.62932 -0 0.66498 0.842193
0.647214 0.470228 -0 0.662599 0.930188
0.809017 0.587785 -0 0.67867 0.861829
0.777146 0.62932 -0 0.66498 0.842193
0.777146 0.62932 -0 0.66498 0.842193
0.809017 0.587785 -0 0.67867 0.861829
0.932575 0.755184 -0 0.676197 0.788918
0.809017 0.587785 -0 0.67867 0.861829
0.97082 0.705342 -0 0.691377 0.80778
0.932575 0.755184 -0 0.676197 0.788918
0.932575 0.755184 -0 0.676197 0.788918
0.97082 0.705342 -0 0.691377 0.80778
1.088 0.881049 -0 0.685244 0.745956
0.97082 0.705342 -0 0.691377 0.80778
1.13262 0.822899 -0 0.701677 0.763973
1.088 0.881049 -0 0.685244 0.745956
1.088 0.881049 -0 0.685244 0.745956
1.13262 0.822899 -0 0.701677 0.763973
1.24343 1.00691 -0 0.692693 0.710577
1.13262 0.822899 -0 0.701677 0.763973
1.29443 0.940456 -0 0.710193 0.727749
1.24343 1.00691 -0 0.692693 0.710577
1.24343 1.00691 -0 0.692693 0.710577
1.29443 0.940456 -0 0.710193 0.727749
1.39886 1.13278 -0 0.698935 0.680936
1.29443 0.940456 -0 0.710193 0.727749
1.45623 1.05801 -0 0.717353 0.697295
1.39886 1.13278 -0 0.698935 0.680936
1.39886 1.13278 -0 0.698935 0.680936
1.45623 1.05801 -0 0.717353 0.697295
1.55429 1.25864 -0 0.70424 0.655742
1.45623 1.05801 -0 0.717353 0.697295
1.61803 1.17557 -0 0.723456 0.671336
1.55429 1.25864 -0 0.70424 0.655742
1.55429 1.25864 -0 0.70424 0.655742
1.61803 1.17557 -0 0.723456 0.671336
1.70972 1.3845 -0 0.708804 0.634063
1.61803 1.17557 -0 0.723456 0.671336
1.77984 1.29313 -0 0.72872 0.648943
1.70972 1.3845 -0 0.708804 0.634063
1.70972 1.3845 -0 0.708804 0.634063
1.77984 1.29313 -0 0.72872 0.648943
2.02381 1.63885 0.04 0.718483 0.593503
1.77984 1.29313 -0 0.72872 0.648943
2.10681 1.53069 0.04 0.739911 0.606977
2.02381 1.63885 0.04 0.718483 0.593503
2.02381 1.63885 0.04 0.718483 0.593503
2.10681 1.53069 0.04 0.739911 0.606977
2.17924 1.76472 0.16 0.727879 0.564421
2.10681 1.53069 0.04 0.739911 0.606977
2.26862 1.64825 0.16 0.750802 0.576896
2.17924 1.76472 0.16 0.727879 0.564421
2.17924 1.76472 0.16 0.727879 0.564421
2.26862 1.64825 0.16 0.750802 0.576896
2.33467 1.89058 0.36 0.741218 0.52668
2.26862 1.64825 0.16 0.750802 0.576896
2.43042 1.7658 0.36 0.766343 0.537704
2.33467 1.89058 0.36 0.741218 0.52668
2.33467 1.89058 0.36 0.741218 0.52668
2.43042 1.7658 0.36 0.766343 0.537704
2.4901 2.01645 0.64 0.759113 0.478455
2.43042 1.7658 0.36 0.766343 0.537704
2.59222 1.88336 0.64 0.787345 0.487282
2.4901 2.01645 0.64 0.759113 0.478455
2.4901 2.01645 0.64 0.759113 0.478455
2.59222 1.88336 0.64 0.787345 0.487282
2.64553 2.14231 1 0.782702 0.41672
2.59222 1.88336 0.64 0.787345 0.487282
2.75403 2.00092 1 0.815304 0.422102
2.64553 2.14231 1 0.782702 0.41672
2.64553 2.14231 1 0.782702 0.41672
2.75403 2.00092 1 0.815304 0.422102
2.80096 2.26817 1.44 0.813893 0.336591
2.75403 2.00092 1 0.815304 0.422102
2.91583 2.11847 1.44 0.852771 0.33637
2.80096 2.26817 1.44 0.813893 0.336591
2.80096 2.26817 1.44 0.813893 0.336591
2.91583 2.11847 1.44 0.852771 0.33637
2.95639 2.39404 1.96 0.855904 0.229982
2.91583 2.11847 1.44 0.852771 0.33637
3.07763 2.23603 1.96 0.904147 0.22023
2.95639 2.39404 1.96 0.855904 0.229982
2.95639 2.39404 1.96 0.855904 0.229982
3.07763 2.23603 1.96 0.904147 0.22023
3.11182 2.5199 2.56 0.914401 0.0827446
3.07763 2.23603 1.96 0.904147 0.22023
3.23944 2.35359 2.56 0.977497 0.0557494
3.11182 2.5199 2.56 0.914401 0.0827446
0.148629 0.386803 -0 0.543067 0.997444
0.155429 0.386803 -0 0.544955 0.997325
0.297258 0.386803 -0 0.584146 0.994858
0.155429 0.386803 -0 0.544955 0.997325
0.310858 0.386803 -0 0.587885 0.994623
0.297258 0.386803 -0 0.584146 0.994858
0.297258 0.386803 -0 0.584146 0.994858
0.310858 0.386803 -0 0.587885 0.994623
0.445887 0.401478 -0 0.622578 0.981012
0.310858 0.386803 -0 0.587885 0.994623
0.466288 0.386803 -0 0.630393 0.991947
0.445887 0.401478 -0 0.622578 0.981012
0.445887 0.401478 -0 0.622578 0.981012
0.466288 0.386803 -0 0.630393 0.991947
0.594516 0.535304 -0 0.639402 0.891937
0.466288 0.386803 -0 0.630393 0.991947
0.621717 0.503456 -0 0.650702 0.91
0.594516 0.535304 -0 0.639402 0.891937
0.594516 0.535304 -0 0.639402 0.891937
0.621717 0.503456 -0 0.650702 0.91
0.743145 0.669131 -0 0.652095 0.824739
0.621717 0.503456 -0 0.650702 0.91
0.777146 0.62932 -0 0.66498 0.842193
0.743145 0.669131 -0 0.652095 0.824739
0.743145 0.669131 -0 0.652095 0.824739
0.777146 0.62932 -0 0.66498 0.842193
0.891774 0.802957 -0 0.66201 0.77224
0.777146 0.62932 -0 0.66498 0.842193
0.932575 0.755184 -0 0.676197 0.788918
0.891774 0.802957 -0 0.66201 0.77224
0.891774 0.802957 -0 0.66201 0.77224
0.932575 0.755184 -0 0.676197 0.788918
1.0404 0.936783 -0 0.669971 0.730092
0.932575 0.755184 -0 0.676197 0.788918
1.088 0.881049 -0 0.685244 0.745956
1.0404 0.936783 -0 0.669971 0.730092
1.0404 0.936783 -0 0.669971 0.730092
1.088 0.881049 -0 0.685244 0.745956
1.18903 1.07061 -0 0.676503 0.695509
1.088 0.881049 -0 0.685244 0.745956
1.24343 1.00691 -0 0.692693 0.710577
1.18903 1.07061 -0 0.676503 0.695509
1.18903 1.07061 -0 0.676503 0.695509
1.24343 1.00691 -0 0.692693 0.710577
1.33766 1.20444 -0 0.681959 0.666622
1.24343 1.00691 -0 0.692693 0.710577
1.39886 1.13278 -0 0.698935 0.680936
1.33766 1.20444 -0 0.681959 0.666622
1.33766 1.20444 -0 0.681959 0.666622
1.39886 1.13278 -0 0.698935 0.680936
1.48629 1.33826 -0 0.686585 0.642131
1.39886 1.13278 -0 0.698935 0.680936
1.55429 1.25864 -0 0.70424 0.655742
1.48629 1.33826 -0 0.686585 0.642131
1.48629 1.33826 -0 0.686585 0.642131
1.55429 1.25864 -0 0.70424 0.655742
1.63492 1.47209 -0 0.690557 0.621103
1.55429 1.25864 -0 0.70424 0.655742
1.70972 1.3845 -0 0.708804 0.634063
1.63492 1.47209 -0 0.690557 0.621103
1.63492 1.47209 -0 0.690557 0.621103
1.70972 1.3845 -0 0.708804 0.634063
1.93527 1.74253 0.04 0.698962 0.581817
1.70972 1.3845 -0 0.708804 0.634063
2.02381 1.63885 0.04 0.718483 0.593503
1.93527 1.74253 0.04 0.698962 0.581817
1.93527 1.74253 0.04 0.698962 0.581817
2.02381 1.63885 0.04 0.718483 0.593503
2.0839 1.87635 0.16 0.707107 0.553647
2.02381 1.63885 0.04 0.718483 0.593503
2.17924 1.76472 0.16 0.727879 0.564421
2.0839 1.87635 0.16 0.707107 0.553647
2.0839 1.87635 0.16 0.707107 0.553647
2.17924 1.76472 0.16 0.727879 0.564421
2.23253 2.01018 0.36 0.718622 0.517214
2.17924 1.76472 0.16 0.727879 0.564421
2.33467 1.89058 0.36 0.741218 0.52668
2.23253 2.01018 0.36 0.718622 0.517214
2.23253 2.01018 0.36 0.718622 0.517214
2.33467 1.89058 0.36 0.741218 0.52668
2.38116 2.144 0.64 0.733975 0.470933
2.33467 1.89058 0.36 0.741218 0.52668
2.4901 2.01645 0.64 0.759113 0.478455
2.38116 2.144 0.64 0.733975 0.470933
2.38116 2.144 0.64 0.733975 0.470933
2.4901 2.01645 0.64 0.759113 0.478455
2.52979 2.27783 1 0.754043 0.412176
2.4901 2.01645 0.64 0.759113 0.478455
2.64553 2.14231 1 0.782702 0.41672
2.52979 2.27783 1 0.754043 0.412176
2.52979 2.27783 1 0.754043 0.412176
2.64553 2.14231 1 0.782702 0.41672
2.67842 2.41166 1.44 0.780285 0.336758
2.64553 2.14231 1 0.782702 0.41672
2.80096 2.26817 1.44 0.813893 0.336591
2.67842 2.41166 1.44 0.780285 0.336758
2.67842 2.41166 1.44 0.780285 0.336758
2.80096 2.26817 1.44 0.813893 0.336591
2.82704 2.54548 1.96 0.815107 0.237904
2.80096 2.26817 1.44 0.813893 0.336591
2.95639 2.39404 1.96 0.855904 0.229982
2.82704 2.54548 1.96 0.815107 0.237904
2.82704 2.54548 1.96 0.815107 0.237904
2.95639 2.39404 1.96 0.855904 0.229982
2.97567 2.67931 2.56 0.862624 0.104132
2.95639 2.39404 1.96 0.855904 0.229982
3.11182 2.5199 2.56 0.914401 0.0827446
2.97567 2.67931 2.56 0.862624 0.104132
0.141421 0.386803 -0 0.541065 0.99757
0.148629 0.386803 -0 0.543067 0.997444
0.282843 0.386803 -0 0.580178 0.995108
0.148629 0.386803 -0 0.543067 0.997444
0.297258 0.386803 -0 0.584146 0.994858
0.282843 0.386803 -0 0.580178 0.995108
0.282843 0.386803 -0 0.580178 0.995108
0.297258 0.386803 -0 0.584146 0.994858
0.424264 0.424264 -0 0.613576 0.964583
0.297258 0.386803 -0 0.584146 0.994858
0.445887 0.401478 -0 0.622578 0.981012
0.424264 0.424264 -0 0.613576 0.964583
0.424264 0.424264 -0 0.613576 0.964583
0.445887 0.401478 -0 0.622578 0.981012
0.565685 0.565685 -0 0.628627 0.875772
0.445887 0.401478 -0 0.622578 0.981012
0.594516 0.535304 -0 0.639402 0.891937
0.565685 0.565685 -0 0.628627 0.875772
0.565685 0.565685 -0 0.628627 0.875772
0.594516 0.535304 -0 0.639402 0.891937
0.707107 0.707107 -0 0.639906 0.809212
0.594516 0.535304 -0 0.639402 0.891937
0.743145 0.669131 -0 0.652095 0.824739
0.707107 0.707107 -0 0.639906 0.809212
0.707107 0.707107 -0 0.639906 0.809212
0.743145 0.669131 -0 0.652095 0.824739
0.848528 0.848528 -0 0.648675 0.757471
0.743145 0.669131 -0 0.652095 0.824739
0.891774 0.802957 -0 0.66201 0.77224
0.848528 0.848528 -0 0.648675 0.757471
0.848528 0.848528 -0 0.648675 0.757471
0.891774 0.802957 -0 0.66201 0.77224
0.98995 0.98995 -0 0.655687 0.716096
0.891774 0.802957 -0 0.66201 0.77224
1.0404 0.936783 -0 0.669971 0.730092
0.98995 0.98995 -0 0.655687 0.716096
0.98995 0.98995 -0 0.655687 0.716096
1.0404 0.936783 -0 0.669971 0.730092
1.13137 1.13137 -0 0.661422 0.682255
1.0404 0.936783 -0 0.669971 0.730092
1.18903 1.07061 -0 0.676503 0.695509
1.13137 1.13137 -0 0.661422 0.682255
1.13137 1.13137 -0 0.661422 0.682255
1.18903 1.07061 -0 0.676503 0.695509
1.27279 1.27279 -0 0.666199 0.654062
1.18903 1.07061 -0 0.676503 0.695509
1.33766 1.20444 -0 0.681959 0.666622
1.27279 1.27279 -0 0.666199 0.654062
1.27279 1.27279 -0 0.666199 0.654062
1.33766 1.20444 -0 0.681959 0.666622
1.41421 1.41421 -0 0.670241 0.630213
1.33766 1.20444 -0 0.681959 0.666622
1.48629 1.33826 -0 0.686585 0.642131
1.41421 1.41421 -0 0.670241 0.630213
1.41421 1.41421 -0 0.670241 0.630213
1.48629 1.33826 -0 0.686585 0.642131
1.55563 1.55563 -0 0.673705 0.609774
1.48629 1.33826 -0 0.686585 0.642131
1.63492 1.47209 -0 0.690557 0.621103
1.55563 1.55563 -0 0.673705 0.609774
1.55563 1.55563 -0 0.673705 0.609774
1.63492 1.47209 -0 0.690557 0.621103
1.84142 1.84142 0.04 0.681024 0.571641
1.63492 1.47209 -0 0.690557 0.621103
1.93527 1.74253 0.04 0.698962 0.581817
1.84142 1.84142 0.04 0.681024 0.571641
1.84142 1.84142 0.04 0.681024 0.571641
1.93527 1.74253 0.04 0.698962 0.581817
1.98284 1.98284 0.16 0.68811 0.544298
1.93527 1.74253 0.04 0.698962 0.581817
2.0839 1.87635 0.16 0.707107 0.553647
1.98284 1.98284 0.16 0.68811 0.544298
1.98284 1.98284 0.16 0.68811 0.544298
2.0839 1.87635 0.16 0.707107 0.553647
2.12426 2.12426 0.36 0.698094 0.509041
2.0839 1.87635 0.16 0.707107 0.553647
2.23253 2.01018 0.36 0.718622 0.517214
2.12426 2.12426 0.36 0.698094 0.509041
2.12426 2.12426 0.36 0.698094 0.509041
2.23253 2.01018 0.36 0.718622 0.517214
2.26569 2.26569 0.64 0.711335 0.46448
2.23253 2.01018 0.36 0.718622 0.517214
2.38116 2.144 0.64 0.733975 0.470933
2.26569 2.26569 0.64 0.711335 0.46448
2.26569 2.26569 0.64 0.711335 0.46448
2.38116 2.144 0.64 0.733975 0.470933
2.40711 2.40711 1 0.728518 0.408306
2.38116 2.144 0.64 0.733975 0.470933
2.52979 2.27783 1 0.754043 0.412176
2.40711 2.40711 1 0.728518 0.408306
2.40711 2.40711 1 0.728518 0.408306
2.52979 2.27783 1 0.754043 0.412176
2.54853 2.54853 1.44 0.750778 0.336881
2.52979 2.27783 1 0.754043 0.412176
2.67842 2.41166 1.44 0.780285 0.336758
2.54853 2.54853 1.44 0.750778 0.336881
2.54853 2.54853 1.44 0.750778 0.336881
2.67842 2.41166 1.44 0.780285 0.336758
2.68995 2.68995 1.96 0.779952 0.244425
2.67842 2.41166 1.44 0.780285 0.336758
2.82704 2.54548 1.96 0.815107 0.237904
2.68995 2.68995 1.96 0.779952 0.244425
2.68995 2.68995 1.96 0.779952 0.244425
2.82704 2.54548 1.96 0.815107 0.237904
2.83137 2.83137 2.56 0.819104 0.121393
2.82704 2.54548 1.96 0.815107 0.237904
2.97567 2.67931 2.56 0.862624 0.104132
2.83137 2.83137 2.56 0.819104 0.121393
0.133826 0.386803 -0 0.538955 0.997703
0.141421 0.386803 -0 0.541065 0.99757
0.267652 0.386803 -0 0.575994 0.995371
0.141421 0.386803 -0 0.541065 0.99757
0.282843 0.386803 -0 0.580178 0.995108
0.267652 0.386803 -0 0.575994 0.995371
0.267652 0.386803 -0 0.575994 0.995371
0.282843 0.386803 -0 0.580178 0.995108
0.401478 0.445887 -0 0.60487 0.949785
0.282843 0.386803 -0 0.580178 0.995108
0.424264 0.424264 -0 0.613576 0.964583
0.401478 0.445887 -0 0.60487 0.949785
0.401478 0.445887 -0 0.60487 0.949785
0.424264 0.424264 -0 0.613576 0.964583
0.535304 0.594516 -0 0.61831 0.861314
0.424264 0.424264 -0 0.613576 0.964583
0.565685 0.565685 -0 0.628627 0.875772
0.535304 0.594516 -0 0.61831 0.861314
0.535304 0.594516 -0 0.61831 0.861314
0.565685 0.565685 -0 0.628627 0.875772
0.669131 0.743145 -0 0.628323 0.795397
0.565685 0.565685 -0 0.628627 0.875772
0.707107 0.707107 -0 0.639906 0.809212
0.669131 0.743145 -0 0.628323 0.795397
0.669131 0.743145 -0 0.628323 0.795397
0.707107 0.707107 -0 0.639906 0.809212
0.802957 0.891774 -0 0.636072 0.744383
0.707107 0.707107 -0 0.639906 0.809212
0.848528 0.848528 -0 0.648675 0.757471
0.802957 0.891774 -0 0.636072 0.744383
0.802957 0.891774 -0 0.636072 0.744383
0.848528 0.848528 -0 0.648675 0.757471
0.936783 1.0404 -0 0.642247 0.703733
0.848528 0.848528 -0 0.648675 0.757471
0.98995 0.98995 -0 0.655687 0.716096
0.936783 1.0404 -0 0.642247 0.703733
0.936783 1.0404 -0 0.642247 0.703733
0.98995 0.98995 -0 0.655687 0.716096
1.07061 1.18903 -0 0.647284 0.670578
0.98995 0.98995 -0 0.655687 0.716096
1.13137 1.13137 -0 0.661422 0.682255
1.07061 1.18903 -0 0.647284 0.670578
1.07061 1.18903 -0 0.647284 0.670578
1.13137 1.13137 -0 0.661422 0.682255
1.20444 1.33766 -0 0.65147 0.643022
1.13137 1.13137 -0 0.661422 0.682255
1.27279 1.27279 -0 0.666199 0.654062
1.20444 1.33766 -0 0.65147 0.643022
1.20444 1.33766 -0 0.65147 0.643022
1.27279 1.27279 -0 0.666199 0.654062
1.33826 1.48629 -0 0.655004 0.619756
1.27279 1.27279 -0 0.666199 0.654062
1.41421 1.41421 -0 0.670241 0.630213
1.33826 1.48629 -0 0.655004 0.619756
1.33826 1.48629 -0 0.655004 0.619756
1.41421 1.41421 -0 0.670241 0.630213
1.47209 1.63492 -0 0.658028 0.59985
1.41421 1.41421 -0 0.670241 0.630213
1.55563 1.55563 -0 0.673705 0.609774
1.47209 1.63492 -0 0.658028 0.59985
1.47209 1.63492 -0 0.658028 0.59985
1.55563 1.55563 -0 0.673705 0.609774
1.74253 1.93527 0.04 0.664412 0.562755
1.55563 1.55563 -0 0.673705 0.609774
1.84142 1.84142 0.04 0.681024 0.571641
1.74253 1.93527 0.04 0.664412 0.562755
1.74253 1.93527 0.04 0.664412 0.562755
1.84142 1.84142 0.04 0.681024 0.571641
1.87635 2.0839 0.16 0.670591 0.536159
1.84142 1.84142 0.04 0.681024 0.571641
1.98284 1.98284 0.16 0.68811 0.544298
1.87635 2.0839 0.16 0.670591 0.536159
1.87635 2.0839 0.16 0.670591 0.536159
1.98284 1.98284 0.16 0.68811 0.544298
2.01018 2.23253 0.36 0.679272 0.501955
1.98284 1.98284 0.16 0.68811 0.544298
2.12426 2.12426 0.36 0.698094 0.509041
2.01018 2.23253 0.36 0.679272 0.501955
2.01018 2.23253 0.36 0.679272 0.501955
2.12426 2.12426 0.36 0.698094 0.509041
2.144 2.38116 0.64 0.690734 0.458914
2.12426 2.12426 0.36 0.698094 0.509041
2.26569 2.26569 0.64 0.711335 0.46448
2.144 2.38116 0.64 0.690734 0.458914
2.144 2.38116 0.64 0.690734 0.458914
2.26569 2.26569 0.64 0.711335 0.46448
2.27783 2.52979 1 0.705519 0.404987
2.26569 2.26569 0.64 0.711335 0.46448
2.40711 2.40711 1 0.728518 0.408306
2.27783 2.52979 1 0.705519 0.404987
2.27783 2.52979 1 0.705519 0.404987
2.40711 2.40711 1 0.728518 0.408306
2.41166 2.67842 1.44 0.724519 0.336969
2.40711 2.40711 1 0.728518 0.408306
2.54853 2.54853 1.44 0.750778 0.336881
2.41166 2.67842 1.44 0.724519 0.336969
2.41166 2.67842 1.44 0.724519 0.336969
2.54853 2.54853 1.44 0.750778 0.336881
2.54548 2.82704 1.96 0.749162 0.249847
2.54853 2.54853 1.44 0.750778 0.336881
2.68995 2.68995 1.96 0.779952 0.244425
2.54548 2.82704 1.96 0.749162 0.249847
2.54548 2.82704 1.96 0.749162 0.249847
2.68995 2.68995 1.96 0.779952 0.244425
2.67931 2.97567 2.56 0.781778 0.135521
2.68995 2.68995 1.96 0.779952 0.244425
2.83137 2.83137 2.56 0.819104 0.121393
2.67931 2.97567 2.56 0.781778 0.135521
0.125864 0.386803 -0 0.536741 0.997842
0.133826 0.386803 -0 0.538955 0.997703
0.251728 0.386803 -0 0.571603 0.995648
0.133826 0.386803 -0 0.538955 0.997703
0.267652 0.386803 -0 0.575994 0.995371
0.251728 0.386803 -0 0.571603 0.995648
0.251728 0.386803 -0 0.571603 0.995648
0.267652 0.386803 -0 0.575994 0.995371
0.377592 0.466288 -0 0.596429 0.936484
0.267652 0.386803 -0 0.575994 0.995371
0.401478 0.445887 -0 0.60487 0.949785
0.377592 0.466288 -0 0.596429 0.936484
0.377592 0.466288 -0 0.596429 0.936484
0.401478 0.445887 -0 0.60487 0.949785
0.503456 0.621717 -0 0.608395 0.8484
0.401478 0.445887 -0 0.60487 0.949785
0.535304 0.594516 -0 0.61831 0.861314
0.503456 0.621717 -0 0.608395 0.8484
0.503456 0.621717 -0 0.608395 0.8484
0.535304 0.594516 -0 0.61831 0.861314
0.62932 0.777146 -0 0.617265 0.783114
0.535304 0.594516 -0 0.61831 0.861314
0.669131 0.743145 -0 0.628323 0.795397
0.62932 0.777146 -0 0.617265 0.783114
0.62932 0.777146 -0 0.617265 0.783114
0.669131 0.743145 -0 0.628323 0.795397
0.755184 0.932575 -0 0.624102 0.732789
0.669131 0.743145 -0 0.628323 0.795397
0.802957 0.891774 -0 0.636072 0.744383
0.755184 0.932575 -0 0.624102 0.732789
0.755184 0.932575 -0 0.624102 0.732789
0.802957 0.891774 -0 0.636072 0.744383
0.881049 1.088 -0 0.629533 0.692811
0.802957 0.891774 -0 0.636072 0.744383
0.936783 1.0404 -0 0.642247 0.703733
0.881049 1.088 -0 0.629533 0.692811
0.881049 1.088 -0 0.629533 0.692811
0.936783 1.0404 -0 0.642247 0.703733
1.00691 1.24343 -0 0.633952 0.660287
0.936783 1.0404 -0 0.642247 0.703733
1.07061 1.18903 -0 0.647284 0.670578
1.00691 1.24343 -0 0.633952 0.660287
1.00691 1.24343 -0 0.633952 0.660287
1.07061 1.18903 -0 0.647284 0.670578
1.13278 1.39886 -0 0.637617 0.633309
1.07061 1.18903 -0 0.647284 0.670578
1.20444 1.33766 -0 0.65147 0.643022
1.13278 1.39886 -0 0.637617 0.633309
1.13278 1.39886 -0 0.637617 0.633309
1.20444 1.33766 -0 0.65147 0.643022
1.25864 1.55429 -0 0.640706 0.610571
1.20444 1.33766 -0 0.65147 0.643022
1.33826 1.48629 -0 0.655004 0.619756
1.25864 1.55429 -0 0.640706 0.610571
1.25864 1.55429 -0 0.640706 0.610571
1.33826 1.48629 -0 0.655004 0.619756
1.3845 1.70972 -0 0.643345 0.591145
1.33826 1.48629 -0 0.655004 0.619756
1.47209 1.63492 -0 0.658028 0.59985
1.3845 1.70972 -0 0.643345 0.591145
1.3845 1.70972 -0 0.643345 0.591145
1.47209 1.63492 -0 0.658028 0.59985
1.63885 2.02381 0.04 0.648915 0.554983
1.47209 1.63492 -0 0.658028 0.59985
1.74253 1.93527 0.04 0.664412 0.562755
1.63885 2.02381 0.04 0.648915 0.554983
1.63885 2.02381 0.04 0.648915 0.554983
1.74253 1.93527 0.04 0.664412 0.562755
1.76472 2.17924 0.16 0.654309 0.529058
1.74253 1.93527 0.04 0.664412 0.562755
1.87635 2.0839 0.16 0.670591 0.536159
1.76472 2.17924 0.16 0.654309 0.529058
1.76472 2.17924 0.16 0.654309 0.529058
1.87635 2.0839 0.16 0.670591 0.536159
1.89058 2.33467 0.36 0.66187 0.495795
1.87635 2.0839 0.16 0.670591 0.536159
2.01018 2.23253 0.36 0.679272 0.501955
1.89058 2.33467 0.36 0.66187 0.495795
1.89058 2.33467 0.36 0.66187 0.495795
2.01018 2.23253 0.36 0.679272 0.501955
2.01645 2.4901 0.64 0.671815 0.454097
2.01018 2.23253 0.36 0.679272 0.501955
2.144 2.38116 0.64 0.690734 0.458914
2.01645 2.4901 0.64 0.671815 0.454097
2.01645 2.4901 0.64 0.671815 0.454097
2.144 2.38116 0.64 0.690734 0.458914
2.14231 2.64553 1 0.684576 0.402126
2.144 2.38116 0.64 0.690734 0.458914
2.27783 2.52979 1 0.705519 0.404987
2.14231 2.64553 1 0.684576 0.402126
2.14231 2.64553 1 0.684576 0.402126
2.27783 2.52979 1 0.705519 0.404987
2.26817 2.80096 1.44 0.700865 0.337028
2.27783 2.52979 1 0.705519 0.404987
2.41166 2.67842 1.44 0.724519 0.336969
2.26817 2.80096 1.44 0.700865 0.337028
2.26817 2.80096 1.44 0.700865 0.337028
2.41166 2.67842 1.44 0.724519 0.336969
2.39404 2.95639 1.96 0.721805 0.254388
2.41166 2.67842 1.44 0.724519 0.336969
2.54548 2.82704 1.96 0.749162 0.249847
2.39404 2.95639 1.96 0.721805 0.254388
2.39404 2.95639 1.96 0.721805 0.254388
2.54548 2.82704 1.96 0.749162 0.249847
2.5199 3.11182 2.56 0.749201 0.147207
2.54548 2.82704 1.96 0.749162 0.249847
2.67931 2.97567 2.56 0.781778 0.135521
2.5199 3.11182 2.56 0.749201 0.147207
2.5199 3.11182 2.56 0.749201 0.147207
2.67931 2.97567 2.56 0.781778 0.135521
2.64577 3.26725 3.24 0.786069 0.00383861
0.117557 0.386803 -0 0.53443 0.997987
0.125864 0.386803 -0 0.536741 0.997842
0.235114 0.386803 -0 0.567017 0.995936
0.125864 0.386803 -0 0.536741 0.997842
0.251728 0.386803 -0 0.571603 0.995648
0.235114 0.386803 -0 0.567017 0.995936
0.235114 0.386803 -0 0.567017 0.995936
0.251728 0.386803 -0 0.571603 0.995648
0.352671 0.48541 -0 0.588222 0.924566
0.251728 0.386803 -0 0.571603 0.995648
0.377592 0.466288 -0 0.596429 0.936484
0.352671 0.48541 -0 0.588222 0.924566
0.352671 0.48541 -0 0.588222 0.924566
0.377592 0.466288 -0 0.596429 0.936484
0.470228 0.647214 -0 0.598835 0.836893
0.377592 0.466288 -0 0.596429 0.936484
0.503456 0.621717 -0 0.608395 0.8484
0.470228 0.647214 -0 0.598835 0.836893
0.470228 0.647214 -0 0.598835 0.836893
0.503456 0.621717 -0 0.608395 0.8484
0.587785 0.809017 -0 0.606664 0.772214
0.503456 0.621717 -0 0.608395 0.8484
0.62932 0.777146 -0 0.617265 0.783114
0.587785 0.809017 -0 0.606664 0.772214
0.587785 0.809017 -0 0.606664 0.772214
0.62932 0.777146 -0 0.617265 0.783114
0.705342 0.97082 -0 0.612678 0.722533
0.62932 0.777146 -0 0.617265 0.783114
0.755184 0.932575 -0 0.624102 0.732789
0.705342 0.97082 -0 0.612678 0.722533
0.705342 0.97082 -0 0.612678 0.722533
0.755184 0.932575 -0 0.624102 0.732789
0.822899 1.13262 -0 0.617443 0.683174
0.755184 0.932575 -0 0.624102 0.732789
0.881049 1.088 -0 0.629533 0.692811
0.822899 1.13262 -0 0.617443 0.683174
0.822899 1.13262 -0 0.617443 0.683174
0.881049 1.088 -0 0.629533 0.692811
0.940456 1.29443 -0 0.62131 0.651223
0.881049 1.088 -0 0.629533 0.692811
1.00691 1.24343 -0 0.633952 0.660287
0.940456 1.29443 -0 0.62131 0.651223
0.940456 1.29443 -0 0.62131 0.651223
1.00691 1.24343 -0 0.633952 0.660287
1.05801 1.45623 -0 0.624512 0.624769
1.00691 1.24343 -0 0.633952 0.660287
1.13278 1.39886 -0 0.637617 0.633309
1.05801 1.45623 -0 0.624512 0.624769
1.05801 1.45623 -0 0.624512 0.624769
1.13278 1.39886 -0 0.637617 0.633309
1.17557 1.61803 -0 0.627208 0.602506
1.13278 1.39886 -0 0.637617 0.633309
1.25864 1.55429 -0 0.640706 0.610571
1.17557 1.61803 -0 0.627208 0.602506
1.17557 1.61803 -0 0.627208 0.602506
1.25864 1.55429 -0 0.640706 0.610571
1.29313 1.77984 -0 0.629507 0.583511
1.25864 1.55429 -0 0.640706 0.610571
1.3845 1.70972 -0 0.643345 0.591145
1.29313 1.77984 -0 0.629507 0.583511
1.29313 1.77984 -0 0.629507 0.583511
1.3845 1.70972 -0 0.643345 0.591145
1.53069 2.10681 0.04 0.634361 0.548182
1.3845 1.70972 -0 0.643345 0.591145
1.63885 2.02381 0.04 0.648915 0.554983
1.53069 2.10681 0.04 0.634361 0.548182
1.53069 2.10681 0.04 0.634361 0.548182
1.63885 2.02381 0.04 0.648915 0.554983
1.64825 2.26862 0.16 0.639068 0.522858
1.63885 2.02381 0.04 0.648915 0.554983
1.76472 2.17924 0.16 0.654309 0.529058
1.64825 2.26862 0.16 0.639068 0.522858
1.64825 2.26862 0.16 0.639068 0.522858
1.76472 2.17924 0.16 0.654309 0.529058
1.7658 2.43042 0.36 0.645654 0.490432
1.76472 2.17924 0.16 0.654309 0.529058
1.89058 2.33467 0.36 0.66187 0.495795
1.7658 2.43042 0.36 0.645654 0.490432
1.7658 2.43042 0.36 0.645654 0.490432
1.89058 2.33467 0.36 0.66187 0.495795
1.88336 2.59222 0.64 0.65429 0.449918
1.89058 2.33467 0.36 0.66187 0.495795
2.01645 2.4901 0.64 0.671815 0.454097
1.88336 2.59222 0.64 0.65429 0.449918
1.88336 2.59222 0.64 0.65429 0.449918
2.01645 2.4901 0.64 0.671815 0.454097
2.00092 2.75403 1 0.665323 0.399652
2.01645 2.4901 0.64 0.671815 0.454097
2.14231 2.64553 1 0.684576 0.402126
2.00092 2.75403 1 0.665323 0.399652
2.00092 2.75403 1 0.665323 0.399652
2.14231 2.64553 1 0.684576 0.402126
2.11847 2.91583 1.44 0.679324 0.337061
2.14231 2.64553 1 0.684576 0.402126
2.26817 2.80096 1.44 0.700865 0.337028
2.11847 2.91583 1.44 0.679324 0.337061
2.11847 2.91583 1.44 0.679324 0.337061
2.26817 2.80096 1.44 0.700865 0.337028
2.23603 3.07763 1.96 0.697188 0.258208
2.26817 2.80096 1.44 0.700865 0.337028
2.39404 2.95639 1.96 0.721805 0.254388
2.23603 3.07763 1.96 0.697188 0.258208
2.23603 3.07763 1.96 0.697188 0.258208
2.39404 2.95639 1.96 0.721805 0.254388
2.35359 3.23944 2.56 0.720332 0.156946
2.39404 2.95639 1.96 0.721805 0.254388
2.5199 3.11182 2.56 0.749201 0.147207
2.35359 3.23944 2.56 0.720332 0.156946
2.35359 3.23944 2.56 0.720332 0.156946
2.5199 3.11182 2.56 0.749201 0.147207
2.47115 3.40124 3.24 0.751077 0.0232556
2.5199 3.11182 2.56 0.749201 0.147207
2.64577 3.26725 3.24 0.786069 0.00383861
2.47115 3.40124 3.24 0.751077 0.0232556
0.108928 0.386803 -0 0.532029 0.998139
0.117557 0.386803 -0 0.53443 0.997987
0.217856 0.386803 -0 0.562249 0.996236
0.117557 0.386803 -0 0.53443 0.997987
0.235114 0.386803 -0 0.567017 0.995936
0.217856 0.386803 -0 0.562249 0.996236
0.217856 0.386803 -0 0.562249 0.996236
0.235114 0.386803 -0 0.567017 0.995936
0.326783 0.503202 -0 0.580223 0.91393
0.235114 0.386803 -0 0.567017 0.995936
0.352671 0.48541 -0 0.588222 0.924566
0.326783 0.503202 -0 0.580223 0.91393
0.326783 0.503202 -0 0.580223 0.91393
0.352671 0.48541 -0 0.588222 0.924566
0.435711 0.670936 -0 0.589584 0.826674
0.352671 0.48541 -0 0.588222 0.924566
0.470228 0.647214 -0 0.598835 0.836893
0.435711 0.670936 -0 0.589584 0.826674
0.435711 0.670936 -0 0.589584 0.826674
0.470228 0.647214 -0 0.598835 0.836893
0.544639 0.838671 -0 0.596461 0.76257
0.470228 0.647214 -0 0.598835 0.836893
0.587785 0.809017 -0 0.606664 0.772214
0.544639 0.838671 -0 0.596461 0.76257
0.544639 0.838671 -0 0.596461 0.76257
0.587785 0.809017 -0 0.606664 0.772214
0.653567 1.0064 -0 0.601727 0.713482
0.587785 0.809017 -0 0.606664 0.772214
0.705342 0.97082 -0 0.612678 0.722533
0.653567 1.0064 -0 0.601727 0.713482
0.653567 1.0064 -0 0.601727 0.713482
0.705342 0.97082 -0 0.612678 0.722533
0.762495 1.17414 -0 0.605889 0.674688
0.705342 0.97082 -0 0.612678 0.722533
0.822899 1.13262 -0 0.617443 0.683174
0.762495 1.17414 -0 0.605889 0.674688
0.762495 1.17414 -0 0.605889 0.674688
0.822899 1.13262 -0 0.617443 0.683174
0.871422 1.34187 -0 0.609261 0.643257
0.822899 1.13262 -0 0.617443 0.683174
0.940456 1.29443 -0 0.62131 0.651223
0.871422 1.34187 -0 0.609261 0.643257
0.871422 1.34187 -0 0.609261 0.643257
0.940456 1.29443 -0 0.62131 0.651223
0.98035 1.50961 -0 0.612049 0.617274
0.940456 1.29443 -0 0.62131 0.651223
1.05801 1.45623 -0 0.624512 0.624769
0.98035 1.50961 -0 0.612049 0.617274
0.98035 1.50961 -0 0.612049 0.617274
1.05801 1.45623 -0 0.624512 0.624769
1.08928 1.67734 -0 0.614391 0.595435
1.05801 1.45623 -0 0.624512 0.624769
1.17557 1.61803 -0 0.627208 0.602506
1.08928 1.67734 -0 0.614391 0.595435
1.08928 1.67734 -0 0.614391 0.595435
1.17557 1.61803 -0 0.627208 0.602506
1.19821 1.84508 -0 0.616388 0.576823
1.17557 1.61803 -0 0.627208 0.602506
1.29313 1.77984 -0 0.629507 0.583511
1.19821 1.84508 -0 0.616388 0.576823
1.19821 1.84508 -0 0.616388 0.576823
1.29313 1.77984 -0 0.629507 0.583511
1.41833 2.18404 0.04 0.620606 0.542236
1.29313 1.77984 -0 0.629507 0.583511
1.53069 2.10681 0.04 0.634361 0.548182
1.41833 2.18404 0.04 0.620606 0.542236
1.41833 2.18404 0.04 0.620606 0.542236
1.53069 2.10681 0.04 0.634361 0.548182
1.52726 2.35177 0.16 0.624706 0.517448
1.53069 2.10681 0.04 0.634361 0.548182
1.64825 2.26862 0.16 0.639068 0.522858
1.52726 2.35177 0.16 0.624706 0.517448
1.52726 2.35177 0.16 0.624706 0.517448
1.64825 2.26862 0.16 0.639068 0.522858
1.63618 2.5195 0.36 0.630436 0.485764
1.64825 2.26862 0.16 0.639068 0.522858
1.7658 2.43042 0.36 0.645654 0.490432
1.63618 2.5195 0.36 0.630436 0.485764
1.63618 2.5195 0.36 0.630436 0.485764
1.7658 2.43042 0.36 0.645654 0.490432
1.74511 2.68724 0.64 0.637929 0.446291
1.7658 2.43042 0.36 0.645654 0.490432
1.88336 2.59222 0.64 0.65429 0.449918
1.74511 2.68724 0.64 0.637929 0.446291
1.74511 2.68724 0.64 0.637929 0.446291
1.88336 2.59222 0.64 0.65429 0.449918
1.85404 2.85497 1 0.647466 0.397507
1.88336 2.59222 0.64 0.65429 0.449918
2.00092 2.75403 1 0.665323 0.399652
1.85404 2.85497 1 0.647466 0.397507
1.85404 2.85497 1 0.647466 0.397507
2.00092 2.75403 1 0.665323 0.399652
1.96297 3.02271 1.44 0.65951 0.337072
2.00092 2.75403 1 0.665323 0.399652
2.11847 2.91583 1.44 0.679324 0.337061
1.96297 3.02271 1.44 0.65951 0.337072
1.96297 3.02271 1.44 0.65951 0.337072
2.11847 2.91583 1.44 0.679324 0.337061
2.0719 3.19044 1.96 0.674779 0.26143
2.11847 2.91583 1.44 0.679324 0.337061
2.23603 3.07763 1.96 0.697188 0.258208
2.0719 3.19044 1.96 0.674779 0.26143
2.0719 3.19044 1.96 0.674779 0.26143
2.23603 3.07763 1.96 0.697188 0.258208
2.18082 3.35817 2.56 0.694398 0.165102
2.23603 3.07763 1.96 0.697188 0.258208
2.35359 3.23944 2.56 0.720332 0.156946
2.18082 3.35817 2.56 0.694398 0.165102
2.18082 3.35817 2.56 0.694398 0.165102
2.35359 3.23944 2.56 0.720332 0.156946
2.28975 3.52591 3.24 0.720179 0.0393111
2.35359 3.23944 2.56 0.720332 0.156946
2.47115 3.40124 3.24 0.751077 0.0232556
2.28975 3.52591 3.24 0.720179 0.0393111
0.1 0.386803 -0 0.529542 0.998295
0.108928 0.386803 -0 0.532029 0.998139
0.2 0.386803 -0 0.557309 0.996547
0.108928 0.386803 -0 0.532029 0.998139
0.217856 0.386803 -0 0.562249 0.996236
0.2 0.386803 -0 0.557309 0.996547
0.2 0.386803 -0 0.557309 0.996547
0.217856 0.386803 -0 0.562249 0.996236
0.3 0.519615 -0 0.572408 0.90449
0.217856 0.386803 -0 0.562249 0.996236
0.326783 0.503202 -0 0.580223 0.91393
0.3 0.519615 -0 0.572408 0.90449
0.3 0.519615 -0 0.572408 0.90449
0.326783 0.503202 -0 0.580223 0.91393
0.4 0.69282 -0 0.580604 0.817644
0.326783 0.503202 -0 0.580223 0.91393
0.435711 0.670936 -0 0.589584 0.826674
0.4 0.69282 -0 0.580604 0.817644
0.4 0.69282 -0 0.580604 0.817644
0.435711 0.670936 -0 0.589584 0.826674
0.5 0.866025 -0 0.586603 0.754074
0.435711 0.670936 -0 0.589584 0.826674
0.544639 0.838671 -0 0.596461 0.76257
0.5 0.866025 -0 0.586603 0.754074
0.5 0.866025 -0 0.586603 0.754074
0.544639 0.838671 -0 0.596461 0.76257
0.6 1.03923 -0 0.591185 0.705529
0.544639 0.838671 -0 0.596461 0.76257
0.653567 1.0064 -0 0.601727 0.713482
0.6 1.03923 -0 0.591185 0.705529
0.6 1.03923 -0 0.591185 0.705529
0.653567 1.0064 -0 0.601727 0.713482
0.7 1.21244 -0 0.594798 0.667244
0.653567 1.0064 -0 0.601727 0.713482
0.762495 1.17414 -0 0.605889 0.674688
0.7 1.21244 -0 0.594798 0.667244
0.7 1.21244 -0 0.594798 0.667244
0.762495 1.17414 -0 0.605889 0.674688
0.8 1.38564 -0 0.59772 0.636278
0.762495 1.17414 -0 0.605889 0.674688
0.871422 1.34187 -0 0.609261 0.643257
0.8 1.38564 -0 0.59772 0.636278
0.8 1.38564 -0 0.59772 0.636278
0.871422 1.34187 -0 0.609261 0.643257
0.9 1.55885 -0 0.600132 0.610716
0.871422 1.34187 -0 0.609261 0.643257
0.98035 1.50961 -0 0.612049 0.617274
0.9 1.55885 -0 0.600132 0.610716
0.9 1.55885 -0 0.600132 0.610716
0.98035 1.50961 -0 0.612049 0.617274
1 1.73205 -0 0.602158 0.589255
0.98035 1.50961 -0 0.612049 0.617274
1.08928 1.67734 -0 0.614391 0.595435
1 1.73205 -0 0.602158 0.589255
1 1.73205 -0 0.602158 0.589255
1.08928 1.67734 -0 0.614391 0.595435
1.1 1.90526 -0 0.603882 0.570983
1.08928 1.67734 -0 0.614391 0.595435
1.19821 1.84508 -0 0.616388 0.576823
1.1 1.90526 -0 0.603882 0.570983
1.1 1.90526 -0 0.603882 0.570983
1.19821 1.84508 -0 0.616388 0.576823
1.30208 2.25527 0.04 0.607529 0.537052
1.19821 1.84508 -0 0.616388 0.576823
1.41833 2.18404 0.04 0.620606 0.542236
1.30208 2.25527 0.04 0.607529 0.537052
1.30208 2.25527 0.04 0.607529 0.537052
1.41833 2.18404 0.04 0.620606 0.542236
1.40208 2.42848 0.16 0.611088 0.512738
1.41833 2.18404 0.04 0.620606 0.542236
1.52726 2.35177 0.16 0.624706 0.517448
1.40208 2.42848 0.16 0.611088 0.512738
1.40208 2.42848 0.16 0.611088 0.512738
1.52726 2.35177 0.16 0.624706 0.517448
1.50208 2.60168 0.36 0.616057 0.481708
1.52726 2.35177 0.16 0.624706 0.517448
1.63618 2.5195 0.36 0.630436 0.485764
1.50208 2.60168 0.36 0.616057 0.481708
1.50208 2.60168 0.36 0.616057 0.481708
1.63618 2.5195 0.36 0.630436 0.485764
1.60208 2.77489 0.64 0.622541 0.443145
1.63618 2.5195 0.36 0.630436 0.485764
1.74511 2.68724 0.64 0.637929 0.446291
1.60208 2.77489 0.64 0.622541 0.443145
1.60208 2.77489 0.64 0.622541 0.443145
1.74511 2.68724 0.64 0.637929 0.446291
1.70208 2.94809 1 0.630769 0.395648
1.74511 2.68724 0.64 0.637929 0.446291
1.85404 2.85497 1 0.647466 0.397507
1.70208 2.94809 1 0.630769 0.395648
1.70208 2.94809 1 0.630769 0.395648
1.85404 2.85497 1 0.647466 0.397507
1.80208 3.1213 1.44 0.641116 0.337063
1.85404 2.85497 1 0.647466 0.397507
1.96297 3.02271 1.44 0.65951 0.337072
1.80208 3.1213 1.44 0.641116 0.337063
1.80208 3.1213 1.44 0.641116 0.337063
1.96297 3.02271 1.44 0.65951 0.337072
1.90208 3.2945 1.96 0.654163 0.264145
1.96297 3.02271 1.44 0.65951 0.337072
2.0719 3.19044 1.96 0.674779 0.26143
1.90208 3.2945 1.96 0.654163 0.264145
1.90208 3.2945 1.96 0.654163 0.264145
2.0719 3.19044 1.96 0.674779 0.26143
2.00208 3.46771 2.56 0.670811 0.171943
2.0719 3.19044 1.96 0.674779 0.26143
2.18082 3.35817 2.56 0.694398 0.165102
2.00208 3.46771 2.56 0.670811 0.171943
2.00208 3.46771 2.56 0.670811 0.171943
2.18082 3.35817 2.56 0.694398 0.165102
2.10208 3.64091 3.24 0.69249 0.0526456
2.18082 3.35817 2.56 0.694398 0.165102
2.28975 3.52591 3.24 0.720179 0.0393111
2.10208 3.64091 3.24 0.69249 0.0526456
0.0907981 0.386803 -0 0.526978 0.998456
0.1 0.386803 -0 0.529542 0.998295
0.181596 0.386803 -0 0.552212 0.996868
0.1 0.386803 -0 0.529542 0.998295
0.2 0.386803 -0 0.557309 0.996547
0.181596 0.386803 -0 0.552212 0.996868
0.181596 0.386803 -0 0.552212 0.996868
0.2 0.386803 -0 0.557309 0.996547
0.272394 0.534604 -0 0.564755 0.896174
0.2 0.386803 -0 0.557309 0.996547
0.3 0.519615 -0 0.572408 0.90449
0.272394 0.534604 -0 0.564755 0.896174
0.272394 0.534604 -0 0.564755 0.896174
0.3 0.519615 -0 0.572408 0.90449
0.363192 0.712805 -0 0.57186 0.809718
0.3 0.519615 -0 0.572408 0.90449
0.4 0.69282 -0 0.580604 0.817644
0.363192 0.712805 -0 0.57186 0.809718
0.363192 0.712805 -0 0.57186 0.809718
0.4 0.69282 -0 0.580604 0.817644
0.453991 0.891007 -0 0.577044 0.746638
0.4 0.69282 -0 0.580604 0.817644
0.5 0.866025 -0 0.586603 0.754074
0.453991 0.891007 -0 0.577044 0.746638
0.453991 0.891007 -0 0.577044 0.746638
0.5 0.866025 -0 0.586603 0.754074
0.544789 1.06921 -0 0.580994 0.698581
0.5 0.866025 -0 0.586603 0.754074
0.6 1.03923 -0 0.591185 0.705529
0.544789 1.06921 -0 0.580994 0.698581
0.544789 1.06921 -0 0.580994 0.698581
0.6 1.03923 -0 0.591185 0.705529
0.635587 1.24741 -0 0.584102 0.660751
0.6 1.03923 -0 0.591185 0.705529
0.7 1.21244 -0 0.594798 0.667244
0.635587 1.24741 -0 0.584102 0.660751
0.635587 1.24741 -0 0.584102 0.660751
0.7 1.21244 -0 0.594798 0.667244
0.726385 1.42561 -0 0.586613 0.630199
0.7 1.21244 -0 0.594798 0.667244
0.8 1.38564 -0 0.59772 0.636278
0.726385 1.42561 -0 0.586613 0.630199
0.726385 1.42561 -0 0.586613 0.630199
0.8 1.38564 -0 0.59772 0.636278
0.817183 1.60381 -0 0.588683 0.605008
0.8 1.38564 -0 0.59772 0.636278
0.9 1.55885 -0 0.600132 0.610716
0.817183 1.60381 -0 0.588683 0.605008
0.817183 1.60381 -0 0.588683 0.605008
0.9 1.55885 -0 0.600132 0.610716
0.907981 1.78201 -0 0.59042 0.58388
0.9 1.55885 -0 0.600132 0.610716
1 1.73205 -0 0.602158 0.589255
0.907981 1.78201 -0 0.59042 0.58388
0.907981 1.78201 -0 0.59042 0.58388
1 1.73205 -0 0.602158 0.589255
0.998779 1.96021 -0 0.591897 0.565907
1 1.73205 -0 0.602158 0.589255
1.1 1.90526 -0 0.603882 0.570983
0.998779 1.96021 -0 0.591897 0.565907
0.998779 1.96021 -0 0.591897 0.565907
1.1 1.90526 -0 0.603882 0.570983
1.18227 2.32033 0.04 0.595028 0.532552
1.1 1.90526 -0 0.603882 0.570983
1.30208 2.25527 0.04 0.607529 0.537052
1.18227 2.32033 0.04 0.595028 0.532552
1.18227 2.32033 0.04 0.595028 0.532552
1.30208 2.25527 0.04 0.607529 0.537052
1.27306 2.49853 0.16 0.598098 0.508654
1.30208 2.25527 0.04 0.607529 0.537052
1.40208 2.42848 0.16 0.611088 0.512738
1.27306 2.49853 0.16 0.598098 0.508654
1.27306 2.49853 0.16 0.598098 0.508654
1.40208 2.42848 0.16 0.611088 0.512738
1.36386 2.67673 0.36 0.602384 0.478196
1.40208 2.42848 0.16 0.611088 0.512738
1.50208 2.60168 0.36 0.616057 0.481708
1.36386 2.67673 0.36 0.602384 0.478196
1.36386 2.67673 0.36 0.602384 0.478196
1.50208 2.60168 0.36 0.616057 0.481708
1.45466 2.85493 0.64 0.607968 0.440424
1.50208 2.60168 0.36 0.616057 0.481708
1.60208 2.77489 0.64 0.622541 0.443145
1.45466 2.85493 0.64 0.607968 0.440424
1.45466 2.85493 0.64 0.607968 0.440424
1.60208 2.77489 0.64 0.622541 0.443145
1.54546 3.03313 1 0.615036 0.394038
1.60208 2.77489 0.64 0.622541 0.443145
1.70208 2.94809 1 0.630769 0.395648
1.54546 3.03313 1 0.615036 0.394038
1.54546 3.03313 1 0.615036 0.394038
1.70208 2.94809 1 0.630769 0.395648
1.63626 3.21133 1.44 0.623893 0.337037
1.70208 2.94809 1 0.630769 0.395648
1.80208 3.1213 1.44 0.641116 0.337063
1.63626 3.21133 1.44 0.623893 0.337037
1.63626 3.21133 1.44 0.623893 0.337037
1.80208 3.1213 1.44 0.641116 0.337063
1.72705 3.38953 1.96 0.635012 0.266425
1.80208 3.1213 1.44 0.641116 0.337063
1.90208 3.2945 1.96 0.654163 0.264145
1.72705 3.38953 1.96 0.635012 0.266425
1.72705 3.38953 1.96 0.635012 0.266425
1.90208 3.2945 1.96 0.654163 0.264145
1.81785 3.56774 2.56 0.649116 0.177676
1.90208 3.2945 1.96 0.654163 0.264145
2.00208 3.46771 2.56 0.670811 0.171943
1.81785 3.56774 2.56 0.649116 0.177676
1.81785 3.56774 2.56 0.649116 0.177676
2.00208 3.46771 2.56 0.670811 0.171943
1.90865 3.74594 3.24 0.667343 0.0637323
2.00208 3.46771 2.56 0.670811 0.171943
2.10208 3.64091 3.24 0.69249 0.0526456
1.90865 3.74594 3.24 0.667343 0.0637323
0.0813473 0.386803 -0 0.524343 0.998622
0.0907981 0.386803 -0 0.526978 0.998456
0.162695 0.386803 -0 0.546971 0.997198
0.0907981 0.386803 -0 0.526978 0.998456
0.181596 0.386803 -0 0.552212 0.996868
0.162695 0.386803 -0 0.546971 0.997198
0.162695 0.386803 -0 0.546971 0.997198
0.181596 0.386803 -0 0.552212 0.996868
0.244042 0.548127 -0 0.557244 0.888917
0.181596 0.386803 -0 0.552212 0.996868
0.272394 0.534604 -0 0.564755 0.896174
0.244042 0.548127 -0 0.557244 0.888917
0.244042 0.548127 -0 0.557244 0.888917
0.272394 0.534604 -0 0.564755 0.896174
0.325389 0.730836 -0 0.56332 0.802824
0.272394 0.534604 -0 0.564755 0.896174
0.363192 0.712805 -0 0.57186 0.809718
0.325389 0.730836 -0 0.56332 0.802824
0.325389 0.730836 -0 0.56332 0.802824
0.363192 0.712805 -0 0.57186 0.809718
0.406737 0.913545 -0 0.567742 0.740184
0.363192 0.712805 -0 0.57186 0.809718
0.453991 0.891007 -0 0.577044 0.746638
0.406737 0.913545 -0 0.567742 0.740184
0.406737 0.913545 -0 0.567742 0.740184
0.453991 0.891007 -0 0.577044 0.746638
0.488084 1.09625 -0 0.571104 0.692561
0.453991 0.891007 -0 0.577044 0.746638
0.544789 1.06921 -0 0.580994 0.698581
0.488084 1.09625 -0 0.571104 0.692561
0.488084 1.09625 -0 0.571104 0.692561
0.544789 1.06921 -0 0.580994 0.698581
0.569431 1.27896 -0 0.573745 0.655133
0.544789 1.06921 -0 0.580994 0.698581
0.635587 1.24741 -0 0.584102 0.660751
0.569431 1.27896 -0 0.573745 0.655133
0.569431 1.27896 -0 0.573745 0.655133
0.635587 1.24741 -0 0.584102 0.660751
0.650779 1.46167 -0 0.575876 0.624943
0.635587 1.24741 -0 0.584102 0.660751
0.726385 1.42561 -0 0.586613 0.630199
0.650779 1.46167 -0 0.575876 0.624943
0.650779 1.46167 -0 0.575876 0.624943
0.726385 1.42561 -0 0.586613 0.630199
0.732126 1.64438 -0 0.577632 0.600077
0.726385 1.42561 -0 0.586613 0.630199
0.817183 1.60381 -0 0.588683 0.605008
0.732126 1.64438 -0 0.577632 0.600077
0.732126 1.64438 -0 0.577632 0.600077
0.817183 1.60381 -0 0.588683 0.605008
0.813473 1.82709 -0 0.579102 0.57924
0.817183 1.60381 -0 0.588683 0.605008
0.907981 1.78201 -0 0.59042 0.58388
0.813473 1.82709 -0 0.579102 0.57924
0.813473 1.82709 -0 0.579102 0.57924
0.907981 1.78201 -0 0.59042 0.58388
0.894821 2.0098 -0 0.580353 0.561527
0.907981 1.78201 -0 0.59042 0.58388
0.998779 1.96021 -0 0.591897 0.565907
0.894821 2.0098 -0 0.580353 0.561527
0.894821 2.0098 -0 0.580353 0.561527
0.998779 1.96021 -0 0.591897 0.565907
1.05921 2.37902 0.04 0.583012 0.528673
0.998779 1.96021 -0 0.591897 0.565907
1.18227 2.32033 0.04 0.595028 0.532552
1.05921 2.37902 0.04 0.583012 0.528673
1.05921 2.37902 0.04 0.583012 0.528673
1.18227 2.32033 0.04 0.595028 0.532552
1.14056 2.56173 0.16 0.585638 0.505136
1.18227 2.32033 0.04 0.595028 0.532552
1.27306 2.49853 0.16 0.598098 0.508654
1.14056 2.56173 0.16 0.585638 0.505136
1.14056 2.56173 0.16 0.585638 0.505136
1.27306 2.49853 0.16 0.598098 0.508654
1.2219 2.74444 0.36 0.589304 0.475173
1.27306 2.49853 0.16 0.598098 0.508654
1.36386 2.67673 0.36 0.602384 0.478196
1.2219 2.74444 0.36 0.589304 0.475173
1.2219 2.74444 0.36 0.589304 0.475173
1.36386 2.67673 0.36 0.602384 0.478196
1.30325 2.92715 0.64 0.594077 0.438084
1.36386 2.67673 0.36 0.602384 0.478196
1.45466 2.85493 0.64 0.607968 0.440424
1.30325 2.92715 0.64 0.594077 0.438084
1.30325 2.92715 0.64 0.594077 0.438084
1.45466 2.85493 0.64 0.607968 0.440424
1.3846 3.10986 1 0.600105 0.392649
1.45466 2.85493 0.64 0.607968 0.440424
1.54546 3.03313 1 0.615036 0.394038
1.3846 3.10986 1 0.600105 0.392649
1.3846 3.10986 1 0.600105 0.392649
1.54546 3.03313 1 0.615036 0.394038
1.46595 3.29257 1.44 0.607638 0.336994
1.54546 3.03313 1 0.615036 0.394038
1.63626 3.21133 1.44 0.623893 0.337037
1.46595 3.29257 1.44 0.607638 0.336994
1.46595 3.29257 1.44 0.607638 0.336994
1.63626 3.21133 1.44 0.623893 0.337037
1.54729 3.47528 1.96 0.617058 0.268327
1.63626 3.21133 1.44 0.623893 0.337037
1.72705 3.38953 1.96 0.635012 0.266425
1.54729 3.47528 1.96 0.617058 0.268327
1.54729 3.47528 1.96 0.617058 0.268327
1.72705 3.38953 1.96 0.635012 0.266425
1.62864 3.65798 2.56 0.62895 0.182459
1.72705 3.38953 1.96 0.635012 0.266425
1.81785 3.56774 2.56 0.649116 0.177676
1.62864 3.65798 2.56 0.62895 0.182459
1.62864 3.65798 2.56 0.62895 0.182459
1.81785 3.56774 2.56 0.649116 0.177676
1.70999 3.84069 3.24 0.644221 0.072926
1.81785 3.56774 2.56 0.649116 0.177676
1.90865 3.74594 3.24 0.667343 0.0637323
1.70999 3.84069 3.24 0.644221 0.072926
0.0716736 0.386803 -0 0.521645 0.998792
0.0813473 0.386803 -0 0.524343 0.998622
0.143347 0.386803 -0 0.5416 0.997536
0.0813473 0.386803 -0 0.524343 0.998622
0.162695 0.386803 -0 0.546971 0.997198
0.143347 0.386803 -0 0.5416 0.997536
0.143347 0.386803 -0 0.5416 0.997536
0.162695 0.386803 -0 0.546971 0.997198
0.215021 0.560148 -0 0.549854 0.882665
0.162695 0.386803 -0 0.546971 0.997198
0.244042 0.548127 -0 0.557244 0.888917
0.215021 0.560148 -0 0.549854 0.882665
0.215021 0.560148 -0 0.549854 0.882665
0.244042 0.548127 -0 0.557244 0.888917
0.286694 0.746864 -0 0.554956 0.796902
0.244042 0.548127 -0 0.557244 0.888917
0.325389 0.730836 -0 0.56332 0.802824
0.286694 0.746864 -0 0.554956 0.796902
0.286694 0.746864 -0 0.554956 0.796902
0.325389 0.730836 -0 0.56332 0.802824
0.358368 0.93358 -0 0.558659 0.734649
0.325389 0.730836 -0 0.56332 0.802824
0.406737 0.913545 -0 0.567742 0.740184
0.358368 0.93358 -0 0.558659 0.734649
0.358368 0.93358 -0 0.558659 0.734649
0.406737 0.913545 -0 0.567742 0.740184
0.430042 1.1203 -0 0.561469 0.687405
0.406737 0.913545 -0 0.567742 0.740184
0.488084 1.09625 -0 0.571104 0.692561
0.430042 1.1203 -0 0.561469 0.687405
0.430042 1.1203 -0 0.561469 0.687405
0.488084 1.09625 -0 0.571104 0.692561
0.501715 1.30701 -0 0.563675 0.650326
0.488084 1.09625 -0 0.571104 0.692561
0.569431 1.27896 -0 0.573745 0.655133
0.501715 1.30701 -0 0.563675 0.650326
0.501715 1.30701 -0 0.563675 0.650326
0.569431 1.27896 -0 0.573745 0.655133
0.573389 1.49373 -0 0.565453 0.62045
0.569431 1.27896 -0 0.573745 0.655133
0.650779 1.46167 -0 0.575876 0.624943
0.573389 1.49373 -0 0.565453 0.62045
0.573389 1.49373 -0 0.565453 0.62045
0.650779 1.46167 -0 0.575876 0.624943
0.645062 1.68044 -0 0.566915 0.595864
0.650779 1.46167 -0 0.575876 0.624943
0.732126 1.64438 -0 0.577632 0.600077
0.645062 1.68044 -0 0.566915 0.595864
0.645062 1.68044 -0 0.566915 0.595864
0.732126 1.64438 -0 0.577632 0.600077
0.716736 1.86716 -0 0.56814 0.575277
0.732126 1.64438 -0 0.577632 0.600077
0.813473 1.82709 -0 0.579102 0.57924
0.716736 1.86716 -0 0.56814 0.575277
0.716736 1.86716 -0 0.56814 0.575277
0.813473 1.82709 -0 0.579102 0.57924
0.788409 2.05388 -0 0.56918 0.557787
0.813473 1.82709 -0 0.579102 0.57924
0.894821 2.0098 -0 0.580353 0.561527
0.788409 2.05388 -0 0.56918 0.557787
0.788409 2.05388 -0 0.56918 0.557787
0.894821 2.0098 -0 0.580353 0.561527
0.933249 2.4312 0.04 0.571404 0.525362
0.894821 2.0098 -0 0.580353 0.561527
1.05921 2.37902 0.04 0.583012 0.528673
0.933249 2.4312 0.04 0.571404 0.525362
0.933249 2.4312 0.04 0.571404 0.525362
1.05921 2.37902 0.04 0.583012 0.528673
1.00492 2.61791 0.16 0.57362 0.502135
1.05921 2.37902 0.04 0.583012 0.528673
1.14056 2.56173 0.16 0.585638 0.505136
1.00492 2.61791 0.16 0.57362 0.502135
1.00492 2.61791 0.16 0.57362 0.502135
1.14056 2.56173 0.16 0.585638 0.505136
1.0766 2.80463 0.36 0.576719 0.472595
1.14056 2.56173 0.16 0.585638 0.505136
1.2219 2.74444 0.36 0.589304 0.475173
1.0766 2.80463 0.36 0.576719 0.472595
1.0766 2.80463 0.36 0.576719 0.472595
1.2219 2.74444 0.36 0.589304 0.475173
1.14827 2.99134 0.64 0.580751 0.436087
1.2219 2.74444 0.36 0.589304 0.475173
1.30325 2.92715 0.64 0.594077 0.438084
1.14827 2.99134 0.64 0.580751 0.436087
1.14827 2.99134 0.64 0.580751 0.436087
1.30325 2.92715 0.64 0.594077 0.438084
1.21994 3.17806 1 0.585837 0.391457
1.30325 2.92715 0.64 0.594077 0.438084
1.3846 3.10986 1 0.600105 0.392649
1.21994 3.17806 1 0.585837 0.391457
1.21994 3.17806 1 0.585837 0.391457
1.3846 3.10986 1 0.600105 0.392649
1.29162 3.36478 1.44 0.592177 0.336935
1.3846 3.10986 1 0.600105 0.392649
1.46595 3.29257 1.44 0.607638 0.336994
1.29162 3.36478 1.44 0.592177 0.336935
1.29162 3.36478 1.44 0.592177 0.336935
1.46595 3.29257 1.44 0.607638 0.336994
1.36329 3.55149 1.96 0.600082 0.269893
1.46595 3.29257 1.44 0.607638 0.336994
1.54729 3.47528 1.96 0.617058 0.268327
1.36329 3.55149 1.96 0.600082 0.269893
1.36329 3.55149 1.96 0.600082 0.269893
1.54729 3.47528 1.96 0.617058 0.268327
1.43496 3.73821 2.56 0.610021 0.186411
1.54729 3.47528 1.96 0.617058 0.268327
1.62864 3.65798 2.56 0.62895 0.182459
1.43496 3.73821 2.56 0.610021 0.186411
1.43496 3.73821 2.56 0.610021 0.186411
1.62864 3.65798 2.56 0.62895 0.182459
1.50664 3.92492 3.24 0.622718 0.0804958
1.62864 3.65798 2.56 0.62895 0.182459
1.70999 3.84069 3.24 0.644221 0.072926
1.50664 3.92492 3.24 0.622718 0.0804958
0.0618034 0.386803 -0 0.518889 0.998966
0.0716736 0.386803 -0 0.521645 0.998792
0.123607 0.386803 -0 0.536113 0.997881
0.0716736 0.386803 -0 0.521645 0.998792
0.143347 0.386803 -0 0.5416 0.997536
0.123607 0.386803 -0 0.536113 0.997881
0.123607 0.386803 -0 0.536113 0.997881
0.143347 0.386803 -0 0.5416 0.997536
0.18541 0.570634 -0 0.542568 0.877374
0.143347 0.386803 -0 0.5416 0.997536
0.215021 0.560148 -0 0.549854 0.882665
0.18541 0.570634 -0 0.542568 0.877374
0.18541 0.570634 -0 0.542568 0.877374
0.215021 0.560148 -0 0.549854 0.882665
0.247214 0.760845 -0 0.546739 0.791899
0.215021 0.560148 -0 0.549854 0.882665
0.286694 0.746864 -0 0.554956 0.796902
0.247214 0.760845 -0 0.546739 0.791899
0.247214 0.760845 -0 0.546739 0.791899
0.286694 0.746864 -0 0.554956 0.796902
0.309017 0.951057 -0 0.549761 0.729981
0.286694 0.746864 -0 0.554956 0.796902
0.358368 0.93358 -0 0.558659 0.734649
0.309017 0.951057 -0 0.549761 0.729981
0.309017 0.951057 -0 0.549761 0.729981
0.358368 0.93358 -0 0.558659 0.734649
0.37082 1.14127 -0 0.55205 0.683061
0.358368 0.93358 -0 0.558659 0.734649
0.430042 1.1203 -0 0.561469 0.687405
0.37082 1.14127 -0 0.55205 0.683061
0.37082 1.14127 -0 0.55205 0.683061
0.430042 1.1203 -0 0.561469 0.687405
0.432624 1.33148 -0 0.553845 0.646279
0.430042 1.1203 -0 0.561469 0.687405
0.501715 1.30701 -0 0.563675 0.650326
0.432624 1.33148 -0 0.553845 0.646279
0.432624 1.33148 -0 0.553845 0.646279
0.501715 1.30701 -0 0.563675 0.650326
0.494427 1.52169 -0 0.55529 0.616668
0.501715 1.30701 -0 0.563675 0.650326
0.573389 1.49373 -0 0.565453 0.62045
0.494427 1.52169 -0 0.55529 0.616668
0.494427 1.52169 -0 0.55529 0.616668
0.573389 1.49373 -0 0.565453 0.62045
0.556231 1.7119 -0 0.556478 0.592319
0.573389 1.49373 -0 0.565453 0.62045
0.645062 1.68044 -0 0.566915 0.595864
0.556231 1.7119 -0 0.556478 0.592319
0.556231 1.7119 -0 0.556478 0.592319
0.645062 1.68044 -0 0.566915 0.595864
0.618034 1.90211 -0 0.557473 0.571943
0.645062 1.68044 -0 0.566915 0.595864
0.716736 1.86716 -0 0.56814 0.575277
0.618034 1.90211 -0 0.557473 0.571943
0.618034 1.90211 -0 0.557473 0.571943
0.716736 1.86716 -0 0.56814 0.575277
0.679837 2.09232 -0 0.558317 0.554641
0.716736 1.86716 -0 0.56814 0.575277
0.788409 2.05388 -0 0.56918 0.557787
0.679837 2.09232 -0 0.558317 0.554641
0.679837 2.09232 -0 0.558317 0.554641
0.788409 2.05388 -0 0.56918 0.557787
0.804731 2.47671 0.04 0.560135 0.522577
0.788409 2.05388 -0 0.56918 0.557787
0.933249 2.4312 0.04 0.571404 0.525362
0.804731 2.47671 0.04 0.560135 0.522577
0.804731 2.47671 0.04 0.560135 0.522577
0.933249 2.4312 0.04 0.571404 0.525362
0.866534 2.66692 0.16 0.561971 0.499611
0.933249 2.4312 0.04 0.571404 0.525362
1.00492 2.61791 0.16 0.57362 0.502135
0.866534 2.66692 0.16 0.561971 0.499611
0.866534 2.66692 0.16 0.561971 0.499611
1.00492 2.61791 0.16 0.57362 0.502135
0.928337 2.85713 0.36 0.564544 0.470426
1.00492 2.61791 0.16 0.57362 0.502135
1.0766 2.80463 0.36 0.576719 0.472595
0.928337 2.85713 0.36 0.564544 0.470426
0.928337 2.85713 0.36 0.564544 0.470426
1.0766 2.80463 0.36 0.576719 0.472595
0.990141 3.04734 0.64 0.567892 0.434404
1.0766 2.80463 0.36 0.576719 0.472595
1.14827 2.99134 0.64 0.580751 0.436087
0.990141 3.04734 0.64 0.567892 0.434404
0.990141 3.04734 0.64 0.567892 0.434404
1.14827 2.99134 0.64 0.580751 0.436087
1.05194 3.23755 1 0.572112 0.390445
1.14827 2.99134 0.64 0.580751 0.436087
1.21994 3.17806 1 0.585837 0.391457
1.05194 3.23755 1 0.572112 0.390445
1.05194 3.23755 1 0.572112 0.390445
1.21994 3.17806 1 0.585837 0.391457
1.11375 3.42776 1.44 0.577366 0.336862
1.21994 3.17806 1 0.585837 0.391457
1.29162 3.36478 1.44 0.592177 0.336935
1.11375 3.42776 1.44 0.577366 0.336862
1.11375 3.42776 1.44 0.577366 0.336862
1.29162 3.36478 1.44 0.592177 0.336935
1.17555 3.61797 1.96 0.583899 0.271158
1.29162 3.36478 1.44 0.592177 0.336935
1.36329 3.55149 1.96 0.600082 0.269893
1.17555 3.61797 1.96 0.583899 0.271158
1.17555 3.61797 1.96 0.583899 0.271158
1.36329 3.55149 1.96 0.600082 0.269893
1.23735 3.80819 2.56 0.592088 0.189629
1.36329 3.55149 1.96 0.600082 0.269893
1.43496 3.73821 2.56 0.610021 0.186411
1.23735 3.80819 2.56 0.592088 0.189629
1.23735 3.80819 2.56 0.592088 0.189629
1.43496 3.73821 2.56 0.610021 0.186411
1.29916 3.9984 3.24 0.602506 0.0866466
1.43496 3.73821 2.56 0.610021 0.186411
1.50664 3.92492 3.24 0.622718 0.0804958
1.29916 3.9984 3.24 0.602506 0.0866466
0.0517638 0.386803 -0 0.516085 0.999142
0.0618034 0.386803 -0 0.518889 0.998966
0.103528 0.386803 -0 0.530525 0.998233
0.0618034 0.386803 -0 0.518889 0.998966
0.123607 0.386803 -0 0.536113 0.997881
0.103528 0.386803 -0 0.530525 0.998233
0.103528 0.386803 -0 0.530525 0.998233
0.123607 0.386803 -0 0.536113 0.997881
0.155291 0.579556 -0 0.53537 0.873006
0.123607 0.386803 -0 0.536113 0.997881
0.18541 0.570634 -0 0.542568 0.877374
0.155291 0.579556 -0 0.53537 0.873006
0.155291 0.579556 -0 0.53537 0.873006
0.18541 0.570634 -0 0.542568 0.877374
0.207055 0.772741 -0 0.538646 0.787775
0.18541 0.570634 -0 0.542568 0.877374
0.247214 0.760845 -0 0.546739 0.791899
0.207055 0.772741 -0 0.538646 0.787775
0.207055 0.772741 -0 0.538646 0.787775
0.247214 0.760845 -0 0.546739 0.791899
0.258819 0.965926 -0 0.541015 0.726136
0.247214 0.760845 -0 0.546739 0.791899
0.309017 0.951057 -0 0.549761 0.729981
0.258819 0.965926 -0 0.541015 0.726136
0.258819 0.965926 -0 0.541015 0.726136
0.309017 0.951057 -0 0.549761 0.729981
0.310583 1.15911 -0 0.542808 0.679485
0.309017 0.951057 -0 0.549761 0.729981
0.37082 1.14127 -0 0.55205 0.683061
0.310583 1.15911 -0 0.542808 0.679485
0.310583 1.15911 -0 0.542808 0.679485
0.37082 1.14127 -0 0.55205 0.683061
0.362347 1.3523 -0 0.544213 0.642948
0.37082 1.14127 -0 0.55205 0.683061
0.432624 1.33148 -0 0.553845 0.646279
0.362347 1.3523 -0 0.544213 0.642948
0.362347 1.3523 -0 0.544213 0.642948
0.432624 1.33148 -0 0.553845 0.646279
0.41411 1.54548 -0 0.545343 0.613557
0.432624 1.33148 -0 0.553845 0.646279
0.494427 1.52169 -0 0.55529 0.616668
0.41411 1.54548 -0 0.545343 0.613557
0.41411 1.54548 -0 0.545343 0.613557
0.494427 1.52169 -0 0.55529 0.616668
0.465874 1.73867 -0 0.546271 0.589402
0.494427 1.52169 -0 0.55529 0.616668
0.556231 1.7119 -0 0.556478 0.592319
0.465874 1.73867 -0 0.546271 0.589402
0.465874 1.73867 -0 0.546271 0.589402
0.556231 1.7119 -0 0.556478 0.592319
0.517638 1.93185 -0 0.547047 0.569199
0.556231 1.7119 -0 0.556478 0.592319
0.618034 1.90211 -0 0.557473 0.571943
0.517638 1.93185 -0 0.547047 0.569199
0.517638 1.93185 -0 0.547047 0.569199
0.618034 1.90211 -0 0.557473 0.571943
0.569402 2.12504 -0 0.547707 0.552051
0.618034 1.90211 -0 0.557473 0.571943
0.679837 2.09232 -0 0.558317 0.554641
0.569402 2.12504 -0 0.547707 0.552051
0.569402 2.12504 -0 0.547707 0.552051
0.679837 2.09232 -0 0.558317 0.554641
0.674007 2.51543 0.04 0.549141 0.520283
0.679837 2.09232 -0 0.558317 0.554641
0.804731 2.47671 0.04 0.560135 0.522577
0.674007 2.51543 0.04 0.549141 0.520283
0.674007 2.51543 0.04 0.549141 0.520283
0.804731 2.47671 0.04 0.560135 0.522577
0.725771 2.70861 0.16 0.55062 0.497531
0.804731 2.47671 0.04 0.560135 0.522577
0.866534 2.66692 0.16 0.561971 0.499611
0.725771 2.70861 0.16 0.55062 0.497531
0.725771 2.70861 0.16 0.55062 0.497531
0.866534 2.66692 0.16 0.561971 0.499611
0.777535 2.9018 0.36 0.552701 0.468637
0.866534 2.66692 0.16 0.561971 0.499611
0.928337 2.85713 0.36 0.564544 0.470426
0.777535 2.9018 0.36 0.552701 0.468637
0.777535 2.9018 0.36 0.552701 0.468637
0.928337 2.85713 0.36 0.564544 0.470426
0.829298 3.09498 0.64 0.555412 0.433011
0.928337 2.85713 0.36 0.564544 0.470426
0.990141 3.04734 0.64 0.567892 0.434404
0.829298 3.09498 0.64 0.555412 0.433011
0.829298 3.09498 0.64 0.555412 0.433011
0.990141 3.04734 0.64 0.567892 0.434404
0.881062 3.28817 1 0.558828 0.389597
0.990141 3.04734 0.64 0.567892 0.434404
1.05194 3.23755 1 0.572112 0.390445
0.881062 3.28817 1 0.558828 0.389597
0.881062 3.28817 1 0.558828 0.389597
1.05194 3.23755 1 0.572112 0.390445
0.932826 3.48135 1.44 0.563076 0.336774
1.05194 3.23755 1 0.572112 0.390445
1.11375 3.42776 1.44 0.577366 0.336862
0.932826 3.48135 1.44 0.563076 0.336774
0.932826 3.48135 1.44 0.563076 0.336774
1.11375 3.42776 1.44 0.577366 0.336862
0.98459 3.67454 1.96 0.568352 0.272149
1.11375 3.42776 1.44 0.577366 0.336862
1.17555 3.61797 1.96 0.583899 0.271158
0.98459 3.67454 1.96 0.568352 0.272149
0.98459 3.67454 1.96 0.568352 0.272149
1.17555 3.61797 1.96 0.583899 0.271158
1.03635 3.86772 2.56 0.574947 0.192183
1.17555 3.61797 1.96 0.583899 0.271158
1.23735 3.80819 2.56 0.592088 0.189629
1.03635 3.86772 2.56 0.574947 0.192183
1.03635 3.86772 2.56 0.574947 0.192183
1.23735 3.80819 2.56 0.592088 0.189629
1.08812 4.06091 3.24 0.583311 0.0915348
1.23735 3.80819 2.56 0.592088 0.189629
1.29916 3.9984 3.24 0.602506 0.0866466
1.08812 4.06091 3.24 0.583311 0.0915348
0.0415823 0.386803 -0 0.513239 0.999219
0.0517638 0.386803 -0 0.516085 0.999142
0.0831647 0.391259 -0 0.524687 0.995048
0.0517638 0.386803 -0 0.516085 0.999142
0.103528 0.386803 -0 0.530525 0.998233
0.0831647 0.391259 -0 0.524687 0.995048
0.0831647 0.391259 -0 0.524687 0.995048
0.103528 0.386803 -0 0.530525 0.998233
0.124747 0.586889 -0 0.528243 0.869529
0.103528 0.386803 -0 0.530525 0.998233
0.155291 0.579556 -0 0.53537 0.873006
0.124747 0.586889 -0 0.528243 0.869529
0.124747 0.586889 -0 0.528243 0.869529
0.155291 0.579556 -0 0.53537 0.873006
0.166329 0.782518 -0 0.530653 0.784496
0.155291 0.579556 -0 0.53537 0.873006
0.207055 0.772741 -0 0.538646 0.787775
0.166329 0.782518 -0 0.530653 0.784496
0.166329 0.782518 -0 0.530653 0.784496
0.207055 0.772741 -0 0.538646 0.787775
0.207912 0.978148 -0 0.532393 0.72308
0.207055 0.772741 -0 0.538646 0.787775
0.258819 0.965926 -0 0.541015 0.726136
0.207912 0.978148 -0 0.532393 0.72308
0.207912 0.978148 -0 0.532393 0.72308
0.258819 0.965926 -0 0.541015 0.726136
0.249494 1.17378 -0 0.533709 0.676643
0.258819 0.965926 -0 0.541015 0.726136
0.310583 1.15911 -0 0.542808 0.679485
0.249494 1.17378 -0 0.533709 0.676643
0.249494 1.17378 -0 0.533709 0.676643
0.310583 1.15911 -0 0.542808 0.679485
0.291076 1.36941 -0 0.534739 0.640299
0.310583 1.15911 -0 0.542808 0.679485
0.362347 1.3523 -0 0.544213 0.642948
0.291076 1.36941 -0 0.534739 0.640299
0.291076 1.36941 -0 0.534739 0.640299
0.362347 1.3523 -0 0.544213 0.642948
0.332659 1.56504 -0 0.535566 0.611082
0.362347 1.3523 -0 0.544213 0.642948
0.41411 1.54548 -0 0.545343 0.613557
0.332659 1.56504 -0 0.535566 0.611082
0.332659 1.56504 -0 0.535566 0.611082
0.41411 1.54548 -0 0.545343 0.613557
0.374241 1.76067 -0 0.536247 0.587081
0.41411 1.54548 -0 0.545343 0.613557
0.465874 1.73867 -0 0.546271 0.589402
0.374241 1.76067 -0 0.536247 0.587081
0.374241 1.76067 -0 0.536247 0.587081
0.465874 1.73867 -0 0.546271 0.589402
0.415823 1.9563 -0 0.536815 0.567015
0.465874 1.73867 -0 0.546271 0.589402
0.517638 1.93185 -0 0.547047 0.569199
0.415823 1.9563 -0 0.536815 0.567015
0.415823 1.9563 -0 0.536815 0.567015
0.517638 1.93185 -0 0.547047 0.569199
0.457406 2.15192 -0 0.537297 0.549988
0.517638 1.93185 -0 0.547047 0.569199
0.569402 2.12504 -0 0.547707 0.552051
0.457406 2.15192 -0 0.537297 0.549988
0.457406 2.15192 -0 0.537297 0.549988
0.569402 2.12504 -0 0.547707 0.552051
0.541436 2.54726 0.04 0.538368 0.518454
0.569402 2.12504 -0 0.547707 0.552051
0.674007 2.51543 0.04 0.549141 0.520283
0.541436 2.54726 0.04 0.538368 0.518454
0.541436 2.54726 0.04 0.538368 0.518454
0.674007 2.51543 0.04 0.549141 0.520283
0.583018 2.74289 0.16 0.539508 0.49587
0.674007 2.51543 0.04 0.549141 0.520283
0.725771 2.70861 0.16 0.55062 0.497531
0.583018 2.74289 0.16 0.539508 0.49587
0.583018 2.74289 0.16 0.539508 0.49587
0.725771 2.70861 0.16 0.55062 0.497531
0.624601 2.93851 0.36 0.541122 0.467205
0.725771 2.70861 0.16 0.55062 0.497531
0.777535 2.9018 0.36 0.552701 0.468637
0.624601 2.93851 0.36 0.541122 0.467205
0.624601 2.93851 0.36 0.541122 0.467205
0.777535 2.9018 0.36 0.552701 0.468637
0.666183 3.13414 0.64 0.543231 0.43189
0.777535 2.9018 0.36 0.552701 0.468637
0.829298 3.09498 0.64 0.555412 0.433011
0.666183 3.13414 0.64 0.543231 0.43189
0.666183 3.13414 0.64 0.543231 0.43189
0.829298 3.09498 0.64 0.555412 0.433011
0.707765 3.32977 1 0.545891 0.388902
0.829298 3.09498 0.64 0.555412 0.433011
0.881062 3.28817 1 0.558828 0.389597
0.707765 3.32977 1 0.545891 0.388902
0.707765 3.32977 1 0.545891 0.388902
0.881062 3.28817 1 0.558828 0.389597
0.749348 3.5254 1.44 0.549198 0.336672
0.881062 3.28817 1 0.558828 0.389597
0.932826 3.48135 1.44 0.563076 0.336774
0.749348 3.5254 1.44 0.549198 0.336672
0.749348 3.5254 1.44 0.549198 0.336672
0.932826 3.48135 1.44 0.563076 0.336774
0.79093 3.72103 1.96 0.553302 0.272884
0.932826 3.48135 1.44 0.563076 0.336774
0.98459 3.67454 1.96 0.568352 0.272149
0.79093 3.72103 1.96 0.553302 0.272884
0.79093 3.72103 1.96 0.553302 0.272884
0.98459 3.67454 1.96 0.568352 0.272149
0.832512 3.91666 2.56 0.558424 0.194129
0.98459 3.67454 1.96 0.568352 0.272149
1.03635 3.86772 2.56 0.574947 0.192183
0.832512 3.91666 2.56 0.558424 0.194129
0.832512 3.91666 2.56 0.558424 0.194129
1.03635 3.86772 2.56 0.574947 0.192183
0.874095 4.11229 3.24 0.564904 0.0952782
1.03635 3.86772 2.56 0.574947 0.192183
1.08812 4.06091 3.24 0.583311 0.0915348
0.874095 4.11229 3.24 0.564904 0.0952782
0.0312869 0.386803 -0 0.51036 0.999219
0.0415823 0.386803 -0 0.513239 0.999219
0.0625738 0.395075 -0 0.51886 0.992398
0.0415823 0.386803 -0 0.513239 0.999219
0.0831647 0.391259 -0 0.524687 0.995048
0.0625738 0.395075 -0 0.51886 0.992398
0.0625738 0.395075 -0 0.51886 0.992398
0.0831647 0.391259 -0 0.524687 0.995048
0.0938607 0.592613 -0 0.521172 0.866922
0.0831647 0.391259 -0 0.524687 0.995048
0.124747 0.586889 -0 0.528243 0.869529
0.0938607 0.592613 -0 0.521172 0.866922
0.0938607 0.592613 -0 0.521172 0.866922
0.124747 0.586889 -0 0.528243 0.869529
0.125148 0.790151 -0 0.522737 0.782035
0.124747 0.586889 -0 0.528243 0.869529
0.166329 0.782518 -0 0.530653 0.784496
0.125148 0.790151 -0 0.522737 0.782035
0.125148 0.790151 -0 0.522737 0.782035
0.166329 0.782518 -0 0.530653 0.784496
0.156434 0.987688 -0 0.523866 0.720786
0.166329 0.782518 -0 0.530653 0.784496
0.207912 0.978148 -0 0.532393 0.72308
0.156434 0.987688 -0 0.523866 0.720786
0.156434 0.987688 -0 0.523866 0.720786
0.207912 0.978148 -0 0.532393 0.72308
0.187721 1.18523 -0 0.524719 0.674507
0.207912 0.978148 -0 0.532393 0.72308
0.249494 1.17378 -0 0.533709 0.676643
0.187721 1.18523 -0 0.524719 0.674507
0.187721 1.18523 -0 0.524719 0.674507
0.249494 1.17378 -0 0.533709 0.676643
0.219008 1.38276 -0 0.525386 0.638308
0.249494 1.17378 -0 0.533709 0.676643
0.291076 1.36941 -0 0.534739 0.640299
0.219008 1.38276 -0 0.525386 0.638308
0.219008 1.38276 -0 0.525386 0.638308
0.291076 1.36941 -0 0.534739 0.640299
0.250295 1.5803 -0 0.525922 0.609218
0.291076 1.36941 -0 0.534739 0.640299
0.332659 1.56504 -0 0.535566 0.611082
0.250295 1.5803 -0 0.525922 0.609218
0.250295 1.5803 -0 0.525922 0.609218
0.332659 1.56504 -0 0.535566 0.611082
0.281582 1.77784 -0 0.526362 0.585332
0.332659 1.56504 -0 0.535566 0.611082
0.374241 1.76067 -0 0.536247 0.587081
0.281582 1.77784 -0 0.526362 0.585332
0.281582 1.77784 -0 0.526362 0.585332
0.374241 1.76067 -0 0.536247 0.587081
0.312869 1.97538 -0 0.52673 0.565366
0.374241 1.76067 -0 0.536247 0.587081
0.415823 1.9563 -0 0.536815 0.567015
0.312869 1.97538 -0 0.52673 0.565366
0.312869 1.97538 -0 0.52673 0.565366
0.415823 1.9563 -0 0.536815 0.567015
0.344156 2.17291 -0 0.527042 0.54843
0.415823 1.9563 -0 0.536815 0.567015
0.457406 2.15192 -0 0.537297 0.549988
0.344156 2.17291 -0 0.527042 0.54843
0.344156 2.17291 -0 0.527042 0.54843
0.457406 2.15192 -0 0.537297 0.549988
0.407381 2.5721 0.04 0.527762 0.517068
0.457406 2.15192 -0 0.537297 0.549988
0.541436 2.54726 0.04 0.538368 0.518454
0.407381 2.5721 0.04 0.527762 0.517068
0.407381 2.5721 0.04 0.527762 0.517068
0.541436 2.54726 0.04 0.538368 0.518454
0.438668 2.76964 0.16 0.528576 0.494608
0.541436 2.54726 0.04 0.538368 0.518454
0.583018 2.74289 0.16 0.539508 0.49587
0.438668 2.76964 0.16 0.528576 0.494608
0.438668 2.76964 0.16 0.528576 0.494608
0.583018 2.74289 0.16 0.539508 0.49587
0.469955 2.96718 0.36 0.529744 0.466112
0.583018 2.74289 0.16 0.539508 0.49587
0.624601 2.93851 0.36 0.541122 0.467205
0.469955 2.96718 0.36 0.529744 0.466112
0.469955 2.96718 0.36 0.529744 0.466112
0.624601 2.93851 0.36 0.541122 0.467205
0.501242 3.16471 0.64 0.531277 0.431025
0.624601 2.93851 0.36 0.541122 0.467205
0.666183 3.13414 0.64 0.543231 0.43189
0.501242 3.16471 0.64 0.531277 0.431025
0.501242 3.16471 0.64 0.531277 0.431025
0.666183 3.13414 0.64 0.543231 0.43189
0.532528 3.36225 1 0.533216 0.388351
0.666183 3.13414 0.64 0.543231 0.43189
0.707765 3.32977 1 0.545891 0.388902
0.532528 3.36225 1 0.533216 0.388351
0.532528 3.36225 1 0.533216 0.388351
0.707765 3.32977 1 0.545891 0.388902
0.563815 3.55979 1.44 0.53563 0.336556
0.707765 3.32977 1 0.545891 0.388902
0.749348 3.5254 1.44 0.549198 0.336672
0.563815 3.55979 1.44 0.53563 0.336556
0.563815 3.55979 1.44 0.53563 0.336556
0.749348 3.5254 1.44 0.549198 0.336672
0.595102 3.75733 1.96 0.538626 0.273381
0.749348 3.5254 1.44 0.549198 0.336672
0.79093 3.72103 1.96 0.553302 0.272884
0.595102 3.75733 1.96 0.538626 0.273381
0.595102 3.75733 1.96 0.538626 0.273381
0.79093 3.72103 1.96 0.553302 0.272884
0.626389 3.95487 2.56 0.542363 0.195508
0.79093 3.72103 1.96 0.553302 0.272884
0.832512 3.91666 2.56 0.558424 0.194129
0.626389 3.95487 2.56 0.542363 0.195508
0.626389 3.95487 2.56 0.542363 0.195508
0.832512 3.91666 2.56 0.558424 0.194129
0.657676 4.1524 3.24 0.547085 0.0979633
0.832512 3.91666 2.56 0.558424 0.194129
0.874095 4.11229 3.24 0.564904 0.0952782
0.657676 4.1524 3.24 0.547085 0.0979633
0.0312869 0.386803 -0 0.51036 0.999219
0.0625738 0.395075 -0 0.51886 0.992398
0.0418114 0.397809 -0 0.513056 0.990616
0.0418114 0.397809 -0 0.513056 0.990616
0.0625738 0.395075 -0 0.51886 0.992398
0.0627171 0.596713 -0 0.514142 0.865164
0.0625738 0.395075 -0 0.51886 0.992398
0.0938607 0.592613 -0 0.521172 0.866922
0.0627171 0.596713 -0 0.514142 0.865164
0.0627171 0.596713 -0 0.514142 0.865164
0.0938607 0.592613 -0 0.521172 0.866922
0.0836228 0.795618 -0 0.514877 0.780374
0.0938607 0.592613 -0 0.521172 0.866922
0.125148 0.790151 -0 0.522737 0.782035
0.0836228 0.795618 -0 0.514877 0.780374
0.0836228 0.795618 -0 0.514877 0.780374
0.125148 0.790151 -0 0.522737 0.782035
0.104528 0.994522 -0 0.515406 0.719233
0.125148 0.790151 -0 0.522737 0.782035
0.156434 0.987688 -0 0.523866 0.720786
0.104528 0.994522 -0 0.515406 0.719233
0.104528 0.994522 -0 0.515406 0.719233
0.156434 0.987688 -0 0.523866 0.720786
0.125434 1.19343 -0 0.515807 0.673058
0.156434 0.987688 -0 0.523866 0.720786
0.187721 1.18523 -0 0.524719 0.674507
0.125434 1.19343 -0 0.515807 0.673058
0.125434 1.19343 -0 0.515807 0.673058
0.187721 1.18523 -0 0.524719 0.674507
0.14634 1.39233 -0 0.516119 0.636953
0.187721 1.18523 -0 0.524719 0.674507
0.219008 1.38276 -0 0.525386 0.638308
0.14634 1.39233 -0 0.516119 0.636953
0.14634 1.39233 -0 0.516119 0.636953
0.219008 1.38276 -0 0.525386 0.638308
0.167246 1.59124 -0 0.516371 0.607948
0.219008 1.38276 -0 0.525386 0.638308
0.250295 1.5803 -0 0.525922 0.609218
0.167246 1.59124 -0 0.516371 0.607948
0.167246 1.59124 -0 0.516371 0.607948
0.250295 1.5803 -0 0.525922 0.609218
0.188151 1.79014 -0 0.516577 0.584136
0.250295 1.5803 -0 0.525922 0.609218
0.281582 1.77784 -0 0.526362 0.585332
0.188151 1.79014 -0 0.516577 0.584136
0.188151 1.79014 -0 0.516577 0.584136
0.281582 1.77784 -0 0.526362 0.585332
0.209057 1.98904 -0 0.516749 0.564237
0.281582 1.77784 -0 0.526362 0.585332
0.312869 1.97538 -0 0.52673 0.565366
0.209057 1.98904 -0 0.516749 0.564237
0.209057 1.98904 -0 0.516749 0.564237
0.312869 1.97538 -0 0.52673 0.565366
0.229963 2.18795 -0 0.516895 0.54736
0.312869 1.97538 -0 0.52673 0.565366
0.344156 2.17291 -0 0.527042 0.54843
0.229963 2.18795 -0 0.516895 0.54736
0.229963 2.18795 -0 0.516895 0.54736
0.344156 2.17291 -0 0.527042 0.54843
0.272209 2.5899 0.04 0.517274 0.51611
0.344156 2.17291 -0 0.527042 0.54843
0.407381 2.5721 0.04 0.527762 0.517068
0.272209 2.5899 0.04 0.517274 0.51611
0.272209 2.5899 0.04 0.517274 0.51611
0.407381 2.5721 0.04 0.527762 0.517068
0.293115 2.7888 0.16 0.517772 0.493732
0.407381 2.5721 0.04 0.527762 0.517068
0.438668 2.76964 0.16 0.528576 0.494608
0.293115 2.7888 0.16 0.517772 0.493732
0.293115 2.7888 0.16 0.517772 0.493732
0.438668 2.76964 0.16 0.528576 0.494608
0.314021 2.98771 0.36 0.518506 0.465344
0.438668 2.76964 0.16 0.528576 0.494608
0.469955 2.96718 0.36 0.529744 0.466112
0.314021 2.98771 0.36 0.518506 0.465344
0.314021 2.98771 0.36 0.518506 0.465344
0.469955 2.96718 0.36 0.529744 0.466112
0.334926 3.18661 0.64 0.519483 0.430407
0.469955 2.96718 0.36 0.529744 0.466112
0.501242 3.16471 0.64 0.531277 0.431025
0.334926 3.18661 0.64 0.519483 0.430407
0.334926 3.18661 0.64 0.519483 0.430407
0.501242 3.16471 0.64 0.531277 0.431025
0.355832 3.38551 1 0.520726 0.387937
0.501242 3.16471 0.64 0.531277 0.431025
0.532528 3.36225 1 0.533216 0.388351
0.355832 3.38551 1 0.520726 0.387937
0.355832 3.38551 1 0.520726 0.387937
0.532528 3.36225 1 0.533216 0.388351
0.376738 3.58442 1.44 0.52228 0.336424
0.532528 3.36225 1 0.533216 0.388351
0.563815 3.55979 1.44 0.53563 0.336556
0.376738 3.58442 1.44 0.52228 0.336424
0.376738 3.58442 1.44 0.52228 0.336424
0.563815 3.55979 1.44 0.53563 0.336556
0.397643 3.78332 1.96 0.524212 0.273648
0.563815 3.55979 1.44 0.53563 0.336556
0.595102 3.75733 1.96 0.538626 0.273381
0.397643 3.78332 1.96 0.524212 0.273648
0.397643 3.78332 1.96 0.524212 0.273648
0.595102 3.75733 1.96 0.538626 0.273381
0.418549 3.98223 2.56 0.526625 0.196349
0.595102 3.75733 1.96 0.538626 0.273381
0.626389 3.95487 2.56 0.542363 0.195508
0.418549 3.98223 2.56 0.526625 0.196349
0.418549 3.98223 2.56 0.526625 0.196349
0.626389 3.95487 2.56 0.542363 0.195508
0.439455 4.18113 3.24 0.529675 0.0996512
0.626389 3.95487 2.56 0.542363 0.195508
0.657676 4.1524 3.24 0.547085 0.0979633
0.439455 4.18113 3.24 0.529675 0.0996512
0.0209344 0.399452 -0 0.507267 0.989692
0.0418114 0.397809 -0 0.513056 0.990616
0.0314016 0.599178 -0 0.507138 0.864246
0.0418114 0.397809 -0 0.513056 0.990616
0.0627171 0.596713 -0 0.514142 0.865164
0.0314016 0.599178 -0 0.507138 0.864246
0.0314016 0.599178 -0 0.507138 0.864246
0.0627171 0.596713 -0 0.514142 0.865164
0.0418688 0.798904 -0 0.507052 0.779499
0.0627171 0.596713 -0 0.514142 0.865164
0.0836228 0.795618 -0 0.514877 0.780374
0.0418688 0.798904 -0 0.507052 0.779499
0.0418688 0.798904 -0 0.507052 0.779499
0.0836228 0.795618 -0 0.514877 0.780374
0.052336 0.99863 -0 0.50699 0.718408
0.0836228 0.795618 -0 0.514877 0.780374
0.104528 0.994522 -0 0.515406 0.719233
0.052336 0.99863 -0 0.50699 0.718408
0.052336 0.99863 -0 0.50699 0.718408
0.104528 0.994522 -0 0.515406 0.719233
0.0628031 1.19836 -0 0.506942 0.672282
0.104528 0.994522 -0 0.515406 0.719233
0.125434 1.19343 -0 0.515807 0.673058
0.0628031 1.19836 -0 0.506942 0.672282
0.0628031 1.19836 -0 0.506942 0.672282
0.125434 1.19343 -0 0.515807 0.673058
0.0732703 1.39808 -0 0.506906 0.636222
0.125434 1.19343 -0 0.515807 0.673058
0.14634 1.39233 -0 0.516119 0.636953
0.0732703 1.39808 -0 0.506906 0.636222
0.0732703 1.39808 -0 0.506906 0.636222
0.14634 1.39233 -0 0.516119 0.636953
0.0837375 1.59781 -0 0.506876 0.607258
0.14634 1.39233 -0 0.516119 0.636953
0.167246 1.59124 -0 0.516371 0.607948
0.0837375 1.59781 -0 0.506876 0.607258
0.0837375 1.59781 -0 0.506876 0.607258
0.167246 1.59124 -0 0.516371 0.607948
0.0942047 1.79753 -0 0.506852 0.583481
0.167246 1.59124 -0 0.516371 0.607948
0.188151 1.79014 -0 0.516577 0.584136
0.0942047 1.79753 -0 0.506852 0.583481
0.0942047 1.79753 -0 0.506852 0.583481
0.188151 1.79014 -0 0.516577 0.584136
0.104672 1.99726 -0 0.506831 0.563614
0.188151 1.79014 -0 0.516577 0.584136
0.209057 1.98904 -0 0.516749 0.564237
0.104672 1.99726 -0 0.506831 0.563614
0.104672 1.99726 -0 0.506831 0.563614
0.209057 1.98904 -0 0.516749 0.564237
0.115139 2.19699 -0 0.506814 0.546766
0.209057 1.98904 -0 0.516749 0.564237
0.229963 2.18795 -0 0.516895 0.54736
0.115139 2.19699 -0 0.506814 0.546766
0.115139 2.19699 -0 0.506814 0.546766
0.229963 2.18795 -0 0.516895 0.54736
0.136291 2.60059 0.04 0.506857 0.51557
0.229963 2.18795 -0 0.516895 0.54736
0.272209 2.5899 0.04 0.517274 0.51611
0.136291 2.60059 0.04 0.506857 0.51557
0.136291 2.60059 0.04 0.506857 0.51557
0.272209 2.5899 0.04 0.517274 0.51611
0.146759 2.80032 0.16 0.507045 0.49323
0.272209 2.5899 0.04 0.517274 0.51611
0.293115 2.7888 0.16 0.517772 0.493732
0.146759 2.80032 0.16 0.507045 0.49323
0.146759 2.80032 0.16 0.507045 0.49323
0.293115 2.7888 0.16 0.517772 0.493732
0.157226 3.00005 0.36 0.507354 0.464895
0.293115 2.7888 0.16 0.517772 0.493732
0.314021 2.98771 0.36 0.518506 0.465344
0.157226 3.00005 0.36 0.507354 0.464895
0.157226 3.00005 0.36 0.507354 0.464895
0.314021 2.98771 0.36 0.518506 0.465344
0.167693 3.19977 0.64 0.507784 0.430028
0.314021 2.98771 0.36 0.518506 0.465344
0.334926 3.18661 0.64 0.519483 0.430407
0.167693 3.19977 0.64 0.507784 0.430028
0.167693 3.19977 0.64 0.507784 0.430028
0.334926 3.18661 0.64 0.519483 0.430407
0.17816 3.3995 1 0.508346 0.387655
0.334926 3.18661 0.64 0.519483 0.430407
0.355832 3.38551 1 0.520726 0.387937
0.17816 3.3995 1 0.508346 0.387655
0.17816 3.3995 1 0.508346 0.387655
0.355832 3.38551 1 0.520726 0.387937
0.188627 3.59922 1.44 0.50906 0.336278
0.355832 3.38551 1 0.520726 0.387937
0.376738 3.58442 1.44 0.52228 0.336424
0.188627 3.59922 1.44 0.50906 0.336278
0.188627 3.59922 1.44 0.50906 0.336278
0.376738 3.58442 1.44 0.52228 0.336424
0.199095 3.79895 1.96 0.509956 0.273693
0.376738 3.58442 1.44 0.52228 0.336424
0.397643 3.78332 1.96 0.524212 0.273648
0.199095 3.79895 1.96 0.509956 0.273693
0.199095 3.79895 1.96 0.509956 0.273693
0.397643 3.78332 1.96 0.524212 0.273648
0.209562 3.99868 2.56 0.511082 0.196669
0.397643 3.78332 1.96 0.524212 0.273648
0.418549 3.98223 2.56 0.526625 0.196349
0.209562 3.99868 2.56 0.511082 0.196669
0.209562 3.99868 2.56 0.511082 0.196669
0.418549 3.98223 2.56 0.526625 0.196349
0.220029 4.1984 3.24 0.512511 0.10038
0.418549 3.98223 2.56 0.526625 0.196349
0.439455 4.18113 3.24 0.529675 0.0996512
0.220029 4.1984 3.24 0.512511 0.10038
2.44929e-17 0.4 -0 0.501486 0.989622
0.0209344 0.399452 -0 0.507267 0.989692
3.67394e-17 0.6 -0 0.500147 0.864162
0.0209344 0.399452 -0 0.507267 0.989692
0.0314016 0.599178 -0 0.507138 0.864246
3.67394e-17 0.6 -0 0.500147 0.864162
3.67394e-17 0.6 -0 0.500147 0.864162
0.0314016 0.599178 -0 0.507138 0.864246
4.89859e-17 0.8 -0 0.499242 0.779404
0.0314016 0.599178 -0 0.507138 0.864246
0.0418688 0.798904 -0 0.507052 0.779499
4.89859e-17 0.8 -0 0.499242 0.779404
4.89859e-17 0.8 -0 0.499242 0.779404
0.0418688 0.798904 -0 0.507052 0.779499
6.12323e-17 1 -0 0.498589 0.718306
0.0418688 0.798904 -0 0.507052 0.779499
0.052336 0.99863 -0 0.50699 0.718408
6.12323e-17 1 -0 0.498589 0.718306
6.12323e-17 1 -0 0.498589 0.718306
0.052336 0.99863 -0 0.50699 0.718408
7.34788e-17 1.2 -0 0.498097 0.672174
0.052336 0.99863 -0 0.50699 0.718408
0.0628031 1.19836 -0 0.506942 0.672282
7.34788e-17 1.2 -0 0.498097 0.672174
7.34788e-17 1.2 -0 0.498097 0.672174
0.0628031 1.19836 -0 0.506942 0.672282
8.57253e-17 1.4 -0 0.497712 0.63611
0.0628031 1.19836 -0 0.506942 0.672282
0.0732703 1.39808 -0 0.506906 0.636222
8.57253e-17 1.4 -0 0.497712 0.63611
8.57253e-17 1.4 -0 0.497712 0.63611
0.0732703 1.39808 -0 0.506906 0.636222
9.79717e-17 1.6 -0 0.497402 0.607142
0.0732703 1.39808 -0 0.506906 0.636222
0.0837375 1.59781 -0 0.506876 0.607258
9.79717e-17 1.6 -0 0.497402 0.607142
9.79717e-17 1.6 -0 0.497402 0.607142
0.0837375 1.59781 -0 0.506876 0.607258
1.10218e-16 1.8 -0 0.497149 0.583363
0.0837375 1.59781 -0 0.506876 0.607258
0.0942047 1.79753 -0 0.506852 0.583481
1.10218e-16 1.8 -0 0.497149 0.583363
1.10218e-16 1.8 -0 0.497149 0.583363
0.0942047 1.79753 -0 0.506852 0.583481
1.22465e-16 2 -0 0.496936 0.563493
0.0942047 1.79753 -0 0.506852 0.583481
0.104672 1.99726 -0 0.506831 0.563614
1.22465e-16 2 -0 0.496936 0.563493
1.22465e-16 2 -0 0.496936 0.563493
0.104672 1.99726 -0 0.506831 0.563614
1.34711e-16 2.2 -0 0.496757 0.546642
0.104672 1.99726 -0 0.506831 0.563614
0.115139 2.19699 -0 0.506814 0.546766
1.34711e-16 2.2 -0 0.496757 0.546642
1.34711e-16 2.2 -0 0.496757 0.546642
0.115139 2.19699 -0 0.506814 0.546766
1.59459e-16 2.60416 0.04 0.496465 0.515442
0.115139 2.19699 -0 0.506814 0.546766
0.136291 2.60059 0.04 0.506857 0.51557
1.59459e-16 2.60416 0.04 0.496465 0.515442
1.59459e-16 2.60416 0.04 0.496465 0.515442
0.136291 2.60059 0.04 0.506857 0.51557
1.71705e-16 2.80416 0.16 0.496345 0.493098
0.136291 2.60059 0.04 0.506857 0.51557
0.146759 2.80032 0.16 0.507045 0.49323
1.71705e-16 2.80416 0.16 0.496345 0.493098
1.71705e-16 2.80416 0.16 0.496345 0.493098
0.146759 2.80032 0.16 0.507045 0.49323
1.83952e-16 3.00416 0.36 0.496231 0.464758
0.146759 2.80032 0.16 0.507045 0.49323
0.157226 3.00005 0.36 0.507354 0.464895
1.83952e-16 3.00416 0.36 0.496231 0.464758
1.83952e-16 3.00416 0.36 0.496231 0.464758
0.157226 3.00005 0.36 0.507354 0.464895
1.96198e-16 3.20416 0.64 0.49612 0.429884
0.157226 3.00005 0.36 0.507354 0.464895
0.167693 3.19977 0.64 0.507784 0.430028
1.96198e-16 3.20416 0.64 0.49612 0.429884
1.96198e-16 3.20416 0.64 0.49612 0.429884
0.167693 3.19977 0.64 0.507784 0.430028
2.08445e-16 3.40416 1 0.496007 0.387503
0.167693 3.19977 0.64 0.507784 0.430028
0.17816 3.3995 1 0.508346 0.387655
2.08445e-16 3.40416 1 0.496007 0.387503
2.08445e-16 3.40416 1 0.496007 0.387503
0.17816 3.3995 1 0.508346 0.387655
2.20691e-16 3.60416 1.44 0.495887 0.336115
0.17816 3.3995 1 0.508346 0.387655
0.188627 3.59922 1.44 0.50906 0.336278
2.20691e-16 3.60416 1.44 0.495887 0.336115
2.20691e-16 3.60416 1.44 0.495887 0.336115
0.188627 3.59922 1.44 0.50906 0.336278
2.32938e-16 3.80416 1.96 0.495756 0.273517
0.188627 3.59922 1.44 0.50906 0.336278
0.199095 3.79895 1.96 0.509956 0.273693
2.32938e-16 3.80416 1.96 0.495756 0.273517
2.32938e-16 3.80416 1.96 0.495756 0.273517
0.199095 3.79895 1.96 0.509956 0.273693
2.45184e-16 4.00416 2.56 0.495608 0.196477
0.199095 3.79895 1.96 0.509956 0.273693
0.209562 3.99868 2.56 0.511082 0.196669
2.45184e-16 4.00416 2.56 0.495608 0.196477
2.45184e-16 4.00416 2.56 0.495608 0.196477
0.209562 3.99868 2.56 0.511082 0.196669
2.57431e-16 4.20416 3.24 0.495436 0.100167
0.209562 3.99868 2.56 0.511082 0.196669
0.220029 4.1984 3.24 0.512511 0.10038
2.57431e-16 4.20416 3.24 0.495436 0.100167
-0.0209344 0.399452 -0 0.495707 0.990406
2.44929e-17 0.4 -0 0.501486 0.989622
-0.0314016 0.599178 -0 0.493152 0.86491
2.44929e-17 0.4 -0 0.501486 0.989622
3.67394e-17 0.6 -0 0.500147 0.864162
-0.0314016 0.599178 -0 0.493152 0.86491
-0.0314016 0.599178 -0 0.493152 0.86491
3.67394e-17 0.6 -0 0.500147 0.864162
-0.0418688 0.798904 -0 0.491426 0.780089
3.67394e-17 0.6 -0 0.500147 0.864162
4.89859e-17 0.8 -0 0.499242 0.779404
-0.0418688 0.798904 -0 0.491426 0.780089
-0.0418688 0.798904 -0 0.491426 0.780089
4.89859e-17 0.8 -0 0.499242 0.779404
-0.052336 0.99863 -0 0.490181 0.718925
4.89859e-17 0.8 -0 0.499242 0.779404
6.12323e-17 1 -0 0.498589 0.718306
-0.052336 0.99863 -0 0.490181 0.718925
-0.052336 0.99863 -0 0.490181 0.718925
6.12323e-17 1 -0 0.498589 0.718306
-0.0628031 1.19836 -0 0.48924 0.672733
6.12323e-17 1 -0 0.498589 0.718306
7.34788e-17 1.2 -0 0.498097 0.672174
-0.0628031 1.19836 -0 0.48924 0.672733
-0.0628031 1.19836 -0 0.48924 0.672733
7.34788e-17 1.2 -0 0.498097 0.672174
-0.0732703 1.39808 -0 0.488505 0.636615
7.34788e-17 1.2 -0 0.498097 0.672174
8.57253e-17 1.4 -0 0.497712 0.63611
-0.0732703 1.39808 -0 0.488505 0.636615
-0.0732703 1.39808 -0 0.488505 0.636615
8.57253e-17 1.4 -0 0.497712 0.63611
-0.0837375 1.59781 -0 0.487914 0.607599
8.57253e-17 1.4 -0 0.497712 0.63611
9.79717e-17 1.6 -0 0.497402 0.607142
-0.0837375 1.59781 -0 0.487914 0.607599
-0.0837375 1.59781 -0 0.487914 0.607599
9.79717e-17 1.6 -0 0.497402 0.607142
-0.0942047 1.79753 -0 0.48743 0.583779
9.79717e-17 1.6 -0 0.497402 0.607142
1.10218e-16 1.8 -0 0.497149 0.583363
-0.0942047 1.79753 -0 0.48743 0.583779
-0.0942047 1.79753 -0 0.48743 0.583779
1.10218e-16 1.8 -0 0.497149 0.583363
-0.104672 1.99726 -0 0.487024 0.563872
1.10218e-16 1.8 -0 0.497149 0.583363
1.22465e-16 2 -0 0.496936 0.563493
-0.104672 1.99726 -0 0.487024 0.563872
-0.104672 1.99726 -0 0.487024 0.563872
1.22465e-16 2 -0 0.496936 0.563493
-0.115139 2.19699 -0 0.486681 0.546989
1.22465e-16 2 -0 0.496936 0.563493
1.34711e-16 2.2 -0 0.496757 0.546642
-0.115139 2.19699 -0 0.486681 0.546989
-0.115139 2.19699 -0 0.486681 0.546989
1.34711e-16 2.2 -0 0.496757 0.546642
-0.136291 2.60059 0.04 0.486053 0.515727
1.34711e-16 2.2 -0 0.496757 0.546642
1.59459e-16 2.60416 0.04 0.496465 0.515442
-0.136291 2.60059 0.04 0.486053 0.515727
-0.136291 2.60059 0.04 0.486053 0.515727
1.59459e-16 2.60416 0.04 0.496465 0.515442
-0.146759 2.80032 0.16 0.485622 0.493336
1.59459e-16 2.60416 0.04 0.496465 0.515442
1.71705e-16 2.80416 0.16 0.496345 0.493098
-0.146759 2.80032 0.16 0.485622 0.493336
-0.146759 2.80032 0.16 0.485622 0.493336
1.71705e-16 2.80416 0.16 0.496345 0.493098
-0.157226 3.00005 0.36 0.485085 0.464933
1.71705e-16 2.80416 0.16 0.496345 0.493098
1.83952e-16 3.00416 0.36 0.496231 0.464758
-0.157226 3.00005 0.36 0.485085 0.464933
-0.157226 3.00005 0.36 0.485085 0.464933
1.83952e-16 3.00416 0.36 0.496231 0.464758
-0.167693 3.19977 0.64 0.484429 0.429975
1.83952e-16 3.00416 0.36 0.496231 0.464758
1.96198e-16 3.20416 0.64 0.49612 0.429884
-0.167693 3.19977 0.64 0.484429 0.429975
-0.167693 3.19977 0.64 0.484429 0.429975
1.96198e-16 3.20416 0.64 0.49612 0.429884
-0.17816 3.3995 1 0.483636 0.387479
1.96198e-16 3.20416 0.64 0.49612 0.429884
2.08445e-16 3.40416 1 0.496007 0.387503
-0.17816 3.3995 1 0.483636 0.387479
-0.17816 3.3995 1 0.483636 0.387479
2.08445e-16 3.40416 1 0.496007 0.387503
-0.188627 3.59922 1.44 0.482678 0.335935
2.08445e-16 3.40416 1 0.496007 0.387503
2.20691e-16 3.60416 1.44 0.495887 0.336115
-0.188627 3.59922 1.44 0.482678 0.335935
-0.188627 3.59922 1.44 0.482678 0.335935
2.20691e-16 3.60416 1.44 0.495887 0.336115
-0.199095 3.79895 1.96 0.481514 0.273119
2.20691e-16 3.60416 1.44 0.495887 0.336115
2.32938e-16 3.80416 1.96 0.495756 0.273517
-0.199095 3.79895 1.96 0.481514 0.273119
-0.199095 3.79895 1.96 0.481514 0.273119
2.32938e-16 3.80416 1.96 0.495756 0.273517
-0.209562 3.99868 2.56 0.480084 0.195771
2.32938e-16 3.80416 1.96 0.495756 0.273517
2.45184e-16 4.00416 2.56 0.495608 0.196477
-0.209562 3.99868 2.56 0.480084 0.195771
-0.209562 3.99868 2.56 0.480084 0.195771
2.45184e-16 4.00416 2.56 0.495608 0.196477
-0.220029 4.1984 3.24 0.478297 0.0990108
2.45184e-16 4.00416 2.56 0.495608 0.196477
2.57431e-16 4.20416 3.24 0.495436 0.100167
-0.220029 4.1984 3.24 0.478297 0.0990108
-0.0418114 0.397809 -0 0.489923 0.992049
-0.0209344 0.399452 -0 0.495707 0.990406
-0.0627171 0.596713 -0 0.486142 0.866497
-0.0209344 0.399452 -0 0.495707 0.990406
-0.0314016 0.599178 -0 0.493152 0.86491
-0.0627171 0.596713 -0 0.486142 0.866497
-0.0627171 0.596713 -0 0.486142 0.866497
-0.0314016 0.599178 -0 0.493152 0.86491
-0.0836228 0.795618 -0 0.483584 0.781559
-0.0314016 0.599178 -0 0.493152 0.86491
-0.0418688 0.798904 -0 0.491426 0.780089
-0.0836228 0.795618 -0 0.483584 0.781559
-0.0836228 0.795618 -0 0.483584 0.781559
-0.0418688 0.798904 -0 0.491426 0.780089
-0.104528 0.994522 -0 0.481738 0.720272
-0.0418688 0.798904 -0 0.491426 0.780089
-0.052336 0.99863 -0 0.490181 0.718925
-0.104528 0.994522 -0 0.481738 0.720272
-0.104528 0.994522 -0 0.481738 0.720272
-0.052336 0.99863 -0 0.490181 0.718925
-0.125434 1.19343 -0 0.480344 0.673965
-0.052336 0.99863 -0 0.490181 0.718925
-0.0628031 1.19836 -0 0.48924 0.672733
-0.125434 1.19343 -0 0.480344 0.673965
-0.125434 1.19343 -0 0.480344 0.673965
-0.0628031 1.19836 -0 0.48924 0.672733
-0.14634 1.39233 -0 0.479253 0.637743
-0.0628031 1.19836 -0 0.48924 0.672733
-0.0732703 1.39808 -0 0.488505 0.636615
-0.14634 1.39233 -0 0.479253 0.637743
-0.14634 1.39233 -0 0.479253 0.637743
-0.0732703 1.39808 -0 0.488505 0.636615
-0.167246 1.59124 -0 0.478376 0.608636
-0.0732703 1.39808 -0 0.488505 0.636615
-0.0837375 1.59781 -0 0.487914 0.607599
-0.167246 1.59124 -0 0.478376 0.608636
-0.167246 1.59124 -0 0.478376 0.608636
-0.0837375 1.59781 -0 0.487914 0.607599
-0.188151 1.79014 -0 0.477657 0.584735
-0.0837375 1.59781 -0 0.487914 0.607599
-0.0942047 1.79753 -0 0.48743 0.583779
-0.188151 1.79014 -0 0.477657 0.584735
-0.188151 1.79014 -0 0.477657 0.584735
-0.0942047 1.79753 -0 0.48743 0.583779
-0.209057 1.98904 -0 0.477055 0.564757
-0.0942047 1.79753 -0 0.48743 0.583779
-0.104672 1.99726 -0 0.487024 0.563872
-0.209057 1.98904 -0 0.477055 0.564757
-0.209057 1.98904 -0 0.477055 0.564757
-0.104672 1.99726 -0 0.487024 0.563872
-0.229963 2.18795 -0 0.476545 0.547811
-0.104672 1.99726 -0 0.487024 0.563872
-0.115139 2.19699 -0 0.486681 0.546989
-0.229963 2.18795 -0 0.476545 0.547811
-0.229963 2.18795 -0 0.476545 0.547811
-0.115139 2.19699 -0 0.486681 0.546989
-0.272209 2.5899 0.04 0.475575 0.516427
-0.115139 2.19699 -0 0.486681 0.546989
-0.136291 2.60059 0.04 0.486053 0.515727
-0.272209 2.5899 0.04 0.475575 0.516427
-0.272209 2.5899 0.04 0.475575 0.516427
-0.136291 2.60059 0.04 0.486053 0.515727
-0.293115 2.7888 0.16 0.474829 0.493948
-0.136291 2.60059 0.04 0.486053 0.515727
-0.146759 2.80032 0.16 0.485622 0.493336
-0.293115 2.7888 0.16 0.474829 0.493948
-0.293115 2.7888 0.16 0.474829 0.493948
-0.146759 2.80032 0.16 0.485622 0.493336
-0.314021 2.98771 0.36 0.473859 0.465424
-0.146759 2.80032 0.16 0.485622 0.493336
-0.157226 3.00005 0.36 0.485085 0.464933
-0.314021 2.98771 0.36 0.473859 0.465424
-0.314021 2.98771 0.36 0.473859 0.465424
-0.157226 3.00005 0.36 0.485085 0.464933
-0.334926 3.18661 0.64 0.472649 0.430303
-0.157226 3.00005 0.36 0.485085 0.464933
-0.167693 3.19977 0.64 0.484429 0.429975
-0.334926 3.18661 0.64 0.472649 0.430303
-0.334926 3.18661 0.64 0.472649 0.430303
-0.167693 3.19977 0.64 0.484429 0.429975
-0.355832 3.38551 1 0.471163 0.387586
-0.167693 3.19977 0.64 0.484429 0.429975
-0.17816 3.3995 1 0.483636 0.387479
-0.355832 3.38551 1 0.471163 0.387586
-0.355832 3.38551 1 0.471163 0.387586
-0.17816 3.3995 1 0.483636 0.387479
-0.376738 3.58442 1.44 0.46935 0.335737
-0.17816 3.3995 1 0.483636 0.387479
-0.188627 3.59922 1.44 0.482678 0.335935
-0.376738 3.58442 1.44 0.46935 0.335737
-0.376738 3.58442 1.44 0.46935 0.335737
-0.188627 3.59922 1.44 0.482678 0.335935
-0.397643 3.78332 1.96 0.46713 0.272495
-0.188627 3.59922 1.44 0.482678 0.335935
-0.199095 3.79895 1.96 0.481514 0.273119
-0.397643 3.78332 1.96 0.46713 0.272495
-0.397643 3.78332 1.96 0.46713 0.272495
-0.199095 3.79895 1.96 0.481514 0.273119
-0.418549 3.98223 2.56 0.464385 0.194539
-0.199095 3.79895 1.96 0.481514 0.273119
-0.209562 3.99868 2.56 0.480084 0.195771
-0.418549 3.98223 2.56 0.464385 0.194539
-0.418549 3.98223 2.56 0.464385 0.194539
-0.209562 3.99868 2.56 0.480084 0.195771
-0.439455 4.18113 3.24 0.46094 0.0968895
-0.209562 3.99868 2.56 0.480084 0.195771
-0.220029 4.1984 3.24 0.478297 0.0990108
-0.439455 4.18113 3.24 0.46094 0.0968895
-0.0625738 0.395075 -0 0.484125 0.994558
-0.0418114 0.397809 -0 0.489923 0.992049
-0.0938607 0.592613 -0 0.4791 0.868934
-0.0418114 0.397809 -0 0.489923 0.992049
-0.0627171 0.596713 -0 0.486142 0.866497
-0.0938607 0.592613 -0 0.4791 0.868934
-0.0938607 0.592613 -0 0.4791 0.868934
-0.0627171 0.596713 -0 0.486142 0.866497
-0.125148 0.790151 -0 0.475695 0.783827
-0.0627171 0.596713 -0 0.486142 0.866497
-0.0836228 0.795618 -0 0.483584 0.781559
-0.125148 0.790151 -0 0.475695 0.783827
-0.125148 0.790151 -0 0.475695 0.783827
-0.0836228 0.795618 -0 0.483584 0.781559
-0.156434 0.987688 -0 0.473236 0.722359
-0.0836228 0.795618 -0 0.483584 0.781559
-0.104528 0.994522 -0 0.481738 0.720272
-0.156434 0.987688 -0 0.473236 0.722359
-0.156434 0.987688 -0 0.473236 0.722359
-0.104528 0.994522 -0 0.481738 0.720272
-0.187721 1.18523 -0 0.471377 0.675882
-0.104528 0.994522 -0 0.481738 0.720272
-0.125434 1.19343 -0 0.480344 0.673965
-0.187721 1.18523 -0 0.471377 0.675882
-0.187721 1.18523 -0 0.471377 0.675882
-0.125434 1.19343 -0 0.480344 0.673965
-0.219008 1.38276 -0 0.469922 0.639507
-0.125434 1.19343 -0 0.480344 0.673965
-0.14634 1.39233 -0 0.479253 0.637743
-0.219008 1.38276 -0 0.469922 0.639507
-0.219008 1.38276 -0 0.469922 0.639507
-0.14634 1.39233 -0 0.479253 0.637743
-0.250295 1.5803 -0 0.468752 0.610264
-0.14634 1.39233 -0 0.479253 0.637743
-0.167246 1.59124 -0 0.478376 0.608636
-0.250295 1.5803 -0 0.468752 0.610264
-0.250295 1.5803 -0 0.468752 0.610264
-0.167246 1.59124 -0 0.478376 0.608636
-0.281582 1.77784 -0 0.467791 0.586242
-0.167246 1.59124 -0 0.478376 0.608636
-0.188151 1.79014 -0 0.477657 0.584735
-0.281582 1.77784 -0 0.467791 0.586242
-0.281582 1.77784 -0 0.467791 0.586242
-0.188151 1.79014 -0 0.477657 0.584735
-0.312869 1.97538 -0 0.466987 0.566159
-0.188151 1.79014 -0 0.477657 0.584735
-0.209057 1.98904 -0 0.477055 0.564757
-0.312869 1.97538 -0 0.466987 0.566159
-0.312869 1.97538 -0 0.466987 0.566159
-0.209057 1.98904 -0 0.477055 0.564757
-0.344156 2.17291 -0 0.466305 0.549118
-0.209057 1.98904 -0 0.477055 0.564757
-0.229963 2.18795 -0 0.476545 0.547811
-0.344156 2.17291 -0 0.466305 0.549118
-0.344156 2.17291 -0 0.466305 0.549118
-0.229963 2.18795 -0 0.476545 0.547811
-0.407381 2.5721 0.04 0.464984 0.517553
-0.229963 2.18795 -0 0.476545 0.547811
-0.272209 2.5899 0.04 0.475575 0.516427
-0.407381 2.5721 0.04 0.464984 0.517553
-0.407381 2.5721 0.04 0.464984 0.517553
-0.272209 2.5899 0.04 0.475575 0.516427
-0.438668 2.76964 0.16 0.463913 0.494941
-0.272209 2.5899 0.04 0.475575 0.516427
-0.293115 2.7888 0.16 0.474829 0.493948
-0.438668 2.76964 0.16 0.463913 0.494941
-0.438668 2.76964 0.16 0.463913 0.494941
-0.293115 2.7888 0.16 0.474829 0.493948
-0.469955 2.96718 0.36 0.462499 0.466238
-0.293115 2.7888 0.16 0.474829 0.493948
-0.314021 2.98771 0.36 0.473859 0.465424
-0.469955 2.96718 0.36 0.462499 0.466238
-0.469955 2.96718 0.36 0.462499 0.466238
-0.314021 2.98771 0.36 0.473859 0.465424
-0.501242 3.16471 0.64 0.460716 0.430873
-0.314021 2.98771 0.36 0.473859 0.465424
-0.334926 3.18661 0.64 0.472649 0.430303
-0.501242 3.16471 0.64 0.460716 0.430873
-0.501242 3.16471 0.64 0.460716 0.430873
-0.334926 3.18661 0.64 0.472649 0.430303
-0.532528 3.36225 1 0.458515 0.387824
-0.334926 3.18661 0.64 0.472649 0.430303
-0.355832 3.38551 1 0.471163 0.387586
-0.532528 3.36225 1 0.458515 0.387824
-0.532528 3.36225 1 0.458515 0.387824
-0.355832 3.38551 1 0.471163 0.387586
-0.563815 3.55979 1.44 0.455816 0.335518
-0.355832 3.38551 1 0.471163 0.387586
-0.376738 3.58442 1.44 0.46935 0.335737
-0.563815 3.55979 1.44 0.455816 0.335518
-0.563815 3.55979 1.44 0.455816 0.335518
-0.376738 3.58442 1.44 0.46935 0.335737
-0.595102 3.75733 1.96 0.452498 0.271636
-0.376738 3.58442 1.44 0.46935 0.335737
-0.397643 3.78332 1.96 0.46713 0.272495
-0.595102 3.75733 1.96 0.452498 0.271636
-0.595102 3.75733 1.96 0.452498 0.271636
-0.397643 3.78332 1.96 0.46713 0.272495
-0.626389 3.95487 2.56 0.448383 0.192762
-0.397643 3.78332 1.96 0.46713 0.272495
-0.418549 3.98223 2.56 0.464385 0.194539
-0.626389 3.95487 2.56 0.448383 0.192762
-0.626389 3.95487 2.56 0.448383 0.192762
-0.418549 3.98223 2.56 0.464385 0.194539
-0.657676 4.1524 3.24 0.4432 0.0937608
-0.418549 3.98223 2.56 0.464385 0.194539
-0.439455 4.18113 3.24 0.46094 0.0968895
-0.657676 4.1524 3.24 0.4432 0.0937608
-0.0831647 0.391259 -0 0.478309 0.997948
-0.0625738 0.395075 -0 0.484125 0.994558
-0.124747 0.586889 -0 0.472012 0.872238
-0.0625738 0.395075 -0 0.484125 0.994558
-0.0938607 0.592613 -0 0.4791 0.868934
-0.124747 0.586889 -0 0.472012 0.872238
-0.124747 0.586889 -0 0.472012 0.872238
-0.0938607 0.592613 -0 0.4791 0.868934
-0.166329 0.782518 -0 0.467739 0.786913
-0.0938607 0.592613 -0 0.4791 0.868934
-0.125148 0.790151 -0 0.475695 0.783827
-0.166329 0.782518 -0 0.467739 0.786913
-0.166329 0.782518 -0 0.467739 0.786913
-0.125148 0.790151 -0 0.475695 0.783827
-0.207912 0.978148 -0 0.464648 0.725206
-0.125148 0.790151 -0 0.475695 0.783827
-0.156434 0.987688 -0 0.473236 0.722359
-0.207912 0.978148 -0 0.464648 0.725206
-0.207912 0.978148 -0 0.464648 0.725206
-0.156434 0.987688 -0 0.473236 0.722359
-0.249494 1.17378 -0 0.462308 0.678502
-0.156434 0.987688 -0 0.473236 0.722359
-0.187721 1.18523 -0 0.471377 0.675882
-0.249494 1.17378 -0 0.462308 0.678502
-0.249494 1.17378 -0 0.462308 0.678502
-0.187721 1.18523 -0 0.471377 0.675882
-0.291076 1.36941 -0 0.460476 0.641924
-0.187721 1.18523 -0 0.471377 0.675882
-0.219008 1.38276 -0 0.469922 0.639507
-0.291076 1.36941 -0 0.460476 0.641924
-0.291076 1.36941 -0 0.460476 0.641924
-0.219008 1.38276 -0 0.469922 0.639507
-0.332659 1.56504 -0 0.459002 0.6125
-0.219008 1.38276 -0 0.469922 0.639507
-0.250295 1.5803 -0 0.468752 0.610264
-0.332659 1.56504 -0 0.459002 0.6125
-0.332659 1.56504 -0 0.459002 0.6125
-0.250295 1.5803 -0 0.468752 0.610264
-0.374241 1.76067 -0 0.457791 0.588318
-0.250295 1.5803 -0 0.468752 0.610264
-0.281582 1.77784 -0 0.467791 0.586242
-0.374241 1.76067 -0 0.457791 0.588318
-0.374241 1.76067 -0 0.457791 0.588318
-0.281582 1.77784 -0 0.467791 0.586242
-0.415823 1.9563 -0 0.456778 0.568092
-0.281582 1.77784 -0 0.467791 0.586242
-0.312869 1.97538 -0 0.466987 0.566159
-0.415823 1.9563 -0 0.456778 0.568092
-0.415823 1.9563 -0 0.456778 0.568092
-0.312869 1.97538 -0 0.466987 0.566159
-0.457406 2.15192 -0 0.455918 0.550925
-0.312869 1.97538 -0 0.466987 0.566159
-0.344156 2.17291 -0 0.466305 0.549118
-0.457406 2.15192 -0 0.455918 0.550925
-0.457406 2.15192 -0 0.455918 0.550925
-0.344156 2.17291 -0 0.466305 0.549118
-0.541436 2.54726 0.04 0.454231 0.519118
-0.344156 2.17291 -0 0.466305 0.549118
-0.407381 2.5721 0.04 0.464984 0.517553
-0.541436 2.54726 0.04 0.454231 0.519118
-0.541436 2.54726 0.04 0.454231 0.519118
-0.407381 2.5721 0.04 0.464984 0.517553
-0.583018 2.74289 0.16 0.452822 0.496329
-0.407381 2.5721 0.04 0.464984 0.517553
-0.438668 2.76964 0.16 0.463913 0.494941
-0.583018 2.74289 0.16 0.452822 0.496329
-0.583018 2.74289 0.16 0.452822 0.496329
-0.438668 2.76964 0.16 0.463913 0.494941
-0.624601 2.93851 0.36 0.450944 0.467385
-0.438668 2.76964 0.16 0.463913 0.494941
-0.469955 2.96718 0.36 0.462499 0.466238
-0.624601 2.93851 0.36 0.450944 0.467385
-0.624601 2.93851 0.36 0.450944 0.467385
-0.469955 2.96718 0.36 0.462499 0.466238
-0.666183 3.13414 0.64 0.448564 0.431695
-0.469955 2.96718 0.36 0.462499 0.466238
-0.501242 3.16471 0.64 0.460716 0.430873
-0.666183 3.13414 0.64 0.448564 0.431695
-0.666183 3.13414 0.64 0.448564 0.431695
-0.501242 3.16471 0.64 0.460716 0.430873
-0.707765 3.32977 1 0.445614 0.388201
-0.501242 3.16471 0.64 0.460716 0.430873
-0.532528 3.36225 1 0.458515 0.387824
-0.707765 3.32977 1 0.445614 0.388201
-0.707765 3.32977 1 0.445614 0.388201
-0.532528 3.36225 1 0.458515 0.387824
-0.749348 3.5254 1.44 0.441983 0.335278
-0.532528 3.36225 1 0.458515 0.387824
-0.563815 3.55979 1.44 0.455816 0.335518
-0.749348 3.5254 1.44 0.441983 0.335278
-0.749348 3.5254 1.44 0.441983 0.335278
-0.563815 3.55979 1.44 0.455816 0.335518
-0.79093 3.72103 1.96 0.437507 0.270528
-0.563815 3.55979 1.44 0.455816 0.335518
-0.595102 3.75733 1.96 0.452498 0.271636
-0.79093 3.72103 1.96 0.437507 0.270528
-0.79093 3.72103 1.96 0.437507 0.270528
-0.595102 3.75733 1.96 0.452498 0.271636
-0.832512 3.91666 2.56 0.431939 0.190406
-0.595102 3.75733 1.96 0.452498 0.271636
-0.626389 3.95487 2.56 0.448383 0.192762
-0.832512 3.91666 2.56 0.431939 0.190406
-0.832512 3.91666 2.56 0.431939 0.190406
-0.626389 3.95487 2.56 0.448383 0.192762
-0.874095 4.11229 3.24 0.424902 0.0895596
-0.626389 3.95487 2.56 0.448383 0.192762
-0.657676 4.1524 3.24 0.4432 0.0937608
-0.874095 4.11229 3.24 0.424902 0.0895596
-0.0831647 0.391259 -0 0.478309 0.997948
-0.124747 0.586889 -0 0.472012 0.872238
-0.155291 0.579556 -0 0.464864 0.876432
-0.155291 0.579556 -0 0.464864 0.876432
-0.124747 0.586889 -0 0.472012 0.872238
-0.207055 0.772741 -0 0.459692 0.790841
-0.124747 0.586889 -0 0.472012 0.872238
-0.166329 0.782518 -0 0.467739 0.786913
-0.207055 0.772741 -0 0.459692 0.790841
-0.207055 0.772741 -0 0.459692 0.790841
-0.166329 0.782518 -0 0.467739 0.786913
-0.258819 0.965926 -0 0.455945 0.728838
-0.166329 0.782518 -0 0.467739 0.786913
-0.207912 0.978148 -0 0.464648 0.725206
-0.258819 0.965926 -0 0.455945 0.728838
-0.258819 0.965926 -0 0.455945 0.728838
-0.207912 0.978148 -0 0.464648 0.725206
-0.310583 1.15911 -0 0.453106 0.681853
-0.207912 0.978148 -0 0.464648 0.725206
-0.249494 1.17378 -0 0.462308 0.678502
-0.310583 1.15911 -0 0.453106 0.681853
-0.310583 1.15911 -0 0.453106 0.681853
-0.249494 1.17378 -0 0.462308 0.678502
-0.362347 1.3523 -0 0.450881 0.64502
-0.249494 1.17378 -0 0.462308 0.678502
-0.291076 1.36941 -0 0.460476 0.641924
-0.362347 1.3523 -0 0.450881 0.64502
-0.362347 1.3523 -0 0.450881 0.64502
-0.291076 1.36941 -0 0.460476 0.641924
-0.41411 1.54548 -0 0.449089 0.615369
-0.291076 1.36941 -0 0.460476 0.641924
-0.332659 1.56504 -0 0.459002 0.6125
-0.41411 1.54548 -0 0.449089 0.615369
-0.41411 1.54548 -0 0.449089 0.615369
-0.332659 1.56504 -0 0.459002 0.6125
-0.465874 1.73867 -0 0.447616 0.590986
-0.332659 1.56504 -0 0.459002 0.6125
-0.374241 1.76067 -0 0.457791 0.588318
-0.465874 1.73867 -0 0.447616 0.590986
-0.465874 1.73867 -0 0.447616 0.590986
-0.374241 1.76067 -0 0.457791 0.588318
-0.517638 1.93185 -0 0.446383 0.570581
-0.374241 1.76067 -0 0.457791 0.588318
-0.415823 1.9563 -0 0.456778 0.568092
-0.517638 1.93185 -0 0.446383 0.570581
-0.517638 1.93185 -0 0.446383 0.570581
-0.415823 1.9563 -0 0.456778 0.568092
-0.569402 2.12504 -0 0.445336 0.553255
-0.415823 1.9563 -0 0.456778 0.568092
-0.457406 2.15192 -0 0.455918 0.550925
-0.569402 2.12504 -0 0.445336 0.553255
-0.569402 2.12504 -0 0.445336 0.553255
-0.457406 2.15192 -0 0.455918 0.550925
-0.674007 2.51543 0.04 0.443263 0.521142
-0.457406 2.15192 -0 0.455918 0.550925
-0.541436 2.54726 0.04 0.454231 0.519118
-0.674007 2.51543 0.04 0.443263 0.521142
-0.674007 2.51543 0.04 0.443263 0.521142
-0.541436 2.54726 0.04 0.454231 0.519118
-0.725771 2.70861 0.16 0.441499 0.49813
-0.541436 2.54726 0.04 0.454231 0.519118
-0.583018 2.74289 0.16 0.452822 0.496329
-0.725771 2.70861 0.16 0.441499 0.49813
-0.725771 2.70861 0.16 0.441499 0.49813
-0.583018 2.74289 0.16 0.452822 0.496329
-0.777535 2.9018 0.36 0.439133 0.468884
-0.583018 2.74289 0.16 0.452822 0.496329
-0.624601 2.93851 0.36 0.450944 0.467385
-0.777535 2.9018 0.36 0.439133 0.468884
-0.777535 2.9018 0.36 0.439133 0.468884
-0.624601 2.93851 0.36 0.450944 0.467385
-0.829298 3.09498 0.64 0.436121 0.432781
-0.624601 2.93851 0.36 0.450944 0.467385
-0.666183 3.13414 0.64 0.448564 0.431695
-0.829298 3.09498 0.64 0.436121 0.432781
-0.829298 3.09498 0.64 0.436121 0.432781
-0.666183 3.13414 0.64 0.448564 0.431695
-0.881062 3.28817 1 0.432375 0.388721
-0.666183 3.13414 0.64 0.448564 0.431695
-0.707765 3.32977 1 0.445614 0.388201
-0.881062 3.28817 1 0.432375 0.388721
-0.881062 3.28817 1 0.432375 0.388721
-0.707765 3.32977 1 0.445614 0.388201
-0.932826 3.48135 1.44 0.427753 0.335013
-0.707765 3.32977 1 0.445614 0.388201
-0.749348 3.5254 1.44 0.441983 0.335278
-0.932826 3.48135 1.44 0.427753 0.335013
-0.932826 3.48135 1.44 0.427753 0.335013
-0.749348 3.5254 1.44 0.441983 0.335278
-0.98459 3.67454 1.96 0.422037 0.269153
-0.749348 3.5254 1.44 0.441983 0.335278
-0.79093 3.72103 1.96 0.437507 0.270528
-0.98459 3.67454 1.96 0.422037 0.269153
-0.98459 3.67454 1.96 0.422037 0.269153
-0.79093 3.72103 1.96 0.437507 0.270528
-1.03635 3.86772 2.56 0.414901 0.187427
-0.79093 3.72103 1.96 0.437507 0.270528
-0.832512 3.91666 2.56 0.431939 0.190406
-1.03635 3.86772 2.56 0.414901 0.187427
-1.03635 3.86772 2.56 0.414901 0.187427
-0.832512 3.91666 2.56 0.431939 0.190406
-1.08812 4.06091 3.24 0.405849 0.084194
-0.832512 3.91666 2.56 0.431939 0.190406
-0.874095 4.11229 3.24 0.424902 0.0895596
-1.08812 4.06091 3.24 0.405849 0.084194
-0.18541 0.570634 -0 0.457639 0.881548
-0.155291 0.579556 -0 0.464864 0.876432
-0.247214 0.760845 -0 0.451532 0.795644
-0.155291 0.579556 -0 0.464864 0.876432
-0.207055 0.772741 -0 0.459692 0.790841
-0.247214 0.760845 -0 0.451532 0.795644
-0.247214 0.760845 -0 0.451532 0.795644
-0.207055 0.772741 -0 0.459692 0.790841
-0.309017 0.951057 -0 0.4471 0.73329
-0.207055 0.772741 -0 0.459692 0.790841
-0.258819 0.965926 -0 0.455945 0.728838
-0.309017 0.951057 -0 0.4471 0.73329
-0.309017 0.951057 -0 0.4471 0.73329
-0.258819 0.965926 -0 0.455945 0.728838
-0.37082 1.14127 -0 0.443736 0.685968
-0.258819 0.965926 -0 0.455945 0.728838
-0.310583 1.15911 -0 0.453106 0.681853
-0.37082 1.14127 -0 0.443736 0.685968
-0.37082 1.14127 -0 0.443736 0.685968
-0.310583 1.15911 -0 0.453106 0.681853
-0.432624 1.33148 -0 0.441096 0.648828
-0.310583 1.15911 -0 0.453106 0.681853
-0.362347 1.3523 -0 0.450881 0.64502
-0.432624 1.33148 -0 0.441096 0.648828
-0.432624 1.33148 -0 0.441096 0.648828
-0.362347 1.3523 -0 0.450881 0.64502
-0.494427 1.52169 -0 0.438968 0.618903
-0.362347 1.3523 -0 0.450881 0.64502
-0.41411 1.54548 -0 0.449089 0.615369
-0.494427 1.52169 -0 0.438968 0.618903
-0.494427 1.52169 -0 0.438968 0.618903
-0.41411 1.54548 -0 0.449089 0.615369
-0.556231 1.7119 -0 0.437218 0.594276
-0.41411 1.54548 -0 0.449089 0.615369
-0.465874 1.73867 -0 0.447616 0.590986
-0.556231 1.7119 -0 0.437218 0.594276
-0.556231 1.7119 -0 0.437218 0.594276
-0.465874 1.73867 -0 0.447616 0.590986
-0.618034 1.90211 -0 0.435752 0.573655
-0.465874 1.73867 -0 0.447616 0.590986
-0.517638 1.93185 -0 0.446383 0.570581
-0.618034 1.90211 -0 0.435752 0.573655
-0.618034 1.90211 -0 0.435752 0.573655
-0.517638 1.93185 -0 0.446383 0.570581
-0.679837 2.09232 -0 0.434506 0.556135
-0.517638 1.93185 -0 0.446383 0.570581
-0.569402 2.12504 -0 0.445336 0.553255
-0.679837 2.09232 -0 0.434506 0.556135
-0.679837 2.09232 -0 0.434506 0.556135
-0.569402 2.12504 -0 0.445336 0.553255
-0.804731 2.47671 0.04 0.432025 0.523651
-0.569402 2.12504 -0 0.445336 0.553255
-0.674007 2.51543 0.04 0.443263 0.521142
-0.804731 2.47671 0.04 0.432025 0.523651
-0.804731 2.47671 0.04 0.432025 0.523651
-0.674007 2.51543 0.04 0.443263 0.521142
-0.866534 2.66692 0.16 0.429883 0.500369
-0.674007 2.51543 0.04 0.443263 0.521142
-0.725771 2.70861 0.16 0.441499 0.49813
-0.866534 2.66692 0.16 0.429883 0.500369
-0.866534 2.66692 0.16 0.429883 0.500369
-0.725771 2.70861 0.16 0.441499 0.49813
-0.928337 2.85713 0.36 0.426995 0.470754
-0.725771 2.70861 0.16 0.441499 0.49813
-0.777535 2.9018 0.36 0.439133 0.468884
-0.928337 2.85713 0.36 0.426995 0.470754
-0.928337 2.85713 0.36 0.426995 0.470754
-0.777535 2.9018 0.36 0.439133 0.468884
-0.990141 3.04734 0.64 0.423307 0.434148
-0.777535 2.9018 0.36 0.439133 0.468884
-0.829298 3.09498 0.64 0.436121 0.432781
-0.990141 3.04734 0.64 0.423307 0.434148
-0.990141 3.04734 0.64 0.423307 0.434148
-0.829298 3.09498 0.64 0.436121 0.432781
-1.05194 3.23755 1 0.418708 0.389395
-0.829298 3.09498 0.64 0.436121 0.432781
-0.881062 3.28817 1 0.432375 0.388721
-1.05194 3.23755 1 0.418708 0.389395
-1.05194 3.23755 1 0.418708 0.389395
-0.881062 3.28817 1 0.432375 0.388721
-1.11375 3.42776 1.44 0.413014 0.334721
-0.881062 3.28817 1 0.432375 0.388721
-0.932826 3.48135 1.44 0.427753 0.335013
-1.11375 3.42776 1.44 0.413014 0.334721
-1.11375 3.42776 1.44 0.413014 0.334721
-0.932826 3.48135 1.44 0.427753 0.335013
-1.17555 3.61797 1.96 0.405949 0.267488
-0.932826 3.48135 1.44 0.427753 0.335013
-0.98459 3.67454 1.96 0.422037 0.269153
-1.17555 3.61797 1.96 0.405949 0.267488
-1.17555 3.61797 1.96 0.405949 0.267488
-0.98459 3.67454 1.96 0.422037 0.269153
-1.23735 3.80819 2.56 0.397095 0.183765
-0.98459 3.67454 1.96 0.422037 0.269153
-1.03635 3.86772 2.56 0.414901 0.187427
-1.23735 3.80819 2.56 0.397095 0.183765
-1.23735 3.80819 2.56 0.397095 0.183765
-1.03635 3.86772 2.56 0.414901 0.187427
-1.29916 3.9984 3.24 0.385811 0.0775405
-1.03635 3.86772 2.56 0.414901 0.187427
-1.08812 4.06091 3.24 0.405849 0.084194
-1.29916 3.9984 3.24 0.385811 0.0775405
-0.215021 0.560148 -0 0.45032 0.887621
-0.18541 0.570634 -0 0.457639 0.881548
-0.286694 0.746864 -0 0.443235 0.801365
-0.18541 0.570634 -0 0.457639 0.881548
-0.247214 0.760845 -0 0.451532 0.795644
-0.286694 0.746864 -0 0.443235 0.801365
-0.286694 0.746864 -0 0.443235 0.801365
-0.247214 0.760845 -0 0.451532 0.795644
-0.358368 0.93358 -0 0.438079 0.738604
-0.247214 0.760845 -0 0.451532 0.795644
-0.309017 0.951057 -0 0.4471 0.73329
-0.358368 0.93358 -0 0.438079 0.738604
-0.358368 0.93358 -0 0.438079 0.738604
-0.309017 0.951057 -0 0.4471 0.73329
-0.430042 1.1203 -0 0.43416 0.69089
-0.309017 0.951057 -0 0.4471 0.73329
-0.37082 1.14127 -0 0.443736 0.685968
-0.430042 1.1203 -0 0.43416 0.69089
-0.430042 1.1203 -0 0.43416 0.69089
-0.37082 1.14127 -0 0.443736 0.685968
-0.501715 1.30701 -0 0.431079 0.65339
-0.37082 1.14127 -0 0.443736 0.685968
-0.432624 1.33148 -0 0.441096 0.648828
-0.501715 1.30701 -0 0.431079 0.65339
-0.501715 1.30701 -0 0.431079 0.65339
-0.432624 1.33148 -0 0.441096 0.648828
-0.573389 1.49373 -0 0.428594 0.623142
-0.432624 1.33148 -0 0.441096 0.648828
-0.494427 1.52169 -0 0.438968 0.618903
-0.573389 1.49373 -0 0.428594 0.623142
-0.573389 1.49373 -0 0.428594 0.623142
-0.494427 1.52169 -0 0.438968 0.618903
-0.645062 1.68044 -0 0.426548 0.598227
-0.494427 1.52169 -0 0.438968 0.618903
-0.556231 1.7119 -0 0.437218 0.594276
-0.645062 1.68044 -0 0.426548 0.598227
-0.645062 1.68044 -0 0.426548 0.598227
-0.556231 1.7119 -0 0.437218 0.594276
-0.716736 1.86716 -0 0.424833 0.57735
-0.556231 1.7119 -0 0.437218 0.594276
-0.618034 1.90211 -0 0.435752 0.573655
-0.716736 1.86716 -0 0.424833 0.57735
-0.716736 1.86716 -0 0.424833 0.57735
-0.618034 1.90211 -0 0.435752 0.573655
-0.788409 2.05388 -0 0.423375 0.559602
-0.618034 1.90211 -0 0.435752 0.573655
-0.679837 2.09232 -0 0.434506 0.556135
-0.788409 2.05388 -0 0.423375 0.559602
-0.788409 2.05388 -0 0.423375 0.559602
-0.679837 2.09232 -0 0.434506 0.556135
-0.933249 2.4312 0.04 0.420455 0.526677
-0.679837 2.09232 -0 0.434506 0.556135
-0.804731 2.47671 0.04 0.432025 0.523651
-0.933249 2.4312 0.04 0.420455 0.526677
-0.933249 2.4312 0.04 0.420455 0.526677
-0.804731 2.47671 0.04 0.432025 0.523651
-1.00492 2.61791 0.16 0.417906 0.503076
-0.804731 2.47671 0.04 0.432025 0.523651
-0.866534 2.66692 0.16 0.429883 0.500369
-1.00492 2.61791 0.16 0.417906 0.503076
-1.00492 2.61791 0.16 0.417906 0.503076
-0.866534 2.66692 0.16 0.429883 0.500369
-1.0766 2.80463 0.36 0.414456 0.473023
-0.866534 2.66692 0.16 0.429883 0.500369
-0.928337 2.85713 0.36 0.426995 0.470754
-1.0766 2.80463 0.36 0.414456 0.473023
-1.0766 2.80463 0.36 0.414456 0.473023
-0.928337 2.85713 0.36 0.426995 0.470754
-1.14827 2.99134 0.64 0.410037 0.435817
-0.928337 2.85713 0.36 0.426995 0.470754
-0.990141 3.04734 0.64 0.423307 0.434148
-1.14827 2.99134 0.64 0.410037 0.435817
-1.14827 2.99134 0.64 0.410037 0.435817
-0.990141 3.04734 0.64 0.423307 0.434148
-1.21994 3.17806 1 0.404508 0.390236
-0.990141 3.04734 0.64 0.423307 0.434148
-1.05194 3.23755 1 0.418708 0.389395
-1.21994 3.17806 1 0.404508 0.390236
-1.21994 3.17806 1 0.404508 0.390236
-1.05194 3.23755 1 0.418708 0.389395
-1.29162 3.36478 1.44 0.397641 0.334398
-1.05194 3.23755 1 0.418708 0.389395
-1.11375 3.42776 1.44 0.413014 0.334721
-1.29162 3.36478 1.44 0.397641 0.334398
-1.29162 3.36478 1.44 0.397641 0.334398
-1.11375 3.42776 1.44 0.413014 0.334721
-1.36329 3.55149 1.96 0.389088 0.265502
-1.11375 3.42776 1.44 0.413014 0.334721
-1.17555 3.61797 1.96 0.405949 0.267488
-1.36329 3.55149 1.96 0.389088 0.265502
-1.36329 3.55149 1.96 0.389088 0.265502
-1.17555 3.61797 1.96 0.405949 0.267488
-1.43496 3.73821 2.56 0.378322 0.179344
-1.17555 3.61797 1.96 0.405949 0.267488
-1.23735 3.80819 2.56 0.397095 0.183765
-1.43496 3.73821 2.56 0.378322 0.179344
-1.43496 3.73821 2.56 0.378322 0.179344
-1.23735 3.80819 2.56 0.397095 0.183765
-1.50664 3.92492 3.24 0.364524 0.069436
-1.23735 3.80819 2.56 0.397095 0.183765
-1.29916 3.9984 3.24 0.385811 0.0775405
-1.50664 3.92492 3.24 0.364524 0.069436
-0.244042 0.548127 -0 0.442892 0.894698
-0.215021 0.560148 -0 0.45032 0.887621
-0.325389 0.730836 -0 0.434773 0.808053
-0.215021 0.560148 -0 0.45032 0.887621
-0.286694 0.746864 -0 0.443235 0.801365
-0.325389 0.730836 -0 0.434773 0.808053
-0.325389 0.730836 -0 0.434773 0.808053
-0.286694 0.746864 -0 0.443235 0.801365
-0.406737 0.913545 -0 0.42885 0.744833
-0.286694 0.746864 -0 0.443235 0.801365
-0.358368 0.93358 -0 0.438079 0.738604
-0.406737 0.913545 -0 0.42885 0.744833
-0.406737 0.913545 -0 0.42885 0.744833
-0.358368 0.93358 -0 0.438079 0.738604
-0.488084 1.09625 -0 0.424337 0.696669
-0.358368 0.93358 -0 0.438079 0.738604
-0.430042 1.1203 -0 0.43416 0.69089
-0.488084 1.09625 -0 0.424337 0.696669
-0.488084 1.09625 -0 0.424337 0.696669
-0.430042 1.1203 -0 0.43416 0.69089
-0.569431 1.27896 -0 0.420785 0.658756
-0.430042 1.1203 -0 0.43416 0.69089
-0.501715 1.30701 -0 0.431079 0.65339
-0.569431 1.27896 -0 0.420785 0.658756
-0.569431 1.27896 -0 0.420785 0.658756
-0.501715 1.30701 -0 0.431079 0.65339
-0.650779 1.46167 -0 0.417916 0.628136
-0.501715 1.30701 -0 0.431079 0.65339
-0.573389 1.49373 -0 0.428594 0.623142
-0.650779 1.46167 -0 0.417916 0.628136
-0.650779 1.46167 -0 0.417916 0.628136
-0.573389 1.49373 -0 0.428594 0.623142
-0.732126 1.64438 -0 0.415551 0.602888
-0.573389 1.49373 -0 0.428594 0.623142
-0.645062 1.68044 -0 0.426548 0.598227
-0.732126 1.64438 -0 0.415551 0.602888
-0.732126 1.64438 -0 0.415551 0.602888
-0.645062 1.68044 -0 0.426548 0.598227
-0.813473 1.82709 -0 0.413567 0.581714
-0.645062 1.68044 -0 0.426548 0.598227
-0.716736 1.86716 -0 0.424833 0.57735
-0.813473 1.82709 -0 0.413567 0.581714
-0.813473 1.82709 -0 0.413567 0.581714
-0.716736 1.86716 -0 0.424833 0.57735
-0.894821 2.0098 -0 0.411879 0.5637
-0.716736 1.86716 -0 0.424833 0.57735
-0.788409 2.05388 -0 0.423375 0.559602
-0.894821 2.0098 -0 0.411879 0.5637
-0.894821 2.0098 -0 0.411879 0.5637
-0.788409 2.05388 -0 0.423375 0.559602
-1.05921 2.37902 0.04 0.408483 0.530263
-0.788409 2.05388 -0 0.423375 0.559602
-0.933249 2.4312 0.04 0.420455 0.526677
-1.05921 2.37902 0.04 0.408483 0.530263
-1.05921 2.37902 0.04 0.408483 0.530263
-0.933249 2.4312 0.04 0.420455 0.526677
-1.14056 2.56173 0.16 0.405493 0.506288
-0.933249 2.4312 0.04 0.420455 0.526677
-1.00492 2.61791 0.16 0.417906 0.503076
-1.14056 2.56173 0.16 0.405493 0.506288
-1.14056 2.56173 0.16 0.405493 0.506288
-1.00492 2.61791 0.16 0.417906 0.503076
-1.2219 2.74444 0.36 0.40143 0.475724
-1.00492 2.61791 0.16 0.417906 0.503076
-1.0766 2.80463 0.36 0.414456 0.473023
-1.2219 2.74444 0.36 0.40143 0.475724
-1.2219 2.74444 0.36 0.40143 0.475724
-1.0766 2.80463 0.36 0.414456 0.473023
-1.30325 2.92715 0.64 0.39621 0.437816
-1.0766 2.80463 0.36 0.414456 0.473023
-1.14827 2.99134 0.64 0.410037 0.435817
-1.30325 2.92715 0.64 0.39621 0.437816
-1.30325 2.92715 0.64 0.39621 0.437816
-1.14827 2.99134 0.64 0.410037 0.435817
-1.3846 3.10986 1 0.389657 0.391258
-1.14827 2.99134 0.64 0.410037 0.435817
-1.21994 3.17806 1 0.404508 0.390236
-1.3846 3.10986 1 0.389657 0.391258
-1.3846 3.10986 1 0.389657 0.391258
-1.21994 3.17806 1 0.404508 0.390236
-1.46595 3.29257 1.44 0.381489 0.33404
-1.21994 3.17806 1 0.404508 0.390236
-1.29162 3.36478 1.44 0.397641 0.334398
-1.46595 3.29257 1.44 0.381489 0.33404
-1.46595 3.29257 1.44 0.381489 0.33404
-1.29162 3.36478 1.44 0.397641 0.334398
-1.54729 3.47528 1.96 0.371272 0.263157
-1.29162 3.36478 1.44 0.397641 0.334398
-1.36329 3.55149 1.96 0.389088 0.265502
-1.54729 3.47528 1.96 0.371272 0.263157
-1.54729 3.47528 1.96 0.371272 0.263157
-1.36329 3.55149 1.96 0.389088 0.265502
-1.62864 3.65798 2.56 0.358343 0.174062
-1.36329 3.55149 1.96 0.389088 0.265502
-1.43496 3.73821 2.56 0.378322 0.179344
-1.62864 3.65798 2.56 0.358343 0.174062
-1.62864 3.65798 2.56 0.358343 0.174062
-1.43496 3.73821 2.56 0.378322 0.179344
-1.70999 3.84069 3.24 0.341662 0.0596672
-1.43496 3.73821 2.56 0.378322 0.179344
-1.50664 3.92492 3.24 0.364524 0.069436
-1.70999 3.84069 3.24 0.341662 0.0596672
-0.272394 0.534604 -0 0.435334 0.902831
-0.244042 0.548127 -0 0.442892 0.894698
-0.363192 0.712805 -0 0.42612 0.815768
-0.244042 0.548127 -0 0.442892 0.894698
-0.325389 0.730836 -0 0.434773 0.808053
-0.363192 0.712805 -0 0.42612 0.815768
-0.363192 0.712805 -0 0.42612 0.815768
-0.325389 0.730836 -0 0.434773 0.808053
-0.453991 0.891007 -0 0.419375 0.752038
-0.325389 0.730836 -0 0.434773 0.808053
-0.406737 0.913545 -0 0.42885 0.744833
-0.453991 0.891007 -0 0.419375 0.752038
-0.453991 0.891007 -0 0.419375 0.752038
-0.406737 0.913545 -0 0.42885 0.744833
-0.544789 1.06921 -0 0.414225 0.70337
-0.406737 0.913545 -0 0.42885 0.744833
-0.488084 1.09625 -0 0.424337 0.696669
-0.544789 1.06921 -0 0.414225 0.70337
-0.544789 1.06921 -0 0.414225 0.70337
-0.488084 1.09625 -0 0.424337 0.696669
-0.635587 1.24741 -0 0.410163 0.664989
-0.488084 1.09625 -0 0.424337 0.696669
-0.569431 1.27896 -0 0.420785 0.658756
-0.635587 1.24741 -0 0.410163 0.664989
-0.635587 1.24741 -0 0.410163 0.664989
-0.569431 1.27896 -0 0.420785 0.658756
-0.726385 1.42561 -0 0.406877 0.633945
-0.569431 1.27896 -0 0.420785 0.658756
-0.650779 1.46167 -0 0.417916 0.628136
-0.726385 1.42561 -0 0.406877 0.633945
-0.726385 1.42561 -0 0.406877 0.633945
-0.650779 1.46167 -0 0.417916 0.628136
-0.817183 1.60381 -0 0.404165 0.608317
-0.650779 1.46167 -0 0.417916 0.628136
-0.732126 1.64438 -0 0.415551 0.602888
-0.817183 1.60381 -0 0.404165 0.608317
-0.817183 1.60381 -0 0.404165 0.608317
-0.732126 1.64438 -0 0.415551 0.602888
-0.907981 1.78201 -0 0.401888 0.586802
-0.732126 1.64438 -0 0.415551 0.602888
-0.813473 1.82709 -0 0.413567 0.581714
-0.907981 1.78201 -0 0.401888 0.586802
-0.907981 1.78201 -0 0.401888 0.586802
-0.813473 1.82709 -0 0.413567 0.581714
-0.998779 1.96021 -0 0.399949 0.568483
-0.813473 1.82709 -0 0.413567 0.581714
-0.894821 2.0098 -0 0.411879 0.5637
-0.998779 1.96021 -0 0.399949 0.568483
-0.998779 1.96021 -0 0.399949 0.568483
-0.894821 2.0098 -0 0.411879 0.5637
-1.18227 2.32033 0.04 0.396033 0.534457
-0.894821 2.0098 -0 0.411879 0.5637
-1.05921 2.37902 0.04 0.408483 0.530263
-1.18227 2.32033 0.04 0.396033 0.534457
-1.18227 2.32033 0.04 0.396033 0.534457
-1.05921 2.37902 0.04 0.408483 0.530263
-1.27306 2.49853 0.16 0.392558 0.510054
-1.05921 2.37902 0.04 0.408483 0.530263
-1.14056 2.56173 0.16 0.405493 0.506288
-1.27306 2.49853 0.16 0.392558 0.510054
-1.27306 2.49853 0.16 0.392558 0.510054
-1.14056 2.56173 0.16 0.405493 0.506288
-1.36386 2.67673 0.36 0.38782 0.478901
-1.14056 2.56173 0.16 0.405493 0.506288
-1.2219 2.74444 0.36 0.40143 0.475724
-1.36386 2.67673 0.36 0.38782 0.478901
-1.36386 2.67673 0.36 0.38782 0.478901
-1.2219 2.74444 0.36 0.40143 0.475724
-1.45466 2.85493 0.64 0.381713 0.440179
-1.2219 2.74444 0.36 0.40143 0.475724
-1.30325 2.92715 0.64 0.39621 0.437816
-1.45466 2.85493 0.64 0.381713 0.440179
-1.45466 2.85493 0.64 0.381713 0.440179
-1.30325 2.92715 0.64 0.39621 0.437816
-1.54546 3.03313 1 0.374019 0.392481
-1.30325 2.92715 0.64 0.39621 0.437816
-1.3846 3.10986 1 0.389657 0.391258
-1.54546 3.03313 1 0.374019 0.392481
-1.54546 3.03313 1 0.374019 0.392481
-1.3846 3.10986 1 0.389657 0.391258
-1.63626 3.21133 1.44 0.36439 0.333642
-1.3846 3.10986 1 0.389657 0.391258
-1.46595 3.29257 1.44 0.381489 0.33404
-1.63626 3.21133 1.44 0.36439 0.333642
-1.63626 3.21133 1.44 0.36439 0.333642
-1.46595 3.29257 1.44 0.381489 0.33404
-1.72705 3.38953 1.96 0.352284 0.260404
-1.46595 3.29257 1.44 0.381489 0.33404
-1.54729 3.47528 1.96 0.371272 0.263157
-1.72705 3.38953 1.96 0.352284 0.260404
-1.72705 3.38953 1.96 0.352284 0.260404
-1.54729 3.47528 1.96 0.371272 0.263157
-1.81785 3.56774 2.56 0.336869 0.167791
-1.54729 3.47528 1.96 0.371272 0.263157
-1.62864 3.65798 2.56 0.358343 0.174062
-1.81785 3.56774 2.56 0.336869 0.167791
-1.81785 3.56774 2.56 0.336869 0.167791
-1.62864 3.65798 2.56 0.358343 0.174062
-1.90865 3.74594 3.24 0.316826 0.0479547
-1.62864 3.65798 2.56 0.358343 0.174062
-1.70999 3.84069 3.24 0.341662 0.0596672
-1.90865 3.74594 3.24 0.316826 0.0479547
-0.3 0.519615 -0 0.427628 0.912083
-0.272394 0.534604 -0 0.435334 0.902831
-0.4 0.69282 -0 0.417243 0.824581
-0.272394 0.534604 -0 0.435334 0.902831
-0.363192 0.712805 -0 0.42612 0.815768
-0.4 0.69282 -0 0.417243 0.824581
-0.4 0.69282 -0 0.417243 0.824581
-0.363192 0.712805 -0 0.42612 0.815768
-0.5 0.866025 -0 0.409614 0.760296
-0.363192 0.712805 -0 0.42612 0.815768
-0.453991 0.891007 -0 0.419375 0.752038
-0.5 0.866025 -0 0.409614 0.760296
-0.5 0.866025 -0 0.409614 0.760296
-0.453991 0.891007 -0 0.419375 0.752038
-0.6 1.03923 -0 0.403772 0.711068
-0.453991 0.891007 -0 0.419375 0.752038
-0.544789 1.06921 -0 0.414225 0.70337
-0.6 1.03923 -0 0.403772 0.711068
-0.6 1.03923 -0 0.403772 0.711068
-0.544789 1.06921 -0 0.414225 0.70337
-0.7 1.21244 -0 0.399155 0.672163
-0.544789 1.06921 -0 0.414225 0.70337
-0.635587 1.24741 -0 0.410163 0.664989
-0.7 1.21244 -0 0.399155 0.672163
-0.7 1.21244 -0 0.399155 0.672163
-0.635587 1.24741 -0 0.410163 0.664989
-0.8 1.38564 -0 0.395414 0.640642
-0.635587 1.24741 -0 0.410163 0.664989
-0.726385 1.42561 -0 0.406877 0.633945
-0.8 1.38564 -0 0.395414 0.640642
-0.8 1.38564 -0 0.395414 0.640642
-0.726385 1.42561 -0 0.406877 0.633945
-0.9 1.55885 -0 0.392321 0.614585
-0.726385 1.42561 -0 0.406877 0.633945
-0.817183 1.60381 -0 0.404165 0.608317
-0.9 1.55885 -0 0.392321 0.614585
-0.9 1.55885 -0 0.392321 0.614585
-0.817183 1.60381 -0 0.404165 0.608317
-1 1.73205 -0 0.389722 0.592684
-0.817183 1.60381 -0 0.404165 0.608317
-0.907981 1.78201 -0 0.401888 0.586802
-1 1.73205 -0 0.389722 0.592684
-1 1.73205 -0 0.389722 0.592684
-0.907981 1.78201 -0 0.401888 0.586802
-1.1 1.90526 -0 0.387507 0.574018
-0.907981 1.78201 -0 0.401888 0.586802
-0.998779 1.96021 -0 0.399949 0.568483
-1.1 1.90526 -0 0.387507 0.574018
-1.1 1.90526 -0 0.387507 0.574018
-0.998779 1.96021 -0 0.399949 0.568483
-1.30208 2.25527 0.04 0.383017 0.539321
-0.998779 1.96021 -0 0.399949 0.568483
-1.18227 2.32033 0.04 0.396033 0.534457
-1.30208 2.25527 0.04 0.383017 0.539321
-1.30208 2.25527 0.04 0.383017 0.539321
-1.18227 2.32033 0.04 0.396033 0.534457
-1.40208 2.42848 0.16 0.379003 0.514431
-1.18227 2.32033 0.04 0.396033 0.534457
-1.27306 2.49853 0.16 0.392558 0.510054
-1.40208 2.42848 0.16 0.379003 0.514431
-1.40208 2.42848 0.16 0.379003 0.514431
-1.27306 2.49853 0.16 0.392558 0.510054
-1.50208 2.60168 0.36 0.373514 0.482605
-1.27306 2.49853 0.16 0.392558 0.510054
-1.36386 2.67673 0.36 0.38782 0.478901
-1.50208 2.60168 0.36 0.373514 0.482605
-1.50208 2.60168 0.36 0.373514 0.482605
-1.36386 2.67673 0.36 0.38782 0.478901
-1.60208 2.77489 0.64 0.366413 0.442948
-1.36386 2.67673 0.36 0.38782 0.478901
-1.45466 2.85493 0.64 0.381713 0.440179
-1.60208 2.77489 0.64 0.366413 0.442948
-1.60208 2.77489 0.64 0.366413 0.442948
-1.45466 2.85493 0.64 0.381713 0.440179
-1.70208 2.94809 1 0.357433 0.39393
-1.45466 2.85493 0.64 0.381713 0.440179
-1.54546 3.03313 1 0.374019 0.392481
-1.70208 2.94809 1 0.357433 0.39393
-1.70208 2.94809 1 0.357433 0.39393
-1.54546 3.03313 1 0.374019 0.392481
-1.80208 3.1213 1.44 0.346139 0.333198
-1.54546 3.03313 1 0.374019 0.392481
-1.63626 3.21133 1.44 0.36439 0.333642
-1.80208 3.1213 1.44 0.346139 0.333198
-1.80208 3.1213 1.44 0.346139 0.333198
-1.63626 3.21133 1.44 0.36439 0.333642
-1.90208 3.2945 1.96 0.33186 0.25718
-1.63626 3.21133 1.44 0.36439 0.333642
-1.72705 3.38953 1.96 0.352284 0.260404
-1.90208 3.2945 1.96 0.33186 0.25718
-1.90208 3.2945 1.96 0.33186 0.25718
-1.72705 3.38953 1.96 0.352284 0.260404
-2.00208 3.46771 2.56 0.313546 0.160365
-1.72705 3.38953 1.96 0.352284 0.260404
-1.81785 3.56774 2.56 0.336869 0.167791
-2.00208 3.46771 2.56 0.313546 0.160365
-2.00208 3.46771 2.56 0.313546 0.160365
-1.81785 3.56774 2.56 0.336869 0.167791
-2.10208 3.64091 3.24 0.289511 0.0339308
-1.81785 3.56774 2.56 0.336869 0.167791
-1.90865 3.74594 3.24 0.316826 0.0479547
-2.10208 3.64091 3.24 0.289511 0.0339308
-0.326783 0.503202 -0 0.419751 0.922527
-0.3 0.519615 -0 0.427628 0.912083
-0.435711 0.670936 -0 0.408109 0.834577
-0.3 0.519615 -0 0.427628 0.912083
-0.4 0.69282 -0 0.417243 0.824581
-0.435711 0.670936 -0 0.408109 0.834577
-0.435711 0.670936 -0 0.408109 0.834577
-0.4 0.69282 -0 0.417243 0.824581
-0.544639 0.838671 -0 0.39952 0.769694
-0.4 0.69282 -0 0.417243 0.824581
-0.5 0.866025 -0 0.409614 0.760296
-0.544639 0.838671 -0 0.39952 0.769694
-0.544639 0.838671 -0 0.39952 0.769694
-0.5 0.866025 -0 0.409614 0.760296
-0.653567 1.0064 -0 0.392923 0.719854
-0.5 0.866025 -0 0.409614 0.760296
-0.6 1.03923 -0 0.403772 0.711068
-0.653567 1.0064 -0 0.392923 0.719854
-0.653567 1.0064 -0 0.392923 0.719854
-0.6 1.03923 -0 0.403772 0.711068
-0.762495 1.17414 -0 0.387697 0.680369
-0.6 1.03923 -0 0.403772 0.711068
-0.7 1.21244 -0 0.399155 0.672163
-0.762495 1.17414 -0 0.387697 0.680369
-0.762495 1.17414 -0 0.387697 0.680369
-0.7 1.21244 -0 0.399155 0.672163
-0.871422 1.34187 -0 0.383454 0.648316
-0.7 1.21244 -0 0.399155 0.672163
-0.8 1.38564 -0 0.395414 0.640642
-0.871422 1.34187 -0 0.383454 0.648316
-0.871422 1.34187 -0 0.383454 0.648316
-0.8 1.38564 -0 0.395414 0.640642
-0.98035 1.50961 -0 0.379941 0.621777
-0.8 1.38564 -0 0.395414 0.640642
-0.9 1.55885 -0 0.392321 0.614585
-0.98035 1.50961 -0 0.379941 0.621777
-0.98035 1.50961 -0 0.379941 0.621777
-0.9 1.55885 -0 0.392321 0.614585
-1.08928 1.67734 -0 0.376984 0.599443
-0.9 1.55885 -0 0.392321 0.614585
-1 1.73205 -0 0.389722 0.592684
-1.08928 1.67734 -0 0.376984 0.599443
-1.08928 1.67734 -0 0.376984 0.599443
-1 1.73205 -0 0.389722 0.592684
-1.19821 1.84508 -0 0.374462 0.580386
-1 1.73205 -0 0.389722 0.592684
-1.1 1.90526 -0 0.387507 0.574018
-1.19821 1.84508 -0 0.374462 0.580386
-1.19821 1.84508 -0 0.374462 0.580386
-1.1 1.90526 -0 0.387507 0.574018
-1.41833 2.18404 0.04 0.36933 0.544931
-1.1 1.90526 -0 0.387507 0.574018
-1.30208 2.25527 0.04 0.383017 0.539321
-1.41833 2.18404 0.04 0.36933 0.544931
-1.41833 2.18404 0.04 0.36933 0.544931
-1.30208 2.25527 0.04 0.383017 0.539321
-1.52726 2.35177 0.16 0.364715 0.519489
-1.30208 2.25527 0.04 0.383017 0.539321
-1.40208 2.42848 0.16 0.379003 0.514431
-1.52726 2.35177 0.16 0.364715 0.519489
-1.52726 2.35177 0.16 0.364715 0.519489
-1.40208 2.42848 0.16 0.379003 0.514431
-1.63618 2.5195 0.36 0.35838 0.486901
-1.40208 2.42848 0.16 0.379003 0.514431
-1.50208 2.60168 0.36 0.373514 0.482605
-1.63618 2.5195 0.36 0.35838 0.486901
-1.63618 2.5195 0.36 0.35838 0.486901
-1.50208 2.60168 0.36 0.373514 0.482605
-1.74511 2.68724 0.64 0.350154 0.446174
-1.50208 2.60168 0.36 0.373514 0.482605
-1.60208 2.77489 0.64 0.366413 0.442948
-1.74511 2.68724 0.64 0.350154 0.446174
-1.74511 2.68724 0.64 0.350154 0.446174
-1.60208 2.77489 0.64 0.366413 0.442948
-1.85404 2.85497 1 0.339705 0.395636
-1.60208 2.77489 0.64 0.366413 0.442948
-1.70208 2.94809 1 0.357433 0.39393
-1.85404 2.85497 1 0.339705 0.395636
-1.85404 2.85497 1 0.339705 0.395636
-1.70208 2.94809 1 0.357433 0.39393
-1.96297 3.02271 1.44 0.326493 0.332699
-1.70208 2.94809 1 0.357433 0.39393
-1.80208 3.1213 1.44 0.346139 0.333198
-1.96297 3.02271 1.44 0.326493 0.332699
-1.96297 3.02271 1.44 0.326493 0.332699
-1.80208 3.1213 1.44 0.346139 0.333198
-2.0719 3.19044 1.96 0.309677 0.253405
-1.80208 3.1213 1.44 0.346139 0.333198
-1.90208 3.2945 1.96 0.33186 0.25718
-2.0719 3.19044 1.96 0.309677 0.253405
-2.0719 3.19044 1.96 0.309677 0.253405
-1.90208 3.2945 1.96 0.33186 0.25718
-2.18082 3.35817 2.56 0.287925 0.151567
-1.90208 3.2945 1.96 0.33186 0.25718
-2.00208 3.46771 2.56 0.313546 0.160365
-2.18082 3.35817 2.56 0.287925 0.151567
-2.18082 3.35817 2.56 0.287925 0.151567
-2.00208 3.46771 2.56 0.313546 0.160365
-2.28975 3.52591 3.24 0.259062 0.0171053
-2.00208 3.46771 2.56 0.313546 0.160365
-2.10208 3.64091 3.24 0.289511 0.0339308
-2.28975 3.52591 3.24 0.259062 0.0171053
-0.352671 0.48541 -0 0.411681 0.93425
-0.326783 0.503202 -0 0.419751 0.922527
-0.470228 0.647214 -0 0.39868 0.845856
-0.326783 0.503202 -0 0.419751 0.922527
-0.435711 0.670936 -0 0.408109 0.834577
-0.470228 0.647214 -0 0.39868 0.845856
-0.470228 0.647214 -0 0.39868 0.845856
-0.435711 0.670936 -0 0.408109 0.834577
-0.587785 0.809017 -0 0.389044 0.780338
-0.435711 0.670936 -0 0.408109 0.834577
-0.544639 0.838671 -0 0.39952 0.769694
-0.587785 0.809017 -0 0.389044 0.780338
-0.587785 0.809017 -0 0.389044 0.780338
-0.544639 0.838671 -0 0.39952 0.769694
-0.705342 0.97082 -0 0.381616 0.729834
-0.544639 0.838671 -0 0.39952 0.769694
-0.653567 1.0064 -0 0.392923 0.719854
-0.705342 0.97082 -0 0.381616 0.729834
-0.705342 0.97082 -0 0.381616 0.729834
-0.653567 1.0064 -0 0.392923 0.719854
-0.822899 1.13262 -0 0.375715 0.689714
-0.653567 1.0064 -0 0.392923 0.719854
-0.762495 1.17414 -0 0.387697 0.680369
-0.822899 1.13262 -0 0.375715 0.689714
-0.822899 1.13262 -0 0.375715 0.689714
-0.762495 1.17414 -0 0.387697 0.680369
-0.940456 1.29443 -0 0.370914 0.657073
-0.762495 1.17414 -0 0.387697 0.680369
-0.871422 1.34187 -0 0.383454 0.648316
-0.940456 1.29443 -0 0.370914 0.657073
-0.940456 1.29443 -0 0.370914 0.657073
-0.871422 1.34187 -0 0.383454 0.648316
-1.05801 1.45623 -0 0.366932 0.629999
-0.871422 1.34187 -0 0.383454 0.648316
-0.98035 1.50961 -0 0.379941 0.621777
-1.05801 1.45623 -0 0.366932 0.629999
-1.05801 1.45623 -0 0.366932 0.629999
-0.98035 1.50961 -0 0.379941 0.621777
-1.17557 1.61803 -0 0.363575 0.607179
-0.98035 1.50961 -0 0.379941 0.621777
-1.08928 1.67734 -0 0.376984 0.599443
-1.17557 1.61803 -0 0.363575 0.607179
-1.17557 1.61803 -0 0.363575 0.607179
-1.08928 1.67734 -0 0.376984 0.599443
-1.29313 1.77984 -0 0.360708 0.587684
-1.08928 1.67734 -0 0.376984 0.599443
-1.19821 1.84508 -0 0.374462 0.580386
-1.29313 1.77984 -0 0.360708 0.587684
-1.29313 1.77984 -0 0.360708 0.587684
-1.19821 1.84508 -0 0.374462 0.580386
-1.53069 2.10681 0.04 0.354854 0.551376
-1.19821 1.84508 -0 0.374462 0.580386
-1.41833 2.18404 0.04 0.36933 0.544931
-1.53069 2.10681 0.04 0.354854 0.551376
-1.53069 2.10681 0.04 0.354854 0.551376
-1.41833 2.18404 0.04 0.36933 0.544931
-1.64825 2.26862 0.16 0.349558 0.525317
-1.41833 2.18404 0.04 0.36933 0.544931
-1.52726 2.35177 0.16 0.364715 0.519489
-1.64825 2.26862 0.16 0.349558 0.525317
-1.64825 2.26862 0.16 0.349558 0.525317
-1.52726 2.35177 0.16 0.364715 0.519489
-1.7658 2.43042 0.36 0.342261 0.491867
-1.52726 2.35177 0.16 0.364715 0.519489
-1.63618 2.5195 0.36 0.35838 0.486901
-1.7658 2.43042 0.36 0.342261 0.491867
-1.7658 2.43042 0.36 0.342261 0.491867
-1.63618 2.5195 0.36 0.35838 0.486901
-1.88336 2.59222 0.64 0.332747 0.449923
-1.63618 2.5195 0.36 0.35838 0.486901
-1.74511 2.68724 0.64 0.350154 0.446174
-1.88336 2.59222 0.64 0.332747 0.449923
-1.88336 2.59222 0.64 0.332747 0.449923
-1.74511 2.68724 0.64 0.350154 0.446174
-2.00092 2.75403 1 0.320601 0.397638
-1.74511 2.68724 0.64 0.350154 0.446174
-1.85404 2.85497 1 0.339705 0.395636
-2.00092 2.75403 1 0.320601 0.397638
-2.00092 2.75403 1 0.320601 0.397638
-1.85404 2.85497 1 0.339705 0.395636
-2.11847 2.91583 1.44 0.305148 0.332136
-1.85404 2.85497 1 0.339705 0.395636
-1.96297 3.02271 1.44 0.326493 0.332699
-2.11847 2.91583 1.44 0.305148 0.332136
-2.11847 2.91583 1.44 0.305148 0.332136
-1.96297 3.02271 1.44 0.326493 0.332699
-2.23603 3.07763 1.96 0.285325 0.248977
-1.96297 3.02271 1.44 0.326493 0.332699
-2.0719 3.19044 1.96 0.309677 0.253405
-2.23603 3.07763 1.96 0.285325 0.248977
-2.23603 3.07763 1.96 0.285325 0.248977
-2.0719 3.19044 1.96 0.309677 0.253405
-2.35359 3.23944 2.56 0.259428 0.141112
-2.0719 3.19044 1.96 0.309677 0.253405
-2.18082 3.35817 2.56 0.287925 0.151567
-2.35359 3.23944 2.56 0.259428 0.141112
-0.377592 0.466288 -0 0.403393 0.947349
-0.352671 0.48541 -0 0.411681 0.93425
-0.503456 0.621717 -0 0.388914 0.858532
-0.352671 0.48541 -0 0.411681 0.93425
-0.470228 0.647214 -0 0.39868 0.845856
-0.503456 0.621717 -0 0.388914 0.858532
-0.503456 0.621717 -0 0.388914 0.858532
-0.470228 0.647214 -0 0.39868 0.845856
-0.62932 0.777146 -0 0.378126 0.792355
-0.470228 0.647214 -0 0.39868 0.845856
-0.587785 0.809017 -0 0.389044 0.780338
-0.62932 0.777146 -0 0.378126 0.792355
-0.62932 0.777146 -0 0.378126 0.792355
-0.587785 0.809017 -0 0.389044 0.780338
-0.755184 0.932575 -0 0.369777 0.74114
-0.587785 0.809017 -0 0.389044 0.780338
-0.705342 0.97082 -0 0.381616 0.729834
-0.755184 0.932575 -0 0.369777 0.74114
-0.755184 0.932575 -0 0.369777 0.74114
-0.705342 0.97082 -0 0.381616 0.729834
-0.881049 1.088 -0 0.363123 0.700328
-0.705342 0.97082 -0 0.381616 0.729834
-0.822899 1.13262 -0 0.375715 0.689714
-0.881049 1.088 -0 0.363123 0.700328
-0.881049 1.088 -0 0.363123 0.700328
-0.822899 1.13262 -0 0.375715 0.689714
-1.00691 1.24343 -0 0.357697 0.667041
-0.822899 1.13262 -0 0.375715 0.689714
-0.940456 1.29443 -0 0.370914 0.657073
-1.00691 1.24343 -0 0.357697 0.667041
-1.00691 1.24343 -0 0.357697 0.667041
-0.940456 1.29443 -0 0.370914 0.657073
-1.13278 1.39886 -0 0.353187 0.639375
-0.940456 1.29443 -0 0.370914 0.657073
-1.05801 1.45623 -0 0.366932 0.629999
-1.13278 1.39886 -0 0.353187 0.639375
-1.13278 1.39886 -0 0.353187 0.639375
-1.05801 1.45623 -0 0.366932 0.629999
-1.25864 1.55429 -0 0.349379 0.616016
-1.05801 1.45623 -0 0.366932 0.629999
-1.17557 1.61803 -0 0.363575 0.607179
-1.25864 1.55429 -0 0.349379 0.616016
-1.25864 1.55429 -0 0.349379 0.616016
-1.17557 1.61803 -0 0.363575 0.607179
-1.3845 1.70972 -0 0.346121 0.596031
-1.17557 1.61803 -0 0.363575 0.607179
-1.29313 1.77984 -0 0.360708 0.587684
-1.3845 1.70972 -0 0.346121 0.596031
-1.3845 1.70972 -0 0.346121 0.596031
-1.29313 1.77984 -0 0.360708 0.587684
-1.63885 2.02381 0.04 0.339447 0.558771
-1.29313 1.77984 -0 0.360708 0.587684
-1.53069 2.10681 0.04 0.354854 0.551376
-1.63885 2.02381 0.04 0.339447 0.558771
-1.63885 2.02381 0.04 0.339447 0.558771
-1.53069 2.10681 0.04 0.354854 0.551376
-1.76472 2.17924 0.16 0.333373 0.53202
-1.53069 2.10681 0.04 0.354854 0.551376
-1.64825 2.26862 0.16 0.349558 0.525317
-1.76472 2.17924 0.16 0.333373 0.53202
-1.76472 2.17924 0.16 0.333373 0.53202
-1.64825 2.26862 0.16 0.349558 0.525317
-1.89058 2.33467 0.36 0.32497 0.497602
-1.64825 2.26862 0.16 0.349558 0.525317
-1.7658 2.43042 0.36 0.342261 0.491867
-1.89058 2.33467 0.36 0.32497 0.497602
-1.89058 2.33467 0.36 0.32497 0.497602
-1.7658 2.43042 0.36 0.342261 0.491867
-2.01645 2.4901 0.64 0.313963 0.454277
-1.7658 2.43042 0.36 0.342261 0.491867
-1.88336 2.59222 0.64 0.332747 0.449923
-2.01645 2.4901 0.64 0.313963 0.454277
-2.01645 2.4901 0.64 0.313963 0.454277
-1.88336 2.59222 0.64 0.332747 0.449923
-2.14231 2.64553 1 0.299832 0.399984
-1.88336 2.59222 0.64 0.332747 0.449923
-2.00092 2.75403 1 0.320601 0.397638
-2.14231 2.64553 1 0.299832 0.399984
-2.14231 2.64553 1 0.299832 0.399984
-2.00092 2.75403 1 0.320601 0.397638
-2.26817 2.80096 1.44 0.281724 0.331496
-2.00092 2.75403 1 0.320601 0.397638
-2.11847 2.91583 1.44 0.305148 0.332136
-2.26817 2.80096 1.44 0.281724 0.331496
-2.26817 2.80096 1.44 0.281724 0.331496
-2.11847 2.91583 1.44 0.305148 0.332136
-2.39404 2.95639 1.96 0.258282 0.243761
-2.11847 2.91583 1.44 0.305148 0.332136
-2.23603 3.07763 1.96 0.285325 0.248977
-2.39404 2.95639 1.96 0.258282 0.243761
-2.39404 2.95639 1.96 0.258282 0.243761
-2.23603 3.07763 1.96 0.285325 0.248977
-2.5199 3.11182 2.56 0.227296 0.128617
-2.23603 3.07763 1.96 0.285325 0.248977
-2.35359 3.23944 2.56 0.259428 0.141112
-2.5199 3.11182 2.56 0.227296 0.128617
-0.401478 0.445887 -0 0.394857 0.96194
-0.377592 0.466288 -0 0.403393 0.947349
-0.535304 0.594516 -0 0.378762 0.872743
-0.377592 0.466288 -0 0.403393 0.947349
-0.503456 0.621717 -0 0.388914 0.858532
-0.535304 0.594516 -0 0.378762 0.872743
-0.535304 0.594516 -0 0.378762 0.872743
-0.503456 0.621717 -0 0.388914 0.858532
-0.669131 0.743145 -0 0.366699 0.805892
-0.503456 0.621717 -0 0.388914 0.858532
-0.62932 0.777146 -0 0.378126 0.792355
-0.669131 0.743145 -0 0.366699 0.805892
-0.669131 0.743145 -0 0.366699 0.805892
-0.62932 0.777146 -0 0.378126 0.792355
-0.802957 0.891774 -0 0.357322 0.753924
-0.62932 0.777146 -0 0.378126 0.792355
-0.755184 0.932575 -0 0.369777 0.74114
-0.802957 0.891774 -0 0.357322 0.753924
-0.802957 0.891774 -0 0.357322 0.753924
-0.755184 0.932575 -0 0.369777 0.74114
-0.936783 1.0404 -0 0.349823 0.712366
-0.755184 0.932575 -0 0.369777 0.74114
-0.881049 1.088 -0 0.363123 0.700328
-0.936783 1.0404 -0 0.349823 0.712366
-0.936783 1.0404 -0 0.349823 0.712366
-0.881049 1.088 -0 0.363123 0.700328
-1.07061 1.18903 -0 0.34369 0.678376
-0.881049 1.088 -0 0.363123 0.700328
-1.00691 1.24343 -0 0.357697 0.667041
-1.07061 1.18903 -0 0.34369 0.678376
-1.07061 1.18903 -0 0.34369 0.678376
-1.00691 1.24343 -0 0.357697 0.667041
-1.20444 1.33766 -0 0.33858 0.650059
-1.00691 1.24343 -0 0.357697 0.667041
-1.13278 1.39886 -0 0.353187 0.639375
-1.20444 1.33766 -0 0.33858 0.650059
-1.20444 1.33766 -0 0.33858 0.650059
-1.13278 1.39886 -0 0.353187 0.639375
-1.33826 1.48629 -0 0.334258 0.626103
-1.13278 1.39886 -0 0.353187 0.639375
-1.25864 1.55429 -0 0.349379 0.616016
-1.33826 1.48629 -0 0.334258 0.626103
-1.33826 1.48629 -0 0.334258 0.626103
-1.25864 1.55429 -0 0.349379 0.616016
-1.47209 1.63492 -0 0.330553 0.605574
-1.25864 1.55429 -0 0.349379 0.616016
-1.3845 1.70972 -0 0.346121 0.596031
-1.47209 1.63492 -0 0.330553 0.605574
-1.47209 1.63492 -0 0.330553 0.605574
-1.3845 1.70972 -0 0.346121 0.596031
-1.74253 1.93527 0.04 0.322937 0.567252
-1.3845 1.70972 -0 0.346121 0.596031
-1.63885 2.02381 0.04 0.339447 0.558771
-1.74253 1.93527 0.04 0.322937 0.567252
-1.74253 1.93527 0.04 0.322937 0.567252
-1.63885 2.02381 0.04 0.339447 0.558771
-1.87635 2.0839 0.16 0.315964 0.539732
-1.63885 2.02381 0.04 0.339447 0.558771
-1.76472 2.17924 0.16 0.333373 0.53202
-1.87635 2.0839 0.16 0.315964 0.539732
-1.87635 2.0839 0.16 0.315964 0.539732
-1.76472 2.17924 0.16 0.333373 0.53202
-2.01018 2.23253 0.36 0.306276 0.504228
-1.76472 2.17924 0.16 0.333373 0.53202
-1.89058 2.33467 0.36 0.32497 0.497602
-2.01018 2.23253 0.36 0.306276 0.504228
-2.01018 2.23253 0.36 0.306276 0.504228
-1.89058 2.33467 0.36 0.32497 0.497602
-2.144 2.38116 0.64 0.29352 0.459339
-1.89058 2.33467 0.36 0.32497 0.497602
-2.01645 2.4901 0.64 0.313963 0.454277
-2.144 2.38116 0.64 0.29352 0.459339
-2.144 2.38116 0.64 0.29352 0.459339
-2.01645 2.4901 0.64 0.313963 0.454277
-2.27783 2.52979 1 0.277034 0.402739
-2.01645 2.4901 0.64 0.313963 0.454277
-2.14231 2.64553 1 0.299832 0.399984
-2.27783 2.52979 1 0.277034 0.402739
-2.27783 2.52979 1 0.277034 0.402739
-2.14231 2.64553 1 0.299832 0.399984
-2.41166 2.67842 1.44 0.255734 0.330762
-2.14231 2.64553 1 0.299832 0.399984
-2.26817 2.80096 1.44 0.281724 0.331496
-2.41166 2.67842 1.44 0.255734 0.330762
-2.41166 2.67842 1.44 0.255734 0.330762
-2.26817 2.80096 1.44 0.281724 0.331496
-2.54548 2.82704 1.96 0.227864 0.237578
-2.26817 2.80096 1.44 0.281724 0.331496
-2.39404 2.95639 1.96 0.258282 0.243761
-2.54548 2.82704 1.96 0.227864 0.237578
-2.54548 2.82704 1.96 0.227864 0.237578
-2.39404 2.95639 1.96 0.258282 0.243761
-2.67931 2.97567 2.56 0.190505 0.113562
-2.39404 2.95639 1.96 0.258282 0.243761
-2.5199 3.11182 2.56 0.227296 0.128617
-2.67931 2.97567 2.56 0.190505 0.113562
-0.424264 0.424264 -0 0.386044 0.978155
-0.401478 0.445887 -0 0.394857 0.96194
-0.565685 0.565685 -0 0.368172 0.888651
-0.401478 0.445887 -0 0.394857 0.96194
-0.535304 0.594516 -0 0.378762 0.872743
-0.565685 0.565685 -0 0.368172 0.888651
-0.565685 0.565685 -0 0.368172 0.888651
-0.535304 0.594516 -0 0.378762 0.872743
-0.707107 0.707107 -0 0.354688 0.821127
-0.535304 0.594516 -0 0.378762 0.872743
-0.669131 0.743145 -0 0.366699 0.805892
-0.707107 0.707107 -0 0.354688 0.821127
-0.707107 0.707107 -0 0.354688 0.821127
-0.669131 0.743145 -0 0.366699 0.805892
-0.848528 0.848528 -0 0.344154 0.768372
-0.669131 0.743145 -0 0.366699 0.805892
-0.802957 0.891774 -0 0.357322 0.753924
-0.848528 0.848528 -0 0.344154 0.768372
-0.848528 0.848528 -0 0.344154 0.768372
-0.802957 0.891774 -0 0.357322 0.753924
-0.98995 0.98995 -0 0.335696 0.726019
-0.802957 0.891774 -0 0.357322 0.753924
-0.936783 1.0404 -0 0.349823 0.712366
-0.98995 0.98995 -0 0.335696 0.726019
-0.98995 0.98995 -0 0.335696 0.726019
-0.936783 1.0404 -0 0.349823 0.712366
-1.13137 1.13137 -0 0.328757 0.691266
-0.936783 1.0404 -0 0.349823 0.712366
-1.07061 1.18903 -0 0.34369 0.678376
-1.13137 1.13137 -0 0.328757 0.691266
-1.13137 1.13137 -0 0.328757 0.691266
-1.07061 1.18903 -0 0.34369 0.678376
-1.27279 1.27279 -0 0.32296 0.662237
-1.07061 1.18903 -0 0.34369 0.678376
-1.20444 1.33766 -0 0.33858 0.650059
-1.27279 1.27279 -0 0.32296 0.662237
-1.27279 1.27279 -0 0.32296 0.662237
-1.20444 1.33766 -0 0.33858 0.650059
-1.41421 1.41421 -0 0.318046 0.637625
-1.20444 1.33766 -0 0.33858 0.650059
-1.33826 1.48629 -0 0.334258 0.626103
-1.41421 1.41421 -0 0.318046 0.637625
-1.41421 1.41421 -0 0.318046 0.637625
-1.33826 1.48629 -0 0.334258 0.626103
-1.55563 1.55563 -0 0.313826 0.616493
-1.33826 1.48629 -0 0.334258 0.626103
-1.47209 1.63492 -0 0.330553 0.605574
-1.55563 1.55563 -0 0.313826 0.616493
-1.55563 1.55563 -0 0.313826 0.616493
-1.47209 1.63492 -0 0.330553 0.605574
-1.84142 1.84142 0.04 0.305116 0.576991
-1.47209 1.63492 -0 0.330553 0.605574
-1.74253 1.93527 0.04 0.322937 0.567252
-1.84142 1.84142 0.04 0.305116 0.576991
-1.84142 1.84142 0.04 0.305116 0.576991
-1.74253 1.93527 0.04 0.322937 0.567252
-1.98284 1.98284 0.16 0.297094 0.548618
-1.74253 1.93527 0.04 0.322937 0.567252
-1.87635 2.0839 0.16 0.315964 0.539732
-1.98284 1.98284 0.16 0.297094 0.548618
-1.98284 1.98284 0.16 0.297094 0.548618
-1.87635 2.0839 0.16 0.315964 0.539732
-2.12426 2.12426 0.36 0.285896 0.5119
-1.87635 2.0839 0.16 0.315964 0.539732
-2.01018 2.23253 0.36 0.306276 0.504228
-2.12426 2.12426 0.36 0.285896 0.5119
-2.12426 2.12426 0.36 0.285896 0.5119
-2.01018 2.23253 0.36 0.306276 0.504228
-2.26569 2.26569 0.64 0.271062 0.465238
-2.01018 2.23253 0.36 0.306276 0.504228
-2.144 2.38116 0.64 0.29352 0.459339
-2.26569 2.26569 0.64 0.271062 0.465238
-2.26569 2.26569 0.64 0.271062 0.465238
-2.144 2.38116 0.64 0.29352 0.459339
-2.40711 2.40711 1 0.251746 0.405984
-2.144 2.38116 0.64 0.29352 0.459339
-2.27783 2.52979 1 0.277034 0.402739
-2.40711 2.40711 1 0.251746 0.405984
-2.40711 2.40711 1 0.251746 0.405984
-2.27783 2.52979 1 0.277034 0.402739
-2.54853 2.54853 1.44 0.226546 0.329913
-2.27783 2.52979 1 0.277034 0.402739
-2.41166 2.67842 1.44 0.255734 0.330762
-2.54853 2.54853 1.44 0.226546 0.329913
-2.54853 2.54853 1.44 0.226546 0.329913
-2.41166 2.67842 1.44 0.255734 0.330762
-2.68995 2.68995 1.96 0.193155 0.230188
-2.41166 2.67842 1.44 0.255734 0.330762
-2.54548 2.82704 1.96 0.227864 0.237578
-2.68995 2.68995 1.96 0.193155 0.230188
-2.68995 2.68995 1.96 0.193155 0.230188
-2.54548 2.82704 1.96 0.227864 0.237578
-2.83137 2.83137 2.56 0.147636 0.0952199
-2.54548 2.82704 1.96 0.227864 0.237578
-2.67931 2.97567 2.56 0.190505 0.113562
-2.83137 2.83137 2.56 0.147636 0.0952199
-0.445887 0.401478 -0 0.376918 0.996149
-0.424264 0.424264 -0 0.386044 0.978155
-0.594516 0.535304 -0 0.357079 0.906445
-0.424264 0.424264 -0 0.386044 0.978155
-0.565685 0.565685 -0 0.368172 0.888651
-0.594516 0.535304 -0 0.357079 0.906445
-0.594516 0.535304 -0 0.357079 0.906445
-0.565685 0.565685 -0 0.368172 0.888651
-0.743145 0.669131 -0 0.342002 0.838272
-0.565685 0.565685 -0 0.368172 0.888651
-0.707107 0.707107 -0 0.354688 0.821127
-0.743145 0.669131 -0 0.342002 0.838272
-0.743145 0.669131 -0 0.342002 0.838272
-0.707107 0.707107 -0 0.354688 0.821127
-0.891774 0.802957 -0 0.330156 0.78471
-0.707107 0.707107 -0 0.354688 0.821127
-0.848528 0.848528 -0 0.344154 0.768372
-0.891774 0.802957 -0 0.330156 0.78471
-0.891774 0.802957 -0 0.330156 0.78471
-0.848528 0.848528 -0 0.344154 0.768372
-1.0404 0.936783 -0 0.320603 0.741515
-0.848528 0.848528 -0 0.344154 0.768372
-0.98995 0.98995 -0 0.335696 0.726019
-1.0404 0.936783 -0 0.320603 0.741515
-1.0404 0.936783 -0 0.320603 0.741515
-0.98995 0.98995 -0 0.335696 0.726019
-1.18903 1.07061 -0 0.312735 0.705943
-0.98995 0.98995 -0 0.335696 0.726019
-1.13137 1.13137 -0 0.328757 0.691266
-1.18903 1.07061 -0 0.312735 0.705943
-1.18903 1.07061 -0 0.312735 0.705943
-1.13137 1.13137 -0 0.328757 0.691266
-1.33766 1.20444 -0 0.306144 0.67614
-1.13137 1.13137 -0 0.328757 0.691266
-1.27279 1.27279 -0 0.32296 0.662237
-1.33766 1.20444 -0 0.306144 0.67614
-1.33766 1.20444 -0 0.306144 0.67614
-1.27279 1.27279 -0 0.32296 0.662237
-1.48629 1.33826 -0 0.300542 0.650808
-1.27279 1.27279 -0 0.32296 0.662237
-1.41421 1.41421 -0 0.318046 0.637625
-1.48629 1.33826 -0 0.300542 0.650808
-1.48629 1.33826 -0 0.300542 0.650808
-1.41421 1.41421 -0 0.318046 0.637625
-1.63492 1.47209 -0 0.295721 0.629011
-1.41421 1.41421 -0 0.318046 0.637625
-1.55563 1.55563 -0 0.313826 0.616493
-1.63492 1.47209 -0 0.295721 0.629011
-1.63492 1.47209 -0 0.295721 0.629011
-1.55563 1.55563 -0 0.313826 0.616493
-1.93527 1.74253 0.04 0.285729 0.588202
-1.55563 1.55563 -0 0.313826 0.616493
-1.84142 1.84142 0.04 0.305116 0.576991
-1.93527 1.74253 0.04 0.285729 0.588202
-1.93527 1.74253 0.04 0.285729 0.588202
-1.84142 1.84142 0.04 0.305116 0.576991
-2.0839 1.87635 0.16 0.276469 0.558887
-1.84142 1.84142 0.04 0.305116 0.576991
-1.98284 1.98284 0.16 0.297094 0.548618
-2.0839 1.87635 0.16 0.276469 0.558887
-2.0839 1.87635 0.16 0.276469 0.558887
-1.98284 1.98284 0.16 0.297094 0.548618
-2.23253 2.01018 0.36 0.263471 0.520815
-1.98284 1.98284 0.16 0.297094 0.548618
-2.12426 2.12426 0.36 0.285896 0.5119
-2.23253 2.01018 0.36 0.263471 0.520815
-2.23253 2.01018 0.36 0.263471 0.520815
-2.12426 2.12426 0.36 0.285896 0.5119
-2.38116 2.144 0.64 0.246136 0.472146
-2.12426 2.12426 0.36 0.285896 0.5119
-2.26569 2.26569 0.64 0.271062 0.465238
-2.38116 2.144 0.64 0.246136 0.472146
-2.38116 2.144 0.64 0.246136 0.472146
-2.26569 2.26569 0.64 0.271062 0.465238
-2.52979 2.27783 1 0.223364 0.409826
-2.26569 2.26569 0.64 0.271062 0.465238
-2.40711 2.40711 1 0.251746 0.405984
-2.52979 2.27783 1 0.223364 0.409826
-2.52979 2.27783 1 0.223364 0.409826
-2.40711 2.40711 1 0.251746 0.405984
-2.67842 2.41166 1.44 0.193315 0.32892
-2.40711 2.40711 1 0.251746 0.405984
-2.54853 2.54853 1.44 0.226546 0.329913
-2.67842 2.41166 1.44 0.193315 0.32892
-2.67842 2.41166 1.44 0.193315 0.32892
-2.54853 2.54853 1.44 0.226546 0.329913
-2.82704 2.54548 1.96 0.152896 0.221258
-2.54853 2.54853 1.44 0.226546 0.329913
-2.68995 2.68995 1.96 0.193155 0.230188
-2.82704 2.54548 1.96 0.152896 0.221258
-2.82704 2.54548 1.96 0.152896 0.221258
-2.68995 2.68995 1.96 0.193155 0.230188
-2.97567 2.67931 2.56 0.0966611 0.0725434
-2.68995 2.68995 1.96 0.193155 0.230188
-2.83137 2.83137 2.56 0.147636 0.0952199
-2.97567 2.67931 2.56 0.0966611 0.0725434
-0.445887 0.401478 -0 0.376918 0.996149
-0.594516 0.535304 -0 0.357079 0.906445
-0.621717 0.503456 -0 0.345413 0.92635
-0.621717 0.503456 -0 0.345413 0.92635
-0.594516 0.535304 -0 0.357079 0.906445
-0.777146 0.62932 -0 0.328535 0.857582
-0.594516 0.535304 -0 0.357079 0.906445
-0.743145 0.669131 -0 0.342002 0.838272
-0.777146 0.62932 -0 0.328535 0.857582
-0.777146 0.62932 -0 0.328535 0.857582
-0.743145 0.669131 -0 0.342002 0.838272
-0.932575 0.755184 -0 0.31519 0.803208
-0.743145 0.669131 -0 0.342002 0.838272
-0.891774 0.802957 -0 0.330156 0.78471
-0.932575 0.755184 -0 0.31519 0.803208
-0.932575 0.755184 -0 0.31519 0.803208
-0.891774 0.802957 -0 0.330156 0.78471
-1.088 0.881049 -0 0.304373 0.759137
-0.891774 0.802957 -0 0.330156 0.78471
-1.0404 0.936783 -0 0.320603 0.741515
-1.088 0.881049 -0 0.304373 0.759137
-1.088 0.881049 -0 0.304373 0.759137
-1.0404 0.936783 -0 0.320603 0.741515
-1.24343 1.00691 -0 0.295428 0.722693
-1.0404 0.936783 -0 0.320603 0.741515
-1.18903 1.07061 -0 0.312735 0.705943
-1.24343 1.00691 -0 0.295428 0.722693
-1.24343 1.00691 -0 0.295428 0.722693
-1.18903 1.07061 -0 0.312735 0.705943
-1.39886 1.13278 -0 0.287908 0.692055
-1.18903 1.07061 -0 0.312735 0.705943
-1.33766 1.20444 -0 0.306144 0.67614
-1.39886 1.13278 -0 0.287908 0.692055
-1.39886 1.13278 -0 0.287908 0.692055
-1.33766 1.20444 -0 0.306144 0.67614
-1.55429 1.25864 -0 0.281498 0.665938
-1.33766 1.20444 -0 0.306144 0.67614
-1.48629 1.33826 -0 0.300542 0.650808
-1.55429 1.25864 -0 0.281498 0.665938
-1.55429 1.25864 -0 0.281498 0.665938
-1.48629 1.33826 -0 0.300542 0.650808
-1.70972 1.3845 -0 0.275969 0.643409
-1.48629 1.33826 -0 0.300542 0.650808
-1.63492 1.47209 -0 0.295721 0.629011
-1.70972 1.3845 -0 0.275969 0.643409
-1.70972 1.3845 -0 0.275969 0.643409
-1.63492 1.47209 -0 0.295721 0.629011
-2.02381 1.63885 0.04 0.264457 0.601157
-1.63492 1.47209 -0 0.295721 0.629011
-1.93527 1.74253 0.04 0.285729 0.588202
-2.02381 1.63885 0.04 0.264457 0.601157
-2.02381 1.63885 0.04 0.264457 0.601157
-1.93527 1.74253 0.04 0.285729 0.588202
-2.17924 1.76472 0.16 0.253714 0.570804
-1.93527 1.74253 0.04 0.285729 0.588202
-2.0839 1.87635 0.16 0.276469 0.558887
-2.17924 1.76472 0.16 0.253714 0.570804
-2.17924 1.76472 0.16 0.253714 0.570804
-2.0839 1.87635 0.16 0.276469 0.558887
-2.33467 1.89058 0.36 0.238545 0.531227
-2.0839 1.87635 0.16 0.276469 0.558887
-2.23253 2.01018 0.36 0.263471 0.520815
-2.33467 1.89058 0.36 0.238545 0.531227
-2.33467 1.89058 0.36 0.238545 0.531227
-2.23253 2.01018 0.36 0.263471 0.520815
-2.4901 2.01645 0.64 0.218154 0.480283
-2.23253 2.01018 0.36 0.263471 0.520815
-2.38116 2.144 0.64 0.246136 0.472146
-2.4901 2.01645 0.64 0.218154 0.480283
-2.4901 2.01645 0.64 0.218154 0.480283
-2.38116 2.144 0.64 0.246136 0.472146
-2.64553 2.14231 1 0.191091 0.414409
-2.38116 2.144 0.64 0.246136 0.472146
-2.52979 2.27783 1 0.223364 0.409826
-2.64553 2.14231 1 0.191091 0.414409
-2.64553 2.14231 1 0.191091 0.414409
-2.52979 2.27783 1 0.223364 0.409826
-2.80096 2.26817 1.44 0.154892 0.327743
-2.52979 2.27783 1 0.223364 0.409826
-2.67842 2.41166 1.44 0.193315 0.32892
-2.80096 2.26817 1.44 0.154892 0.327743
-2.80096 2.26817 1.44 0.154892 0.327743
-2.67842 2.41166 1.44 0.193315 0.32892
-2.95639 2.39404 1.96 0.10531 0.210313
-2.67842 2.41166 1.44 0.193315 0.32892
-2.82704 2.54548 1.96 0.152896 0.221258
-2.95639 2.39404 1.96 0.10531 0.210313
-2.95639 2.39404 1.96 0.10531 0.210313
-2.82704 2.54548 1.96 0.152896 0.221258
-3.11182 2.5199 2.56 0.0345725 0.043975
-2.82704 2.54548 1.96 0.152896 0.221258
-2.97567 2.67931 2.56 0.0966611 0.0725434
-3.11182 2.5199 2.56 0.0345725 0.043975
-0.647214 0.470228 -0 0.33309 0.948635
-0.621717 0.503456 -0 0.345413 0.92635
-0.809017 0.587785 -0 0.314162 0.879365
-0.621717 0.503456 -0 0.345413 0.92635
-0.777146 0.62932 -0 0.328535 0.857582
-0.809017 0.587785 -0 0.314162 0.879365
-0.809017 0.587785 -0 0.314162 0.879365
-0.777146 0.62932 -0 0.328535 0.857582
-0.97082 0.705342 -0 0.299088 0.824201
-0.777146 0.62932 -0 0.328535 0.857582
-0.932575 0.755184 -0 0.31519 0.803208
-0.97082 0.705342 -0 0.299088 0.824201
-0.97082 0.705342 -0 0.299088 0.824201
-0.932575 0.755184 -0 0.31519 0.803208
-1.13262 0.822899 -0 0.2868 0.779233
-0.932575 0.755184 -0 0.31519 0.803208
-1.088 0.881049 -0 0.304373 0.759137
-1.13262 0.822899 -0 0.2868 0.779233
-1.13262 0.822899 -0 0.2868 0.779233
-1.088 0.881049 -0 0.304373 0.759137
-1.29443 0.940456 -0 0.276591 0.741873
-1.088 0.881049 -0 0.304373 0.759137
-1.24343 1.00691 -0 0.295428 0.722693
-1.29443 0.940456 -0 0.276591 0.741873
-1.29443 0.940456 -0 0.276591 0.741873
-1.24343 1.00691 -0 0.295428 0.722693
-1.45623 1.05801 -0 0.267975 0.71034
-1.24343 1.00691 -0 0.295428 0.722693
-1.39886 1.13278 -0 0.287908 0.692055
-1.45623 1.05801 -0 0.267975 0.71034
-1.45623 1.05801 -0 0.267975 0.71034
-1.39886 1.13278 -0 0.287908 0.692055
-1.61803 1.17557 -0 0.260606 0.683371
-1.39886 1.13278 -0 0.287908 0.692055
-1.55429 1.25864 -0 0.281498 0.665938
-1.61803 1.17557 -0 0.260606 0.683371
-1.61803 1.17557 -0 0.260606 0.683371
-1.55429 1.25864 -0 0.281498 0.665938
-1.77984 1.29313 -0 0.254231 0.660041
-1.55429 1.25864 -0 0.281498 0.665938
-1.70972 1.3845 -0 0.275969 0.643409
-1.77984 1.29313 -0 0.254231 0.660041
-1.77984 1.29313 -0 0.254231 0.660041
-1.70972 1.3845 -0 0.275969 0.643409
-2.10681 1.53069 0.04 0.240892 0.616202
-1.70972 1.3845 -0 0.275969 0.643409
-2.02381 1.63885 0.04 0.264457 0.601157
-2.10681 1.53069 0.04 0.240892 0.616202
-2.10681 1.53069 0.04 0.240892 0.616202
-2.02381 1.63885 0.04 0.264457 0.601157
-2.26862 1.64825 0.16 0.228353 0.584716
-2.02381 1.63885 0.04 0.264457 0.601157
-2.17924 1.76472 0.16 0.253714 0.570804
-2.26862 1.64825 0.16 0.228353 0.584716
-2.26862 1.64825 0.16 0.228353 0.584716
-2.17924 1.76472 0.16 0.253714 0.570804
-2.43042 1.7658 0.36 0.210524 0.543469
-2.17924 1.76472 0.16 0.253714 0.570804
-2.33467 1.89058 0.36 0.238545 0.531227
-2.43042 1.7658 0.36 0.210524 0.543469
-2.43042 1.7658 0.36 0.210524 0.543469
-2.33467 1.89058 0.36 0.238545 0.531227
-2.59222 1.88336 0.64 0.186336 0.489947
-2.33467 1.89058 0.36 0.238545 0.531227
-2.4901 2.01645 0.64 0.218154 0.480283
-2.59222 1.88336 0.64 0.186336 0.489947
-2.59222 1.88336 0.64 0.186336 0.489947
-2.4901 2.01645 0.64 0.218154 0.480283
-2.75403 2.00092 1 0.153839 0.41993
-2.4901 2.01645 0.64 0.218154 0.480283
-2.64553 2.14231 1 0.191091 0.414409
-2.75403 2.00092 1 0.153839 0.41993
-2.75403 2.00092 1 0.153839 0.41993
-2.64553 2.14231 1 0.191091 0.414409
-2.91583 2.11847 1.44 0.109662 0.326327
-2.64553 2.14231 1 0.191091 0.414409
-2.80096 2.26817 1.44 0.154892 0.327743
-2.91583 2.11847 1.44 0.109662 0.326327
-2.91583 2.11847 1.44 0.109662 0.326327
-2.80096 2.26817 1.44 0.154892 0.327743
-3.07763 2.23603 1.96 0.0477944 0.196659
-2.80096 2.26817 1.44 0.154892 0.327743
-2.95639 2.39404 1.96 0.10531 0.210313
-3.07763 2.23603 1.96 0.0477944 0.196659
-0.670936 0.435711 -0 0.320011 0.97362
-0.647214 0.470228 -0 0.33309 0.948635
-0.838671 0.544639 -0 0.298731 0.903995
-0.647214 0.470228 -0 0.33309 0.948635
-0.809017 0.587785 -0 0.314162 0.879365
-0.838671 0.544639 -0 0.298731 0.903995
-0.838671 0.544639 -0 0.298731 0.903995
-0.809017 0.587785 -0 0.314162 0.879365
-1.0064 0.653567 -0 0.281647 0.8481
-0.809017 0.587785 -0 0.314162 0.879365
-0.97082 0.705342 -0 0.299088 0.824201
-1.0064 0.653567 -0 0.281647 0.8481
-1.0064 0.653567 -0 0.281647 0.8481
-0.97082 0.705342 -0 0.299088 0.824201
-1.17414 0.762495 -0 0.26763 0.802238
-0.97082 0.705342 -0 0.299088 0.824201
-1.13262 0.822899 -0 0.2868 0.779233
-1.17414 0.762495 -0 0.26763 0.802238
-1.17414 0.762495 -0 0.26763 0.802238
-1.13262 0.822899 -0 0.2868 0.779233
-1.34187 0.871422 -0 0.255921 0.76393
-1.13262 0.822899 -0 0.2868 0.779233
-1.29443 0.940456 -0 0.276591 0.741873
-1.34187 0.871422 -0 0.255921 0.76393
-1.34187 0.871422 -0 0.255921 0.76393
-1.29443 0.940456 -0 0.276591 0.741873
-1.50961 0.98035 -0 0.245995 0.731452
-1.29443 0.940456 -0 0.276591 0.741873
-1.45623 1.05801 -0 0.267975 0.71034
-1.50961 0.98035 -0 0.245995 0.731452
-1.50961 0.98035 -0 0.245995 0.731452
-1.45623 1.05801 -0 0.267975 0.71034
-1.67734 1.08928 -0 0.237472 0.703567
-1.45623 1.05801 -0 0.267975 0.71034
-1.61803 1.17557 -0 0.260606 0.683371
-1.67734 1.08928 -0 0.237472 0.703567
-1.67734 1.08928 -0 0.237472 0.703567
-1.61803 1.17557 -0 0.260606 0.683371
-1.84508 1.19821 -0 0.230075 0.679365
-1.61803 1.17557 -0 0.260606 0.683371
-1.77984 1.29313 -0 0.254231 0.660041
-1.84508 1.19821 -0 0.230075 0.679365
-1.84508 1.19821 -0 0.230075 0.679365
-1.77984 1.29313 -0 0.254231 0.660041
-2.18404 1.41833 0.04 0.21451 0.633789
-1.77984 1.29313 -0 0.254231 0.660041
-2.10681 1.53069 0.04 0.240892 0.616202
-2.18404 1.41833 0.04 0.21451 0.633789
-2.18404 1.41833 0.04 0.21451 0.633789
-2.10681 1.53069 0.04 0.240892 0.616202
-2.35177 1.52726 0.16 0.19976 0.601075
-2.10681 1.53069 0.04 0.240892 0.616202
-2.26862 1.64825 0.16 0.228353 0.584716
-2.35177 1.52726 0.16 0.19976 0.601075
-2.35177 1.52726 0.16 0.19976 0.601075
-2.26862 1.64825 0.16 0.228353 0.584716
-2.5195 1.63618 0.36 0.178618 0.557987
-2.26862 1.64825 0.16 0.228353 0.584716
-2.43042 1.7658 0.36 0.210524 0.543469
-2.5195 1.63618 0.36 0.178618 0.557987
-2.5195 1.63618 0.36 0.178618 0.557987
-2.43042 1.7658 0.36 0.210524 0.543469
-2.68724 1.74511 0.64 0.149622 0.501541
-2.43042 1.7658 0.36 0.210524 0.543469
-2.59222 1.88336 0.64 0.186336 0.489947
-2.68724 1.74511 0.64 0.149622 0.501541
-2.68724 1.74511 0.64 0.149622 0.501541
-2.59222 1.88336 0.64 0.186336 0.489947
-2.85497 1.85404 1 0.110095 0.426664
-2.59222 1.88336 0.64 0.186336 0.489947
-2.75403 2.00092 1 0.153839 0.41993
-2.85497 1.85404 1 0.110095 0.426664
-2.85497 1.85404 1 0.110095 0.426664
-2.75403 2.00092 1 0.153839 0.41993
-3.02271 1.96297 1.44 0.0552861 0.324591
-2.75403 2.00092 1 0.153839 0.41993
-2.91583 2.11847 1.44 0.109662 0.326327
-3.02271 1.96297 1.44 0.0552861 0.324591
-0.670936 0.435711 -0 0.320011 0.97362
-0.838671 0.544639 -0 0.298731 0.903995
-0.866025 0.5 -0 0.282059 0.931934
-0.866025 0.5 -0 0.282059 0.931934
-0.838671 0.544639 -0 0.298731 0.903995
-1.03923 0.6 -0 0.262615 0.875419
-0.838671 0.544639 -0 0.298731 0.903995
-1.0064 0.653567 -0 0.281647 0.8481
-1.03923 0.6 -0 0.262615 0.875419
-1.03923 0.6 -0 0.262615 0.875419
-1.0064 0.653567 -0 0.281647 0.8481
-1.21244 0.7 -0 0.246542 0.828702
-1.0064 0.653567 -0 0.281647 0.8481
-1.17414 0.762495 -0 0.26763 0.802238
-1.21244 0.7 -0 0.246542 0.828702
-1.21244 0.7 -0 0.246542 0.828702
-1.17414 0.762495 -0 0.26763 0.802238
-1.38564 0.8 -0 0.233034 0.789439
-1.17414 0.762495 -0 0.26763 0.802238
-1.34187 0.871422 -0 0.255921 0.76393
-1.38564 0.8 -0 0.233034 0.789439
-1.38564 0.8 -0 0.233034 0.789439
-1.34187 0.871422 -0 0.255921 0.76393
-1.55885 0.9 -0 0.221521 0.755977
-1.34187 0.871422 -0 0.255921 0.76393
-1.50961 0.98035 -0 0.245995 0.731452
-1.55885 0.9 -0 0.221521 0.755977
-1.55885 0.9 -0 0.221521 0.755977
-1.50961 0.98035 -0 0.245995 0.731452
-1.73205 1 -0 0.211592 0.727118
-1.50961 0.98035 -0 0.245995 0.731452
-1.67734 1.08928 -0 0.237472 0.703567
-1.73205 1 -0 0.211592 0.727118
-1.73205 1 -0 0.211592 0.727118
-1.67734 1.08928 -0 0.237472 0.703567
-1.90526 1.1 -0 0.202942 0.701975
-1.67734 1.08928 -0 0.237472 0.703567
-1.84508 1.19821 -0 0.230075 0.679365
-1.90526 1.1 -0 0.202942 0.701975
-1.90526 1.1 -0 0.202942 0.701975
-1.84508 1.19821 -0 0.230075 0.679365
-2.25527 1.30208 0.04 0.184624 0.654516
-1.84508 1.19821 -0 0.230075 0.679365
-2.18404 1.41833 0.04 0.21451 0.633789
-2.25527 1.30208 0.04 0.184624 0.654516
-2.25527 1.30208 0.04 0.184624 0.654516
-2.18404 1.41833 0.04 0.21451 0.633789
-2.42848 1.40208 0.16 0.167105 0.620487
-2.18404 1.41833 0.04 0.21451 0.633789
-2.35177 1.52726 0.16 0.19976 0.601075
-2.42848 1.40208 0.16 0.167105 0.620487
-2.42848 1.40208 0.16 0.167105 0.620487
-2.35177 1.52726 0.16 0.19976 0.601075
-2.60168 1.50208 0.36 0.141756 0.575387
-2.35177 1.52726 0.16 0.19976 0.601075
-2.5195 1.63618 0.36 0.178618 0.557987
-2.60168 1.50208 0.36 0.141756 0.575387
-2.60168 1.50208 0.36 0.141756 0.575387
-2.5195 1.63618 0.36 0.178618 0.557987
-2.77489 1.60208 0.64 0.106539 0.515631
-2.5195 1.63618 0.36 0.178618 0.557987
-2.68724 1.74511 0.64 0.149622 0.501541
-2.77489 1.60208 0.64 0.106539 0.515631
-2.77489 1.60208 0.64 0.106539 0.515631
-2.68724 1.74511 0.64 0.149622 0.501541
-2.94809 1.70208 1 0.0576743 0.43501
-2.68724 1.74511 0.64 0.149622 0.501541
-2.85497 1.85404 1 0.110095 0.426664
-2.94809 1.70208 1 0.0576743 0.43501
-0.891007 0.453991 -0 0.263921 0.963751
-0.866025 0.5 -0 0.282059 0.931934
-1.06921 0.544789 -0 0.241676 0.906805
-0.866025 0.5 -0 0.282059 0.931934
-1.03923 0.6 -0 0.262615 0.875419
-1.06921 0.544789 -0 0.241676 0.906805
-1.06921 0.544789 -0 0.241676 0.906805
-1.03923 0.6 -0 0.262615 0.875419
-1.24741 0.635587 -0 0.223131 0.859328
-1.03923 0.6 -0 0.262615 0.875419
-1.21244 0.7 -0 0.246542 0.828702
-1.24741 0.635587 -0 0.223131 0.859328
-1.24741 0.635587 -0 0.223131 0.859328
-1.21244 0.7 -0 0.246542 0.828702
-1.42561 0.726385 -0 0.207432 0.81914
-1.21244 0.7 -0 0.246542 0.828702
-1.38564 0.8 -0 0.233034 0.789439
-1.42561 0.726385 -0 0.207432 0.81914
-1.42561 0.726385 -0 0.207432 0.81914
-1.38564 0.8 -0 0.233034 0.789439
-1.60381 0.817183 -0 0.193972 0.784682
-1.38564 0.8 -0 0.233034 0.789439
-1.55885 0.9 -0 0.221521 0.755977
-1.60381 0.817183 -0 0.193972 0.784682
-1.60381 0.817183 -0 0.193972 0.784682
-1.55885 0.9 -0 0.221521 0.755977
-1.78201 0.907981 -0 0.182304 0.754809
-1.55885 0.9 -0 0.221521 0.755977
-1.73205 1 -0 0.211592 0.727118
-1.78201 0.907981 -0 0.182304 0.754809
-1.78201 0.907981 -0 0.182304 0.754809
-1.73205 1 -0 0.211592 0.727118
-1.96021 0.998779 -0 0.172091 0.728665
-1.73205 1 -0 0.211592 0.727118
-1.90526 1.1 -0 0.202942 0.701975
-1.96021 0.998779 -0 0.172091 0.728665
-1.96021 0.998779 -0 0.172091 0.728665
-1.90526 1.1 -0 0.202942 0.701975
-2.32033 1.18227 0.04 0.150306 0.679188
-1.90526 1.1 -0 0.202942 0.701975
-2.25527 1.30208 0.04 0.184624 0.654516
-2.32033 1.18227 0.04 0.150306 0.679188
-2.32033 1.18227 0.04 0.150306 0.679188
-2.25527 1.30208 0.04 0.184624 0.654516
-2.49853 1.27306 0.16 0.129252 0.643783
-2.25527 1.30208 0.04 0.184624 0.654516
-2.42848 1.40208 0.16 0.167105 0.620487
-2.49853 1.27306 0.16 0.129252 0.643783
-2.49853 1.27306 0.16 0.129252 0.643783
-2.42848 1.40208 0.16 0.167105 0.620487
-2.67673 1.36386 0.36 0.0984445 0.596519
-2.42848 1.40208 0.16 0.167105 0.620487
-2.60168 1.50208 0.36 0.141756 0.575387
-2.67673 1.36386 0.36 0.0984445 0.596519
-2.67673 1.36386 0.36 0.0984445 0.596519
-2.60168 1.50208 0.36 0.141756 0.575387
-2.85493 1.45466 0.64 0.0549664 0.533031
-2.60168 1.50208 0.36 0.141756 0.575387
-2.77489 1.60208 0.64 0.106539 0.515631
-2.85493 1.45466 0.64 0.0549664 0.533031
-0.891007 0.453991 -0 0.263921 0.963751
-1.06921 0.544789 -0 0.241676 0.906805
-1.09625 0.488084 -0 0.21843 0.943088
-1.09625 0.488084 -0 0.21843 0.943088
-1.06921 0.544789 -0 0.241676 0.906805
-1.27896 0.569431 -0 0.196871 0.895031
-1.06921 0.544789 -0 0.241676 0.906805
-1.24741 0.635587 -0 0.223131 0.859328
-1.27896 0.569431 -0 0.196871 0.895031
-1.27896 0.569431 -0 0.196871 0.895031
-1.24741 0.635587 -0 0.223131 0.859328
-1.46167 0.650779 -0 0.178469 0.854011
-1.24741 0.635587 -0 0.223131 0.859328
-1.42561 0.726385 -0 0.207432 0.81914
-1.46167 0.650779 -0 0.178469 0.854011
-1.46167 0.650779 -0 0.178469 0.854011
-1.42561 0.726385 -0 0.207432 0.81914
-1.64438 0.732126 -0 0.162578 0.81859
-1.42561 0.726385 -0 0.207432 0.81914
-1.60381 0.817183 -0 0.193972 0.784682
-1.64438 0.732126 -0 0.162578 0.81859
-1.64438 0.732126 -0 0.162578 0.81859
-1.60381 0.817183 -0 0.193972 0.784682
-1.82709 0.813473 -0 0.148717 0.787693
-1.60381 0.817183 -0 0.193972 0.784682
-1.78201 0.907981 -0 0.182304 0.754809
-1.82709 0.813473 -0 0.148717 0.787693
-1.82709 0.813473 -0 0.148717 0.787693
-1.78201 0.907981 -0 0.182304 0.754809
-2.0098 0.894821 -0 0.136521 0.760507
-1.78201 0.907981 -0 0.182304 0.754809
-1.96021 0.998779 -0 0.172091 0.728665
-2.0098 0.894821 -0 0.136521 0.760507
-2.0098 0.894821 -0 0.136521 0.760507
-1.96021 0.998779 -0 0.172091 0.728665
-2.37902 1.05921 0.04 0.11028 0.708919
-1.96021 0.998779 -0 0.172091 0.728665
-2.32033 1.18227 0.04 0.150306 0.679188
-2.37902 1.05921 0.04 0.11028 0.708919
-2.37902 1.05921 0.04 0.11028 0.708919
-2.32033 1.18227 0.04 0.150306 0.679188
-2.56173 1.14056 0.16 0.084609 0.672133
-2.32033 1.18227 0.04 0.150306 0.679188
-2.49853 1.27306 0.16 0.129252 0.643783
-2.56173 1.14056 0.16 0.084609 0.672133
-2.56173 1.14056 0.16 0.084609 0.672133
-2.49853 1.27306 0.16 0.129252 0.643783
-2.74444 1.2219 0.36 0.0465308 0.622609
-2.49853 1.27306 0.16 0.129252 0.643783
-2.67673 1.36386 0.36 0.0984445 0.596519
-2.74444 1.2219 0.36 0.0465308 0.622609
-1.1203 0.430042 -0 0.192358 0.985342
-1.09625 0.488084 -0 0.21843 0.943088
-1.30701 0.501715 -0 0.16707 0.937018
-1.09625 0.488084 -0 0.21843 0.943088
-1.27896 0.569431 -0 0.196871 0.895031
-1.30701 0.501715 -0 0.16707 0.937018
-1.30701 0.501715 -0 0.16707 0.937018
-1.27896 0.569431 -0 0.196871 0.895031
-1.49373 0.573389 -0 0.145273 0.895365
-1.27896 0.569431 -0 0.196871 0.895031
-1.46167 0.650779 -0 0.178469 0.854011
-1.49373 0.573389 -0 0.145273 0.895365
-1.49373 0.573389 -0 0.145273 0.895365
-1.46167 0.650779 -0 0.178469 0.854011
-1.68044 0.645062 -0 0.126292 0.859093
-1.46167 0.650779 -0 0.178469 0.854011
-1.64438 0.732126 -0 0.162578 0.81859
-1.68044 0.645062 -0 0.126292 0.859093
-1.68044 0.645062 -0 0.126292 0.859093
-1.64438 0.732126 -0 0.162578 0.81859
-1.86716 0.716736 -0 0.109614 0.827222
-1.64438 0.732126 -0 0.162578 0.81859
-1.82709 0.813473 -0 0.148717 0.787693
-1.86716 0.716736 -0 0.109614 0.827222
-1.86716 0.716736 -0 0.109614 0.827222
-1.82709 0.813473 -0 0.148717 0.787693
-2.05388 0.788409 -0 0.0948434 0.798996
-1.82709 0.813473 -0 0.148717 0.787693
-2.0098 0.894821 -0 0.136521 0.760507
-2.05388 0.788409 -0 0.0948434 0.798996
-2.05388 0.788409 -0 0.0948434 0.798996
-2.0098 0.894821 -0 0.136521 0.760507
-2.4312 0.933249 0.04 0.0627369 0.745292
-2.0098 0.894821 -0 0.136521 0.760507
-2.37902 1.05921 0.04 0.11028 0.708919
-2.4312 0.933249 0.04 0.0627369 0.745292
-2.4312 0.933249 0.04 0.0627369 0.745292
-2.37902 1.05921 0.04 0.11028 0.708919
-2.61791 1.00492 0.16 0.0308693 0.707232
-2.37902 1.05921 0.04 0.11028 0.708919
-2.56173 1.14056 0.16 0.084609 0.672133
-2.61791 1.00492 0.16 0.0308693 0.707232
-1.1203 0.430042 -0 0.192358 0.985342
-1.30701 0.501715 -0 0.16707 0.937018
-1.33148 0.432624 -0 0.132798 0.986921
-1.33148 0.432624 -0 0.132798 0.986921
-1.30701 0.501715 -0 0.16707 0.937018
-1.52169 0.494427 -0 0.106655 0.945006
-1.30701 0.501715 -0 0.16707 0.937018
-1.49373 0.573389 -0 0.145273 0.895365
-1.52169 0.494427 -0 0.106655 0.945006
-1.52169 0.494427 -0 0.106655 0.945006
-1.49373 0.573389 -0 0.145273 0.895365
-1.7119 0.556231 -0 0.0836578 0.908134
-1.49373 0.573389 -0 0.145273 0.895365
-1.68044 0.645062 -0 0.126292 0.859093
-1.7119 0.556231 -0 0.0836578 0.908134
-1.7119 0.556231 -0 0.0836578 0.908134
-1.68044 0.645062 -0 0.126292 0.859093
-1.90211 0.618034 -0 0.0632707 0.875448
-1.68044 0.645062 -0 0.126292 0.859093
-1.86716 0.716736 -0 0.109614 0.827222
-1.90211 0.618034 -0 0.0632707 0.875448
-1.90211 0.618034 -0 0.0632707 0.875448
-1.86716 0.716736 -0 0.109614 0.827222
-2.09232 0.679837 -0 0.0450733 0.846272
-1.86716 0.716736 -0 0.109614 0.827222
-2.05388 0.788409 -0 0.0948434 0.798996
-2.09232 0.679837 -0 0.0450733 0.846272
-2.09232 0.679837 -0 0.0450733 0.846272
-2.05388 0.788409 -0 0.0948434 0.798996
-2.47671 0.804731 0.04 0.00502214 0.790633
-2.05388 0.788409 -0 0.0948434 0.798996
-2.4312 0.933249 0.04 0.0627369 0.745292
-2.47671 0.804731 0.04 0.00502214 0.790633
-1.52169 0.494427 -0 0.106655 0.945006
-1.7119 0.556231 -0 0.0836578 0.908134
-1.73867 0.465874 -0 0.032582 0.968511
-1.73867 0.465874 -0 0.032582 0.968511
-1.7119 0.556231 -0 0.0836578 0.908134
-1.93185 0.517638 -0 0.00717195 0.935376
-1.7119 0.556231 -0 0.0836578 0.908134
-1.90211 0.618034 -0 0.0632707 0.875448
-1.93185 0.517638 -0 0.00717195 0.935376
