-0.338672 0.193185 -0 0.542495 0.995221
-0.338672 0.19563 -0 0.543172 0.995163
-0.338672 0.38637 -0 0.595585 0.99068
-0.338672 0.19563 -0 0.543172 0.995163
-0.338672 0.391259 -0 0.596917 0.990566
-0.338672 0.38637 -0 0.595585 0.99068
-0.338672 0.38637 -0 0.595585 0.99068
-0.338672 0.391259 -0 0.596917 0.990566
-0.338672 0.579556 -0 0.647782 0.986216
-0.338672 0.391259 -0 0.596917 0.990566
-0.338672 0.586889 -0 0.649746 0.986048
-0.338672 0.579556 -0 0.647782 0.986216
-0.338672 0.579556 -0 0.647782 0.986216
-0.338672 0.586889 -0 0.649746 0.986048
-0.338672 0.772741 -0 0.699108 0.981827
-0.338672 0.586889 -0 0.649746 0.986048
-0.338672 0.782518 -0 0.701683 0.981606
-0.338672 0.772741 -0 0.699108 0.981827
-0.338672 0.772741 -0 0.699108 0.981827
-0.338672 0.782518 -0 0.701683 0.981606
-0.338672 0.965926 -0 0.749583 0.97751
-0.338672 0.782518 -0 0.701683 0.981606
-0.338672 0.978148 -0 0.752749 0.977239
-0.338672 0.965926 -0 0.749583 0.97751
-0.338672 0.965926 -0 0.749583 0.97751
-0.338672 0.978148 -0 0.752749 0.977239
-0.338672 1.15911 -0 0.799231 0.973264
-0.338672 0.978148 -0 0.752749 0.977239
-0.338672 1.17378 -0 0.802967 0.972944
-0.338672 1.15911 -0 0.799231 0.973264
-0.338672 1.15911 -0 0.799231 0.973264
-0.338672 1.17378 -0 0.802967 0.972944
-0.362347 1.3523 -0 0.839054 0.952464
-0.338672 1.17378 -0 0.802967 0.972944
-0.338672 1.36941 -0 0.852357 0.968721
-0.362347 1.3523 -0 0.839054 0.952464
-0.362347 1.3523 -0 0.839054 0.952464
-0.338672 1.36941 -0 0.852357 0.968721
-0.41411 1.54548 -0 0.865453 0.915477
-0.338672 1.36941 -0 0.852357 0.968721
-0.338672 1.56504 -0 0.90094 0.964566
-0.41411 1.54548 -0 0.865453 0.915477
-0.41411 1.54548 -0 0.865453 0.915477
-0.338672 1.56504 -0 0.90094 0.964566
-0.465874 1.73867 -0 0.888882 0.88265
-0.338672 1.56504 -0 0.90094 0.964566
-0.374241 1.76067 -0 0.931854 0.936538
-0.465874 1.73867 -0 0.888882 0.88265
-0.465874 1.73867 -0 0.888882 0.88265
-0.374241 1.76067 -0 0.931854 0.936538
-0.517638 1.93185 -0 0.909817 0.853318
-0.374241 1.76067 -0 0.931854 0.936538
-0.415823 1.9563 -0 0.957335 0.907357
-0.517638 1.93185 -0 0.909817 0.853318
-0.517638 1.93185 -0 0.909817 0.853318
-0.415823 1.9563 -0 0.957335 0.907357
-0.569402 2.12504 -0 0.928636 0.826951
-0.415823 1.9563 -0 0.957335 0.907357
-0.457406 2.15192 -0 0.980454 0.88088
-0.569402 2.12504 -0 0.928636 0.826951
-0.569402 2.12504 -0 0.928636 0.826951
-0.457406 2.15192 -0 0.980454 0.88088
-0.674007 2.51543 0.04 0.970227 0.776541
-0.338672 0.190211 -0 0.541671 0.995291
-0.338672 0.193185 -0 0.542495 0.995221
-0.338672 0.380423 -0 0.593964 0.990819
-0.338672 0.193185 -0 0.542495 0.995221
-0.338672 0.38637 -0 0.595585 0.99068
-0.338672 0.380423 -0 0.593964 0.990819
-0.338672 0.380423 -0 0.593964 0.990819
-0.338672 0.38637 -0 0.595585 0.99068
-0.338672 0.570634 -0 0.645391 0.986421
-0.338672 0.38637 -0 0.595585 0.99068
-0.338672 0.579556 -0 0.647782 0.986216
-0.338672 0.570634 -0 0.645391 0.986421
-0.338672 0.570634 -0 0.645391 0.986421
-0.338672 0.579556 -0 0.647782 0.986216
-0.338672 0.760845 -0 0.695972 0.982095
-0.338672 0.579556 -0 0.647782 0.986216
-0.338672 0.772741 -0 0.699108 0.981827
-0.338672 0.760845 -0 0.695972 0.982095
-0.338672 0.760845 -0 0.695972 0.982095
-0.338672 0.772741 -0 0.699108 0.981827
-0.338672 0.951057 -0 0.745728 0.97784
-0.338672 0.772741 -0 0.699108 0.981827
-0.338672 0.965926 -0 0.749583 0.97751
-0.338672 0.951057 -0 0.745728 0.97784
-0.338672 0.951057 -0 0.745728 0.97784
-0.338672 0.965926 -0 0.749583 0.97751
-0.37082 1.14127 -0 0.784279 0.950932
-0.338672 0.965926 -0 0.749583 0.97751
-0.338672 1.15911 -0 0.799231 0.973264
-0.37082 1.14127 -0 0.784279 0.950932
-0.37082 1.14127 -0 0.784279 0.950932
-0.338672 1.15911 -0 0.799231 0.973264
-0.432624 1.33148 -0 0.810033 0.908091
-0.338672 1.15911 -0 0.799231 0.973264
-0.362347 1.3523 -0 0.839054 0.952464
-0.432624 1.33148 -0 0.810033 0.908091
-0.432624 1.33148 -0 0.810033 0.908091
-0.362347 1.3523 -0 0.839054 0.952464
-0.494427 1.52169 -0 0.832468 0.870771
-0.362347 1.3523 -0 0.839054 0.952464
-0.41411 1.54548 -0 0.865453 0.915477
-0.494427 1.52169 -0 0.832468 0.870771
-0.494427 1.52169 -0 0.832468 0.870771
-0.41411 1.54548 -0 0.865453 0.915477
-0.556231 1.7119 -0 0.852187 0.837968
-0.41411 1.54548 -0 0.865453 0.915477
-0.465874 1.73867 -0 0.888882 0.88265
-0.556231 1.7119 -0 0.852187 0.837968
-0.556231 1.7119 -0 0.852187 0.837968
-0.465874 1.73867 -0 0.888882 0.88265
-0.618034 1.90211 -0 0.869656 0.80891
-0.465874 1.73867 -0 0.888882 0.88265
-0.517638 1.93185 -0 0.909817 0.853318
-0.618034 1.90211 -0 0.869656 0.80891
-0.618034 1.90211 -0 0.869656 0.80891
-0.517638 1.93185 -0 0.909817 0.853318
-0.679837 2.09232 -0 0.885238 0.782989
-0.517638 1.93185 -0 0.909817 0.853318
-0.569402 2.12504 -0 0.928636 0.826951
-0.679837 2.09232 -0 0.885238 0.782989
-0.679837 2.09232 -0 0.885238 0.782989
-0.569402 2.12504 -0 0.928636 0.826951
-0.804731 2.47671 0.04 0.919264 0.733485
-0.569402 2.12504 -0 0.928636 0.826951
-0.674007 2.51543 0.04 0.970227 0.776541
-0.804731 2.47671 0.04 0.919264 0.733485
-0.804731 2.47671 0.04 0.919264 0.733485
-0.674007 2.51543 0.04 0.970227 0.776541
-0.866534 2.66692 0.16 0.953038 0.698652
-0.338672 0.186716 -0 0.540701 0.995374
-0.338672 0.190211 -0 0.541671 0.995291
-0.338672 0.373432 -0 0.592058 0.990982
-0.338672 0.190211 -0 0.541671 0.995291
-0.338672 0.380423 -0 0.593964 0.990819
-0.338672 0.373432 -0 0.592058 0.990982
-0.338672 0.373432 -0 0.592058 0.990982
-0.338672 0.380423 -0 0.593964 0.990819
-0.338672 0.560148 -0 0.642578 0.986661
-0.338672 0.380423 -0 0.593964 0.990819
-0.338672 0.570634 -0 0.645391 0.986421
-0.338672 0.560148 -0 0.642578 0.986661
-0.338672 0.560148 -0 0.642578 0.986661
-0.338672 0.570634 -0 0.645391 0.986421
-0.338672 0.746864 -0 0.692283 0.98241
-0.338672 0.570634 -0 0.645391 0.986421
-0.338672 0.760845 -0 0.695972 0.982095
-0.338672 0.746864 -0 0.692283 0.98241
-0.338672 0.746864 -0 0.692283 0.98241
-0.338672 0.760845 -0 0.695972 0.982095
-0.358368 0.93358 -0 0.735829 0.963898
-0.338672 0.760845 -0 0.695972 0.982095
-0.338672 0.951057 -0 0.745728 0.97784
-0.358368 0.93358 -0 0.735829 0.963898
-0.358368 0.93358 -0 0.735829 0.963898
-0.338672 0.951057 -0 0.745728 0.97784
-0.430042 1.1203 -0 0.761993 0.913293
-0.338672 0.951057 -0 0.745728 0.97784
-0.37082 1.14127 -0 0.784279 0.950932
-0.430042 1.1203 -0 0.761993 0.913293
-0.430042 1.1203 -0 0.761993 0.913293
-0.37082 1.14127 -0 0.784279 0.950932
-0.501715 1.30701 -0 0.784308 0.870135
-0.37082 1.14127 -0 0.784279 0.950932
-0.432624 1.33148 -0 0.810033 0.908091
-0.501715 1.30701 -0 0.784308 0.870135
-0.501715 1.30701 -0 0.784308 0.870135
-0.432624 1.33148 -0 0.810033 0.908091
-0.573389 1.49373 -0 0.803564 0.832891
-0.432624 1.33148 -0 0.810033 0.908091
-0.494427 1.52169 -0 0.832468 0.870771
-0.573389 1.49373 -0 0.803564 0.832891
-0.573389 1.49373 -0 0.803564 0.832891
-0.494427 1.52169 -0 0.832468 0.870771
-0.645062 1.68044 -0 0.82035 0.800425
-0.494427 1.52169 -0 0.832468 0.870771
-0.556231 1.7119 -0 0.852187 0.837968
-0.645062 1.68044 -0 0.82035 0.800425
-0.645062 1.68044 -0 0.82035 0.800425
-0.556231 1.7119 -0 0.852187 0.837968
-0.716736 1.86716 -0 0.835113 0.771872
-0.556231 1.7119 -0 0.852187 0.837968
-0.618034 1.90211 -0 0.869656 0.80891
-0.716736 1.86716 -0 0.835113 0.771872
-0.716736 1.86716 -0 0.835113 0.771872
-0.618034 1.90211 -0 0.869656 0.80891
-0.788409 2.05388 -0 0.848198 0.746565
-0.618034 1.90211 -0 0.869656 0.80891
-0.679837 2.09232 -0 0.885238 0.782989
-0.788409 2.05388 -0 0.848198 0.746565
-0.788409 2.05388 -0 0.848198 0.746565
-0.679837 2.09232 -0 0.885238 0.782989
-0.933249 2.4312 0.04 0.876484 0.698326
-0.679837 2.09232 -0 0.885238 0.782989
-0.804731 2.47671 0.04 0.919264 0.733485
-0.933249 2.4312 0.04 0.876484 0.698326
-0.933249 2.4312 0.04 0.876484 0.698326
-0.804731 2.47671 0.04 0.919264 0.733485
-1.00492 2.61791 0.16 0.904168 0.664075
-0.804731 2.47671 0.04 0.919264 0.733485
-0.866534 2.66692 0.16 0.953038 0.698652
-1.00492 2.61791 0.16 0.904168 0.664075
-1.00492 2.61791 0.16 0.904168 0.664075
-0.866534 2.66692 0.16 0.953038 0.698652
-1.0766 2.80463 0.36 0.945669 0.617604
-0.338672 0.182709 -0 0.53959 0.995469
-0.338672 0.186716 -0 0.540701 0.995374
-0.338672 0.365418 -0 0.589871 0.991169
-0.338672 0.186716 -0 0.540701 0.995374
-0.338672 0.373432 -0 0.592058 0.990982
-0.338672 0.365418 -0 0.589871 0.991169
-0.338672 0.365418 -0 0.589871 0.991169
-0.338672 0.373432 -0 0.592058 0.990982
-0.338672 0.548127 -0 0.63935 0.986937
-0.338672 0.373432 -0 0.592058 0.990982
-0.338672 0.560148 -0 0.642578 0.986661
-0.338672 0.548127 -0 0.63935 0.986937
-0.338672 0.548127 -0 0.63935 0.986937
-0.338672 0.560148 -0 0.642578 0.986661
-0.338672 0.730836 -0 0.688047 0.982773
-0.338672 0.560148 -0 0.642578 0.986661
-0.338672 0.746864 -0 0.692283 0.98241
-0.338672 0.730836 -0 0.688047 0.982773
-0.338672 0.730836 -0 0.688047 0.982773
-0.338672 0.746864 -0 0.692283 0.98241
-0.406737 0.913545 -0 0.718737 0.931573
-0.338672 0.746864 -0 0.692283 0.98241
-0.358368 0.93358 -0 0.735829 0.963898
-0.406737 0.913545 -0 0.718737 0.931573
-0.406737 0.913545 -0 0.718737 0.931573
-0.358368 0.93358 -0 0.735829 0.963898
-0.488084 1.09625 -0 0.741786 0.880521
-0.358368 0.93358 -0 0.735829 0.963898
-0.430042 1.1203 -0 0.761993 0.913293
-0.488084 1.09625 -0 0.741786 0.880521
-0.488084 1.09625 -0 0.741786 0.880521
-0.430042 1.1203 -0 0.761993 0.913293
-0.569431 1.27896 -0 0.761256 0.837395
-0.430042 1.1203 -0 0.761993 0.913293
-0.501715 1.30701 -0 0.784308 0.870135
-0.569431 1.27896 -0 0.761256 0.837395
-0.569431 1.27896 -0 0.761256 0.837395
-0.501715 1.30701 -0 0.784308 0.870135
-0.650779 1.46167 -0 0.777921 0.800482
-0.501715 1.30701 -0 0.784308 0.870135
-0.573389 1.49373 -0 0.803564 0.832891
-0.650779 1.46167 -0 0.777921 0.800482
-0.650779 1.46167 -0 0.777921 0.800482
-0.573389 1.49373 -0 0.803564 0.832891
-0.732126 1.64438 -0 0.792347 0.76853
-0.573389 1.49373 -0 0.803564 0.832891
-0.645062 1.68044 -0 0.82035 0.800425
-0.732126 1.64438 -0 0.792347 0.76853
-0.732126 1.64438 -0 0.792347 0.76853
-0.645062 1.68044 -0 0.82035 0.800425
-0.813473 1.82709 -0 0.804956 0.740602
-0.645062 1.68044 -0 0.82035 0.800425
-0.716736 1.86716 -0 0.835113 0.771872
-0.813473 1.82709 -0 0.804956 0.740602
-0.813473 1.82709 -0 0.804956 0.740602
-0.716736 1.86716 -0 0.835113 0.771872
-0.894821 2.0098 -0 0.816071 0.715982
-0.716736 1.86716 -0 0.835113 0.771872
-0.788409 2.05388 -0 0.848198 0.746565
-0.894821 2.0098 -0 0.816071 0.715982
-0.894821 2.0098 -0 0.816071 0.715982
-0.788409 2.05388 -0 0.848198 0.746565
-1.05921 2.37902 0.04 0.839897 0.669157
-0.788409 2.05388 -0 0.848198 0.746565
-0.933249 2.4312 0.04 0.876484 0.698326
-1.05921 2.37902 0.04 0.839897 0.669157
-1.05921 2.37902 0.04 0.839897 0.669157
-0.933249 2.4312 0.04 0.876484 0.698326
-1.14056 2.56173 0.16 0.862941 0.635727
-0.933249 2.4312 0.04 0.876484 0.698326
-1.00492 2.61791 0.16 0.904168 0.664075
-1.14056 2.56173 0.16 0.862941 0.635727
-1.14056 2.56173 0.16 0.862941 0.635727
-1.00492 2.61791 0.16 0.904168 0.664075
-1.2219 2.74444 0.36 0.897014 0.590724
-1.00492 2.61791 0.16 0.904168 0.664075
-1.0766 2.80463 0.36 0.945669 0.617604
-1.2219 2.74444 0.36 0.897014 0.590724
-1.2219 2.74444 0.36 0.897014 0.590724
-1.0766 2.80463 0.36 0.945669 0.617604
-1.30325 2.92715 0.64 0.94594 0.529279
-0.338672 0.178201 -0 0.538339 0.995576
-0.338672 0.182709 -0 0.53959 0.995469
-0.338672 0.356403 -0 0.587409 0.991379
-0.338672 0.182709 -0 0.53959 0.995469
-0.338672 0.365418 -0 0.589871 0.991169
-0.338672 0.356403 -0 0.587409 0.991379
-0.338672 0.356403 -0 0.587409 0.991379
-0.338672 0.365418 -0 0.589871 0.991169
-0.338672 0.534604 -0 0.635715 0.987248
-0.338672 0.365418 -0 0.589871 0.991169
-0.338672 0.548127 -0 0.63935 0.986937
-0.338672 0.534604 -0 0.635715 0.987248
-0.338672 0.534604 -0 0.635715 0.987248
-0.338672 0.548127 -0 0.63935 0.986937
-0.363192 0.712805 -0 0.678134 0.965136
-0.338672 0.548127 -0 0.63935 0.986937
-0.338672 0.730836 -0 0.688047 0.982773
-0.363192 0.712805 -0 0.678134 0.965136
-0.363192 0.712805 -0 0.678134 0.965136
-0.338672 0.730836 -0 0.688047 0.982773
-0.453991 0.891007 -0 0.70291 0.902991
-0.338672 0.730836 -0 0.688047 0.982773
-0.406737 0.913545 -0 0.718737 0.931573
-0.453991 0.891007 -0 0.70291 0.902991
-0.453991 0.891007 -0 0.70291 0.902991
-0.406737 0.913545 -0 0.718737 0.931573
-0.544789 1.06921 -0 0.72331 0.851822
-0.406737 0.913545 -0 0.718737 0.931573
-0.488084 1.09625 -0 0.741786 0.880521
-0.544789 1.06921 -0 0.72331 0.851822
-0.544789 1.06921 -0 0.72331 0.851822
-0.488084 1.09625 -0 0.741786 0.880521
-0.635587 1.24741 -0 0.7404 0.808958
-0.488084 1.09625 -0 0.741786 0.880521
-0.569431 1.27896 -0 0.761256 0.837395
-0.635587 1.24741 -0 0.7404 0.808958
-0.635587 1.24741 -0 0.7404 0.808958
-0.569431 1.27896 -0 0.761256 0.837395
-0.726385 1.42561 -0 0.754924 0.772528
-0.569431 1.27896 -0 0.761256 0.837395
-0.650779 1.46167 -0 0.777921 0.800482
-0.726385 1.42561 -0 0.754924 0.772528
-0.726385 1.42561 -0 0.754924 0.772528
-0.650779 1.46167 -0 0.777921 0.800482
-0.817183 1.60381 -0 0.767419 0.741186
-0.650779 1.46167 -0 0.777921 0.800482
-0.732126 1.64438 -0 0.792347 0.76853
-0.817183 1.60381 -0 0.767419 0.741186
-0.817183 1.60381 -0 0.767419 0.741186
-0.732126 1.64438 -0 0.792347 0.76853
-0.907981 1.78201 -0 0.778284 0.713934
-0.732126 1.64438 -0 0.792347 0.76853
-0.813473 1.82709 -0 0.804956 0.740602
-0.907981 1.78201 -0 0.778284 0.713934
-0.907981 1.78201 -0 0.778284 0.713934
-0.813473 1.82709 -0 0.804956 0.740602
-0.998779 1.96021 -0 0.787818 0.690021
-0.813473 1.82709 -0 0.804956 0.740602
-0.894821 2.0098 -0 0.816071 0.715982
-0.998779 1.96021 -0 0.787818 0.690021
-0.998779 1.96021 -0 0.787818 0.690021
-0.894821 2.0098 -0 0.816071 0.715982
-1.18227 2.32033 0.04 0.808106 0.644642
-0.894821 2.0098 -0 0.816071 0.715982
-1.05921 2.37902 0.04 0.839897 0.669157
-1.18227 2.32033 0.04 0.808106 0.644642
-1.18227 2.32033 0.04 0.808106 0.644642
-1.05921 2.37902 0.04 0.839897 0.669157
-1.27306 2.49853 0.16 0.827528 0.612135
-1.05921 2.37902 0.04 0.839897 0.669157
-1.14056 2.56173 0.16 0.862941 0.635727
-1.27306 2.49853 0.16 0.827528 0.612135
-1.27306 2.49853 0.16 0.827528 0.612135
-1.14056 2.56173 0.16 0.862941 0.635727
-1.36386 2.67673 0.36 0.855921 0.568676
-1.14056 2.56173 0.16 0.862941 0.635727
-1.2219 2.74444 0.36 0.897014 0.590724
-1.36386 2.67673 0.36 0.855921 0.568676
-1.36386 2.67673 0.36 0.855921 0.568676
-1.2219 2.74444 0.36 0.897014 0.590724
-1.45466 2.85493 0.64 0.896032 0.510166
-1.2219 2.74444 0.36 0.897014 0.590724
-1.30325 2.92715 0.64 0.94594 0.529279
-1.45466 2.85493 0.64 0.896032 0.510166
-1.45466 2.85493 0.64 0.896032 0.510166
-1.30325 2.92715 0.64 0.94594 0.529279
-1.54546 3.03313 1 0.953057 0.429298
-0.338672 0.173205 -0 0.536952 0.995695
-0.338672 0.178201 -0 0.538339 0.995576
-0.338672 0.34641 -0 0.584678 0.991613
-0.338672 0.178201 -0 0.538339 0.995576
-0.338672 0.356403 -0 0.587409 0.991379
-0.338672 0.34641 -0 0.584678 0.991613
-0.338672 0.34641 -0 0.584678 0.991613
-0.338672 0.356403 -0 0.587409 0.991379
-0.338672 0.519615 -0 0.631681 0.987593
-0.338672 0.356403 -0 0.587409 0.991379
-0.338672 0.534604 -0 0.635715 0.987248
-0.338672 0.519615 -0 0.631681 0.987593
-0.338672 0.519615 -0 0.631681 0.987593
-0.338672 0.534604 -0 0.635715 0.987248
-0.4 0.69282 -0 0.665952 0.940192
-0.338672 0.534604 -0 0.635715 0.987248
-0.363192 0.712805 -0 0.678134 0.965136
-0.4 0.69282 -0 0.665952 0.940192
-0.4 0.69282 -0 0.665952 0.940192
-0.363192 0.712805 -0 0.678134 0.965136
-0.5 0.866025 -0 0.688165 0.877627
-0.363192 0.712805 -0 0.678134 0.965136
-0.453991 0.891007 -0 0.70291 0.902991
-0.5 0.866025 -0 0.688165 0.877627
-0.5 0.866025 -0 0.688165 0.877627
-0.453991 0.891007 -0 0.70291 0.902991
-0.6 1.03923 -0 0.706292 0.82657
-0.453991 0.891007 -0 0.70291 0.902991
-0.544789 1.06921 -0 0.72331 0.851822
-0.6 1.03923 -0 0.706292 0.82657
-0.6 1.03923 -0 0.706292 0.82657
-0.544789 1.06921 -0 0.72331 0.851822
-0.7 1.21244 -0 0.721366 0.784114
-0.544789 1.06921 -0 0.72331 0.851822
-0.635587 1.24741 -0 0.7404 0.808958
-0.7 1.21244 -0 0.721366 0.784114
-0.7 1.21244 -0 0.721366 0.784114
-0.635587 1.24741 -0 0.7404 0.808958
-0.8 1.38564 -0 0.734097 0.748253
-0.635587 1.24741 -0 0.7404 0.808958
-0.726385 1.42561 -0 0.754924 0.772528
-0.8 1.38564 -0 0.734097 0.748253
-0.8 1.38564 -0 0.734097 0.748253
-0.726385 1.42561 -0 0.754924 0.772528
-0.9 1.55885 -0 0.744994 0.717563
-0.726385 1.42561 -0 0.754924 0.772528
-0.817183 1.60381 -0 0.767419 0.741186
-0.9 1.55885 -0 0.744994 0.717563
-0.9 1.55885 -0 0.744994 0.717563
-0.817183 1.60381 -0 0.767419 0.741186
-1 1.73205 -0 0.754425 0.690999
-0.817183 1.60381 -0 0.767419 0.741186
-0.907981 1.78201 -0 0.778284 0.713934
-1 1.73205 -0 0.754425 0.690999
-1 1.73205 -0 0.754425 0.690999
-0.907981 1.78201 -0 0.778284 0.713934
-1.1 1.90526 -0 0.762668 0.667782
-0.907981 1.78201 -0 0.778284 0.713934
-0.998779 1.96021 -0 0.787818 0.690021
-1.1 1.90526 -0 0.762668 0.667782
-1.1 1.90526 -0 0.762668 0.667782
-0.998779 1.96021 -0 0.787818 0.690021
-1.30208 2.25527 0.04 0.780099 0.623819
-0.998779 1.96021 -0 0.787818 0.690021
-1.18227 2.32033 0.04 0.808106 0.644642
-1.30208 2.25527 0.04 0.780099 0.623819
-1.30208 2.25527 0.04 0.780099 0.623819
-1.18227 2.32033 0.04 0.808106 0.644642
-1.40208 2.42848 0.16 0.796639 0.592259
-1.18227 2.32033 0.04 0.808106 0.644642
-1.27306 2.49853 0.16 0.827528 0.612135
-1.40208 2.42848 0.16 0.796639 0.592259
-1.40208 2.42848 0.16 0.796639 0.592259
-1.27306 2.49853 0.16 0.827528 0.612135
-1.50208 2.60168 0.36 0.820585 0.550322
-1.27306 2.49853 0.16 0.827528 0.612135
-1.36386 2.67673 0.36 0.855921 0.568676
-1.50208 2.60168 0.36 0.820585 0.550322
-1.50208 2.60168 0.36 0.820585 0.550322
-1.36386 2.67673 0.36 0.855921 0.568676
-1.60208 2.77489 0.64 0.85396 0.49452
-1.36386 2.67673 0.36 0.855921 0.568676
-1.45466 2.85493 0.64 0.896032 0.510166
-1.60208 2.77489 0.64 0.85396 0.49452
-1.60208 2.77489 0.64 0.85396 0.49452
-1.45466 2.85493 0.64 0.896032 0.510166
-1.70208 2.94809 1 0.900519 0.418777
-1.45466 2.85493 0.64 0.896032 0.510166
-1.54546 3.03313 1 0.953057 0.429298
-1.70208 2.94809 1 0.900519 0.418777
-1.70208 2.94809 1 0.900519 0.418777
-1.54546 3.03313 1 0.953057 0.429298
-1.80208 3.1213 1.44 0.967224 0.312078
-0.338672 0.167734 -0 0.535433 0.995825
-0.338672 0.173205 -0 0.536952 0.995695
-0.338672 0.335468 -0 0.581684 0.991869
-0.338672 0.173205 -0 0.536952 0.995695
-0.338672 0.34641 -0 0.584678 0.991613
-0.338672 0.335468 -0 0.581684 0.991869
-0.338672 0.335468 -0 0.581684 0.991869
-0.338672 0.34641 -0 0.584678 0.991613
-0.338672 0.503202 -0 0.627258 0.987971
-0.338672 0.34641 -0 0.584678 0.991613
-0.338672 0.519615 -0 0.631681 0.987593
-0.338672 0.503202 -0 0.627258 0.987971
-0.338672 0.503202 -0 0.627258 0.987971
-0.338672 0.519615 -0 0.631681 0.987593
-0.435711 0.670936 -0 0.654388 0.917786
-0.338672 0.519615 -0 0.631681 0.987593
-0.4 0.69282 -0 0.665952 0.940192
-0.435711 0.670936 -0 0.654388 0.917786
-0.435711 0.670936 -0 0.654388 0.917786
-0.4 0.69282 -0 0.665952 0.940192
-0.544639 0.838671 -0 0.674348 0.855054
-0.4 0.69282 -0 0.665952 0.940192
-0.5 0.866025 -0 0.688165 0.877627
-0.544639 0.838671 -0 0.674348 0.855054
-0.544639 0.838671 -0 0.674348 0.855054
-0.5 0.866025 -0 0.688165 0.877627
-0.653567 1.0064 -0 0.690508 0.804265
-0.5 0.866025 -0 0.688165 0.877627
-0.6 1.03923 -0 0.706292 0.82657
-0.653567 1.0064 -0 0.690508 0.804265
-0.653567 1.0064 -0 0.690508 0.804265
-0.6 1.03923 -0 0.706292 0.82657
-0.762495 1.17414 -0 0.703858 0.762304
-0.6 1.03923 -0 0.706292 0.82657
-0.7 1.21244 -0 0.721366 0.784114
-0.762495 1.17414 -0 0.703858 0.762304
-0.762495 1.17414 -0 0.703858 0.762304
-0.7 1.21244 -0 0.721366 0.784114
-0.871422 1.34187 -0 0.715074 0.727055
-0.7 1.21244 -0 0.721366 0.784114
-0.8 1.38564 -0 0.734097 0.748253
-0.871422 1.34187 -0 0.715074 0.727055
-0.871422 1.34187 -0 0.715074 0.727055
-0.8 1.38564 -0 0.734097 0.748253
-0.98035 1.50961 -0 0.724628 0.697026
-0.8 1.38564 -0 0.734097 0.748253
-0.9 1.55885 -0 0.744994 0.717563
-0.98035 1.50961 -0 0.724628 0.697026
-0.98035 1.50961 -0 0.724628 0.697026
-0.9 1.55885 -0 0.744994 0.717563
-1.08928 1.67734 -0 0.732865 0.671138
-0.9 1.55885 -0 0.744994 0.717563
-1 1.73205 -0 0.754425 0.690999
-1.08928 1.67734 -0 0.732865 0.671138
-1.08928 1.67734 -0 0.732865 0.671138
-1 1.73205 -0 0.754425 0.690999
-1.19821 1.84508 -0 0.74004 0.648588
-1 1.73205 -0 0.754425 0.690999
-1.1 1.90526 -0 0.762668 0.667782
-1.19821 1.84508 -0 0.74004 0.648588
-1.19821 1.84508 -0 0.74004 0.648588
-1.1 1.90526 -0 0.762668 0.667782
-1.41833 2.18404 0.04 0.755128 0.605976
-1.1 1.90526 -0 0.762668 0.667782
-1.30208 2.25527 0.04 0.780099 0.623819
-1.41833 2.18404 0.04 0.755128 0.605976
-1.41833 2.18404 0.04 0.755128 0.605976
-1.30208 2.25527 0.04 0.780099 0.623819
-1.52726 2.35177 0.16 0.769333 0.575345
-1.30208 2.25527 0.04 0.780099 0.623819
-1.40208 2.42848 0.16 0.796639 0.592259
-1.52726 2.35177 0.16 0.769333 0.575345
-1.52726 2.35177 0.16 0.769333 0.575345
-1.40208 2.42848 0.16 0.796639 0.592259
-1.63618 2.5195 0.36 0.789729 0.534858
-1.40208 2.42848 0.16 0.796639 0.592259
-1.50208 2.60168 0.36 0.820585 0.550322
-1.63618 2.5195 0.36 0.789729 0.534858
-1.63618 2.5195 0.36 0.789729 0.534858
-1.50208 2.60168 0.36 0.820585 0.550322
-1.74511 2.68724 0.64 0.817835 0.48152
-1.50208 2.60168 0.36 0.820585 0.550322
-1.60208 2.77489 0.64 0.85396 0.49452
-1.74511 2.68724 0.64 0.817835 0.48152
-1.74511 2.68724 0.64 0.817835 0.48152
-1.60208 2.77489 0.64 0.85396 0.49452
-1.85404 2.85497 1 0.856434 0.410195
-1.60208 2.77489 0.64 0.85396 0.49452
-1.70208 2.94809 1 0.900519 0.418777
-1.85404 2.85497 1 0.856434 0.410195
-1.85404 2.85497 1 0.856434 0.410195
-1.70208 2.94809 1 0.900519 0.418777
-1.96297 3.02271 1.44 0.910535 0.311869
-1.70208 2.94809 1 0.900519 0.418777
-1.80208 3.1213 1.44 0.967224 0.312078
-1.96297 3.02271 1.44 0.910535 0.311869
-1.96297 3.02271 1.44 0.910535 0.311869
-1.80208 3.1213 1.44 0.967224 0.312078
-2.0719 3.19044 1.96 0.989652 0.169591
-0.338672 0.161803 -0 0.533785 0.995965
-0.338672 0.167734 -0 0.535433 0.995825
-0.338672 0.323607 -0 0.578436 0.992147
-0.338672 0.167734 -0 0.535433 0.995825
-0.338672 0.335468 -0 0.581684 0.991869
-0.338672 0.323607 -0 0.578436 0.992147
-0.338672 0.323607 -0 0.578436 0.992147
-0.338672 0.335468 -0 0.581684 0.991869
-0.352671 0.48541 -0 0.620412 0.977776
-0.338672 0.335468 -0 0.581684 0.991869
-0.338672 0.503202 -0 0.627258 0.987971
-0.352671 0.48541 -0 0.620412 0.977776
-0.352671 0.48541 -0 0.620412 0.977776
-0.338672 0.503202 -0 0.627258 0.987971
-0.470228 0.647214 -0 0.643369 0.897636
-0.338672 0.503202 -0 0.627258 0.987971
-0.435711 0.670936 -0 0.654388 0.917786
-0.470228 0.647214 -0 0.643369 0.897636
-0.470228 0.647214 -0 0.643369 0.897636
-0.435711 0.670936 -0 0.654388 0.917786
-0.587785 0.809017 -0 0.661334 0.834918
-0.435711 0.670936 -0 0.654388 0.917786
-0.544639 0.838671 -0 0.674348 0.855054
-0.587785 0.809017 -0 0.661334 0.834918
-0.587785 0.809017 -0 0.661334 0.834918
-0.544639 0.838671 -0 0.674348 0.855054
-0.705342 0.97082 -0 0.675777 0.784499
-0.544639 0.838671 -0 0.674348 0.855054
-0.653567 1.0064 -0 0.690508 0.804265
-0.705342 0.97082 -0 0.675777 0.784499
-0.705342 0.97082 -0 0.675777 0.784499
-0.653567 1.0064 -0 0.690508 0.804265
-0.822899 1.13262 -0 0.687641 0.743085
-0.653567 1.0064 -0 0.690508 0.804265
-0.762495 1.17414 -0 0.703858 0.762304
-0.822899 1.13262 -0 0.687641 0.743085
-0.822899 1.13262 -0 0.687641 0.743085
-0.762495 1.17414 -0 0.703858 0.762304
-0.940456 1.29443 -0 0.697559 0.708459
-0.762495 1.17414 -0 0.703858 0.762304
-0.871422 1.34187 -0 0.715074 0.727055
-0.940456 1.29443 -0 0.697559 0.708459
-0.940456 1.29443 -0 0.697559 0.708459
-0.871422 1.34187 -0 0.715074 0.727055
-1.05801 1.45623 -0 0.705975 0.679081
-0.871422 1.34187 -0 0.715074 0.727055
-0.98035 1.50961 -0 0.724628 0.697026
-1.05801 1.45623 -0 0.705975 0.679081
-1.05801 1.45623 -0 0.705975 0.679081
-0.98035 1.50961 -0 0.724628 0.697026
-1.17557 1.61803 -0 0.713205 0.65384
-0.98035 1.50961 -0 0.724628 0.697026
-1.08928 1.67734 -0 0.732865 0.671138
-1.17557 1.61803 -0 0.713205 0.65384
-1.17557 1.61803 -0 0.713205 0.65384
-1.08928 1.67734 -0 0.732865 0.671138
-1.29313 1.77984 -0 0.719484 0.631921
-1.08928 1.67734 -0 0.732865 0.671138
-1.19821 1.84508 -0 0.74004 0.648588
-1.29313 1.77984 -0 0.719484 0.631921
-1.29313 1.77984 -0 0.719484 0.631921
-1.19821 1.84508 -0 0.74004 0.648588
-1.53069 2.10681 0.04 0.732624 0.590576
-1.19821 1.84508 -0 0.74004 0.648588
-1.41833 2.18404 0.04 0.755128 0.605976
-1.53069 2.10681 0.04 0.732624 0.590576
-1.53069 2.10681 0.04 0.732624 0.590576
-1.41833 2.18404 0.04 0.755128 0.605976
-1.64825 2.26862 0.16 0.744909 0.560832
-1.41833 2.18404 0.04 0.755128 0.605976
-1.52726 2.35177 0.16 0.769333 0.575345
-1.64825 2.26862 0.16 0.744909 0.560832
-1.64825 2.26862 0.16 0.744909 0.560832
-1.52726 2.35177 0.16 0.769333 0.575345
-1.7658 2.43042 0.36 0.762422 0.521701
-1.52726 2.35177 0.16 0.769333 0.575345
-1.63618 2.5195 0.36 0.789729 0.534858
-1.7658 2.43042 0.36 0.762422 0.521701
-1.7658 2.43042 0.36 0.762422 0.521701
-1.63618 2.5195 0.36 0.789729 0.534858
-1.88336 2.59222 0.64 0.786322 0.470584
-1.63618 2.5195 0.36 0.789729 0.534858
-1.74511 2.68724 0.64 0.817835 0.48152
-1.88336 2.59222 0.64 0.786322 0.470584
-1.88336 2.59222 0.64 0.786322 0.470584
-1.74511 2.68724 0.64 0.817835 0.48152
-2.00092 2.75403 1 0.818717 0.403081
-1.74511 2.68724 0.64 0.817835 0.48152
-1.85404 2.85497 1 0.856434 0.410195
-2.00092 2.75403 1 0.818717 0.403081
-2.00092 2.75403 1 0.818717 0.403081
-1.85404 2.85497 1 0.856434 0.410195
-2.11847 2.91583 1.44 0.86331 0.311666
-1.85404 2.85497 1 0.856434 0.410195
-1.96297 3.02271 1.44 0.910535 0.311869
-2.11847 2.91583 1.44 0.86331 0.311666
-2.11847 2.91583 1.44 0.86331 0.311666
-1.96297 3.02271 1.44 0.910535 0.311869
-2.23603 3.07763 1.96 0.926874 0.182723
-1.96297 3.02271 1.44 0.910535 0.311869
-2.0719 3.19044 1.96 0.989652 0.169591
-2.23603 3.07763 1.96 0.926874 0.182723
-0.338672 0.155429 -0 0.532013 0.996117
-0.338672 0.161803 -0 0.533785 0.995965
-0.338672 0.310858 -0 0.574941 0.992446
-0.338672 0.161803 -0 0.533785 0.995965
-0.338672 0.323607 -0 0.578436 0.992147
-0.338672 0.310858 -0 0.574941 0.992446
-0.338672 0.310858 -0 0.574941 0.992446
-0.338672 0.323607 -0 0.578436 0.992147
-0.377592 0.466288 -0 0.611974 0.960097
-0.338672 0.323607 -0 0.578436 0.992147
-0.352671 0.48541 -0 0.620412 0.977776
-0.377592 0.466288 -0 0.611974 0.960097
-0.377592 0.466288 -0 0.611974 0.960097
-0.352671 0.48541 -0 0.620412 0.977776
-0.503456 0.621717 -0 0.632828 0.8795
-0.352671 0.48541 -0 0.620412 0.977776
-0.470228 0.647214 -0 0.643369 0.897636
-0.503456 0.621717 -0 0.632828 0.8795
-0.503456 0.621717 -0 0.632828 0.8795
-0.470228 0.647214 -0 0.643369 0.897636
-0.62932 0.777146 -0 0.649018 0.816929
-0.470228 0.647214 -0 0.643369 0.897636
-0.587785 0.809017 -0 0.661334 0.834918
-0.62932 0.777146 -0 0.649018 0.816929
-0.62932 0.777146 -0 0.649018 0.816929
-0.587785 0.809017 -0 0.661334 0.834918
-0.755184 0.932575 -0 0.661951 0.766944
-0.587785 0.809017 -0 0.661334 0.834918
-0.705342 0.97082 -0 0.675777 0.784499
-0.755184 0.932575 -0 0.661951 0.766944
-0.755184 0.932575 -0 0.661951 0.766944
-0.705342 0.97082 -0 0.675777 0.784499
-0.881049 1.088 -0 0.67252 0.726095
-0.705342 0.97082 -0 0.675777 0.784499
-0.822899 1.13262 -0 0.687641 0.743085
-0.881049 1.088 -0 0.67252 0.726095
-0.881049 1.088 -0 0.67252 0.726095
-0.822899 1.13262 -0 0.687641 0.743085
-1.00691 1.24343 -0 0.681319 0.692088
-0.822899 1.13262 -0 0.687641 0.743085
-0.940456 1.29443 -0 0.697559 0.708459
-1.00691 1.24343 -0 0.681319 0.692088
-1.00691 1.24343 -0 0.681319 0.692088
-0.940456 1.29443 -0 0.697559 0.708459
-1.13278 1.39886 -0 0.688758 0.663335
-0.940456 1.29443 -0 0.697559 0.708459
-1.05801 1.45623 -0 0.705975 0.679081
-1.13278 1.39886 -0 0.688758 0.663335
-1.13278 1.39886 -0 0.688758 0.663335
-1.05801 1.45623 -0 0.705975 0.679081
-1.25864 1.55429 -0 0.695131 0.638707
-1.05801 1.45623 -0 0.705975 0.679081
-1.17557 1.61803 -0 0.713205 0.65384
-1.25864 1.55429 -0 0.695131 0.638707
-1.25864 1.55429 -0 0.695131 0.638707
-1.17557 1.61803 -0 0.713205 0.65384
-1.3845 1.70972 -0 0.70065 0.617375
-1.17557 1.61803 -0 0.713205 0.65384
-1.29313 1.77984 -0 0.719484 0.631921
-1.3845 1.70972 -0 0.70065 0.617375
-1.3845 1.70972 -0 0.70065 0.617375
-1.29313 1.77984 -0 0.719484 0.631921
-1.63885 2.02381 0.04 0.712149 0.577207
-1.29313 1.77984 -0 0.719484 0.631921
-1.53069 2.10681 0.04 0.732624 0.590576
-1.63885 2.02381 0.04 0.712149 0.577207
-1.63885 2.02381 0.04 0.712149 0.577207
-1.53069 2.10681 0.04 0.732624 0.590576
-1.76472 2.17924 0.16 0.722832 0.548297
-1.53069 2.10681 0.04 0.732624 0.590576
-1.64825 2.26862 0.16 0.744909 0.560832
-1.76472 2.17924 0.16 0.722832 0.548297
-1.76472 2.17924 0.16 0.722832 0.548297
-1.64825 2.26862 0.16 0.744909 0.560832
-1.89058 2.33467 0.36 0.737968 0.510417
-1.64825 2.26862 0.16 0.744909 0.560832
-1.7658 2.43042 0.36 0.762422 0.521701
-1.89058 2.33467 0.36 0.737968 0.510417
-1.89058 2.33467 0.36 0.737968 0.510417
-1.7658 2.43042 0.36 0.762422 0.521701
-2.01645 2.4901 0.64 0.758452 0.461294
-1.7658 2.43042 0.36 0.762422 0.521701
-1.88336 2.59222 0.64 0.786322 0.470584
-2.01645 2.4901 0.64 0.758452 0.461294
-2.01645 2.4901 0.64 0.758452 0.461294
-1.88336 2.59222 0.64 0.786322 0.470584
-2.14231 2.64553 1 0.785909 0.397108
-1.88336 2.59222 0.64 0.786322 0.470584
-2.00092 2.75403 1 0.818717 0.403081
-2.14231 2.64553 1 0.785909 0.397108
-2.14231 2.64553 1 0.785909 0.397108
-2.00092 2.75403 1 0.818717 0.403081
-2.26817 2.80096 1.44 0.82314 0.311465
-2.00092 2.75403 1 0.818717 0.403081
-2.11847 2.91583 1.44 0.86331 0.311666
-2.26817 2.80096 1.44 0.82314 0.311465
-2.26817 2.80096 1.44 0.82314 0.311465
-2.11847 2.91583 1.44 0.86331 0.311666
-2.39404 2.95639 1.96 0.875112 0.193158
-2.11847 2.91583 1.44 0.86331 0.311666
-2.23603 3.07763 1.96 0.926874 0.182723
-2.39404 2.95639 1.96 0.875112 0.193158
-2.39404 2.95639 1.96 0.875112 0.193158
-2.23603 3.07763 1.96 0.926874 0.182723
-2.5199 3.11182 2.56 0.951296 0.0209221
-0.338672 0.148629 -0 0.530121 0.996279
-0.338672 0.155429 -0 0.532013 0.996117
-0.338672 0.297258 -0 0.571208 0.992765
-0.338672 0.155429 -0 0.532013 0.996117
-0.338672 0.310858 -0 0.574941 0.992446
-0.338672 0.297258 -0 0.571208 0.992765
-0.338672 0.297258 -0 0.571208 0.992765
-0.338672 0.310858 -0 0.574941 0.992446
-0.401478 0.445887 -0 0.603771 0.944049
-0.338672 0.310858 -0 0.574941 0.992446
-0.377592 0.466288 -0 0.611974 0.960097
-0.401478 0.445887 -0 0.603771 0.944049
-0.401478 0.445887 -0 0.603771 0.944049
-0.377592 0.466288 -0 0.611974 0.960097
-0.535304 0.594516 -0 0.62271 0.863176
-0.377592 0.466288 -0 0.611974 0.960097
-0.503456 0.621717 -0 0.632828 0.8795
-0.535304 0.594516 -0 0.62271 0.863176
-0.535304 0.594516 -0 0.62271 0.863176
-0.503456 0.621717 -0 0.632828 0.8795
-0.669131 0.743145 -0 0.637307 0.800842
-0.503456 0.621717 -0 0.632828 0.8795
-0.62932 0.777146 -0 0.649018 0.816929
-0.669131 0.743145 -0 0.637307 0.800842
-0.669131 0.743145 -0 0.637307 0.800842
-0.62932 0.777146 -0 0.649018 0.816929
-0.802957 0.891774 -0 0.648903 0.751327
-0.62932 0.777146 -0 0.649018 0.816929
-0.755184 0.932575 -0 0.661951 0.766944
-0.802957 0.891774 -0 0.648903 0.751327
-0.802957 0.891774 -0 0.648903 0.751327
-0.755184 0.932575 -0 0.661951 0.766944
-0.936783 1.0404 -0 0.658336 0.711046
-0.755184 0.932575 -0 0.661951 0.766944
-0.881049 1.088 -0 0.67252 0.726095
-0.936783 1.0404 -0 0.658336 0.711046
-0.936783 1.0404 -0 0.658336 0.711046
-0.881049 1.088 -0 0.67252 0.726095
-1.07061 1.18903 -0 0.66616 0.677636
-0.881049 1.088 -0 0.67252 0.726095
-1.00691 1.24343 -0 0.681319 0.692088
-1.07061 1.18903 -0 0.66616 0.677636
-1.07061 1.18903 -0 0.66616 0.677636
-1.00691 1.24343 -0 0.681319 0.692088
-1.20444 1.33766 -0 0.672755 0.649477
-1.00691 1.24343 -0 0.681319 0.692088
-1.13278 1.39886 -0 0.688758 0.663335
-1.20444 1.33766 -0 0.672755 0.649477
-1.20444 1.33766 -0 0.672755 0.649477
-1.13278 1.39886 -0 0.688758 0.663335
-1.33826 1.48629 -0 0.678388 0.625421
-1.13278 1.39886 -0 0.688758 0.663335
-1.25864 1.55429 -0 0.695131 0.638707
-1.33826 1.48629 -0 0.678388 0.625421
-1.33826 1.48629 -0 0.678388 0.625421
-1.25864 1.55429 -0 0.695131 0.638707
-1.47209 1.63492 -0 0.683256 0.604633
-1.25864 1.55429 -0 0.695131 0.638707
-1.3845 1.70972 -0 0.70065 0.617375
-1.47209 1.63492 -0 0.683256 0.604633
-1.47209 1.63492 -0 0.683256 0.604633
-1.3845 1.70972 -0 0.70065 0.617375
-1.74253 1.93527 0.04 0.693359 0.565549
-1.3845 1.70972 -0 0.70065 0.617375
-1.63885 2.02381 0.04 0.712149 0.577207
-1.74253 1.93527 0.04 0.693359 0.565549
-1.74253 1.93527 0.04 0.693359 0.565549
-1.63885 2.02381 0.04 0.712149 0.577207
-1.87635 2.0839 0.16 0.702689 0.537411
-1.63885 2.02381 0.04 0.712149 0.577207
-1.76472 2.17924 0.16 0.722832 0.548297
-1.87635 2.0839 0.16 0.702689 0.537411
-1.87635 2.0839 0.16 0.702689 0.537411
-1.76472 2.17924 0.16 0.722832 0.548297
-2.01018 2.23253 0.36 0.715837 0.500677
-1.76472 2.17924 0.16 0.722832 0.548297
-1.89058 2.33467 0.36 0.737968 0.510417
-2.01018 2.23253 0.36 0.715837 0.500677
-2.01018 2.23253 0.36 0.715837 0.500677
-1.89058 2.33467 0.36 0.737968 0.510417
-2.144 2.38116 0.64 0.733503 0.453338
-1.89058 2.33467 0.36 0.737968 0.510417
-2.01645 2.4901 0.64 0.758452 0.461294
-2.144 2.38116 0.64 0.733503 0.453338
-2.144 2.38116 0.64 0.733503 0.453338
-2.01645 2.4901 0.64 0.758452 0.461294
-2.27783 2.52979 1 0.756957 0.39204
-2.01645 2.4901 0.64 0.758452 0.461294
-2.14231 2.64553 1 0.785909 0.397108
-2.27783 2.52979 1 0.756957 0.39204
-2.27783 2.52979 1 0.756957 0.39204
-2.14231 2.64553 1 0.785909 0.397108
-2.41166 2.67842 1.44 0.788361 0.311265
-2.14231 2.64553 1 0.785909 0.397108
-2.26817 2.80096 1.44 0.82314 0.311465
-2.41166 2.67842 1.44 0.788361 0.311265
-2.41166 2.67842 1.44 0.788361 0.311265
-2.26817 2.80096 1.44 0.82314 0.311465
-2.54548 2.82704 1.96 0.831444 0.201592
-2.26817 2.80096 1.44 0.82314 0.311465
-2.39404 2.95639 1.96 0.875112 0.193158
-2.54548 2.82704 1.96 0.831444 0.201592
-2.54548 2.82704 1.96 0.831444 0.201592
-2.39404 2.95639 1.96 0.875112 0.193158
-2.67931 2.97567 2.56 0.893065 0.0458088
-2.39404 2.95639 1.96 0.875112 0.193158
-2.5199 3.11182 2.56 0.951296 0.0209221
-2.67931 2.97567 2.56 0.893065 0.0458088
-0.338672 0.141421 -0 0.528115 0.99645
-0.338672 0.148629 -0 0.530121 0.996279
-0.338672 0.282843 -0 0.567247 0.993104
-0.338672 0.148629 -0 0.530121 0.996279
-0.338672 0.297258 -0 0.571208 0.992765
-0.338672 0.282843 -0 0.567247 0.993104
-0.338672 0.282843 -0 0.567247 0.993104
-0.338672 0.297258 -0 0.571208 0.992765
-0.424264 0.424264 -0 0.595777 0.929501
-0.338672 0.297258 -0 0.571208 0.992765
-0.401478 0.445887 -0 0.603771 0.944049
-0.424264 0.424264 -0 0.595777 0.929501
-0.424264 0.424264 -0 0.595777 0.929501
-0.401478 0.445887 -0 0.603771 0.944049
-0.565685 0.565685 -0 0.612965 0.848489
-0.401478 0.445887 -0 0.603771 0.944049
-0.535304 0.594516 -0 0.62271 0.863176
-0.565685 0.565685 -0 0.612965 0.848489
-0.565685 0.565685 -0 0.612965 0.848489
-0.535304 0.594516 -0 0.62271 0.863176
-0.707107 0.707107 -0 0.626127 0.786452
-0.535304 0.594516 -0 0.62271 0.863176
-0.669131 0.743145 -0 0.637307 0.800842
-0.707107 0.707107 -0 0.626127 0.786452
-0.707107 0.707107 -0 0.626127 0.786452
-0.669131 0.743145 -0 0.637307 0.800842
-0.848528 0.848528 -0 0.636529 0.737422
-0.669131 0.743145 -0 0.637307 0.800842
-0.802957 0.891774 -0 0.648903 0.751327
-0.848528 0.848528 -0 0.636529 0.737422
-0.848528 0.848528 -0 0.636529 0.737422
-0.802957 0.891774 -0 0.648903 0.751327
-0.98995 0.98995 -0 0.644957 0.697696
-0.802957 0.891774 -0 0.648903 0.751327
-0.936783 1.0404 -0 0.658336 0.711046
-0.98995 0.98995 -0 0.644957 0.697696
-0.98995 0.98995 -0 0.644957 0.697696
-0.936783 1.0404 -0 0.658336 0.711046
-1.13137 1.13137 -0 0.651925 0.664855
-0.936783 1.0404 -0 0.658336 0.711046
-1.07061 1.18903 -0 0.66616 0.677636
-1.13137 1.13137 -0 0.651925 0.664855
-1.13137 1.13137 -0 0.651925 0.664855
-1.07061 1.18903 -0 0.66616 0.677636
-1.27279 1.27279 -0 0.657781 0.637253
-1.07061 1.18903 -0 0.66616 0.677636
-1.20444 1.33766 -0 0.672755 0.649477
-1.27279 1.27279 -0 0.657781 0.637253
-1.27279 1.27279 -0 0.657781 0.637253
-1.20444 1.33766 -0 0.672755 0.649477
-1.41421 1.41421 -0 0.662772 0.613728
-1.20444 1.33766 -0 0.672755 0.649477
-1.33826 1.48629 -0 0.678388 0.625421
-1.41421 1.41421 -0 0.662772 0.613728
-1.41421 1.41421 -0 0.662772 0.613728
-1.33826 1.48629 -0 0.678388 0.625421
-1.55563 1.55563 -0 0.667077 0.593439
-1.33826 1.48629 -0 0.678388 0.625421
-1.47209 1.63492 -0 0.683256 0.604633
-1.55563 1.55563 -0 0.667077 0.593439
-1.55563 1.55563 -0 0.667077 0.593439
-1.47209 1.63492 -0 0.683256 0.604633
-1.84142 1.84142 0.04 0.675977 0.555346
-1.47209 1.63492 -0 0.683256 0.604633
-1.74253 1.93527 0.04 0.693359 0.565549
-1.84142 1.84142 0.04 0.675977 0.555346
-1.84142 1.84142 0.04 0.675977 0.555346
-1.74253 1.93527 0.04 0.693359 0.565549
-1.98284 1.98284 0.16 0.684153 0.52792
-1.74253 1.93527 0.04 0.693359 0.565549
-1.87635 2.0839 0.16 0.702689 0.537411
-1.98284 1.98284 0.16 0.684153 0.52792
-1.98284 1.98284 0.16 0.684153 0.52792
-1.87635 2.0839 0.16 0.702689 0.537411
-2.12426 2.12426 0.36 0.695617 0.492228
-1.87635 2.0839 0.16 0.702689 0.537411
-2.01018 2.23253 0.36 0.715837 0.500677
-2.12426 2.12426 0.36 0.695617 0.492228
-2.12426 2.12426 0.36 0.695617 0.492228
-2.01018 2.23253 0.36 0.715837 0.500677
-2.26569 2.26569 0.64 0.710924 0.44648
-2.01018 2.23253 0.36 0.715837 0.500677
-2.144 2.38116 0.64 0.733503 0.453338
-2.26569 2.26569 0.64 0.710924 0.44648
-2.26569 2.26569 0.64 0.710924 0.44648
-2.144 2.38116 0.64 0.733503 0.453338
-2.40711 2.40711 1 0.731082 0.387702
-2.144 2.38116 0.64 0.733503 0.453338
-2.27783 2.52979 1 0.756957 0.39204
-2.40711 2.40711 1 0.731082 0.387702
-2.40711 2.40711 1 0.731082 0.387702
-2.27783 2.52979 1 0.756957 0.39204
-2.54853 2.54853 1.44 0.757781 0.311064
-2.27783 2.52979 1 0.756957 0.39204
-2.41166 2.67842 1.44 0.788361 0.311265
-2.54853 2.54853 1.44 0.757781 0.311064
-2.54853 2.54853 1.44 0.757781 0.311064
-2.41166 2.67842 1.44 0.788361 0.311265
-2.68995 2.68995 1.96 0.793884 0.2085
-2.41166 2.67842 1.44 0.788361 0.311265
-2.54548 2.82704 1.96 0.831444 0.201592
-2.68995 2.68995 1.96 0.793884 0.2085
-2.68995 2.68995 1.96 0.793884 0.2085
-2.54548 2.82704 1.96 0.831444 0.201592
-2.83137 2.83137 2.56 0.844489 0.0657255
-2.54548 2.82704 1.96 0.831444 0.201592
-2.67931 2.97567 2.56 0.893065 0.0458088
-2.83137 2.83137 2.56 0.844489 0.0657255
-0.338672 0.133826 -0 0.525999 0.996631
-0.338672 0.141421 -0 0.528115 0.99645
-0.338672 0.267652 -0 0.563067 0.993461
-0.338672 0.141421 -0 0.528115 0.99645
-0.338672 0.282843 -0 0.567247 0.993104
-0.338672 0.267652 -0 0.563067 0.993461
-0.338672 0.267652 -0 0.563067 0.993461
-0.338672 0.282843 -0 0.567247 0.993104
-0.445887 0.401478 -0 0.587972 0.916337
-0.338672 0.282843 -0 0.567247 0.993104
-0.424264 0.424264 -0 0.595777 0.929501
-0.445887 0.401478 -0 0.587972 0.916337
-0.445887 0.401478 -0 0.587972 0.916337
-0.424264 0.424264 -0 0.595777 0.929501
-0.594516 0.535304 -0 0.603549 0.835291
-0.424264 0.424264 -0 0.595777 0.929501
-0.565685 0.565685 -0 0.612965 0.848489
-0.594516 0.535304 -0 0.603549 0.835291
-0.594516 0.535304 -0 0.603549 0.835291
-0.565685 0.565685 -0 0.612965 0.848489
-0.743145 0.669131 -0 0.615409 0.773588
-0.565685 0.565685 -0 0.612965 0.848489
-0.707107 0.707107 -0 0.626127 0.786452
-0.743145 0.669131 -0 0.615409 0.773588
-0.743145 0.669131 -0 0.615409 0.773588
-0.707107 0.707107 -0 0.626127 0.786452
-0.891774 0.802957 -0 0.624739 0.725041
-0.707107 0.707107 -0 0.626127 0.786452
-0.848528 0.848528 -0 0.636529 0.737422
-0.891774 0.802957 -0 0.624739 0.725041
-0.891774 0.802957 -0 0.624739 0.725041
-0.848528 0.848528 -0 0.636529 0.737422
-1.0404 0.936783 -0 0.632272 0.685849
-0.848528 0.848528 -0 0.636529 0.737422
-0.98995 0.98995 -0 0.644957 0.697696
-1.0404 0.936783 -0 0.632272 0.685849
-1.0404 0.936783 -0 0.632272 0.685849
-0.98995 0.98995 -0 0.644957 0.697696
-1.18903 1.07061 -0 0.638481 0.653544
-0.98995 0.98995 -0 0.644957 0.697696
-1.13137 1.13137 -0 0.651925 0.664855
-1.18903 1.07061 -0 0.638481 0.653544
-1.18903 1.07061 -0 0.638481 0.653544
-1.13137 1.13137 -0 0.651925 0.664855
-1.33766 1.20444 -0 0.643687 0.626458
-1.13137 1.13137 -0 0.651925 0.664855
-1.27279 1.27279 -0 0.657781 0.637253
-1.33766 1.20444 -0 0.643687 0.626458
-1.33766 1.20444 -0 0.643687 0.626458
-1.27279 1.27279 -0 0.657781 0.637253
-1.48629 1.33826 -0 0.648115 0.603421
-1.27279 1.27279 -0 0.657781 0.637253
-1.41421 1.41421 -0 0.662772 0.613728
-1.48629 1.33826 -0 0.648115 0.603421
-1.48629 1.33826 -0 0.648115 0.603421
-1.41421 1.41421 -0 0.662772 0.613728
-1.63492 1.47209 -0 0.651927 0.583587
-1.41421 1.41421 -0 0.662772 0.613728
-1.55563 1.55563 -0 0.667077 0.593439
-1.63492 1.47209 -0 0.651927 0.583587
-1.63492 1.47209 -0 0.651927 0.583587
-1.55563 1.55563 -0 0.667077 0.593439
-1.93527 1.74253 0.04 0.659782 0.546397
-1.55563 1.55563 -0 0.667077 0.593439
-1.84142 1.84142 0.04 0.675977 0.555346
-1.93527 1.74253 0.04 0.659782 0.546397
-1.93527 1.74253 0.04 0.659782 0.546397
-1.84142 1.84142 0.04 0.675977 0.555346
-2.0839 1.87635 0.16 0.66696 0.51962
-1.84142 1.84142 0.04 0.675977 0.555346
-1.98284 1.98284 0.16 0.684153 0.52792
-2.0839 1.87635 0.16 0.66696 0.51962
-2.0839 1.87635 0.16 0.66696 0.51962
-1.98284 1.98284 0.16 0.684153 0.52792
-2.23253 2.01018 0.36 0.676982 0.484871
-1.98284 1.98284 0.16 0.684153 0.52792
-2.12426 2.12426 0.36 0.695617 0.492228
-2.23253 2.01018 0.36 0.676982 0.484871
-2.23253 2.01018 0.36 0.676982 0.484871
-2.12426 2.12426 0.36 0.695617 0.492228
-2.38116 2.144 0.64 0.69029 0.440541
-2.12426 2.12426 0.36 0.695617 0.492228
-2.26569 2.26569 0.64 0.710924 0.44648
-2.38116 2.144 0.64 0.69029 0.440541
-2.38116 2.144 0.64 0.69029 0.440541
-2.26569 2.26569 0.64 0.710924 0.44648
-2.52979 2.27783 1 0.707692 0.383965
-2.26569 2.26569 0.64 0.710924 0.44648
-2.40711 2.40711 1 0.731082 0.387702
-2.52979 2.27783 1 0.707692 0.383965
-2.52979 2.27783 1 0.707692 0.383965
-2.40711 2.40711 1 0.731082 0.387702
-2.67842 2.41166 1.44 0.730529 0.310862
-2.40711 2.40711 1 0.731082 0.387702
-2.54853 2.54853 1.44 0.757781 0.311064
-2.67842 2.41166 1.44 0.730529 0.310862
-2.67842 2.41166 1.44 0.730529 0.310862
-2.54853 2.54853 1.44 0.757781 0.311064
-2.82704 2.54548 1.96 0.761033 0.214213
-2.54853 2.54853 1.44 0.757781 0.311064
-2.68995 2.68995 1.96 0.793884 0.2085
-2.82704 2.54548 1.96 0.761033 0.214213
-2.82704 2.54548 1.96 0.761033 0.214213
-2.68995 2.68995 1.96 0.793884 0.2085
-2.97567 2.67931 2.56 0.80308 0.0819073
-2.68995 2.68995 1.96 0.793884 0.2085
-2.83137 2.83137 2.56 0.844489 0.0657255
-2.97567 2.67931 2.56 0.80308 0.0819073
-0.338672 0.125864 -0 0.52378 0.996821
-0.338672 0.133826 -0 0.525999 0.996631
-0.338672 0.251728 -0 0.558679 0.993836
-0.338672 0.133826 -0 0.525999 0.996631
-0.338672 0.267652 -0 0.563067 0.993461
-0.338672 0.251728 -0 0.558679 0.993836
-0.338672 0.251728 -0 0.558679 0.993836
-0.338672 0.267652 -0 0.563067 0.993461
-0.466288 0.377592 -0 0.580336 0.904459
-0.338672 0.267652 -0 0.563067 0.993461
-0.445887 0.401478 -0 0.587972 0.916337
-0.466288 0.377592 -0 0.580336 0.904459
-0.466288 0.377592 -0 0.580336 0.904459
-0.445887 0.401478 -0 0.587972 0.916337
-0.621717 0.503456 -0 0.594425 0.823454
-0.445887 0.401478 -0 0.587972 0.916337
-0.594516 0.535304 -0 0.603549 0.835291
-0.621717 0.503456 -0 0.594425 0.823454
-0.621717 0.503456 -0 0.594425 0.823454
-0.594516 0.535304 -0 0.603549 0.835291
-0.777146 0.62932 -0 0.605095 0.762104
-0.594516 0.535304 -0 0.603549 0.835291
-0.743145 0.669131 -0 0.615409 0.773588
-0.777146 0.62932 -0 0.605095 0.762104
-0.777146 0.62932 -0 0.605095 0.762104
-0.743145 0.669131 -0 0.615409 0.773588
-0.932575 0.755184 -0 0.613456 0.714028
-0.743145 0.669131 -0 0.615409 0.773588
-0.891774 0.802957 -0 0.624739 0.725041
-0.932575 0.755184 -0 0.613456 0.714028
-0.932575 0.755184 -0 0.613456 0.714028
-0.891774 0.802957 -0 0.624739 0.725041
-1.088 0.881049 -0 0.620185 0.675339
-0.891774 0.802957 -0 0.624739 0.725041
-1.0404 0.936783 -0 0.632272 0.685849
-1.088 0.881049 -0 0.620185 0.675339
-1.088 0.881049 -0 0.620185 0.675339
-1.0404 0.936783 -0 0.632272 0.685849
-1.24343 1.00691 -0 0.625717 0.643533
-1.0404 0.936783 -0 0.632272 0.685849
-1.18903 1.07061 -0 0.638481 0.653544
-1.24343 1.00691 -0 0.625717 0.643533
-1.24343 1.00691 -0 0.625717 0.643533
-1.18903 1.07061 -0 0.638481 0.653544
-1.39886 1.13278 -0 0.630345 0.616923
-1.18903 1.07061 -0 0.638481 0.653544
-1.33766 1.20444 -0 0.643687 0.626458
-1.39886 1.13278 -0 0.630345 0.616923
-1.39886 1.13278 -0 0.630345 0.616923
-1.33766 1.20444 -0 0.643687 0.626458
-1.55429 1.25864 -0 0.634274 0.594331
-1.33766 1.20444 -0 0.643687 0.626458
-1.48629 1.33826 -0 0.648115 0.603421
-1.55429 1.25864 -0 0.634274 0.594331
-1.55429 1.25864 -0 0.634274 0.594331
-1.48629 1.33826 -0 0.648115 0.603421
-1.70972 1.3845 -0 0.637652 0.574912
-1.48629 1.33826 -0 0.648115 0.603421
-1.63492 1.47209 -0 0.651927 0.583587
-1.70972 1.3845 -0 0.637652 0.574912
-1.70972 1.3845 -0 0.637652 0.574912
-1.63492 1.47209 -0 0.651927 0.583587
-2.02381 1.63885 0.04 0.64459 0.538538
-1.63492 1.47209 -0 0.651927 0.583587
-1.93527 1.74253 0.04 0.659782 0.546397
-2.02381 1.63885 0.04 0.64459 0.538538
-2.02381 1.63885 0.04 0.64459 0.538538
-1.93527 1.74253 0.04 0.659782 0.546397
-2.17924 1.76472 0.16 0.650898 0.512351
-1.93527 1.74253 0.04 0.659782 0.546397
-2.0839 1.87635 0.16 0.66696 0.51962
-2.17924 1.76472 0.16 0.650898 0.512351
-2.17924 1.76472 0.16 0.650898 0.512351
-2.0839 1.87635 0.16 0.66696 0.51962
-2.33467 1.89058 0.36 0.659671 0.478449
-2.0839 1.87635 0.16 0.66696 0.51962
-2.23253 2.01018 0.36 0.676982 0.484871
-2.33467 1.89058 0.36 0.659671 0.478449
-2.33467 1.89058 0.36 0.659671 0.478449
-2.23253 2.01018 0.36 0.676982 0.484871
-2.4901 2.01645 0.64 0.671265 0.435379
-2.23253 2.01018 0.36 0.676982 0.484871
-2.38116 2.144 0.64 0.69029 0.440541
-2.4901 2.01645 0.64 0.671265 0.435379
-2.4901 2.01645 0.64 0.671265 0.435379
-2.38116 2.144 0.64 0.69029 0.440541
-2.64553 2.14231 1 0.686331 0.380728
-2.38116 2.144 0.64 0.69029 0.440541
-2.52979 2.27783 1 0.707692 0.383965
-2.64553 2.14231 1 0.686331 0.380728
-2.64553 2.14231 1 0.686331 0.380728
-2.52979 2.27783 1 0.707692 0.383965
-2.80096 2.26817 1.44 0.705946 0.310657
-2.52979 2.27783 1 0.707692 0.383965
-2.67842 2.41166 1.44 0.730529 0.310862
-2.80096 2.26817 1.44 0.705946 0.310657
-2.80096 2.26817 1.44 0.705946 0.310657
-2.67842 2.41166 1.44 0.730529 0.310862
-2.95639 2.39404 1.96 0.731876 0.218968
-2.67842 2.41166 1.44 0.730529 0.310862
-2.82704 2.54548 1.96 0.761033 0.214213
-2.95639 2.39404 1.96 0.731876 0.218968
-2.95639 2.39404 1.96 0.731876 0.218968
-2.82704 2.54548 1.96 0.761033 0.214213
-3.11182 2.5199 2.56 0.767119 0.0952022
-2.82704 2.54548 1.96 0.761033 0.214213
-2.97567 2.67931 2.56 0.80308 0.0819073
-3.11182 2.5199 2.56 0.767119 0.0952022
-0.338672 0.117557 -0 0.521463 0.997019
-0.338672 0.125864 -0 0.52378 0.996821
-0.338672 0.235114 -0 0.554095 0.994228
-0.338672 0.125864 -0 0.52378 0.996821
-0.338672 0.251728 -0 0.558679 0.993836
-0.338672 0.235114 -0 0.554095 0.994228
-0.338672 0.235114 -0 0.554095 0.994228
-0.338672 0.251728 -0 0.558679 0.993836
-0.48541 0.352671 -0 0.57285 0.893779
-0.338672 0.251728 -0 0.558679 0.993836
-0.466288 0.377592 -0 0.580336 0.904459
-0.48541 0.352671 -0 0.57285 0.893779
-0.48541 0.352671 -0 0.57285 0.893779
-0.466288 0.377592 -0 0.580336 0.904459
-0.647214 0.470228 -0 0.585556 0.812868
-0.466288 0.377592 -0 0.580336 0.904459
-0.621717 0.503456 -0 0.594425 0.823454
-0.647214 0.470228 -0 0.585556 0.812868
-0.647214 0.470228 -0 0.585556 0.812868
-0.621717 0.503456 -0 0.594425 0.823454
-0.809017 0.587785 -0 0.595134 0.751874
-0.621717 0.503456 -0 0.594425 0.823454
-0.777146 0.62932 -0 0.605095 0.762104
-0.809017 0.587785 -0 0.595134 0.751874
-0.809017 0.587785 -0 0.595134 0.751874
-0.777146 0.62932 -0 0.605095 0.762104
-0.97082 0.705342 -0 0.602614 0.704249
-0.777146 0.62932 -0 0.605095 0.762104
-0.932575 0.755184 -0 0.613456 0.714028
-0.97082 0.705342 -0 0.602614 0.704249
-0.97082 0.705342 -0 0.602614 0.704249
-0.932575 0.755184 -0 0.613456 0.714028
-1.13262 0.822899 -0 0.608615 0.666032
-0.932575 0.755184 -0 0.613456 0.714028
-1.088 0.881049 -0 0.620185 0.675339
-1.13262 0.822899 -0 0.608615 0.666032
-1.13262 0.822899 -0 0.608615 0.666032
-1.088 0.881049 -0 0.620185 0.675339
-1.29443 0.940456 -0 0.613538 0.634685
-1.088 0.881049 -0 0.620185 0.675339
-1.24343 1.00691 -0 0.625717 0.643533
-1.29443 0.940456 -0 0.613538 0.634685
-1.29443 0.940456 -0 0.613538 0.634685
-1.24343 1.00691 -0 0.625717 0.643533
-1.45623 1.05801 -0 0.617649 0.608508
-1.24343 1.00691 -0 0.625717 0.643533
-1.39886 1.13278 -0 0.630345 0.616923
-1.45623 1.05801 -0 0.617649 0.608508
-1.45623 1.05801 -0 0.617649 0.608508
-1.39886 1.13278 -0 0.630345 0.616923
-1.61803 1.17557 -0 0.621133 0.586321
-1.39886 1.13278 -0 0.630345 0.616923
-1.55429 1.25864 -0 0.634274 0.594331
-1.61803 1.17557 -0 0.621133 0.586321
-1.61803 1.17557 -0 0.621133 0.586321
-1.55429 1.25864 -0 0.634274 0.594331
-1.77984 1.29313 -0 0.624124 0.567275
-1.55429 1.25864 -0 0.634274 0.594331
-1.70972 1.3845 -0 0.637652 0.574912
-1.77984 1.29313 -0 0.624124 0.567275
-1.77984 1.29313 -0 0.624124 0.567275
-1.70972 1.3845 -0 0.637652 0.574912
-2.10681 1.53069 0.04 0.630249 0.531636
-1.70972 1.3845 -0 0.637652 0.574912
-2.02381 1.63885 0.04 0.64459 0.538538
-2.10681 1.53069 0.04 0.630249 0.531636
-2.10681 1.53069 0.04 0.630249 0.531636
-2.02381 1.63885 0.04 0.64459 0.538538
-2.26862 1.64825 0.16 0.635791 0.50598
-2.02381 1.63885 0.04 0.64459 0.538538
-2.17924 1.76472 0.16 0.650898 0.512351
-2.26862 1.64825 0.16 0.635791 0.50598
-2.26862 1.64825 0.16 0.635791 0.50598
-2.17924 1.76472 0.16 0.650898 0.512351
-2.43042 1.7658 0.36 0.643471 0.472838
-2.17924 1.76472 0.16 0.650898 0.512351
-2.33467 1.89058 0.36 0.659671 0.478449
-2.43042 1.7658 0.36 0.643471 0.472838
-2.43042 1.7658 0.36 0.643471 0.472838
-2.33467 1.89058 0.36 0.659671 0.478449
-2.59222 1.88336 0.64 0.653577 0.430884
-2.33467 1.89058 0.36 0.659671 0.478449
-2.4901 2.01645 0.64 0.671265 0.435379
-2.59222 1.88336 0.64 0.653577 0.430884
-2.59222 1.88336 0.64 0.653577 0.430884
-2.4901 2.01645 0.64 0.671265 0.435379
-2.75403 2.00092 1 0.666638 0.377913
-2.4901 2.01645 0.64 0.671265 0.435379
-2.64553 2.14231 1 0.686331 0.380728
-2.75403 2.00092 1 0.666638 0.377913
-2.75403 2.00092 1 0.666638 0.377913
-2.64553 2.14231 1 0.686331 0.380728
-2.91583 2.11847 1.44 0.683528 0.310448
-2.64553 2.14231 1 0.686331 0.380728
-2.80096 2.26817 1.44 0.705946 0.310657
-2.91583 2.11847 1.44 0.683528 0.310448
-2.91583 2.11847 1.44 0.683528 0.310448
-2.80096 2.26817 1.44 0.705946 0.310657
-3.07763 2.23603 1.96 0.705657 0.222943
-2.80096 2.26817 1.44 0.705946 0.310657
-2.95639 2.39404 1.96 0.731876 0.218968
-3.07763 2.23603 1.96 0.705657 0.222943
-3.07763 2.23603 1.96 0.705657 0.222943
-2.95639 2.39404 1.96 0.731876 0.218968
-3.23944 2.35359 2.56 0.73538 0.106211
-2.95639 2.39404 1.96 0.731876 0.218968
-3.11182 2.5199 2.56 0.767119 0.0952022
-3.23944 2.35359 2.56 0.73538 0.106211
-0.338672 0.108928 -0 0.519054 0.997225
-0.338672 0.117557 -0 0.521463 0.997019
-0.338672 0.217856 -0 0.549325 0.994636
-0.338672 0.117557 -0 0.521463 0.997019
-0.338672 0.235114 -0 0.554095 0.994228
-0.338672 0.217856 -0 0.549325 0.994636
-0.338672 0.217856 -0 0.549325 0.994636
-0.338672 0.235114 -0 0.554095 0.994228
-0.503202 0.326783 -0 0.565497 0.88422
-0.338672 0.235114 -0 0.554095 0.994228
-0.48541 0.352671 -0 0.57285 0.893779
-0.503202 0.326783 -0 0.565497 0.88422
-0.503202 0.326783 -0 0.565497 0.88422
-0.48541 0.352671 -0 0.57285 0.893779
-0.670936 0.435711 -0 0.576912 0.803439
-0.48541 0.352671 -0 0.57285 0.893779
-0.647214 0.470228 -0 0.585556 0.812868
-0.670936 0.435711 -0 0.576912 0.803439
-0.670936 0.435711 -0 0.576912 0.803439
-0.647214 0.470228 -0 0.585556 0.812868
-0.838671 0.544639 -0 0.585482 0.742796
-0.647214 0.470228 -0 0.585556 0.812868
-0.809017 0.587785 -0 0.595134 0.751874
-0.838671 0.544639 -0 0.585482 0.742796
-0.838671 0.544639 -0 0.585482 0.742796
-0.809017 0.587785 -0 0.595134 0.751874
-1.0064 0.653567 -0 0.592152 0.695594
-0.809017 0.587785 -0 0.595134 0.751874
-0.97082 0.705342 -0 0.602614 0.704249
-1.0064 0.653567 -0 0.592152 0.695594
-1.0064 0.653567 -0 0.592152 0.695594
-0.97082 0.705342 -0 0.602614 0.704249
-1.17414 0.762495 -0 0.597492 0.65781
-0.97082 0.705342 -0 0.602614 0.704249
-1.13262 0.822899 -0 0.608615 0.666032
-1.17414 0.762495 -0 0.597492 0.65781
-1.17414 0.762495 -0 0.597492 0.65781
-1.13262 0.822899 -0 0.608615 0.666032
-1.34187 0.871422 -0 0.601862 0.626882
-1.13262 0.822899 -0 0.608615 0.666032
-1.29443 0.940456 -0 0.613538 0.634685
-1.34187 0.871422 -0 0.601862 0.626882
-1.34187 0.871422 -0 0.601862 0.626882
-1.29443 0.940456 -0 0.613538 0.634685
-1.50961 0.98035 -0 0.605506 0.601099
-1.29443 0.940456 -0 0.613538 0.634685
-1.45623 1.05801 -0 0.617649 0.608508
-1.50961 0.98035 -0 0.605506 0.601099
-1.50961 0.98035 -0 0.605506 0.601099
-1.45623 1.05801 -0 0.617649 0.608508
-1.67734 1.08928 -0 0.60859 0.579275
-1.45623 1.05801 -0 0.617649 0.608508
-1.61803 1.17557 -0 0.621133 0.586321
-1.67734 1.08928 -0 0.60859 0.579275
-1.67734 1.08928 -0 0.60859 0.579275
-1.61803 1.17557 -0 0.621133 0.586321
-1.84508 1.19821 -0 0.611234 0.560564
-1.61803 1.17557 -0 0.621133 0.586321
-1.77984 1.29313 -0 0.624124 0.567275
-1.84508 1.19821 -0 0.611234 0.560564
-1.84508 1.19821 -0 0.611234 0.560564
-1.77984 1.29313 -0 0.624124 0.567275
-2.18404 1.41833 0.04 0.616633 0.525582
-1.77984 1.29313 -0 0.624124 0.567275
-2.10681 1.53069 0.04 0.630249 0.531636
-2.18404 1.41833 0.04 0.616633 0.525582
-2.18404 1.41833 0.04 0.616633 0.525582
-2.10681 1.53069 0.04 0.630249 0.531636
-2.35177 1.52726 0.16 0.621493 0.500403
-2.10681 1.53069 0.04 0.630249 0.531636
-2.26862 1.64825 0.16 0.635791 0.50598
-2.35177 1.52726 0.16 0.621493 0.500403
-2.35177 1.52726 0.16 0.621493 0.500403
-2.26862 1.64825 0.16 0.635791 0.50598
-2.5195 1.63618 0.36 0.628206 0.467937
-2.26862 1.64825 0.16 0.635791 0.50598
-2.43042 1.7658 0.36 0.643471 0.472838
-2.5195 1.63618 0.36 0.628206 0.467937
-2.5195 1.63618 0.36 0.628206 0.467937
-2.43042 1.7658 0.36 0.643471 0.472838
-2.68724 1.74511 0.64 0.637006 0.426965
-2.43042 1.7658 0.36 0.643471 0.472838
-2.59222 1.88336 0.64 0.653577 0.430884
-2.68724 1.74511 0.64 0.637006 0.426965
-2.68724 1.74511 0.64 0.637006 0.426965
-2.59222 1.88336 0.64 0.653577 0.430884
-2.85497 1.85404 1 0.648327 0.37546
-2.59222 1.88336 0.64 0.653577 0.430884
-2.75403 2.00092 1 0.666638 0.377913
-2.85497 1.85404 1 0.648327 0.37546
-2.85497 1.85404 1 0.648327 0.37546
-2.75403 2.00092 1 0.666638 0.377913
-3.02271 1.96297 1.44 0.662879 0.310235
-2.75403 2.00092 1 0.666638 0.377913
-2.91583 2.11847 1.44 0.683528 0.310448
-3.02271 1.96297 1.44 0.662879 0.310235
-3.02271 1.96297 1.44 0.662879 0.310235
-2.91583 2.11847 1.44 0.683528 0.310448
-3.19044 2.0719 1.96 0.681799 0.226269
-2.91583 2.11847 1.44 0.683528 0.310448
-3.07763 2.23603 1.96 0.705657 0.222943
-3.19044 2.0719 1.96 0.681799 0.226269
-3.19044 2.0719 1.96 0.681799 0.226269
-3.07763 2.23603 1.96 0.705657 0.222943
-3.35817 2.18082 2.56 0.70696 0.115368
-3.07763 2.23603 1.96 0.705657 0.222943
-3.23944 2.35359 2.56 0.73538 0.106211
-3.35817 2.18082 2.56 0.70696 0.115368
-0.338672 0.1 -0 0.51656 0.997439
-0.338672 0.108928 -0 0.519054 0.997225
-0.34641 0.2 -0 0.543923 0.989022
-0.338672 0.108928 -0 0.519054 0.997225
-0.338672 0.217856 -0 0.549325 0.994636
-0.34641 0.2 -0 0.543923 0.989022
-0.34641 0.2 -0 0.543923 0.989022
-0.338672 0.217856 -0 0.549325 0.994636
-0.519615 0.3 -0 0.558261 0.875718
-0.338672 0.217856 -0 0.549325 0.994636
-0.503202 0.326783 -0 0.565497 0.88422
-0.519615 0.3 -0 0.558261 0.875718
-0.519615 0.3 -0 0.558261 0.875718
-0.503202 0.326783 -0 0.565497 0.88422
-0.69282 0.4 -0 0.568465 0.795087
-0.503202 0.326783 -0 0.565497 0.88422
-0.670936 0.435711 -0 0.576912 0.803439
-0.69282 0.4 -0 0.568465 0.795087
-0.69282 0.4 -0 0.568465 0.795087
-0.670936 0.435711 -0 0.576912 0.803439
-0.866025 0.5 -0 0.576097 0.734778
-0.670936 0.435711 -0 0.576912 0.803439
-0.838671 0.544639 -0 0.585482 0.742796
-0.866025 0.5 -0 0.576097 0.734778
-0.866025 0.5 -0 0.576097 0.734778
-0.838671 0.544639 -0 0.585482 0.742796
-1.03923 0.6 -0 0.582021 0.687967
-0.838671 0.544639 -0 0.585482 0.742796
-1.0064 0.653567 -0 0.592152 0.695594
-1.03923 0.6 -0 0.582021 0.687967
-1.03923 0.6 -0 0.582021 0.687967
-1.0064 0.653567 -0 0.592152 0.695594
-1.21244 0.7 -0 0.586753 0.650579
-1.0064 0.653567 -0 0.592152 0.695594
-1.17414 0.762495 -0 0.597492 0.65781
-1.21244 0.7 -0 0.586753 0.650579
-1.21244 0.7 -0 0.586753 0.650579
-1.17414 0.762495 -0 0.597492 0.65781
-1.38564 0.8 -0 0.590619 0.620029
-1.17414 0.762495 -0 0.597492 0.65781
-1.34187 0.871422 -0 0.601862 0.626882
-1.38564 0.8 -0 0.590619 0.620029
-1.38564 0.8 -0 0.590619 0.620029
-1.34187 0.871422 -0 0.601862 0.626882
-1.55885 0.9 -0 0.593837 0.594598
-1.34187 0.871422 -0 0.601862 0.626882
-1.50961 0.98035 -0 0.605506 0.601099
-1.55885 0.9 -0 0.593837 0.594598
-1.55885 0.9 -0 0.593837 0.594598
-1.50961 0.98035 -0 0.605506 0.601099
-1.73205 1 -0 0.596558 0.573099
-1.50961 0.98035 -0 0.605506 0.601099
-1.67734 1.08928 -0 0.60859 0.579275
-1.73205 1 -0 0.596558 0.573099
-1.73205 1 -0 0.596558 0.573099
-1.67734 1.08928 -0 0.60859 0.579275
-1.90526 1.1 -0 0.598888 0.554686
-1.67734 1.08928 -0 0.60859 0.579275
-1.84508 1.19821 -0 0.611234 0.560564
-1.90526 1.1 -0 0.598888 0.554686
-1.90526 1.1 -0 0.598888 0.554686
-1.84508 1.19821 -0 0.611234 0.560564
-2.25527 1.30208 0.04 0.603632 0.520288
-1.84508 1.19821 -0 0.611234 0.560564
-2.18404 1.41833 0.04 0.616633 0.525582
-2.25527 1.30208 0.04 0.603632 0.520288
-2.25527 1.30208 0.04 0.603632 0.520288
-2.18404 1.41833 0.04 0.616633 0.525582
-2.42848 1.40208 0.16 0.60788 0.495531
-2.18404 1.41833 0.04 0.616633 0.525582
-2.35177 1.52726 0.16 0.621493 0.500403
-2.42848 1.40208 0.16 0.60788 0.495531
-2.42848 1.40208 0.16 0.60788 0.495531
-2.35177 1.52726 0.16 0.621493 0.500403
-2.60168 1.50208 0.36 0.61373 0.463662
-2.35177 1.52726 0.16 0.621493 0.500403
-2.5195 1.63618 0.36 0.628206 0.467937
-2.60168 1.50208 0.36 0.61373 0.463662
-2.60168 1.50208 0.36 0.61373 0.463662
-2.5195 1.63618 0.36 0.628206 0.467937
-2.77489 1.60208 0.64 0.621372 0.423553
-2.5195 1.63618 0.36 0.628206 0.467937
-2.68724 1.74511 0.64 0.637006 0.426965
-2.77489 1.60208 0.64 0.621372 0.423553
-2.77489 1.60208 0.64 0.621372 0.423553
-2.68724 1.74511 0.64 0.637006 0.426965
-2.94809 1.70208 1 0.631162 0.373319
-2.68724 1.74511 0.64 0.637006 0.426965
-2.85497 1.85404 1 0.648327 0.37546
-2.94809 1.70208 1 0.631162 0.373319
-2.94809 1.70208 1 0.631162 0.373319
-2.85497 1.85404 1 0.648327 0.37546
-3.1213 1.80208 1.44 0.643682 0.310016
-2.85497 1.85404 1 0.648327 0.37546
-3.02271 1.96297 1.44 0.662879 0.310235
-3.1213 1.80208 1.44 0.643682 0.310016
-3.1213 1.80208 1.44 0.643682 0.310016
-3.02271 1.96297 1.44 0.662879 0.310235
-3.2945 1.90208 1.96 0.659855 0.229044
-3.02271 1.96297 1.44 0.662879 0.310235
-3.19044 2.0719 1.96 0.681799 0.226269
-3.2945 1.90208 1.96 0.659855 0.229044
-3.2945 1.90208 1.96 0.659855 0.229044
-3.19044 2.0719 1.96 0.681799 0.226269
-3.46771 2.00208 2.56 0.68118 0.122998
-3.19044 2.0719 1.96 0.681799 0.226269
-3.35817 2.18082 2.56 0.70696 0.115368
-3.46771 2.00208 2.56 0.68118 0.122998
-0.338672 0.0907981 -0 0.513987 0.997659
-0.338672 0.1 -0 0.51656 0.997439
-0.356403 0.181596 -0 0.53834 0.981799
-0.338672 0.1 -0 0.51656 0.997439
-0.34641 0.2 -0 0.543923 0.989022
-0.356403 0.181596 -0 0.53834 0.981799
-0.356403 0.181596 -0 0.53834 0.981799
-0.34641 0.2 -0 0.543923 0.989022
-0.534604 0.272394 -0 0.551128 0.868214
-0.34641 0.2 -0 0.543923 0.989022
-0.519615 0.3 -0 0.558261 0.875718
-0.534604 0.272394 -0 0.551128 0.868214
-0.534604 0.272394 -0 0.551128 0.868214
-0.519615 0.3 -0 0.558261 0.875718
-0.712805 0.363192 -0 0.560189 0.787742
-0.519615 0.3 -0 0.558261 0.875718
-0.69282 0.4 -0 0.568465 0.795087
-0.712805 0.363192 -0 0.560189 0.787742
-0.712805 0.363192 -0 0.560189 0.787742
-0.69282 0.4 -0 0.568465 0.795087
-0.891007 0.453991 -0 0.566944 0.727745
-0.69282 0.4 -0 0.568465 0.795087
-0.866025 0.5 -0 0.576097 0.734778
-0.891007 0.453991 -0 0.566944 0.727745
-0.891007 0.453991 -0 0.566944 0.727745
-0.866025 0.5 -0 0.576097 0.734778
-1.06921 0.544789 -0 0.572174 0.68129
-0.866025 0.5 -0 0.576097 0.734778
-1.03923 0.6 -0 0.582021 0.687967
-1.06921 0.544789 -0 0.572174 0.68129
-1.06921 0.544789 -0 0.572174 0.68129
-1.03923 0.6 -0 0.582021 0.687967
-1.24741 0.635587 -0 0.576344 0.644258
-1.03923 0.6 -0 0.582021 0.687967
-1.21244 0.7 -0 0.586753 0.650579
-1.24741 0.635587 -0 0.576344 0.644258
-1.24741 0.635587 -0 0.576344 0.644258
-1.21244 0.7 -0 0.586753 0.650579
-1.42561 0.726385 -0 0.579745 0.614045
-1.21244 0.7 -0 0.586753 0.650579
-1.38564 0.8 -0 0.590619 0.620029
-1.42561 0.726385 -0 0.579745 0.614045
-1.42561 0.726385 -0 0.579745 0.614045
-1.38564 0.8 -0 0.590619 0.620029
-1.60381 0.817183 -0 0.582573 0.588927
-1.38564 0.8 -0 0.590619 0.620029
-1.55885 0.9 -0 0.593837 0.594598
-1.60381 0.817183 -0 0.582573 0.588927
-1.60381 0.817183 -0 0.582573 0.588927
-1.55885 0.9 -0 0.593837 0.594598
-1.78201 0.907981 -0 0.584962 0.567715
-1.55885 0.9 -0 0.593837 0.594598
-1.73205 1 -0 0.596558 0.573099
-1.78201 0.907981 -0 0.584962 0.567715
-1.78201 0.907981 -0 0.584962 0.567715
-1.73205 1 -0 0.596558 0.573099
-1.96021 0.998779 -0 0.587005 0.549564
-1.73205 1 -0 0.596558 0.573099
-1.90526 1.1 -0 0.598888 0.554686
-1.96021 0.998779 -0 0.587005 0.549564
-1.96021 0.998779 -0 0.587005 0.549564
-1.90526 1.1 -0 0.598888 0.554686
-2.32033 1.18227 0.04 0.591153 0.515679
-1.90526 1.1 -0 0.598888 0.554686
-2.25527 1.30208 0.04 0.603632 0.520288
-2.32033 1.18227 0.04 0.591153 0.515679
-2.32033 1.18227 0.04 0.591153 0.515679
-2.25527 1.30208 0.04 0.603632 0.520288
-2.49853 1.27306 0.16 0.594847 0.491294
-2.25527 1.30208 0.04 0.603632 0.520288
-2.42848 1.40208 0.16 0.60788 0.495531
-2.49853 1.27306 0.16 0.594847 0.491294
-2.49853 1.27306 0.16 0.594847 0.491294
-2.42848 1.40208 0.16 0.60788 0.495531
-2.67673 1.36386 0.36 0.599918 0.459948
-2.42848 1.40208 0.16 0.60788 0.495531
-2.60168 1.50208 0.36 0.61373 0.463662
-2.67673 1.36386 0.36 0.599918 0.459948
-2.67673 1.36386 0.36 0.599918 0.459948
-2.60168 1.50208 0.36 0.61373 0.463662
-2.85493 1.45466 0.64 0.606521 0.420589
-2.60168 1.50208 0.36 0.61373 0.463662
-2.77489 1.60208 0.64 0.621372 0.423553
-2.85493 1.45466 0.64 0.606521 0.420589
-2.85493 1.45466 0.64 0.606521 0.420589
-2.77489 1.60208 0.64 0.621372 0.423553
-3.03313 1.54546 1 0.614951 0.371453
-2.77489 1.60208 0.64 0.621372 0.423553
-2.94809 1.70208 1 0.631162 0.373319
-3.03313 1.54546 1 0.614951 0.371453
-3.03313 1.54546 1 0.614951 0.371453
-2.94809 1.70208 1 0.631162 0.373319
-3.21133 1.63626 1.44 0.625683 0.309791
-2.94809 1.70208 1 0.631162 0.373319
-3.1213 1.80208 1.44 0.643682 0.310016
-3.21133 1.63626 1.44 0.625683 0.309791
-3.21133 1.63626 1.44 0.625683 0.309791
-3.1213 1.80208 1.44 0.643682 0.310016
-3.38953 1.72705 1.96 0.639468 0.231348
-3.1213 1.80208 1.44 0.643682 0.310016
-3.2945 1.90208 1.96 0.659855 0.229044
-3.38953 1.72705 1.96 0.639468 0.231348
-3.38953 1.72705 1.96 0.639468 0.231348
-3.2945 1.90208 1.96 0.659855 0.229044
-3.56774 1.81785 2.56 0.657515 0.129343
-3.2945 1.90208 1.96 0.659855 0.229044
-3.46771 2.00208 2.56 0.68118 0.122998
-3.56774 1.81785 2.56 0.657515 0.129343
-0.338672 0.0813473 -0 0.511342 0.997885
-0.338672 0.0907981 -0 0.513987 0.997659
-0.365418 0.162695 -0 0.532783 0.975462
-0.338672 0.0907981 -0 0.513987 0.997659
-0.356403 0.181596 -0 0.53834 0.981799
-0.365418 0.162695 -0 0.532783 0.975462
-0.365418 0.162695 -0 0.532783 0.975462
-0.356403 0.181596 -0 0.53834 0.981799
-0.548127 0.244042 -0 0.544084 0.86166
-0.356403 0.181596 -0 0.53834 0.981799
-0.534604 0.272394 -0 0.551128 0.868214
-0.548127 0.244042 -0 0.544084 0.86166
-0.548127 0.244042 -0 0.544084 0.86166
-0.534604 0.272394 -0 0.551128 0.868214
-0.730836 0.325389 -0 0.552059 0.781345
-0.534604 0.272394 -0 0.551128 0.868214
-0.712805 0.363192 -0 0.560189 0.787742
-0.730836 0.325389 -0 0.552059 0.781345
-0.730836 0.325389 -0 0.552059 0.781345
-0.712805 0.363192 -0 0.560189 0.787742
-0.913545 0.406737 -0 0.557988 0.721632
-0.712805 0.363192 -0 0.560189 0.787742
-0.891007 0.453991 -0 0.566944 0.727745
-0.913545 0.406737 -0 0.557988 0.721632
-0.913545 0.406737 -0 0.557988 0.721632
-0.891007 0.453991 -0 0.566944 0.727745
-1.09625 0.488084 -0 0.56257 0.675496
-0.891007 0.453991 -0 0.566944 0.727745
-1.06921 0.544789 -0 0.572174 0.68129
-1.09625 0.488084 -0 0.56257 0.675496
-1.09625 0.488084 -0 0.56257 0.675496
-1.06921 0.544789 -0 0.572174 0.68129
-1.27896 0.569431 -0 0.566216 0.638778
-1.06921 0.544789 -0 0.572174 0.68129
-1.24741 0.635587 -0 0.576344 0.644258
-1.27896 0.569431 -0 0.566216 0.638778
-1.27896 0.569431 -0 0.566216 0.638778
-1.24741 0.635587 -0 0.576344 0.644258
-1.46167 0.650779 -0 0.569186 0.608862
-1.24741 0.635587 -0 0.576344 0.644258
-1.42561 0.726385 -0 0.579745 0.614045
-1.46167 0.650779 -0 0.569186 0.608862
-1.46167 0.650779 -0 0.569186 0.608862
-1.42561 0.726385 -0 0.579745 0.614045
-1.64438 0.732126 -0 0.571653 0.584018
-1.42561 0.726385 -0 0.579745 0.614045
-1.60381 0.817183 -0 0.582573 0.588927
-1.64438 0.732126 -0 0.571653 0.584018
-1.64438 0.732126 -0 0.571653 0.584018
-1.60381 0.817183 -0 0.582573 0.588927
-1.82709 0.813473 -0 0.573735 0.563056
-1.60381 0.817183 -0 0.582573 0.588927
-1.78201 0.907981 -0 0.584962 0.567715
-1.82709 0.813473 -0 0.573735 0.563056
-1.82709 0.813473 -0 0.573735 0.563056
-1.78201 0.907981 -0 0.584962 0.567715
-2.0098 0.894821 -0 0.575514 0.545133
-1.78201 0.907981 -0 0.584962 0.567715
-1.96021 0.998779 -0 0.587005 0.549564
-2.0098 0.894821 -0 0.575514 0.545133
-2.0098 0.894821 -0 0.575514 0.545133
-1.96021 0.998779 -0 0.587005 0.549564
-2.37902 1.05921 0.04 0.579115 0.511694
-1.96021 0.998779 -0 0.587005 0.549564
-2.32033 1.18227 0.04 0.591153 0.515679
-2.37902 1.05921 0.04 0.579115 0.511694
-2.37902 1.05921 0.04 0.579115 0.511694
-2.32033 1.18227 0.04 0.591153 0.515679
-2.56173 1.14056 0.16 0.582301 0.487632
-2.32033 1.18227 0.04 0.591153 0.515679
-2.49853 1.27306 0.16 0.594847 0.491294
-2.56173 1.14056 0.16 0.582301 0.487632
-2.56173 1.14056 0.16 0.582301 0.487632
-2.49853 1.27306 0.16 0.594847 0.491294
-2.74444 1.2219 0.36 0.586662 0.45674
-2.49853 1.27306 0.16 0.594847 0.491294
-2.67673 1.36386 0.36 0.599918 0.459948
-2.74444 1.2219 0.36 0.586662 0.45674
-2.74444 1.2219 0.36 0.586662 0.45674
-2.67673 1.36386 0.36 0.599918 0.459948
-2.92715 1.30325 0.64 0.592325 0.418027
-2.67673 1.36386 0.36 0.599918 0.459948
-2.85493 1.45466 0.64 0.606521 0.420589
-2.92715 1.30325 0.64 0.592325 0.418027
-2.92715 1.30325 0.64 0.592325 0.418027
-2.85493 1.45466 0.64 0.606521 0.420589
-3.10986 1.3846 1 0.59953 0.369828
-2.85493 1.45466 0.64 0.606521 0.420589
-3.03313 1.54546 1 0.614951 0.371453
-3.10986 1.3846 1 0.59953 0.369828
-3.10986 1.3846 1 0.59953 0.369828
-3.03313 1.54546 1 0.614951 0.371453
-3.29257 1.46595 1.44 0.608668 0.309559
-3.03313 1.54546 1 0.614951 0.371453
-3.21133 1.63626 1.44 0.625683 0.309791
-3.29257 1.46595 1.44 0.608668 0.309559
-3.29257 1.46595 1.44 0.608668 0.309559
-3.21133 1.63626 1.44 0.625683 0.309791
-3.47528 1.54729 1.96 0.62035 0.23324
-3.21133 1.63626 1.44 0.625683 0.309791
-3.38953 1.72705 1.96 0.639468 0.231348
-3.47528 1.54729 1.96 0.62035 0.23324
-3.47528 1.54729 1.96 0.62035 0.23324
-3.38953 1.72705 1.96 0.639468 0.231348
-3.65798 1.62864 2.56 0.63555 0.134588
-3.38953 1.72705 1.96 0.639468 0.231348
-3.56774 1.81785 2.56 0.657515 0.129343
-3.65798 1.62864 2.56 0.63555 0.134588
-3.65798 1.62864 2.56 0.63555 0.134588
-3.56774 1.81785 2.56 0.657515 0.129343
-3.84069 1.70999 3.24 0.655882 0.003232
-0.338672 0.0716736 -0 0.508633 0.998116
-0.338672 0.0813473 -0 0.511342 0.997885
-0.373432 0.143347 -0 0.527249 0.969983
-0.338672 0.0813473 -0 0.511342 0.997885
-0.365418 0.162695 -0 0.532783 0.975462
-0.373432 0.143347 -0 0.527249 0.969983
-0.373432 0.143347 -0 0.527249 0.969983
-0.365418 0.162695 -0 0.532783 0.975462
-0.560148 0.215021 -0 0.537114 0.856013
-0.365418 0.162695 -0 0.532783 0.975462
-0.548127 0.244042 -0 0.544084 0.86166
-0.560148 0.215021 -0 0.537114 0.856013
-0.560148 0.215021 -0 0.537114 0.856013
-0.548127 0.244042 -0 0.544084 0.86166
-0.746864 0.286694 -0 0.544053 0.775846
-0.548127 0.244042 -0 0.544084 0.86166
-0.730836 0.325389 -0 0.552059 0.781345
-0.746864 0.286694 -0 0.544053 0.775846
-0.746864 0.286694 -0 0.544053 0.775846
-0.730836 0.325389 -0 0.552059 0.781345
-0.93358 0.358368 -0 0.5492 0.716387
-0.730836 0.325389 -0 0.552059 0.781345
-0.913545 0.406737 -0 0.557988 0.721632
-0.93358 0.358368 -0 0.5492 0.716387
-0.93358 0.358368 -0 0.5492 0.716387
-0.913545 0.406737 -0 0.557988 0.721632
-1.1203 0.430042 -0 0.55317 0.670529
-0.913545 0.406737 -0 0.557988 0.721632
-1.09625 0.488084 -0 0.56257 0.675496
-1.1203 0.430042 -0 0.55317 0.670529
-1.1203 0.430042 -0 0.55317 0.670529
-1.09625 0.488084 -0 0.56257 0.675496
-1.30701 0.501715 -0 0.556324 0.634084
-1.09625 0.488084 -0 0.56257 0.675496
-1.27896 0.569431 -0 0.566216 0.638778
-1.30701 0.501715 -0 0.556324 0.634084
-1.30701 0.501715 -0 0.556324 0.634084
-1.27896 0.569431 -0 0.566216 0.638778
-1.49373 0.573389 -0 0.558892 0.604424
-1.27896 0.569431 -0 0.566216 0.638778
-1.46167 0.650779 -0 0.569186 0.608862
-1.49373 0.573389 -0 0.558892 0.604424
-1.49373 0.573389 -0 0.558892 0.604424
-1.46167 0.650779 -0 0.569186 0.608862
-1.68044 0.645062 -0 0.561022 0.579816
-1.46167 0.650779 -0 0.569186 0.608862
-1.64438 0.732126 -0 0.571653 0.584018
-1.68044 0.645062 -0 0.561022 0.579816
-1.68044 0.645062 -0 0.561022 0.579816
-1.64438 0.732126 -0 0.571653 0.584018
-1.86716 0.716736 -0 0.562818 0.559069
-1.64438 0.732126 -0 0.571653 0.584018
-1.82709 0.813473 -0 0.573735 0.563056
-1.86716 0.716736 -0 0.562818 0.559069
-1.86716 0.716736 -0 0.562818 0.559069
-1.82709 0.813473 -0 0.573735 0.563056
-2.05388 0.788409 -0 0.564352 0.541342
-1.82709 0.813473 -0 0.573735 0.563056
-2.0098 0.894821 -0 0.575514 0.545133
-2.05388 0.788409 -0 0.564352 0.541342
-2.05388 0.788409 -0 0.564352 0.541342
-2.0098 0.894821 -0 0.575514 0.545133
-2.4312 0.933249 0.04 0.567445 0.508285
-2.0098 0.894821 -0 0.575514 0.545133
-2.37902 1.05921 0.04 0.579115 0.511694
-2.4312 0.933249 0.04 0.567445 0.508285
-2.4312 0.933249 0.04 0.567445 0.508285
-2.37902 1.05921 0.04 0.579115 0.511694
-2.61791 1.00492 0.16 0.570162 0.484499
-2.37902 1.05921 0.04 0.579115 0.511694
-2.56173 1.14056 0.16 0.582301 0.487632
-2.61791 1.00492 0.16 0.570162 0.484499
-2.61791 1.00492 0.16 0.570162 0.484499
-2.56173 1.14056 0.16 0.582301 0.487632
-2.80463 1.0766 0.36 0.57387 0.453994
-2.56173 1.14056 0.16 0.582301 0.487632
-2.74444 1.2219 0.36 0.586662 0.45674
-2.80463 1.0766 0.36 0.57387 0.453994
-2.80463 1.0766 0.36 0.57387 0.453994
-2.74444 1.2219 0.36 0.586662 0.45674
-2.99134 1.14827 0.64 0.578671 0.415829
-2.74444 1.2219 0.36 0.586662 0.45674
-2.92715 1.30325 0.64 0.592325 0.418027
-2.99134 1.14827 0.64 0.578671 0.415829
-2.99134 1.14827 0.64 0.578671 0.415829
-2.92715 1.30325 0.64 0.592325 0.418027
-3.17806 1.21994 1 0.584762 0.368422
-2.92715 1.30325 0.64 0.592325 0.418027
-3.10986 1.3846 1 0.59953 0.369828
-3.17806 1.21994 1 0.584762 0.368422
-3.17806 1.21994 1 0.584762 0.368422
-3.10986 1.3846 1 0.59953 0.369828
-3.36478 1.29162 1.44 0.592461 0.30932
-3.10986 1.3846 1 0.59953 0.369828
-3.29257 1.46595 1.44 0.608668 0.309559
-3.36478 1.29162 1.44 0.592461 0.30932
-3.36478 1.29162 1.44 0.592461 0.30932
-3.29257 1.46595 1.44 0.608668 0.309559
-3.55149 1.36329 1.96 0.602264 0.234765
-3.29257 1.46595 1.44 0.608668 0.309559
-3.47528 1.54729 1.96 0.62035 0.23324
-3.55149 1.36329 1.96 0.602264 0.234765
-3.55149 1.36329 1.96 0.602264 0.234765
-3.47528 1.54729 1.96 0.62035 0.23324
-3.73821 1.43496 2.56 0.614952 0.138874
-3.47528 1.54729 1.96 0.62035 0.23324
-3.65798 1.62864 2.56 0.63555 0.134588
-3.73821 1.43496 2.56 0.614952 0.138874
-3.73821 1.43496 2.56 0.614952 0.138874
-3.65798 1.62864 2.56 0.63555 0.134588
-3.92492 1.50664 3.24 0.631813 0.0120319
-3.65798 1.62864 2.56 0.63555 0.134588
-3.84069 1.70999 3.24 0.655882 0.003232
-3.92492 1.50664 3.24 0.631813 0.0120319
-0.338672 0.0618034 -0 0.505867 0.998353
-0.338672 0.0716736 -0 0.508633 0.998116
-0.380423 0.123607 -0 0.521731 0.965336
-0.338672 0.0716736 -0 0.508633 0.998116
-0.373432 0.143347 -0 0.527249 0.969983
-0.380423 0.123607 -0 0.521731 0.965336
-0.380423 0.123607 -0 0.521731 0.965336
-0.373432 0.143347 -0 0.527249 0.969983
-0.570634 0.18541 -0 0.530206 0.851237
-0.373432 0.143347 -0 0.527249 0.969983
-0.560148 0.215021 -0 0.537114 0.856013
-0.570634 0.18541 -0 0.530206 0.851237
-0.570634 0.18541 -0 0.530206 0.851237
-0.560148 0.215021 -0 0.537114 0.856013
-0.760845 0.247214 -0 0.536151 0.771204
-0.560148 0.215021 -0 0.537114 0.856013
-0.746864 0.286694 -0 0.544053 0.775846
-0.760845 0.247214 -0 0.536151 0.771204
-0.760845 0.247214 -0 0.536151 0.771204
-0.746864 0.286694 -0 0.544053 0.775846
-0.951057 0.309017 -0 0.540551 0.711963
-0.746864 0.286694 -0 0.544053 0.775846
-0.93358 0.358368 -0 0.5492 0.716387
-0.951057 0.309017 -0 0.540551 0.711963
-0.951057 0.309017 -0 0.540551 0.711963
-0.93358 0.358368 -0 0.5492 0.716387
-1.14127 0.37082 -0 0.54394 0.666342
-0.93358 0.358368 -0 0.5492 0.716387
-1.1203 0.430042 -0 0.55317 0.670529
-1.14127 0.37082 -0 0.54394 0.666342
-1.14127 0.37082 -0 0.54394 0.666342
-1.1203 0.430042 -0 0.55317 0.670529
-1.33148 0.432624 -0 0.54663 0.630129
-1.1203 0.430042 -0 0.55317 0.670529
-1.30701 0.501715 -0 0.556324 0.634084
-1.33148 0.432624 -0 0.54663 0.630129
-1.33148 0.432624 -0 0.54663 0.630129
-1.30701 0.501715 -0 0.556324 0.634084
-1.52169 0.494427 -0 0.548817 0.600685
-1.30701 0.501715 -0 0.556324 0.634084
-1.49373 0.573389 -0 0.558892 0.604424
-1.52169 0.494427 -0 0.548817 0.600685
-1.52169 0.494427 -0 0.548817 0.600685
-1.49373 0.573389 -0 0.558892 0.604424
-1.7119 0.556231 -0 0.55063 0.576275
-1.49373 0.573389 -0 0.558892 0.604424
-1.68044 0.645062 -0 0.561022 0.579816
-1.7119 0.556231 -0 0.55063 0.576275
-1.7119 0.556231 -0 0.55063 0.576275
-1.68044 0.645062 -0 0.561022 0.579816
-1.90211 0.618034 -0 0.552157 0.55571
-1.68044 0.645062 -0 0.561022 0.579816
-1.86716 0.716736 -0 0.562818 0.559069
-1.90211 0.618034 -0 0.552157 0.55571
-1.90211 0.618034 -0 0.552157 0.55571
-1.86716 0.716736 -0 0.562818 0.559069
-2.09232 0.679837 -0 0.553462 0.538147
-1.86716 0.716736 -0 0.562818 0.559069
-2.05388 0.788409 -0 0.564352 0.541342
-2.09232 0.679837 -0 0.553462 0.538147
-2.09232 0.679837 -0 0.553462 0.538147
-2.05388 0.788409 -0 0.564352 0.541342
-2.47671 0.804731 0.04 0.55608 0.505409
-2.05388 0.788409 -0 0.564352 0.541342
-2.4312 0.933249 0.04 0.567445 0.508285
-2.47671 0.804731 0.04 0.55608 0.505409
-2.47671 0.804731 0.04 0.55608 0.505409
-2.4312 0.933249 0.04 0.567445 0.508285
-2.66692 0.866534 0.16 0.558359 0.481855
-2.4312 0.933249 0.04 0.567445 0.508285
-2.61791 1.00492 0.16 0.570162 0.484499
-2.66692 0.866534 0.16 0.558359 0.481855
-2.66692 0.866534 0.16 0.558359 0.481855
-2.61791 1.00492 0.16 0.570162 0.484499
-2.85713 0.928337 0.36 0.561459 0.451672
-2.61791 1.00492 0.16 0.570162 0.484499
-2.80463 1.0766 0.36 0.57387 0.453994
-2.85713 0.928337 0.36 0.561459 0.451672
-2.85713 0.928337 0.36 0.561459 0.451672
-2.80463 1.0766 0.36 0.57387 0.453994
-3.04734 0.990141 0.64 0.565462 0.413963
-2.80463 1.0766 0.36 0.57387 0.453994
-2.99134 1.14827 0.64 0.578671 0.415829
-3.04734 0.990141 0.64 0.565462 0.413963
-3.04734 0.990141 0.64 0.565462 0.413963
-2.99134 1.14827 0.64 0.578671 0.415829
-3.23755 1.05194 1 0.570527 0.367212
-2.99134 1.14827 0.64 0.578671 0.415829
-3.17806 1.21994 1 0.584762 0.368422
-3.23755 1.05194 1 0.570527 0.367212
-3.23755 1.05194 1 0.570527 0.367212
-3.17806 1.21994 1 0.584762 0.368422
-3.42776 1.11375 1.44 0.57691 0.309071
-3.17806 1.21994 1 0.584762 0.368422
-3.36478 1.29162 1.44 0.592461 0.30932
-3.42776 1.11375 1.44 0.57691 0.309071
-3.42776 1.11375 1.44 0.57691 0.309071
-3.36478 1.29162 1.44 0.592461 0.30932
-3.61797 1.17555 1.96 0.585009 0.235961
-3.36478 1.29162 1.44 0.592461 0.30932
-3.55149 1.36329 1.96 0.602264 0.234765
-3.61797 1.17555 1.96 0.585009 0.235961
-3.61797 1.17555 1.96 0.585009 0.235961
-3.55149 1.36329 1.96 0.602264 0.234765
-3.80819 1.23735 2.56 0.595448 0.142311
-3.55149 1.36329 1.96 0.602264 0.234765
-3.73821 1.43496 2.56 0.614952 0.138874
-3.80819 1.23735 2.56 0.595448 0.142311
-3.80819 1.23735 2.56 0.595448 0.142311
-3.73821 1.43496 2.56 0.614952 0.138874
-3.9984 1.29916 3.24 0.609243 0.0190965
-3.73821 1.43496 2.56 0.614952 0.138874
-3.92492 1.50664 3.24 0.631813 0.0120319
-3.9984 1.29916 3.24 0.609243 0.0190965
-0.338672 0.0517638 -0 0.50305 0.998594
-0.338672 0.0618034 -0 0.505867 0.998353
-0.38637 0.103528 -0 0.516227 0.961502
-0.338672 0.0618034 -0 0.505867 0.998353
-0.380423 0.123607 -0 0.521731 0.965336
-0.38637 0.103528 -0 0.516227 0.961502
-0.38637 0.103528 -0 0.516227 0.961502
-0.380423 0.123607 -0 0.521731 0.965336
-0.579556 0.155291 -0 0.523349 0.847304
-0.380423 0.123607 -0 0.521731 0.965336
-0.570634 0.18541 -0 0.530206 0.851237
-0.579556 0.155291 -0 0.523349 0.847304
-0.579556 0.155291 -0 0.523349 0.847304
-0.570634 0.18541 -0 0.530206 0.851237
-0.772741 0.207055 -0 0.528333 0.767384
-0.570634 0.18541 -0 0.530206 0.851237
-0.760845 0.247214 -0 0.536151 0.771204
-0.772741 0.207055 -0 0.528333 0.767384
-0.772741 0.207055 -0 0.528333 0.767384
-0.760845 0.247214 -0 0.536151 0.771204
-0.965926 0.258819 -0 0.532016 0.708323
-0.760845 0.247214 -0 0.536151 0.771204
-0.951057 0.309017 -0 0.540551 0.711963
-0.965926 0.258819 -0 0.532016 0.708323
-0.965926 0.258819 -0 0.532016 0.708323
-0.951057 0.309017 -0 0.540551 0.711963
-1.15911 0.310583 -0 0.534848 0.662898
-0.951057 0.309017 -0 0.540551 0.711963
-1.14127 0.37082 -0 0.54394 0.666342
-1.15911 0.310583 -0 0.534848 0.662898
-1.15911 0.310583 -0 0.534848 0.662898
-1.14127 0.37082 -0 0.54394 0.666342
-1.3523 0.362347 -0 0.537095 0.626874
-1.14127 0.37082 -0 0.54394 0.666342
-1.33148 0.432624 -0 0.54663 0.630129
-1.3523 0.362347 -0 0.537095 0.626874
-1.3523 0.362347 -0 0.537095 0.626874
-1.33148 0.432624 -0 0.54663 0.630129
-1.54548 0.41411 -0 0.53892 0.597608
-1.33148 0.432624 -0 0.54663 0.630129
-1.52169 0.494427 -0 0.548817 0.600685
-1.54548 0.41411 -0 0.53892 0.597608
-1.54548 0.41411 -0 0.53892 0.597608
-1.52169 0.494427 -0 0.548817 0.600685
-1.73867 0.465874 -0 0.540432 0.57336
-1.52169 0.494427 -0 0.548817 0.600685
-1.7119 0.556231 -0 0.55063 0.576275
-1.73867 0.465874 -0 0.540432 0.57336
-1.73867 0.465874 -0 0.540432 0.57336
-1.7119 0.556231 -0 0.55063 0.576275
-1.93185 0.517638 -0 0.541705 0.552942
-1.7119 0.556231 -0 0.55063 0.576275
-1.90211 0.618034 -0 0.552157 0.55571
-1.93185 0.517638 -0 0.541705 0.552942
-1.93185 0.517638 -0 0.541705 0.552942
-1.90211 0.618034 -0 0.552157 0.55571
-2.12504 0.569402 -0 0.542792 0.535513
-1.90211 0.618034 -0 0.552157 0.55571
-2.09232 0.679837 -0 0.553462 0.538147
-2.12504 0.569402 -0 0.542792 0.535513
-2.12504 0.569402 -0 0.542792 0.535513
-2.09232 0.679837 -0 0.553462 0.538147
-2.51543 0.674007 0.04 0.544961 0.503034
-2.09232 0.679837 -0 0.553462 0.538147
-2.47671 0.804731 0.04 0.55608 0.505409
-2.51543 0.674007 0.04 0.544961 0.503034
-2.51543 0.674007 0.04 0.544961 0.503034
-2.47671 0.804731 0.04 0.55608 0.505409
-2.70861 0.725771 0.16 0.546827 0.479668
-2.47671 0.804731 0.04 0.55608 0.505409
-2.66692 0.866534 0.16 0.558359 0.481855
-2.70861 0.725771 0.16 0.546827 0.479668
-2.70861 0.725771 0.16 0.546827 0.479668
-2.66692 0.866534 0.16 0.558359 0.481855
-2.9018 0.777535 0.36 0.549356 0.449747
-2.66692 0.866534 0.16 0.558359 0.481855
-2.85713 0.928337 0.36 0.561459 0.451672
-2.9018 0.777535 0.36 0.549356 0.449747
-2.9018 0.777535 0.36 0.549356 0.449747
-2.85713 0.928337 0.36 0.561459 0.451672
-3.09498 0.829298 0.64 0.552611 0.412406
-2.85713 0.928337 0.36 0.561459 0.451672
-3.04734 0.990141 0.64 0.565462 0.413963
-3.09498 0.829298 0.64 0.552611 0.412406
-3.09498 0.829298 0.64 0.552611 0.412406
-3.04734 0.990141 0.64 0.565462 0.413963
-3.28817 0.881062 1 0.55672 0.366182
-3.04734 0.990141 0.64 0.565462 0.413963
-3.23755 1.05194 1 0.570527 0.367212
-3.28817 0.881062 1 0.55672 0.366182
-3.28817 0.881062 1 0.55672 0.366182
-3.23755 1.05194 1 0.570527 0.367212
-3.48135 0.932826 1.44 0.561884 0.308812
-3.23755 1.05194 1 0.570527 0.367212
-3.42776 1.11375 1.44 0.57691 0.309071
-3.48135 0.932826 1.44 0.561884 0.308812
-3.48135 0.932826 1.44 0.561884 0.308812
-3.42776 1.11375 1.44 0.57691 0.309071
-3.67454 0.98459 1.96 0.568416 0.236854
-3.42776 1.11375 1.44 0.57691 0.309071
-3.61797 1.17555 1.96 0.585009 0.235961
-3.67454 0.98459 1.96 0.568416 0.236854
-3.67454 0.98459 1.96 0.568416 0.236854
-3.61797 1.17555 1.96 0.585009 0.235961
-3.86772 1.03635 2.56 0.576806 0.144981
-3.61797 1.17555 1.96 0.585009 0.235961
-3.80819 1.23735 2.56 0.595448 0.142311
-3.86772 1.03635 2.56 0.576806 0.144981
-3.86772 1.03635 2.56 0.576806 0.144981
-3.80819 1.23735 2.56 0.595448 0.142311
-4.06091 1.08812 3.24 0.587844 0.0246208
-3.80819 1.23735 2.56 0.595448 0.142311
-3.9984 1.29916 3.24 0.609243 0.0190965
-4.06091 1.08812 3.24 0.587844 0.0246208
-0.338672 0.0415823 -0 0.500191 0.998838
-0.338672 0.0517638 -0 0.50305 0.998594
-0.391259 0.0831647 -0 0.510732 0.958464
-0.338672 0.0517638 -0 0.50305 0.998594
-0.38637 0.103528 -0 0.516227 0.961502
-0.391259 0.0831647 -0 0.510732 0.958464
-0.391259 0.0831647 -0 0.510732 0.958464
-0.38637 0.103528 -0 0.516227 0.961502
-0.586889 0.124747 -0 0.516529 0.844188
-0.38637 0.103528 -0 0.516227 0.961502
-0.579556 0.155291 -0 0.523349 0.847304
-0.586889 0.124747 -0 0.516529 0.844188
-0.586889 0.124747 -0 0.516529 0.844188
-0.579556 0.155291 -0 0.523349 0.847304
-0.782518 0.166329 -0 0.520579 0.764358
-0.579556 0.155291 -0 0.523349 0.847304
-0.772741 0.207055 -0 0.528333 0.767384
-0.782518 0.166329 -0 0.520579 0.764358
-0.782518 0.166329 -0 0.520579 0.764358
-0.772741 0.207055 -0 0.528333 0.767384
-0.978148 0.207912 -0 0.523568 0.705439
-0.772741 0.207055 -0 0.528333 0.767384
-0.965926 0.258819 -0 0.532016 0.708323
-0.978148 0.207912 -0 0.523568 0.705439
-0.978148 0.207912 -0 0.523568 0.705439
-0.965926 0.258819 -0 0.532016 0.708323
-1.17378 0.249494 -0 0.525864 0.660166
-0.965926 0.258819 -0 0.532016 0.708323
-1.15911 0.310583 -0 0.534848 0.662898
-1.17378 0.249494 -0 0.525864 0.660166
-1.17378 0.249494 -0 0.525864 0.660166
-1.15911 0.310583 -0 0.534848 0.662898
-1.36941 0.291076 -0 0.527684 0.624291
-1.15911 0.310583 -0 0.534848 0.662898
-1.3523 0.362347 -0 0.537095 0.626874
-1.36941 0.291076 -0 0.527684 0.624291
-1.36941 0.291076 -0 0.527684 0.624291
-1.3523 0.362347 -0 0.537095 0.626874
-1.56504 0.332659 -0 0.529162 0.595162
-1.3523 0.362347 -0 0.537095 0.626874
-1.54548 0.41411 -0 0.53892 0.597608
-1.56504 0.332659 -0 0.529162 0.595162
-1.56504 0.332659 -0 0.529162 0.595162
-1.54548 0.41411 -0 0.53892 0.597608
-1.76067 0.374241 -0 0.530386 0.57104
-1.54548 0.41411 -0 0.53892 0.597608
-1.73867 0.465874 -0 0.540432 0.57336
-1.76067 0.374241 -0 0.530386 0.57104
-1.76067 0.374241 -0 0.530386 0.57104
-1.73867 0.465874 -0 0.540432 0.57336
-1.9563 0.415823 -0 0.531416 0.550737
-1.73867 0.465874 -0 0.540432 0.57336
-1.93185 0.517638 -0 0.541705 0.552942
-1.9563 0.415823 -0 0.531416 0.550737
-1.9563 0.415823 -0 0.531416 0.550737
-1.93185 0.517638 -0 0.541705 0.552942
-2.15192 0.457406 -0 0.532295 0.533411
-1.93185 0.517638 -0 0.541705 0.552942
-2.12504 0.569402 -0 0.542792 0.535513
-2.15192 0.457406 -0 0.532295 0.533411
-2.15192 0.457406 -0 0.532295 0.533411
-2.12504 0.569402 -0 0.542792 0.535513
-2.54726 0.541436 0.04 0.534036 0.501134
-2.12504 0.569402 -0 0.542792 0.535513
-2.51543 0.674007 0.04 0.544961 0.503034
-2.54726 0.541436 0.04 0.534036 0.501134
-2.54726 0.541436 0.04 0.534036 0.501134
-2.51543 0.674007 0.04 0.544961 0.503034
-2.74289 0.583018 0.16 0.535508 0.477914
-2.51543 0.674007 0.04 0.544961 0.503034
-2.70861 0.725771 0.16 0.546827 0.479668
-2.74289 0.583018 0.16 0.535508 0.477914
-2.74289 0.583018 0.16 0.535508 0.477914
-2.70861 0.725771 0.16 0.546827 0.479668
-2.93851 0.624601 0.36 0.537493 0.448194
-2.70861 0.725771 0.16 0.546827 0.479668
-2.9018 0.777535 0.36 0.549356 0.449747
-2.93851 0.624601 0.36 0.537493 0.448194
-2.93851 0.624601 0.36 0.537493 0.448194
-2.9018 0.777535 0.36 0.549356 0.449747
-3.13414 0.666183 0.64 0.54004 0.411138
-2.9018 0.777535 0.36 0.549356 0.449747
-3.09498 0.829298 0.64 0.552611 0.412406
-3.13414 0.666183 0.64 0.54004 0.411138
-3.13414 0.666183 0.64 0.54004 0.411138
-3.09498 0.829298 0.64 0.552611 0.412406
-3.32977 0.707765 1 0.543246 0.36532
-3.09498 0.829298 0.64 0.552611 0.412406
-3.28817 0.881062 1 0.55672 0.366182
-3.32977 0.707765 1 0.543246 0.36532
-3.32977 0.707765 1 0.543246 0.36532
-3.28817 0.881062 1 0.55672 0.366182
-3.5254 0.749348 1.44 0.547264 0.308541
-3.28817 0.881062 1 0.55672 0.366182
-3.48135 0.932826 1.44 0.561884 0.308812
-3.5254 0.749348 1.44 0.547264 0.308541
-3.5254 0.749348 1.44 0.547264 0.308541
-3.48135 0.932826 1.44 0.561884 0.308812
-3.72103 0.79093 1.96 0.552335 0.237465
-3.48135 0.932826 1.44 0.561884 0.308812
-3.67454 0.98459 1.96 0.568416 0.236854
-3.72103 0.79093 1.96 0.552335 0.237465
-3.72103 0.79093 1.96 0.552335 0.237465
-3.67454 0.98459 1.96 0.568416 0.236854
-3.91666 0.832512 2.56 0.558828 0.146947
-3.67454 0.98459 1.96 0.568416 0.236854
-3.86772 1.03635 2.56 0.576806 0.144981
-3.91666 0.832512 2.56 0.558828 0.146947
-3.91666 0.832512 2.56 0.558828 0.146947
-3.86772 1.03635 2.56 0.576806 0.144981
-4.11229 0.874095 3.24 0.56734 0.0287503
-3.86772 1.03635 2.56 0.576806 0.144981
-4.06091 1.08812 3.24 0.587844 0.0246208
-4.11229 0.874095 3.24 0.56734 0.0287503
-0.338672 0.0312869 -0 0.497297 0.999086
-0.338672 0.0415823 -0 0.500191 0.998838
-0.395075 0.0625738 -0 0.505241 0.956209
-0.338672 0.0415823 -0 0.500191 0.998838
-0.391259 0.0831647 -0 0.510732 0.958464
-0.395075 0.0625738 -0 0.505241 0.956209
-0.395075 0.0625738 -0 0.505241 0.956209
-0.391259 0.0831647 -0 0.510732 0.958464
-0.592613 0.0938607 -0 0.509736 0.841873
-0.391259 0.0831647 -0 0.510732 0.958464
-0.586889 0.124747 -0 0.516529 0.844188
-0.592613 0.0938607 -0 0.509736 0.841873
-0.592613 0.0938607 -0 0.509736 0.841873
-0.586889 0.124747 -0 0.516529 0.844188
-0.790151 0.125148 -0 0.512872 0.762105
-0.586889 0.124747 -0 0.516529 0.844188
-0.782518 0.166329 -0 0.520579 0.764358
-0.790151 0.125148 -0 0.512872 0.762105
-0.790151 0.125148 -0 0.512872 0.762105
-0.782518 0.166329 -0 0.520579 0.764358
-0.987688 0.156434 -0 0.515184 0.703287
-0.782518 0.166329 -0 0.520579 0.764358
-0.978148 0.207912 -0 0.523568 0.705439
-0.987688 0.156434 -0 0.515184 0.703287
-0.987688 0.156434 -0 0.515184 0.703287
-0.978148 0.207912 -0 0.523568 0.705439
-1.18523 0.187721 -0 0.51696 0.658123
-0.978148 0.207912 -0 0.523568 0.705439
-1.17378 0.249494 -0 0.525864 0.660166
-1.18523 0.187721 -0 0.51696 0.658123
-1.18523 0.187721 -0 0.51696 0.658123
-1.17378 0.249494 -0 0.525864 0.660166
-1.38276 0.219008 -0 0.518366 0.622354
-1.17378 0.249494 -0 0.525864 0.660166
-1.36941 0.291076 -0 0.527684 0.624291
-1.38276 0.219008 -0 0.518366 0.622354
-1.38276 0.219008 -0 0.518366 0.622354
-1.36941 0.291076 -0 0.527684 0.624291
-1.5803 0.250295 -0 0.519507 0.593325
-1.36941 0.291076 -0 0.527684 0.624291
-1.56504 0.332659 -0 0.529162 0.595162
-1.5803 0.250295 -0 0.519507 0.593325
-1.5803 0.250295 -0 0.519507 0.593325
-1.56504 0.332659 -0 0.529162 0.595162
-1.77784 0.281582 -0 0.520452 0.569293
-1.56504 0.332659 -0 0.529162 0.595162
-1.76067 0.374241 -0 0.530386 0.57104
-1.77784 0.281582 -0 0.520452 0.569293
-1.77784 0.281582 -0 0.520452 0.569293
-1.76067 0.374241 -0 0.530386 0.57104
-1.97538 0.312869 -0 0.521247 0.549072
-1.76067 0.374241 -0 0.530386 0.57104
-1.9563 0.415823 -0 0.531416 0.550737
-1.97538 0.312869 -0 0.521247 0.549072
-1.97538 0.312869 -0 0.521247 0.549072
-1.9563 0.415823 -0 0.531416 0.550737
-2.17291 0.344156 -0 0.521925 0.531821
-1.9563 0.415823 -0 0.531416 0.550737
-2.15192 0.457406 -0 0.532295 0.533411
-2.17291 0.344156 -0 0.521925 0.531821
-2.17291 0.344156 -0 0.521925 0.531821
-2.15192 0.457406 -0 0.532295 0.533411
-2.5721 0.407381 0.04 0.523253 0.499689
-2.15192 0.457406 -0 0.532295 0.533411
-2.54726 0.541436 0.04 0.534036 0.501134
-2.5721 0.407381 0.04 0.523253 0.499689
-2.5721 0.407381 0.04 0.523253 0.499689
-2.54726 0.541436 0.04 0.534036 0.501134
-2.76964 0.438668 0.16 0.524347 0.476573
-2.54726 0.541436 0.04 0.534036 0.501134
-2.74289 0.583018 0.16 0.535508 0.477914
-2.76964 0.438668 0.16 0.524347 0.476573
-2.76964 0.438668 0.16 0.524347 0.476573
-2.74289 0.583018 0.16 0.535508 0.477914
-2.96718 0.469955 0.36 0.525809 0.446997
-2.74289 0.583018 0.16 0.535508 0.477914
-2.93851 0.624601 0.36 0.537493 0.448194
-2.96718 0.469955 0.36 0.525809 0.446997
-2.96718 0.469955 0.36 0.525809 0.446997
-2.93851 0.624601 0.36 0.537493 0.448194
-3.16471 0.501242 0.64 0.527676 0.410144
-2.93851 0.624601 0.36 0.537493 0.448194
-3.13414 0.666183 0.64 0.54004 0.411138
-3.16471 0.501242 0.64 0.527676 0.410144
-3.16471 0.501242 0.64 0.527676 0.410144
-3.13414 0.666183 0.64 0.54004 0.411138
-3.36225 0.532528 1 0.530019 0.364616
-3.13414 0.666183 0.64 0.54004 0.411138
-3.32977 0.707765 1 0.543246 0.36532
-3.36225 0.532528 1 0.530019 0.364616
-3.36225 0.532528 1 0.530019 0.364616
-3.32977 0.707765 1 0.543246 0.36532
-3.55979 0.563815 1.44 0.532947 0.308259
-3.32977 0.707765 1 0.543246 0.36532
-3.5254 0.749348 1.44 0.547264 0.308541
-3.55979 0.563815 1.44 0.532947 0.308259
-3.55979 0.563815 1.44 0.532947 0.308259
-3.5254 0.749348 1.44 0.547264 0.308541
-3.75733 0.595102 1.96 0.536632 0.237811
-3.5254 0.749348 1.44 0.547264 0.308541
-3.72103 0.79093 1.96 0.552335 0.237465
-3.75733 0.595102 1.96 0.536632 0.237811
-3.75733 0.595102 1.96 0.536632 0.237811
-3.72103 0.79093 1.96 0.552335 0.237465
-3.95487 0.626389 2.56 0.54134 0.148255
-3.72103 0.79093 1.96 0.552335 0.237465
-3.91666 0.832512 2.56 0.558828 0.146947
-3.95487 0.626389 2.56 0.54134 0.148255
-3.95487 0.626389 2.56 0.54134 0.148255
-3.91666 0.832512 2.56 0.558828 0.146947
-4.1524 0.657676 3.24 0.547492 0.03159
-3.91666 0.832512 2.56 0.558828 0.146947
-4.11229 0.874095 3.24 0.56734 0.0287503
-4.1524 0.657676 3.24 0.547492 0.03159
-0.338672 0.0209057 -0 0.494377 0.999219
-0.338672 0.0312869 -0 0.497297 0.999086
-0.397809 0.0418114 -0 0.49975 0.954727
-0.338672 0.0312869 -0 0.497297 0.999086
-0.395075 0.0625738 -0 0.505241 0.956209
-0.397809 0.0418114 -0 0.49975 0.954727
-0.397809 0.0418114 -0 0.49975 0.954727
-0.395075 0.0625738 -0 0.505241 0.956209
-0.596713 0.0627171 -0 0.502958 0.840343
-0.395075 0.0625738 -0 0.505241 0.956209
-0.592613 0.0938607 -0 0.509736 0.841873
-0.596713 0.0627171 -0 0.502958 0.840343
-0.596713 0.0627171 -0 0.502958 0.840343
-0.592613 0.0938607 -0 0.509736 0.841873
-0.795618 0.0836228 -0 0.505194 0.760609
-0.592613 0.0938607 -0 0.509736 0.841873
-0.790151 0.125148 -0 0.512872 0.762105
-0.795618 0.0836228 -0 0.505194 0.760609
-0.795618 0.0836228 -0 0.505194 0.760609
-0.790151 0.125148 -0 0.512872 0.762105
-0.994522 0.104528 -0 0.506842 0.70185
-0.790151 0.125148 -0 0.512872 0.762105
-0.987688 0.156434 -0 0.515184 0.703287
-0.994522 0.104528 -0 0.506842 0.70185
-0.994522 0.104528 -0 0.506842 0.70185
-0.987688 0.156434 -0 0.515184 0.703287
-1.19343 0.125434 -0 0.508106 0.656753
-0.987688 0.156434 -0 0.515184 0.703287
-1.18523 0.187721 -0 0.51696 0.658123
-1.19343 0.125434 -0 0.508106 0.656753
-1.19343 0.125434 -0 0.508106 0.656753
-1.18523 0.187721 -0 0.51696 0.658123
-1.39233 0.14634 -0 0.509108 0.621048
-1.18523 0.187721 -0 0.51696 0.658123
-1.38276 0.219008 -0 0.518366 0.622354
-1.39233 0.14634 -0 0.509108 0.621048
-1.39233 0.14634 -0 0.509108 0.621048
-1.38276 0.219008 -0 0.518366 0.622354
-1.59124 0.167246 -0 0.50992 0.592079
-1.38276 0.219008 -0 0.518366 0.622354
-1.5803 0.250295 -0 0.519507 0.593325
-1.59124 0.167246 -0 0.50992 0.592079
-1.59124 0.167246 -0 0.50992 0.592079
-1.5803 0.250295 -0 0.519507 0.593325
-1.79014 0.188151 -0 0.510592 0.568103
-1.5803 0.250295 -0 0.519507 0.593325
-1.77784 0.281582 -0 0.520452 0.569293
-1.79014 0.188151 -0 0.510592 0.568103
-1.79014 0.188151 -0 0.510592 0.568103
-1.77784 0.281582 -0 0.520452 0.569293
-1.98904 0.209057 -0 0.511158 0.547932
-1.77784 0.281582 -0 0.520452 0.569293
-1.97538 0.312869 -0 0.521247 0.549072
-1.98904 0.209057 -0 0.511158 0.547932
-1.98904 0.209057 -0 0.511158 0.547932
-1.97538 0.312869 -0 0.521247 0.549072
-2.18795 0.229963 -0 0.51164 0.530727
-1.97538 0.312869 -0 0.521247 0.549072
-2.17291 0.344156 -0 0.521925 0.531821
-2.18795 0.229963 -0 0.51164 0.530727
-2.18795 0.229963 -0 0.51164 0.530727
-2.17291 0.344156 -0 0.521925 0.531821
-2.5899 0.272209 0.04 0.512567 0.498684
-2.17291 0.344156 -0 0.521925 0.531821
-2.5721 0.407381 0.04 0.523253 0.499689
-2.5899 0.272209 0.04 0.512567 0.498684
-2.5899 0.272209 0.04 0.512567 0.498684
-2.5721 0.407381 0.04 0.523253 0.499689
-2.7888 0.293115 0.16 0.513292 0.475631
-2.5721 0.407381 0.04 0.523253 0.499689
-2.76964 0.438668 0.16 0.524347 0.476573
-2.7888 0.293115 0.16 0.513292 0.475631
-2.7888 0.293115 0.16 0.513292 0.475631
-2.76964 0.438668 0.16 0.524347 0.476573
-2.98771 0.314021 0.36 0.514246 0.446143
-2.76964 0.438668 0.16 0.524347 0.476573
-2.96718 0.469955 0.36 0.525809 0.446997
-2.98771 0.314021 0.36 0.514246 0.446143
-2.98771 0.314021 0.36 0.514246 0.446143
-2.96718 0.469955 0.36 0.525809 0.446997
-3.18661 0.334926 0.64 0.515453 0.409413
-2.96718 0.469955 0.36 0.525809 0.446997
-3.16471 0.501242 0.64 0.527676 0.410144
-3.18661 0.334926 0.64 0.515453 0.409413
-3.18661 0.334926 0.64 0.515453 0.409413
-3.16471 0.501242 0.64 0.527676 0.410144
-3.38551 0.355832 1 0.516959 0.364061
-3.16471 0.501242 0.64 0.527676 0.410144
-3.36225 0.532528 1 0.530019 0.364616
-3.38551 0.355832 1 0.516959 0.364061
-3.38551 0.355832 1 0.516959 0.364061
-3.36225 0.532528 1 0.530019 0.364616
-3.58442 0.376738 1.44 0.518833 0.307962
-3.36225 0.532528 1 0.530019 0.364616
-3.55979 0.563815 1.44 0.532947 0.308259
-3.58442 0.376738 1.44 0.518833 0.307962
-3.58442 0.376738 1.44 0.518833 0.307962
-3.55979 0.563815 1.44 0.532947 0.308259
-3.78332 0.397643 1.96 0.521186 0.237899
-3.55979 0.563815 1.44 0.532947 0.308259
-3.75733 0.595102 1.96 0.536632 0.237811
-3.78332 0.397643 1.96 0.521186 0.237899
-3.78332 0.397643 1.96 0.521186 0.237899
-3.75733 0.595102 1.96 0.536632 0.237811
-3.98223 0.418549 2.56 0.524182 0.148934
-3.75733 0.595102 1.96 0.536632 0.237811
-3.95487 0.626389 2.56 0.54134 0.148255
-3.98223 0.418549 2.56 0.524182 0.148934
-3.98223 0.418549 2.56 0.524182 0.148934
-3.95487 0.626389 2.56 0.54134 0.148255
-4.18113 0.439455 3.24 0.528087 0.0332116
-3.95487 0.626389 2.56 0.54134 0.148255
-4.1524 0.657676 3.24 0.547492 0.03159
-4.18113 0.439455 3.24 0.528087 0.0332116
-0.338672 0.0104672 -0 0.491438 0.999219
-0.338672 0.0209057 -0 0.494377 0.999219
-0.399452 0.0209344 -0 0.494254 0.954012
-0.338672 0.0209057 -0 0.494377 0.999219
-0.397809 0.0418114 -0 0.49975 0.954727
-0.399452 0.0209344 -0 0.494254 0.954012
-0.399452 0.0209344 -0 0.494254 0.954012
-0.397809 0.0418114 -0 0.49975 0.954727
-0.599178 0.0314016 -0 0.496183 0.839591
-0.397809 0.0418114 -0 0.49975 0.954727
-0.596713 0.0627171 -0 0.502958 0.840343
-0.599178 0.0314016 -0 0.496183 0.839591
-0.599178 0.0314016 -0 0.496183 0.839591
-0.596713 0.0627171 -0 0.502958 0.840343
-0.798904 0.0418688 -0 0.497527 0.75986
-0.596713 0.0627171 -0 0.502958 0.840343
-0.795618 0.0836228 -0 0.505194 0.760609
-0.798904 0.0418688 -0 0.497527 0.75986
-0.798904 0.0418688 -0 0.497527 0.75986
-0.795618 0.0836228 -0 0.505194 0.760609
-0.99863 0.052336 -0 0.498517 0.701119
-0.795618 0.0836228 -0 0.505194 0.760609
-0.994522 0.104528 -0 0.506842 0.70185
-0.99863 0.052336 -0 0.498517 0.701119
-0.99863 0.052336 -0 0.498517 0.701119
-0.994522 0.104528 -0 0.506842 0.70185
-1.19836 0.0628031 -0 0.499277 0.656043
-0.994522 0.104528 -0 0.506842 0.70185
-1.19343 0.125434 -0 0.508106 0.656753
-1.19836 0.0628031 -0 0.499277 0.656043
-1.19836 0.0628031 -0 0.499277 0.656043
-1.19343 0.125434 -0 0.508106 0.656753
-1.39808 0.0732703 -0 0.499879 0.620361
-1.19343 0.125434 -0 0.508106 0.656753
-1.39233 0.14634 -0 0.509108 0.621048
-1.39808 0.0732703 -0 0.499879 0.620361
-1.39808 0.0732703 -0 0.499879 0.620361
-1.39233 0.14634 -0 0.509108 0.621048
-1.59781 0.0837375 -0 0.500367 0.591414
-1.39233 0.14634 -0 0.509108 0.621048
-1.59124 0.167246 -0 0.50992 0.592079
-1.59781 0.0837375 -0 0.500367 0.591414
-1.59781 0.0837375 -0 0.500367 0.591414
-1.59124 0.167246 -0 0.50992 0.592079
-1.79753 0.0942047 -0 0.500771 0.567459
-1.59124 0.167246 -0 0.50992 0.592079
-1.79014 0.188151 -0 0.510592 0.568103
-1.79753 0.0942047 -0 0.500771 0.567459
-1.79753 0.0942047 -0 0.500771 0.567459
-1.79014 0.188151 -0 0.510592 0.568103
-1.99726 0.104672 -0 0.501111 0.547307
-1.79014 0.188151 -0 0.510592 0.568103
-1.98904 0.209057 -0 0.511158 0.547932
-1.99726 0.104672 -0 0.501111 0.547307
-1.99726 0.104672 -0 0.501111 0.547307
-1.98904 0.209057 -0 0.511158 0.547932
-2.19699 0.115139 -0 0.5014 0.530119
-1.98904 0.209057 -0 0.511158 0.547932
-2.18795 0.229963 -0 0.51164 0.530727
-2.19699 0.115139 -0 0.5014 0.530119
-2.19699 0.115139 -0 0.5014 0.530119
-2.18795 0.229963 -0 0.51164 0.530727
-2.60059 0.136291 0.04 0.501931 0.498109
-2.18795 0.229963 -0 0.51164 0.530727
-2.5899 0.272209 0.04 0.512567 0.498684
-2.60059 0.136291 0.04 0.501931 0.498109
-2.60059 0.136291 0.04 0.501931 0.498109
-2.5899 0.272209 0.04 0.512567 0.498684
-2.80032 0.146759 0.16 0.502293 0.475078
-2.5899 0.272209 0.04 0.512567 0.498684
-2.7888 0.293115 0.16 0.513292 0.475631
-2.80032 0.146759 0.16 0.502293 0.475078
-2.80032 0.146759 0.16 0.502293 0.475078
-2.7888 0.293115 0.16 0.513292 0.475631
-3.00005 0.157226 0.36 0.502746 0.445622
-2.7888 0.293115 0.16 0.513292 0.475631
-2.98771 0.314021 0.36 0.514246 0.446143
-3.00005 0.157226 0.36 0.502746 0.445622
-3.00005 0.157226 0.36 0.502746 0.445622
-2.98771 0.314021 0.36 0.514246 0.446143
-3.19977 0.167693 0.64 0.503305 0.408937
-2.98771 0.314021 0.36 0.514246 0.446143
-3.18661 0.334926 0.64 0.515453 0.409413
-3.19977 0.167693 0.64 0.503305 0.408937
-3.19977 0.167693 0.64 0.503305 0.408937
-3.18661 0.334926 0.64 0.515453 0.409413
-3.3995 0.17816 1 0.503989 0.363651
-3.18661 0.334926 0.64 0.515453 0.409413
-3.38551 0.355832 1 0.516959 0.364061
-3.3995 0.17816 1 0.503989 0.363651
-3.3995 0.17816 1 0.503989 0.363651
-3.38551 0.355832 1 0.516959 0.364061
-3.59922 0.188627 1.44 0.504832 0.307649
-3.38551 0.355832 1 0.516959 0.364061
-3.58442 0.376738 1.44 0.518833 0.307962
-3.59922 0.188627 1.44 0.504832 0.307649
-3.59922 0.188627 1.44 0.504832 0.307649
-3.58442 0.376738 1.44 0.518833 0.307962
-3.79895 0.199095 1.96 0.50588 0.237735
-3.58442 0.376738 1.44 0.518833 0.307962
-3.78332 0.397643 1.96 0.521186 0.237899
-3.79895 0.199095 1.96 0.50588 0.237735
-3.79895 0.199095 1.96 0.50588 0.237735
-3.78332 0.397643 1.96 0.521186 0.237899
-3.99868 0.209562 2.56 0.507207 0.149003
-3.78332 0.397643 1.96 0.521186 0.237899
-3.98223 0.418549 2.56 0.524182 0.148934
-3.99868 0.209562 2.56 0.507207 0.149003
-3.99868 0.209562 2.56 0.507207 0.149003
-3.98223 0.418549 2.56 0.524182 0.148934
-4.1984 0.220029 3.24 0.508929 0.0336572
-3.98223 0.418549 2.56 0.524182 0.148934
-4.18113 0.439455 3.24 0.528087 0.0332116
-4.1984 0.220029 3.24 0.508929 0.0336572
-0.338672 0.0104672 -0 0.491438 0.999219
-0.399452 0.0209344 -0 0.494254 0.954012
-0.4 2.44929e-17 -0 0.488748 0.954061
-0.4 2.44929e-17 -0 0.488748 0.954061
-0.399452 0.0209344 -0 0.494254 0.954012
-0.6 3.67394e-17 -0 0.4894 0.839613
-0.399452 0.0209344 -0 0.494254 0.954012
-0.599178 0.0314016 -0 0.496183 0.839591
-0.6 3.67394e-17 -0 0.4894 0.839613
-0.6 3.67394e-17 -0 0.4894 0.839613
-0.599178 0.0314016 -0 0.496183 0.839591
-0.8 4.89859e-17 -0 0.489855 0.759853
-0.599178 0.0314016 -0 0.496183 0.839591
-0.798904 0.0418688 -0 0.497527 0.75986
-0.8 4.89859e-17 -0 0.489855 0.759853
-0.8 4.89859e-17 -0 0.489855 0.759853
-0.798904 0.0418688 -0 0.497527 0.75986
-1 6.12323e-17 -0 0.49019 0.701087
-0.798904 0.0418688 -0 0.497527 0.75986
-0.99863 0.052336 -0 0.498517 0.701119
-1 6.12323e-17 -0 0.49019 0.701087
-1 6.12323e-17 -0 0.49019 0.701087
-0.99863 0.052336 -0 0.498517 0.701119
-1.2 7.34788e-17 -0 0.490447 0.65599
-0.99863 0.052336 -0 0.498517 0.701119
-1.19836 0.0628031 -0 0.499277 0.656043
-1.2 7.34788e-17 -0 0.490447 0.65599
-1.2 7.34788e-17 -0 0.490447 0.65599
-1.19836 0.0628031 -0 0.499277 0.656043
-1.4 8.57253e-17 -0 0.49065 0.620289
-1.19836 0.0628031 -0 0.499277 0.656043
-1.39808 0.0732703 -0 0.499879 0.620361
-1.4 8.57253e-17 -0 0.49065 0.620289
-1.4 8.57253e-17 -0 0.49065 0.620289
-1.39808 0.0732703 -0 0.499879 0.620361
-1.6 9.79717e-17 -0 0.490815 0.591325
-1.39808 0.0732703 -0 0.499879 0.620361
-1.59781 0.0837375 -0 0.500367 0.591414
-1.6 9.79717e-17 -0 0.490815 0.591325
-1.6 9.79717e-17 -0 0.490815 0.591325
-1.59781 0.0837375 -0 0.500367 0.591414
-1.8 1.10218e-16 -0 0.490952 0.567356
-1.59781 0.0837375 -0 0.500367 0.591414
-1.79753 0.0942047 -0 0.500771 0.567459
-1.8 1.10218e-16 -0 0.490952 0.567356
-1.8 1.10218e-16 -0 0.490952 0.567356
-1.79753 0.0942047 -0 0.500771 0.567459
-2 1.22465e-16 -0 0.491066 0.547191
-1.79753 0.0942047 -0 0.500771 0.567459
-1.99726 0.104672 -0 0.501111 0.547307
-2 1.22465e-16 -0 0.491066 0.547191
-2 1.22465e-16 -0 0.491066 0.547191
-1.99726 0.104672 -0 0.501111 0.547307
-2.2 1.34711e-16 -0 0.491164 0.529992
-1.99726 0.104672 -0 0.501111 0.547307
-2.19699 0.115139 -0 0.5014 0.530119
-2.2 1.34711e-16 -0 0.491164 0.529992
-2.2 1.34711e-16 -0 0.491164 0.529992
-2.19699 0.115139 -0 0.5014 0.530119
-2.60416 1.59459e-16 0.04 0.491301 0.49796
-2.19699 0.115139 -0 0.5014 0.530119
-2.60059 0.136291 0.04 0.501931 0.498109
-2.60416 1.59459e-16 0.04 0.491301 0.49796
-2.60416 1.59459e-16 0.04 0.491301 0.49796
-2.60059 0.136291 0.04 0.501931 0.498109
-2.80416 1.71705e-16 0.16 0.491301 0.474912
-2.60059 0.136291 0.04 0.501931 0.498109
-2.80032 0.146759 0.16 0.502293 0.475078
-2.80416 1.71705e-16 0.16 0.491301 0.474912
-2.80416 1.71705e-16 0.16 0.491301 0.474912
-2.80032 0.146759 0.16 0.502293 0.475078
-3.00416 1.83952e-16 0.36 0.491257 0.44543
-2.80032 0.146759 0.16 0.502293 0.475078
-3.00005 0.157226 0.36 0.502746 0.445622
-3.00416 1.83952e-16 0.36 0.491257 0.44543
-3.00416 1.83952e-16 0.36 0.491257 0.44543
-3.00005 0.157226 0.36 0.502746 0.445622
-3.20416 1.96198e-16 0.64 0.491169 0.408712
-3.00005 0.157226 0.36 0.502746 0.445622
-3.19977 0.167693 0.64 0.503305 0.408937
-3.20416 1.96198e-16 0.64 0.491169 0.408712
-3.20416 1.96198e-16 0.64 0.491169 0.408712
-3.19977 0.167693 0.64 0.503305 0.408937
-3.40416 2.08445e-16 1 0.491037 0.363382
-3.19977 0.167693 0.64 0.503305 0.408937
-3.3995 0.17816 1 0.503989 0.363651
-3.40416 2.08445e-16 1 0.491037 0.363382
-3.40416 2.08445e-16 1 0.491037 0.363382
-3.3995 0.17816 1 0.503989 0.363651
-3.60416 2.20691e-16 1.44 0.490852 0.307319
-3.3995 0.17816 1 0.503989 0.363651
-3.59922 0.188627 1.44 0.504832 0.307649
-3.60416 2.20691e-16 1.44 0.490852 0.307319
-3.60416 2.20691e-16 1.44 0.490852 0.307319
-3.59922 0.188627 1.44 0.504832 0.307649
-3.80416 2.32938e-16 1.96 0.490604 0.237321
-3.59922 0.188627 1.44 0.504832 0.307649
-3.79895 0.199095 1.96 0.50588 0.237735
-3.80416 2.32938e-16 1.96 0.490604 0.237321
-3.80416 2.32938e-16 1.96 0.490604 0.237321
-3.79895 0.199095 1.96 0.50588 0.237735
-4.00416 2.45184e-16 2.56 0.490273 0.148468
-3.79895 0.199095 1.96 0.50588 0.237735
-3.99868 0.209562 2.56 0.507207 0.149003
-4.00416 2.45184e-16 2.56 0.490273 0.148468
-4.00416 2.45184e-16 2.56 0.490273 0.148468
-3.99868 0.209562 2.56 0.507207 0.149003
-4.20416 2.57431e-16 3.24 0.489828 0.0329425
-3.99868 0.209562 2.56 0.507207 0.149003
-4.1984 0.220029 3.24 0.508929 0.0336572
-4.20416 2.57431e-16 3.24 0.489828 0.0329425
-0.399452 -0.0209344 -0 0.483229 0.954875
-0.4 2.44929e-17 -0 0.488748 0.954061
-0.599178 -0.0314016 -0 0.482599 0.840409
-0.4 2.44929e-17 -0 0.488748 0.954061
-0.6 3.67394e-17 -0 0.4894 0.839613
-0.599178 -0.0314016 -0 0.482599 0.840409
-0.599178 -0.0314016 -0 0.482599 0.840409
-0.6 3.67394e-17 -0 0.4894 0.839613
-0.798904 -0.0418688 -0 0.48216 0.760591
-0.6 3.67394e-17 -0 0.4894 0.839613
-0.8 4.89859e-17 -0 0.489855 0.759853
-0.798904 -0.0418688 -0 0.48216 0.760591
-0.798904 -0.0418688 -0 0.48216 0.760591
-0.8 4.89859e-17 -0 0.489855 0.759853
-0.99863 -0.052336 -0 0.481836 0.701757
-0.8 4.89859e-17 -0 0.489855 0.759853
-1 6.12323e-17 -0 0.49019 0.701087
-0.99863 -0.052336 -0 0.481836 0.701757
-0.99863 -0.052336 -0 0.481836 0.701757
-1 6.12323e-17 -0 0.49019 0.701087
-1.19836 -0.0628031 -0 0.481587 0.656593
-1 6.12323e-17 -0 0.49019 0.701087
-1.2 7.34788e-17 -0 0.490447 0.65599
-1.19836 -0.0628031 -0 0.481587 0.656593
-1.19836 -0.0628031 -0 0.481587 0.656593
-1.2 7.34788e-17 -0 0.490447 0.65599
-1.39808 -0.0732703 -0 0.48139 0.620831
-1.2 7.34788e-17 -0 0.490447 0.65599
-1.4 8.57253e-17 -0 0.49065 0.620289
-1.39808 -0.0732703 -0 0.48139 0.620831
-1.39808 -0.0732703 -0 0.48139 0.620831
-1.4 8.57253e-17 -0 0.49065 0.620289
-1.59781 -0.0837375 -0 0.481231 0.591813
-1.4 8.57253e-17 -0 0.49065 0.620289
-1.6 9.79717e-17 -0 0.490815 0.591325
-1.59781 -0.0837375 -0 0.481231 0.591813
-1.59781 -0.0837375 -0 0.481231 0.591813
-1.6 9.79717e-17 -0 0.490815 0.591325
-1.79753 -0.0942047 -0 0.481099 0.567794
-1.6 9.79717e-17 -0 0.490815 0.591325
-1.8 1.10218e-16 -0 0.490952 0.567356
-1.79753 -0.0942047 -0 0.481099 0.567794
-1.79753 -0.0942047 -0 0.481099 0.567794
-1.8 1.10218e-16 -0 0.490952 0.567356
-1.99726 -0.104672 -0 0.480987 0.547585
-1.8 1.10218e-16 -0 0.490952 0.567356
-2 1.22465e-16 -0 0.491066 0.547191
-1.99726 -0.104672 -0 0.480987 0.547585
-1.99726 -0.104672 -0 0.480987 0.547585
-2 1.22465e-16 -0 0.491066 0.547191
-2.19699 -0.115139 -0 0.480892 0.530347
-2 1.22465e-16 -0 0.491066 0.547191
-2.2 1.34711e-16 -0 0.491164 0.529992
-2.19699 -0.115139 -0 0.480892 0.530347
-2.19699 -0.115139 -0 0.480892 0.530347
-2.2 1.34711e-16 -0 0.491164 0.529992
-2.60059 -0.136291 0.04 0.480632 0.498237
-2.2 1.34711e-16 -0 0.491164 0.529992
-2.60416 1.59459e-16 0.04 0.491301 0.49796
-2.60059 -0.136291 0.04 0.480632 0.498237
-2.60059 -0.136291 0.04 0.480632 0.498237
-2.60416 1.59459e-16 0.04 0.491301 0.49796
-2.80032 -0.146759 0.16 0.480268 0.47513
-2.60416 1.59459e-16 0.04 0.491301 0.49796
-2.80416 1.71705e-16 0.16 0.491301 0.474912
-2.80032 -0.146759 0.16 0.480268 0.47513
-2.80032 -0.146759 0.16 0.480268 0.47513
-2.80416 1.71705e-16 0.16 0.491301 0.474912
-3.00005 -0.157226 0.36 0.479722 0.445568
-2.80416 1.71705e-16 0.16 0.491301 0.474912
-3.00416 1.83952e-16 0.36 0.491257 0.44543
-3.00005 -0.157226 0.36 0.479722 0.445568
-3.00005 -0.157226 0.36 0.479722 0.445568
-3.00416 1.83952e-16 0.36 0.491257 0.44543
-3.19977 -0.167693 0.64 0.478984 0.408738
-3.00416 1.83952e-16 0.36 0.491257 0.44543
-3.20416 1.96198e-16 0.64 0.491169 0.408712
-3.19977 -0.167693 0.64 0.478984 0.408738
-3.19977 -0.167693 0.64 0.478984 0.408738
-3.20416 1.96198e-16 0.64 0.491169 0.408712
-3.3995 -0.17816 1 0.478027 0.363252
-3.20416 1.96198e-16 0.64 0.491169 0.408712
-3.40416 2.08445e-16 1 0.491037 0.363382
-3.3995 -0.17816 1 0.478027 0.363252
-3.3995 -0.17816 1 0.478027 0.363252
-3.40416 2.08445e-16 1 0.491037 0.363382
-3.59922 -0.188627 1.44 0.476805 0.30697
-3.40416 2.08445e-16 1 0.491037 0.363382
-3.60416 2.20691e-16 1.44 0.490852 0.307319
-3.59922 -0.188627 1.44 0.476805 0.30697
-3.59922 -0.188627 1.44 0.476805 0.30697
-3.60416 2.20691e-16 1.44 0.490852 0.307319
-3.79895 -0.199095 1.96 0.475247 0.236652
-3.60416 2.20691e-16 1.44 0.490852 0.307319
-3.80416 2.32938e-16 1.96 0.490604 0.237321
-3.79895 -0.199095 1.96 0.475247 0.236652
-3.79895 -0.199095 1.96 0.475247 0.236652
-3.80416 2.32938e-16 1.96 0.490604 0.237321
-3.99868 -0.209562 2.56 0.47324 0.147323
-3.80416 2.32938e-16 1.96 0.490604 0.237321
-4.00416 2.45184e-16 2.56 0.490273 0.148468
-3.99868 -0.209562 2.56 0.47324 0.147323
-3.99868 -0.209562 2.56 0.47324 0.147323
-4.00416 2.45184e-16 2.56 0.490273 0.148468
-4.1984 -0.220029 3.24 0.470601 0.0310572
-4.00416 2.45184e-16 2.56 0.490273 0.148468
-4.20416 2.57431e-16 3.24 0.489828 0.0329425
-4.1984 -0.220029 3.24 0.470601 0.0310572
-0.397809 -0.0418114 -0 0.477691 0.956459
-0.399452 -0.0209344 -0 0.483229 0.954875
-0.596713 -0.0627171 -0 0.475767 0.841985
-0.399452 -0.0209344 -0 0.483229 0.954875
-0.599178 -0.0314016 -0 0.482599 0.840409
-0.596713 -0.0627171 -0 0.475767 0.841985
-0.596713 -0.0627171 -0 0.475767 0.841985
-0.599178 -0.0314016 -0 0.482599 0.840409
-0.795618 -0.0836228 -0 0.474424 0.762077
-0.599178 -0.0314016 -0 0.482599 0.840409
-0.798904 -0.0418688 -0 0.48216 0.760591
-0.795618 -0.0836228 -0 0.474424 0.762077
-0.795618 -0.0836228 -0 0.474424 0.762077
-0.798904 -0.0418688 -0 0.48216 0.760591
-0.994522 -0.104528 -0 0.473433 0.703133
-0.798904 -0.0418688 -0 0.48216 0.760591
-0.99863 -0.052336 -0 0.481836 0.701757
-0.994522 -0.104528 -0 0.473433 0.703133
-0.994522 -0.104528 -0 0.473433 0.703133
-0.99863 -0.052336 -0 0.481836 0.701757
-1.19343 -0.125434 -0 0.472672 0.65786
-0.99863 -0.052336 -0 0.481836 0.701757
-1.19836 -0.0628031 -0 0.481587 0.656593
-1.19343 -0.125434 -0 0.472672 0.65786
-1.19343 -0.125434 -0 0.472672 0.65786
-1.19836 -0.0628031 -0 0.481587 0.656593
-1.39233 -0.14634 -0 0.47207 0.621995
-1.19836 -0.0628031 -0 0.481587 0.656593
-1.39808 -0.0732703 -0 0.48139 0.620831
-1.39233 -0.14634 -0 0.47207 0.621995
-1.39233 -0.14634 -0 0.47207 0.621995
-1.39808 -0.0732703 -0 0.48139 0.620831
-1.59124 -0.167246 -0 0.47158 0.592883
-1.39808 -0.0732703 -0 0.48139 0.620831
-1.59781 -0.0837375 -0 0.481231 0.591813
-1.59124 -0.167246 -0 0.47158 0.592883
-1.59124 -0.167246 -0 0.47158 0.592883
-1.59781 -0.0837375 -0 0.481231 0.591813
-1.79014 -0.188151 -0 0.471175 0.568779
-1.59781 -0.0837375 -0 0.481231 0.591813
-1.79753 -0.0942047 -0 0.481099 0.567794
-1.79014 -0.188151 -0 0.471175 0.568779
-1.79014 -0.188151 -0 0.471175 0.568779
-1.79753 -0.0942047 -0 0.481099 0.567794
-1.98904 -0.209057 -0 0.470834 0.548495
-1.79753 -0.0942047 -0 0.481099 0.567794
-1.99726 -0.104672 -0 0.480987 0.547585
-1.98904 -0.209057 -0 0.470834 0.548495
-1.98904 -0.209057 -0 0.470834 0.548495
-1.99726 -0.104672 -0 0.480987 0.547585
-2.18795 -0.229963 -0 0.470544 0.531188
-1.99726 -0.104672 -0 0.480987 0.547585
-2.19699 -0.115139 -0 0.480892 0.530347
-2.18795 -0.229963 -0 0.470544 0.531188
-2.18795 -0.229963 -0 0.470544 0.531188
-2.19699 -0.115139 -0 0.480892 0.530347
-2.5899 -0.272209 0.04 0.46988 0.498945
-2.19699 -0.115139 -0 0.480892 0.530347
-2.60059 -0.136291 0.04 0.480632 0.498237
-2.5899 -0.272209 0.04 0.46988 0.498945
-2.5899 -0.272209 0.04 0.46988 0.498945
-2.60059 -0.136291 0.04 0.480632 0.498237
-2.7888 -0.293115 0.16 0.469145 0.475738
-2.60059 -0.136291 0.04 0.480632 0.498237
-2.80032 -0.146759 0.16 0.480268 0.47513
-2.7888 -0.293115 0.16 0.469145 0.475738
-2.7888 -0.293115 0.16 0.469145 0.475738
-2.80032 -0.146759 0.16 0.480268 0.47513
-2.98771 -0.314021 0.36 0.468087 0.446039
-2.80032 -0.146759 0.16 0.480268 0.47513
-3.00005 -0.157226 0.36 0.479722 0.445568
-2.98771 -0.314021 0.36 0.468087 0.446039
-2.98771 -0.314021 0.36 0.468087 0.446039
-3.00005 -0.157226 0.36 0.479722 0.445568
-3.18661 -0.334926 0.64 0.466684 0.409018
-3.00005 -0.157226 0.36 0.479722 0.445568
-3.19977 -0.167693 0.64 0.478984 0.408738
-3.18661 -0.334926 0.64 0.466684 0.409018
-3.18661 -0.334926 0.64 0.466684 0.409018
-3.19977 -0.167693 0.64 0.478984 0.408738
-3.38551 -0.355832 1 0.464884 0.363263
-3.19977 -0.167693 0.64 0.478984 0.408738
-3.3995 -0.17816 1 0.478027 0.363252
-3.38551 -0.355832 1 0.464884 0.363263
-3.38551 -0.355832 1 0.464884 0.363263
-3.3995 -0.17816 1 0.478027 0.363252
-3.58442 -0.376738 1.44 0.462601 0.306598
-3.3995 -0.17816 1 0.478027 0.363252
-3.59922 -0.188627 1.44 0.476805 0.30697
-3.58442 -0.376738 1.44 0.462601 0.306598
-3.58442 -0.376738 1.44 0.462601 0.306598
-3.59922 -0.188627 1.44 0.476805 0.30697
-3.78332 -0.397643 1.96 0.459698 0.23572
-3.59922 -0.188627 1.44 0.476805 0.30697
-3.79895 -0.199095 1.96 0.475247 0.236652
-3.78332 -0.397643 1.96 0.459698 0.23572
-3.78332 -0.397643 1.96 0.459698 0.23572
-3.79895 -0.199095 1.96 0.475247 0.236652
-3.98223 -0.418549 2.56 0.455964 0.145549
-3.79895 -0.199095 1.96 0.475247 0.236652
-3.99868 -0.209562 2.56 0.47324 0.147323
-3.98223 -0.418549 2.56 0.455964 0.145549
-3.98223 -0.418549 2.56 0.455964 0.145549
-3.99868 -0.209562 2.56 0.47324 0.147323
-4.18113 -0.439455 3.24 0.451056 0.0279644
-3.99868 -0.209562 2.56 0.47324 0.147323
-4.1984 -0.220029 3.24 0.470601 0.0310572
-4.18113 -0.439455 3.24 0.451056 0.0279644
-0.395075 -0.0625738 -0 0.472129 0.958819
-0.397809 -0.0418114 -0 0.477691 0.956459
-0.592613 -0.0938607 -0 0.468893 0.844351
-0.397809 -0.0418114 -0 0.477691 0.956459
-0.596713 -0.0627171 -0 0.475767 0.841985
-0.592613 -0.0938607 -0 0.468893 0.844351
-0.592613 -0.0938607 -0 0.468893 0.844351
-0.596713 -0.0627171 -0 0.475767 0.841985
-0.790151 -0.125148 -0 0.46663 0.764326
-0.596713 -0.0627171 -0 0.475767 0.841985
-0.795618 -0.0836228 -0 0.474424 0.762077
-0.790151 -0.125148 -0 0.46663 0.764326
-0.790151 -0.125148 -0 0.46663 0.764326
-0.795618 -0.0836228 -0 0.474424 0.762077
-0.987688 -0.156434 -0 0.464959 0.70523
-0.795618 -0.0836228 -0 0.474424 0.762077
-0.994522 -0.104528 -0 0.473433 0.703133
-0.987688 -0.156434 -0 0.464959 0.70523
-0.987688 -0.156434 -0 0.464959 0.70523
-0.994522 -0.104528 -0 0.473433 0.703133
-1.18523 -0.187721 -0 0.463675 0.659802
-0.994522 -0.104528 -0 0.473433 0.703133
-1.19343 -0.125434 -0 0.472672 0.65786
-1.18523 -0.187721 -0 0.463675 0.659802
-1.18523 -0.187721 -0 0.463675 0.659802
-1.19343 -0.125434 -0 0.472672 0.65786
-1.38276 -0.219008 -0 0.462657 0.623792
-1.19343 -0.125434 -0 0.472672 0.65786
-1.39233 -0.14634 -0 0.47207 0.621995
-1.38276 -0.219008 -0 0.462657 0.623792
-1.38276 -0.219008 -0 0.462657 0.623792
-1.39233 -0.14634 -0 0.47207 0.621995
-1.5803 -0.250295 -0 0.46183 0.594547
-1.39233 -0.14634 -0 0.47207 0.621995
-1.59124 -0.167246 -0 0.47158 0.592883
-1.5803 -0.250295 -0 0.46183 0.594547
-1.5803 -0.250295 -0 0.46183 0.594547
-1.59124 -0.167246 -0 0.47158 0.592883
-1.77784 -0.281582 -0 0.461145 0.570323
-1.59124 -0.167246 -0 0.47158 0.592883
-1.79014 -0.188151 -0 0.471175 0.568779
-1.77784 -0.281582 -0 0.461145 0.570323
-1.77784 -0.281582 -0 0.461145 0.570323
-1.79014 -0.188151 -0 0.471175 0.568779
-1.97538 -0.312869 -0 0.460568 0.549931
-1.79014 -0.188151 -0 0.471175 0.568779
-1.98904 -0.209057 -0 0.470834 0.548495
-1.97538 -0.312869 -0 0.460568 0.549931
-1.97538 -0.312869 -0 0.460568 0.549931
-1.98904 -0.209057 -0 0.470834 0.548495
-2.17291 -0.344156 -0 0.460076 0.532526
-1.98904 -0.209057 -0 0.470834 0.548495
-2.18795 -0.229963 -0 0.470544 0.531188
-2.17291 -0.344156 -0 0.460076 0.532526
-2.17291 -0.344156 -0 0.460076 0.532526
-2.18795 -0.229963 -0 0.470544 0.531188
-2.5721 -0.407381 0.04 0.458998 0.500093
-2.18795 -0.229963 -0 0.470544 0.531188
-2.5899 -0.272209 0.04 0.46988 0.498945
-2.5721 -0.407381 0.04 0.458998 0.500093
-2.5721 -0.407381 0.04 0.458998 0.500093
-2.5899 -0.272209 0.04 0.46988 0.498945
-2.76964 -0.438668 0.16 0.45788 0.476745
-2.5899 -0.272209 0.04 0.46988 0.498945
-2.7888 -0.293115 0.16 0.469145 0.475738
-2.76964 -0.438668 0.16 0.45788 0.476745
-2.76964 -0.438668 0.16 0.45788 0.476745
-2.7888 -0.293115 0.16 0.469145 0.475738
-2.96718 -0.469955 0.36 0.456295 0.44685
-2.7888 -0.293115 0.16 0.469145 0.475738
-2.98771 -0.314021 0.36 0.468087 0.446039
-2.96718 -0.469955 0.36 0.456295 0.44685
-2.96718 -0.469955 0.36 0.456295 0.44685
-2.98771 -0.314021 0.36 0.468087 0.446039
-3.16471 -0.501242 0.64 0.454205 0.409557
-2.98771 -0.314021 0.36 0.468087 0.446039
-3.18661 -0.334926 0.64 0.466684 0.409018
-3.16471 -0.501242 0.64 0.454205 0.409557
-3.16471 -0.501242 0.64 0.454205 0.409557
-3.18661 -0.334926 0.64 0.466684 0.409018
-3.36225 -0.532528 1 0.451531 0.363418
-3.18661 -0.334926 0.64 0.466684 0.409018
-3.38551 -0.355832 1 0.464884 0.363263
-3.36225 -0.532528 1 0.451531 0.363418
-3.36225 -0.532528 1 0.451531 0.363418
-3.38551 -0.355832 1 0.464884 0.363263
-3.55979 -0.563815 1.44 0.448144 0.306201
-3.38551 -0.355832 1 0.464884 0.363263
-3.58442 -0.376738 1.44 0.462601 0.306598
-3.55979 -0.563815 1.44 0.448144 0.306201
-3.55979 -0.563815 1.44 0.448144 0.306201
-3.58442 -0.376738 1.44 0.462601 0.306598
-3.75733 -0.595102 1.96 0.443838 0.234513
-3.58442 -0.376738 1.44 0.462601 0.306598
-3.78332 -0.397643 1.96 0.459698 0.23572
-3.75733 -0.595102 1.96 0.443838 0.234513
-3.75733 -0.595102 1.96 0.443838 0.234513
-3.78332 -0.397643 1.96 0.459698 0.23572
-3.95487 -0.626389 2.56 0.438293 0.143115
-3.78332 -0.397643 1.96 0.459698 0.23572
-3.98223 -0.418549 2.56 0.455964 0.145549
-3.95487 -0.626389 2.56 0.438293 0.143115
-3.95487 -0.626389 2.56 0.438293 0.143115
-3.98223 -0.418549 2.56 0.455964 0.145549
-4.1524 -0.657676 3.24 0.430992 0.0235995
-3.98223 -0.418549 2.56 0.455964 0.145549
-4.18113 -0.439455 3.24 0.451056 0.0279644
-4.1524 -0.657676 3.24 0.430992 0.0235995
-0.391259 -0.0831647 -0 0.46654 0.961966
-0.395075 -0.0625738 -0 0.472129 0.958819
-0.586889 -0.124747 -0 0.461965 0.847524
-0.395075 -0.0625738 -0 0.472129 0.958819
-0.592613 -0.0938607 -0 0.468893 0.844351
-0.586889 -0.124747 -0 0.461965 0.847524
-0.586889 -0.124747 -0 0.461965 0.847524
-0.592613 -0.0938607 -0 0.468893 0.844351
-0.782518 -0.166329 -0 0.45876 0.767353
-0.592613 -0.0938607 -0 0.468893 0.844351
-0.790151 -0.125148 -0 0.46663 0.764326
-0.782518 -0.166329 -0 0.45876 0.767353
-0.782518 -0.166329 -0 0.45876 0.767353
-0.790151 -0.125148 -0 0.46663 0.764326
-0.978148 -0.207912 -0 0.456389 0.708064
-0.790151 -0.125148 -0 0.46663 0.764326
-0.987688 -0.156434 -0 0.464959 0.70523
-0.978148 -0.207912 -0 0.456389 0.708064
-0.978148 -0.207912 -0 0.456389 0.708064
-0.987688 -0.156434 -0 0.464959 0.70523
-1.17378 -0.249494 -0 0.454565 0.662439
-0.987688 -0.156434 -0 0.464959 0.70523
-1.18523 -0.187721 -0 0.463675 0.659802
-1.17378 -0.249494 -0 0.454565 0.662439
-1.17378 -0.249494 -0 0.454565 0.662439
-1.18523 -0.187721 -0 0.463675 0.659802
-1.36941 -0.291076 -0 0.453118 0.626241
-1.18523 -0.187721 -0 0.463675 0.659802
-1.38276 -0.219008 -0 0.462657 0.623792
-1.36941 -0.291076 -0 0.453118 0.626241
-1.36941 -0.291076 -0 0.453118 0.626241
-1.38276 -0.219008 -0 0.462657 0.623792
-1.56504 -0.332659 -0 0.451942 0.596824
-1.38276 -0.219008 -0 0.462657 0.623792
-1.5803 -0.250295 -0 0.46183 0.594547
-1.56504 -0.332659 -0 0.451942 0.596824
-1.56504 -0.332659 -0 0.451942 0.596824
-1.5803 -0.250295 -0 0.46183 0.594547
-1.76067 -0.374241 -0 0.450968 0.572444
-1.5803 -0.250295 -0 0.46183 0.594547
-1.77784 -0.281582 -0 0.461145 0.570323
-1.76067 -0.374241 -0 0.450968 0.572444
-1.76067 -0.374241 -0 0.450968 0.572444
-1.77784 -0.281582 -0 0.461145 0.570323
-1.9563 -0.415823 -0 0.450147 0.55191
-1.77784 -0.281582 -0 0.461145 0.570323
-1.97538 -0.312869 -0 0.460568 0.549931
-1.9563 -0.415823 -0 0.450147 0.55191
-1.9563 -0.415823 -0 0.450147 0.55191
-1.97538 -0.312869 -0 0.460568 0.549931
-2.15192 -0.457406 -0 0.449446 0.534378
-1.97538 -0.312869 -0 0.460568 0.549931
-2.17291 -0.344156 -0 0.460076 0.532526
-2.15192 -0.457406 -0 0.449446 0.534378
-2.15192 -0.457406 -0 0.449446 0.534378
-2.17291 -0.344156 -0 0.460076 0.532526
-2.54726 -0.541436 0.04 0.447937 0.501696
-2.17291 -0.344156 -0 0.460076 0.532526
-2.5721 -0.407381 0.04 0.458998 0.500093
-2.54726 -0.541436 0.04 0.447937 0.501696
-2.54726 -0.541436 0.04 0.447937 0.501696
-2.5721 -0.407381 0.04 0.458998 0.500093
-2.74289 -0.583018 0.16 0.446421 0.478165
-2.5721 -0.407381 0.04 0.458998 0.500093
-2.76964 -0.438668 0.16 0.45788 0.476745
-2.74289 -0.583018 0.16 0.446421 0.478165
-2.74289 -0.583018 0.16 0.446421 0.478165
-2.76964 -0.438668 0.16 0.45788 0.476745
-2.93851 -0.624601 0.36 0.444285 0.448014
-2.76964 -0.438668 0.16 0.45788 0.476745
-2.96718 -0.469955 0.36 0.456295 0.44685
-2.93851 -0.624601 0.36 0.444285 0.448014
-2.93851 -0.624601 0.36 0.444285 0.448014
-2.96718 -0.469955 0.36 0.456295 0.44685
-3.13414 -0.666183 0.64 0.441476 0.410364
-2.96718 -0.469955 0.36 0.456295 0.44685
-3.16471 -0.501242 0.64 0.454205 0.409557
-3.13414 -0.666183 0.64 0.441476 0.410364
-3.13414 -0.666183 0.64 0.441476 0.410364
-3.16471 -0.501242 0.64 0.454205 0.409557
-3.32977 -0.707765 1 0.437885 0.363721
-3.16471 -0.501242 0.64 0.454205 0.409557
-3.36225 -0.532528 1 0.451531 0.363418
-3.32977 -0.707765 1 0.437885 0.363721
-3.32977 -0.707765 1 0.437885 0.363721
-3.36225 -0.532528 1 0.451531 0.363418
-3.5254 -0.749348 1.44 0.433334 0.305776
-3.36225 -0.532528 1 0.451531 0.363418
-3.55979 -0.563815 1.44 0.448144 0.306201
-3.5254 -0.749348 1.44 0.433334 0.305776
-3.5254 -0.749348 1.44 0.433334 0.305776
-3.55979 -0.563815 1.44 0.448144 0.306201
-3.72103 -0.79093 1.96 0.427541 0.233013
-3.55979 -0.563815 1.44 0.448144 0.306201
-3.75733 -0.595102 1.96 0.443838 0.234513
-3.72103 -0.79093 1.96 0.427541 0.233013
-3.72103 -0.79093 1.96 0.427541 0.233013
-3.75733 -0.595102 1.96 0.443838 0.234513
-3.91666 -0.832512 2.56 0.420063 0.139978
-3.75733 -0.595102 1.96 0.443838 0.234513
-3.95487 -0.626389 2.56 0.438293 0.143115
-3.91666 -0.832512 2.56 0.420063 0.139978
-3.91666 -0.832512 2.56 0.420063 0.139978
-3.95487 -0.626389 2.56 0.438293 0.143115
-4.11229 -0.874095 3.24 0.410184 0.0178653
-3.95487 -0.626389 2.56 0.438293 0.143115
-4.1524 -0.657676 3.24 0.430992 0.0235995
-4.11229 -0.874095 3.24 0.410184 0.0178653
-0.38637 -0.103528 -0 0.460917 0.965916
-0.391259 -0.0831647 -0 0.46654 0.961966
-0.579556 -0.155291 -0 0.45497 0.851522
-0.391259 -0.0831647 -0 0.46654 0.961966
-0.586889 -0.124747 -0 0.461965 0.847524
-0.579556 -0.155291 -0 0.45497 0.851522
-0.579556 -0.155291 -0 0.45497 0.851522
-0.586889 -0.124747 -0 0.461965 0.847524
-0.772741 -0.207055 -0 0.450793 0.771182
-0.586889 -0.124747 -0 0.461965 0.847524
-0.782518 -0.166329 -0 0.45876 0.767353
-0.772741 -0.207055 -0 0.450793 0.771182
-0.772741 -0.207055 -0 0.450793 0.771182
-0.782518 -0.166329 -0 0.45876 0.767353
-0.965926 -0.258819 -0 0.447699 0.711661
-0.782518 -0.166329 -0 0.45876 0.767353
-0.978148 -0.207912 -0 0.456389 0.708064
-0.965926 -0.258819 -0 0.447699 0.711661
-0.965926 -0.258819 -0 0.447699 0.711661
-0.978148 -0.207912 -0 0.456389 0.708064
-1.15911 -0.310583 -0 0.445314 0.665795
-0.978148 -0.207912 -0 0.456389 0.708064
-1.17378 -0.249494 -0 0.454565 0.662439
-1.15911 -0.310583 -0 0.445314 0.665795
-1.15911 -0.310583 -0 0.445314 0.665795
-1.17378 -0.249494 -0 0.454565 0.662439
-1.3523 -0.362347 -0 0.443421 0.629367
-1.17378 -0.249494 -0 0.454565 0.662439
-1.36941 -0.291076 -0 0.453118 0.626241
-1.3523 -0.362347 -0 0.443421 0.629367
-1.3523 -0.362347 -0 0.443421 0.629367
-1.36941 -0.291076 -0 0.453118 0.626241
-1.54548 -0.41411 -0 0.44188 0.599737
-1.36941 -0.291076 -0 0.453118 0.626241
-1.56504 -0.332659 -0 0.451942 0.596824
-1.54548 -0.41411 -0 0.44188 0.599737
-1.54548 -0.41411 -0 0.44188 0.599737
-1.56504 -0.332659 -0 0.451942 0.596824
-1.73867 -0.465874 -0 0.440603 0.575164
-1.56504 -0.332659 -0 0.451942 0.596824
-1.76067 -0.374241 -0 0.450968 0.572444
-1.73867 -0.465874 -0 0.440603 0.575164
-1.73867 -0.465874 -0 0.440603 0.575164
-1.76067 -0.374241 -0 0.450968 0.572444
-1.93185 -0.517638 -0 0.439526 0.554455
-1.76067 -0.374241 -0 0.450968 0.572444
-1.9563 -0.415823 -0 0.450147 0.55191
-1.93185 -0.517638 -0 0.439526 0.554455
-1.93185 -0.517638 -0 0.439526 0.554455
-1.9563 -0.415823 -0 0.450147 0.55191
-2.12504 -0.569402 -0 0.438606 0.536766
-1.9563 -0.415823 -0 0.450147 0.55191
-2.15192 -0.457406 -0 0.449446 0.534378
-2.12504 -0.569402 -0 0.438606 0.536766
-2.12504 -0.569402 -0 0.438606 0.536766
-2.15192 -0.457406 -0 0.449446 0.534378
-2.51543 -0.674007 0.04 0.436645 0.503775
-2.15192 -0.457406 -0 0.449446 0.534378
-2.54726 -0.541436 0.04 0.447937 0.501696
-2.51543 -0.674007 0.04 0.436645 0.503775
-2.51543 -0.674007 0.04 0.436645 0.503775
-2.54726 -0.541436 0.04 0.447937 0.501696
-2.70861 -0.725771 0.16 0.43471 0.480016
-2.54726 -0.541436 0.04 0.447937 0.501696
-2.74289 -0.583018 0.16 0.446421 0.478165
-2.70861 -0.725771 0.16 0.43471 0.480016
-2.70861 -0.725771 0.16 0.43471 0.480016
-2.74289 -0.583018 0.16 0.446421 0.478165
-2.9018 -0.777535 0.36 0.431992 0.449549
-2.74289 -0.583018 0.16 0.446421 0.478165
-2.93851 -0.624601 0.36 0.444285 0.448014
-2.9018 -0.777535 0.36 0.431992 0.449549
-2.9018 -0.777535 0.36 0.431992 0.449549
-2.93851 -0.624601 0.36 0.444285 0.448014
-3.09498 -0.829298 0.64 0.428422 0.411455
-2.93851 -0.624601 0.36 0.444285 0.448014
-3.13414 -0.666183 0.64 0.441476 0.410364
-3.09498 -0.829298 0.64 0.428422 0.411455
-3.09498 -0.829298 0.64 0.428422 0.411455
-3.13414 -0.666183 0.64 0.441476 0.410364
-3.28817 -0.881062 1 0.423856 0.364179
-3.13414 -0.666183 0.64 0.441476 0.410364
-3.32977 -0.707765 1 0.437885 0.363721
-3.28817 -0.881062 1 0.423856 0.364179
-3.28817 -0.881062 1 0.423856 0.364179
-3.32977 -0.707765 1 0.437885 0.363721
-3.48135 -0.932826 1.44 0.418059 0.305318
-3.32977 -0.707765 1 0.437885 0.363721
-3.5254 -0.749348 1.44 0.433334 0.305776
-3.48135 -0.932826 1.44 0.418059 0.305318
-3.48135 -0.932826 1.44 0.418059 0.305318
-3.5254 -0.749348 1.44 0.433334 0.305776
-3.67454 -0.98459 1.96 0.410665 0.231196
-3.5254 -0.749348 1.44 0.433334 0.305776
-3.72103 -0.79093 1.96 0.427541 0.233013
-3.67454 -0.98459 1.96 0.410665 0.231196
-3.67454 -0.98459 1.96 0.410665 0.231196
-3.72103 -0.79093 1.96 0.427541 0.233013
-3.86772 -1.03635 2.56 0.401089 0.136075
-3.72103 -0.79093 1.96 0.427541 0.233013
-3.91666 -0.832512 2.56 0.420063 0.139978
-3.86772 -1.03635 2.56 0.401089 0.136075
-3.86772 -1.03635 2.56 0.401089 0.136075
-3.91666 -0.832512 2.56 0.420063 0.139978
-4.06091 -1.08812 3.24 0.388381 0.0106273
-3.91666 -0.832512 2.56 0.420063 0.139978
-4.11229 -0.874095 3.24 0.410184 0.0178653
-4.06091 -1.08812 3.24 0.388381 0.0106273
-0.380423 -0.123607 -0 0.455256 0.970686
-0.38637 -0.103528 -0 0.460917 0.965916
-0.570634 -0.18541 -0 0.447896 0.856372
-0.38637 -0.103528 -0 0.460917 0.965916
-0.579556 -0.155291 -0 0.45497 0.851522
-0.570634 -0.18541 -0 0.447896 0.856372
-0.570634 -0.18541 -0 0.447896 0.856372
-0.579556 -0.155291 -0 0.45497 0.851522
-0.760845 -0.247214 -0 0.442711 0.775844
-0.579556 -0.155291 -0 0.45497 0.851522
-0.772741 -0.207055 -0 0.450793 0.771182
-0.760845 -0.247214 -0 0.442711 0.775844
-0.760845 -0.247214 -0 0.442711 0.775844
-0.772741 -0.207055 -0 0.450793 0.771182
-0.951057 -0.309017 -0 0.438861 0.716053
-0.772741 -0.207055 -0 0.450793 0.771182
-0.965926 -0.258819 -0 0.447699 0.711661
-0.951057 -0.309017 -0 0.438861 0.716053
-0.951057 -0.309017 -0 0.438861 0.716053
-0.965926 -0.258819 -0 0.447699 0.711661
-1.14127 -0.37082 -0 0.43589 0.669902
-0.965926 -0.258819 -0 0.447699 0.711661
-1.15911 -0.310583 -0 0.445314 0.665795
-1.14127 -0.37082 -0 0.43589 0.669902
-1.14127 -0.37082 -0 0.43589 0.669902
-1.15911 -0.310583 -0 0.445314 0.665795
-1.33148 -0.432624 -0 0.433527 0.633202
-1.15911 -0.310583 -0 0.445314 0.665795
-1.3523 -0.362347 -0 0.443421 0.629367
-1.33148 -0.432624 -0 0.433527 0.633202
-1.33148 -0.432624 -0 0.433527 0.633202
-1.3523 -0.362347 -0 0.443421 0.629367
-1.52169 -0.494427 -0 0.431603 0.603319
-1.3523 -0.362347 -0 0.443421 0.629367
-1.54548 -0.41411 -0 0.44188 0.599737
-1.52169 -0.494427 -0 0.431603 0.603319
-1.52169 -0.494427 -0 0.431603 0.603319
-1.54548 -0.41411 -0 0.44188 0.599737
-1.7119 -0.556231 -0 0.430006 0.578515
-1.54548 -0.41411 -0 0.44188 0.599737
-1.73867 -0.465874 -0 0.440603 0.575164
-1.7119 -0.556231 -0 0.430006 0.578515
-1.7119 -0.556231 -0 0.430006 0.578515
-1.73867 -0.465874 -0 0.440603 0.575164
-1.90211 -0.618034 -0 0.428659 0.557597
-1.73867 -0.465874 -0 0.440603 0.575164
-1.93185 -0.517638 -0 0.439526 0.554455
-1.90211 -0.618034 -0 0.428659 0.557597
-1.90211 -0.618034 -0 0.428659 0.557597
-1.93185 -0.517638 -0 0.439526 0.554455
-2.09232 -0.679837 -0 0.427507 0.539718
-1.93185 -0.517638 -0 0.439526 0.554455
-2.12504 -0.569402 -0 0.438606 0.536766
-2.09232 -0.679837 -0 0.427507 0.539718
-2.09232 -0.679837 -0 0.427507 0.539718
-2.12504 -0.569402 -0 0.438606 0.536766
-2.47671 -0.804731 0.04 0.425067 0.506356
-2.12504 -0.569402 -0 0.438606 0.536766
-2.51543 -0.674007 0.04 0.436645 0.503775
-2.47671 -0.804731 0.04 0.425067 0.506356
-2.47671 -0.804731 0.04 0.425067 0.506356
-2.51543 -0.674007 0.04 0.436645 0.503775
-2.66692 -0.866534 0.16 0.422686 0.482324
-2.51543 -0.674007 0.04 0.436645 0.503775
-2.70861 -0.725771 0.16 0.43471 0.480016
-2.66692 -0.866534 0.16 0.422686 0.482324
-2.66692 -0.866534 0.16 0.422686 0.482324
-2.70861 -0.725771 0.16 0.43471 0.480016
-2.85713 -0.928337 0.36 0.419347 0.451476
-2.70861 -0.725771 0.16 0.43471 0.480016
-2.9018 -0.777535 0.36 0.431992 0.449549
-2.85713 -0.928337 0.36 0.419347 0.451476
-2.85713 -0.928337 0.36 0.419347 0.451476
-2.9018 -0.777535 0.36 0.431992 0.449549
-3.04734 -0.990141 0.64 0.41496 0.412845
-2.9018 -0.777535 0.36 0.431992 0.449549
-3.09498 -0.829298 0.64 0.428422 0.411455
-3.04734 -0.990141 0.64 0.41496 0.412845
-3.04734 -0.990141 0.64 0.41496 0.412845
-3.09498 -0.829298 0.64 0.428422 0.411455
-3.23755 -1.05194 1 0.409343 0.364803
-3.09498 -0.829298 0.64 0.428422 0.411455
-3.28817 -0.881062 1 0.423856 0.364179
-3.23755 -1.05194 1 0.409343 0.364803
-3.23755 -1.05194 1 0.409343 0.364803
-3.28817 -0.881062 1 0.423856 0.364179
-3.42776 -1.11375 1.44 0.402197 0.304824
-3.28817 -0.881062 1 0.423856 0.364179
-3.48135 -0.932826 1.44 0.418059 0.305318
-3.42776 -1.11375 1.44 0.402197 0.304824
-3.42776 -1.11375 1.44 0.402197 0.304824
-3.48135 -0.932826 1.44 0.418059 0.305318
-3.61797 -1.17555 1.96 0.393052 0.22903
-3.48135 -0.932826 1.44 0.418059 0.305318
-3.67454 -0.98459 1.96 0.410665 0.231196
-3.61797 -1.17555 1.96 0.393052 0.22903
-3.61797 -1.17555 1.96 0.393052 0.22903
-3.67454 -0.98459 1.96 0.410665 0.231196
-3.80819 -1.23735 2.56 0.381161 0.131325
-3.67454 -0.98459 1.96 0.410665 0.231196
-3.86772 -1.03635 2.56 0.401089 0.136075
-3.80819 -1.23735 2.56 0.381161 0.131325
-3.80819 -1.23735 2.56 0.381161 0.131325
-3.86772 -1.03635 2.56 0.401089 0.136075
-3.9984 -1.29916 3.24 0.365288 0.00170464
-3.86772 -1.03635 2.56 0.401089 0.136075
-4.06091 -1.08812 3.24 0.388381 0.0106273
-3.9984 -1.29916 3.24 0.365288 0.00170464
-0.373432 -0.143347 -0 0.449553 0.976298
-0.380423 -0.123607 -0 0.455256 0.970686
-0.560148 -0.215021 -0 0.440729 0.862105
-0.380423 -0.123607 -0 0.455256 0.970686
-0.570634 -0.18541 -0 0.447896 0.856372
-0.560148 -0.215021 -0 0.440729 0.862105
-0.560148 -0.215021 -0 0.440729 0.862105
-0.570634 -0.18541 -0 0.447896 0.856372
-0.746864 -0.286694 -0 0.434492 0.781375
-0.570634 -0.18541 -0 0.447896 0.856372
-0.760845 -0.247214 -0 0.442711 0.775844
-0.746864 -0.286694 -0 0.434492 0.781375
-0.746864 -0.286694 -0 0.434492 0.781375
-0.760845 -0.247214 -0 0.442711 0.775844
-0.93358 -0.358368 -0 0.429848 0.721279
-0.760845 -0.247214 -0 0.442711 0.775844
-0.951057 -0.309017 -0 0.438861 0.716053
-0.93358 -0.358368 -0 0.429848 0.721279
-0.93358 -0.358368 -0 0.429848 0.721279
-0.951057 -0.309017 -0 0.438861 0.716053
-1.1203 -0.430042 -0 0.426257 0.674802
-0.951057 -0.309017 -0 0.438861 0.716053
-1.14127 -0.37082 -0 0.43589 0.669902
-1.1203 -0.430042 -0 0.426257 0.674802
-1.1203 -0.430042 -0 0.426257 0.674802
-1.14127 -0.37082 -0 0.43589 0.669902
-1.30701 -0.501715 -0 0.423397 0.637786
-1.14127 -0.37082 -0 0.43589 0.669902
-1.33148 -0.432624 -0 0.433527 0.633202
-1.30701 -0.501715 -0 0.423397 0.637786
-1.30701 -0.501715 -0 0.423397 0.637786
-1.33148 -0.432624 -0 0.433527 0.633202
-1.49373 -0.573389 -0 0.421065 0.607609
-1.33148 -0.432624 -0 0.433527 0.633202
-1.52169 -0.494427 -0 0.431603 0.603319
-1.49373 -0.573389 -0 0.421065 0.607609
-1.49373 -0.573389 -0 0.421065 0.607609
-1.52169 -0.494427 -0 0.431603 0.603319
-1.68044 -0.645062 -0 0.419128 0.582535
-1.52169 -0.494427 -0 0.431603 0.603319
-1.7119 -0.556231 -0 0.430006 0.578515
-1.68044 -0.645062 -0 0.419128 0.582535
-1.68044 -0.645062 -0 0.419128 0.582535
-1.7119 -0.556231 -0 0.430006 0.578515
-1.86716 -0.716736 -0 0.417493 0.561372
-1.7119 -0.556231 -0 0.430006 0.578515
-1.90211 -0.618034 -0 0.428659 0.557597
-1.86716 -0.716736 -0 0.417493 0.561372
-1.86716 -0.716736 -0 0.417493 0.561372
-1.90211 -0.618034 -0 0.428659 0.557597
-2.05388 -0.788409 -0 0.416094 0.543271
-1.90211 -0.618034 -0 0.428659 0.557597
-2.09232 -0.679837 -0 0.427507 0.539718
-2.05388 -0.788409 -0 0.416094 0.543271
-2.05388 -0.788409 -0 0.416094 0.543271
-2.09232 -0.679837 -0 0.427507 0.539718
-2.4312 -0.933249 0.04 0.413139 0.509474
-2.09232 -0.679837 -0 0.427507 0.539718
-2.47671 -0.804731 0.04 0.425067 0.506356
-2.4312 -0.933249 0.04 0.413139 0.509474
-2.4312 -0.933249 0.04 0.413139 0.509474
-2.47671 -0.804731 0.04 0.425067 0.506356
-2.61791 -1.00492 0.16 0.410279 0.485121
-2.47671 -0.804731 0.04 0.425067 0.506356
-2.66692 -0.866534 0.16 0.422686 0.482324
-2.61791 -1.00492 0.16 0.410279 0.485121
-2.61791 -1.00492 0.16 0.410279 0.485121
-2.66692 -0.866534 0.16 0.422686 0.482324
-2.80463 -1.0766 0.36 0.40627 0.453824
-2.66692 -0.866534 0.16 0.422686 0.482324
-2.85713 -0.928337 0.36 0.419347 0.451476
-2.80463 -1.0766 0.36 0.40627 0.453824
-2.80463 -1.0766 0.36 0.40627 0.453824
-2.85713 -0.928337 0.36 0.419347 0.451476
-2.99134 -1.14827 0.64 0.400998 0.414559
-2.85713 -0.928337 0.36 0.419347 0.451476
-3.04734 -0.990141 0.64 0.41496 0.412845
-2.99134 -1.14827 0.64 0.400998 0.414559
-2.99134 -1.14827 0.64 0.400998 0.414559
-3.04734 -0.990141 0.64 0.41496 0.412845
-3.17806 -1.21994 1 0.394235 0.365605
-3.04734 -0.990141 0.64 0.41496 0.412845
-3.23755 -1.05194 1 0.409343 0.364803
-3.17806 -1.21994 1 0.394235 0.365605
-3.17806 -1.21994 1 0.394235 0.365605
-3.23755 -1.05194 1 0.409343 0.364803
-3.36478 -1.29162 1.44 0.385606 0.304287
-3.23755 -1.05194 1 0.409343 0.364803
-3.42776 -1.11375 1.44 0.402197 0.304824
-3.36478 -1.29162 1.44 0.385606 0.304287
-3.36478 -1.29162 1.44 0.385606 0.304287
-3.42776 -1.11375 1.44 0.402197 0.304824
-3.55149 -1.36329 1.96 0.37452 0.226475
-3.42776 -1.11375 1.44 0.402197 0.304824
-3.61797 -1.17555 1.96 0.393052 0.22903
-3.55149 -1.36329 1.96 0.37452 0.226475
-3.55149 -1.36329 1.96 0.37452 0.226475
-3.61797 -1.17555 1.96 0.393052 0.22903
-3.73821 -1.43496 2.56 0.360029 0.125622
-3.61797 -1.17555 1.96 0.393052 0.22903
-3.80819 -1.23735 2.56 0.381161 0.131325
-3.73821 -1.43496 2.56 0.360029 0.125622
-0.365418 -0.162695 -0 0.443801 0.982779
-0.373432 -0.143347 -0 0.449553 0.976298
-0.548127 -0.244042 -0 0.433456 0.868761
-0.373432 -0.143347 -0 0.449553 0.976298
-0.560148 -0.215021 -0 0.440729 0.862105
-0.548127 -0.244042 -0 0.433456 0.868761
-0.548127 -0.244042 -0 0.433456 0.868761
-0.560148 -0.215021 -0 0.440729 0.862105
-0.730836 -0.325389 -0 0.426112 0.78782
-0.560148 -0.215021 -0 0.440729 0.862105
-0.746864 -0.286694 -0 0.434492 0.781375
-0.730836 -0.325389 -0 0.426112 0.78782
-0.730836 -0.325389 -0 0.426112 0.78782
-0.746864 -0.286694 -0 0.434492 0.781375
-0.913545 -0.406737 -0 0.420629 0.727386
-0.746864 -0.286694 -0 0.434492 0.781375
-0.93358 -0.358368 -0 0.429848 0.721279
-0.913545 -0.406737 -0 0.420629 0.727386
-0.913545 -0.406737 -0 0.420629 0.727386
-0.93358 -0.358368 -0 0.429848 0.721279
-1.09625 -0.488084 -0 0.416379 0.680542
-0.93358 -0.358368 -0 0.429848 0.721279
-1.1203 -0.430042 -0 0.426257 0.674802
-1.09625 -0.488084 -0 0.416379 0.680542
-1.09625 -0.488084 -0 0.416379 0.680542
-1.1203 -0.430042 -0 0.426257 0.674802
-1.27896 -0.569431 -0 0.412988 0.643167
-1.1203 -0.430042 -0 0.426257 0.674802
-1.30701 -0.501715 -0 0.423397 0.637786
-1.27896 -0.569431 -0 0.412988 0.643167
-1.27896 -0.569431 -0 0.412988 0.643167
-1.30701 -0.501715 -0 0.423397 0.637786
-1.46167 -0.650779 -0 0.41022 0.612654
-1.30701 -0.501715 -0 0.423397 0.637786
-1.49373 -0.573389 -0 0.421065 0.607609
-1.46167 -0.650779 -0 0.41022 0.612654
-1.46167 -0.650779 -0 0.41022 0.612654
-1.49373 -0.573389 -0 0.421065 0.607609
-1.64438 -0.732126 -0 0.407917 0.587272
-1.49373 -0.573389 -0 0.421065 0.607609
-1.68044 -0.645062 -0 0.419128 0.582535
-1.64438 -0.732126 -0 0.407917 0.587272
-1.64438 -0.732126 -0 0.407917 0.587272
-1.68044 -0.645062 -0 0.419128 0.582535
-1.82709 -0.813473 -0 0.405971 0.565827
-1.68044 -0.645062 -0 0.419128 0.582535
-1.86716 -0.716736 -0 0.417493 0.561372
-1.82709 -0.813473 -0 0.405971 0.565827
-1.82709 -0.813473 -0 0.405971 0.565827
-1.86716 -0.716736 -0 0.417493 0.561372
-2.0098 -0.894821 -0 0.404305 0.547469
-1.86716 -0.716736 -0 0.417493 0.561372
-2.05388 -0.788409 -0 0.416094 0.543271
-2.0098 -0.894821 -0 0.404305 0.547469
-2.0098 -0.894821 -0 0.404305 0.547469
-2.05388 -0.788409 -0 0.416094 0.543271
-2.37902 -1.05921 0.04 0.400794 0.513169
-2.05388 -0.788409 -0 0.416094 0.543271
-2.4312 -0.933249 0.04 0.413139 0.509474
-2.37902 -1.05921 0.04 0.400794 0.513169
-2.37902 -1.05921 0.04 0.400794 0.513169
-2.4312 -0.933249 0.04 0.413139 0.509474
-2.56173 -1.14056 0.16 0.397413 0.488446
-2.4312 -0.933249 0.04 0.413139 0.509474
-2.61791 -1.00492 0.16 0.410279 0.485121
-2.56173 -1.14056 0.16 0.397413 0.488446
-2.56173 -1.14056 0.16 0.397413 0.488446
-2.61791 -1.00492 0.16 0.410279 0.485121
-2.74444 -1.2219 0.36 0.392674 0.45663
-2.61791 -1.00492 0.16 0.410279 0.485121
-2.80463 -1.0766 0.36 0.40627 0.453824
-2.74444 -1.2219 0.36 0.392674 0.45663
-2.74444 -1.2219 0.36 0.392674 0.45663
-2.80463 -1.0766 0.36 0.40627 0.453824
-2.92715 -1.30325 0.64 0.386431 0.416625
-2.80463 -1.0766 0.36 0.40627 0.453824
-2.99134 -1.14827 0.64 0.400998 0.414559
-2.92715 -1.30325 0.64 0.386431 0.416625
-2.92715 -1.30325 0.64 0.386431 0.416625
-2.99134 -1.14827 0.64 0.400998 0.414559
-3.10986 -1.3846 1 0.378403 0.366602
-2.99134 -1.14827 0.64 0.400998 0.414559
-3.17806 -1.21994 1 0.394235 0.365605
-3.10986 -1.3846 1 0.378403 0.366602
-3.10986 -1.3846 1 0.378403 0.366602
-3.17806 -1.21994 1 0.394235 0.365605
-3.29257 -1.46595 1.44 0.368124 0.303702
-3.17806 -1.21994 1 0.394235 0.365605
-3.36478 -1.29162 1.44 0.385606 0.304287
-3.29257 -1.46595 1.44 0.368124 0.303702
-3.29257 -1.46595 1.44 0.368124 0.303702
-3.36478 -1.29162 1.44 0.385606 0.304287
-3.47528 -1.54729 1.96 0.354853 0.223482
-3.36478 -1.29162 1.44 0.385606 0.304287
-3.55149 -1.36329 1.96 0.37452 0.226475
-3.47528 -1.54729 1.96 0.354853 0.223482
-3.47528 -1.54729 1.96 0.354853 0.223482
-3.55149 -1.36329 1.96 0.37452 0.226475
-3.65798 -1.62864 2.56 0.337397 0.118829
-3.55149 -1.36329 1.96 0.37452 0.226475
-3.73821 -1.43496 2.56 0.360029 0.125622
-3.65798 -1.62864 2.56 0.337397 0.118829
-0.356403 -0.181596 -0 0.437996 0.99016
-0.365418 -0.162695 -0 0.443801 0.982779
-0.534604 -0.272394 -0 0.426061 0.876382
-0.365418 -0.162695 -0 0.443801 0.982779
-0.548127 -0.244042 -0 0.433456 0.868761
-0.534604 -0.272394 -0 0.426061 0.876382
-0.534604 -0.272394 -0 0.426061 0.876382
-0.548127 -0.244042 -0 0.433456 0.868761
-0.712805 -0.363192 -0 0.417549 0.795231
-0.548127 -0.244042 -0 0.433456 0.868761
-0.730836 -0.325389 -0 0.426112 0.78782
-0.712805 -0.363192 -0 0.417549 0.795231
-0.712805 -0.363192 -0 0.417549 0.795231
-0.730836 -0.325389 -0 0.426112 0.78782
-0.891007 -0.453991 -0 0.411171 0.734432
-0.730836 -0.325389 -0 0.426112 0.78782
-0.913545 -0.406737 -0 0.420629 0.727386
-0.891007 -0.453991 -0 0.411171 0.734432
-0.891007 -0.453991 -0 0.411171 0.734432
-0.913545 -0.406737 -0 0.420629 0.727386
-1.06921 -0.544789 -0 0.406215 0.687182
-0.913545 -0.406737 -0 0.420629 0.727386
-1.09625 -0.488084 -0 0.416379 0.680542
-1.06921 -0.544789 -0 0.406215 0.687182
-1.06921 -0.544789 -0 0.406215 0.687182
-1.09625 -0.488084 -0 0.416379 0.680542
-1.24741 -0.635587 -0 0.402252 0.649406
-1.09625 -0.488084 -0 0.416379 0.680542
-1.27896 -0.569431 -0 0.412988 0.643167
-1.24741 -0.635587 -0 0.402252 0.649406
-1.24741 -0.635587 -0 0.402252 0.649406
-1.27896 -0.569431 -0 0.412988 0.643167
-1.42561 -0.726385 -0 0.399012 0.618514
-1.27896 -0.569431 -0 0.412988 0.643167
-1.46167 -0.650779 -0 0.41022 0.612654
-1.42561 -0.726385 -0 0.399012 0.618514
-1.42561 -0.726385 -0 0.399012 0.618514
-1.46167 -0.650779 -0 0.41022 0.612654
-1.60381 -0.817183 -0 0.396313 0.592782
-1.46167 -0.650779 -0 0.41022 0.612654
-1.64438 -0.732126 -0 0.407917 0.587272
-1.60381 -0.817183 -0 0.396313 0.592782
-1.60381 -0.817183 -0 0.396313 0.592782
-1.64438 -0.732126 -0 0.407917 0.587272
-1.78201 -0.907981 -0 0.394029 0.571017
-1.64438 -0.732126 -0 0.407917 0.587272
-1.82709 -0.813473 -0 0.405971 0.565827
-1.78201 -0.907981 -0 0.394029 0.571017
-1.78201 -0.907981 -0 0.394029 0.571017
-1.82709 -0.813473 -0 0.405971 0.565827
-1.96021 -0.998779 -0 0.392073 0.552366
-1.82709 -0.813473 -0 0.405971 0.565827
-2.0098 -0.894821 -0 0.404305 0.547469
-1.96021 -0.998779 -0 0.392073 0.552366
-1.96021 -0.998779 -0 0.392073 0.552366
-2.0098 -0.894821 -0 0.404305 0.547469
-2.32033 -1.18227 0.04 0.387954 0.517493
-2.0098 -0.894821 -0 0.404305 0.547469
-2.37902 -1.05921 0.04 0.400794 0.513169
-2.32033 -1.18227 0.04 0.387954 0.517493
-2.32033 -1.18227 0.04 0.387954 0.517493
-2.37902 -1.05921 0.04 0.400794 0.513169
-2.49853 -1.27306 0.16 0.384002 0.492348
-2.37902 -1.05921 0.04 0.400794 0.513169
-2.56173 -1.14056 0.16 0.397413 0.488446
-2.49853 -1.27306 0.16 0.384002 0.492348
-2.49853 -1.27306 0.16 0.384002 0.492348
-2.56173 -1.14056 0.16 0.397413 0.488446
-2.67673 -1.36386 0.36 0.378457 0.459937
-2.56173 -1.14056 0.16 0.397413 0.488446
-2.74444 -1.2219 0.36 0.392674 0.45663
-2.67673 -1.36386 0.36 0.378457 0.459937
-2.67673 -1.36386 0.36 0.378457 0.459937
-2.74444 -1.2219 0.36 0.392674 0.45663
-2.85493 -1.45466 0.64 0.371139 0.419081
-2.74444 -1.2219 0.36 0.392674 0.45663
-2.92715 -1.30325 0.64 0.386431 0.416625
-2.85493 -1.45466 0.64 0.371139 0.419081
-2.85493 -1.45466 0.64 0.371139 0.419081
-2.92715 -1.30325 0.64 0.386431 0.416625
-3.03313 -1.54546 1 0.361697 0.367814
-2.92715 -1.30325 0.64 0.386431 0.416625
-3.10986 -1.3846 1 0.378403 0.366602
-3.03313 -1.54546 1 0.361697 0.367814
-3.03313 -1.54546 1 0.361697 0.367814
-3.10986 -1.3846 1 0.378403 0.366602
-3.21133 -1.63626 1.44 0.349556 0.303059
-3.10986 -1.3846 1 0.378403 0.366602
-3.29257 -1.46595 1.44 0.368124 0.303702
-3.21133 -1.63626 1.44 0.349556 0.303059
-3.21133 -1.63626 1.44 0.349556 0.303059
-3.29257 -1.46595 1.44 0.368124 0.303702
-3.38953 -1.72705 1.96 0.333792 0.219985
-3.29257 -1.46595 1.44 0.368124 0.303702
-3.47528 -1.54729 1.96 0.354853 0.223482
-3.38953 -1.72705 1.96 0.333792 0.219985
-3.38953 -1.72705 1.96 0.333792 0.219985
-3.47528 -1.54729 1.96 0.354853 0.223482
-3.56774 -1.81785 2.56 0.312898 0.110769
-3.47528 -1.54729 1.96 0.354853 0.223482
-3.65798 -1.62864 2.56 0.337397 0.118829
-3.56774 -1.81785 2.56 0.312898 0.110769
-0.34641 -0.2 -0 0.432132 0.998474
-0.356403 -0.181596 -0 0.437996 0.99016
-0.519615 -0.3 -0 0.418528 0.885022
-0.356403 -0.181596 -0 0.437996 0.99016
-0.534604 -0.272394 -0 0.426061 0.876382
-0.519615 -0.3 -0 0.418528 0.885022
-0.519615 -0.3 -0 0.418528 0.885022
-0.534604 -0.272394 -0 0.426061 0.876382
-0.69282 -0.4 -0 0.408774 0.803671
-0.534604 -0.272394 -0 0.426061 0.876382
-0.712805 -0.363192 -0 0.417549 0.795231
-0.69282 -0.4 -0 0.408774 0.803671
-0.69282 -0.4 -0 0.408774 0.803671
-0.712805 -0.363192 -0 0.417549 0.795231
-0.866025 -0.5 -0 0.401437 0.742484
-0.712805 -0.363192 -0 0.417549 0.795231
-0.891007 -0.453991 -0 0.411171 0.734432
-0.866025 -0.5 -0 0.401437 0.742484
-0.866025 -0.5 -0 0.401437 0.742484
-0.891007 -0.453991 -0 0.411171 0.734432
-1.03923 -0.6 -0 0.395718 0.694792
-0.891007 -0.453991 -0 0.411171 0.734432
-1.06921 -0.544789 -0 0.406215 0.687182
-1.03923 -0.6 -0 0.395718 0.694792
-1.03923 -0.6 -0 0.395718 0.694792
-1.06921 -0.544789 -0 0.406215 0.687182
-1.21244 -0.7 -0 0.391136 0.656573
-1.06921 -0.544789 -0 0.406215 0.687182
-1.24741 -0.635587 -0 0.402252 0.649406
-1.21244 -0.7 -0 0.391136 0.656573
-1.21244 -0.7 -0 0.391136 0.656573
-1.24741 -0.635587 -0 0.402252 0.649406
-1.38564 -0.8 -0 0.387381 0.62526
-1.24741 -0.635587 -0 0.402252 0.649406
-1.42561 -0.726385 -0 0.399012 0.618514
-1.38564 -0.8 -0 0.387381 0.62526
-1.38564 -0.8 -0 0.387381 0.62526
-1.42561 -0.726385 -0 0.399012 0.618514
-1.55885 -0.9 -0 0.384249 0.599136
-1.42561 -0.726385 -0 0.399012 0.618514
-1.60381 -0.817183 -0 0.396313 0.592782
-1.55885 -0.9 -0 0.384249 0.599136
-1.55885 -0.9 -0 0.384249 0.599136
-1.60381 -0.817183 -0 0.396313 0.592782
-1.73205 -1 -0 0.381596 0.577011
-1.60381 -0.817183 -0 0.396313 0.592782
-1.78201 -0.907981 -0 0.394029 0.571017
-1.73205 -1 -0 0.381596 0.577011
-1.73205 -1 -0 0.381596 0.577011
-1.78201 -0.907981 -0 0.394029 0.571017
-1.90526 -1.1 -0 0.37932 0.55803
-1.78201 -0.907981 -0 0.394029 0.571017
-1.96021 -0.998779 -0 0.392073 0.552366
-1.90526 -1.1 -0 0.37932 0.55803
-1.90526 -1.1 -0 0.37932 0.55803
-1.96021 -0.998779 -0 0.392073 0.552366
-2.25527 -1.30208 0.04 0.374531 0.522508
-1.96021 -0.998779 -0 0.392073 0.552366
-2.32033 -1.18227 0.04 0.387954 0.517493
-2.25527 -1.30208 0.04 0.374531 0.522508
-2.25527 -1.30208 0.04 0.374531 0.522508
-2.32033 -1.18227 0.04 0.387954 0.517493
-2.42848 -1.40208 0.16 0.369945 0.496886
-2.32033 -1.18227 0.04 0.387954 0.517493
-2.49853 -1.27306 0.16 0.384002 0.492348
-2.42848 -1.40208 0.16 0.369945 0.496886
-2.42848 -1.40208 0.16 0.369945 0.496886
-2.49853 -1.27306 0.16 0.384002 0.492348
-2.60168 -1.50208 0.36 0.363504 0.463799
-2.49853 -1.27306 0.16 0.384002 0.492348
-2.67673 -1.36386 0.36 0.378457 0.459937
-2.60168 -1.50208 0.36 0.363504 0.463799
-2.60168 -1.50208 0.36 0.363504 0.463799
-2.67673 -1.36386 0.36 0.378457 0.459937
-2.77489 -1.60208 0.64 0.35498 0.421969
-2.67673 -1.36386 0.36 0.378457 0.459937
-2.85493 -1.45466 0.64 0.371139 0.419081
-2.77489 -1.60208 0.64 0.35498 0.421969
-2.77489 -1.60208 0.64 0.35498 0.421969
-2.85493 -1.45466 0.64 0.371139 0.419081
-2.94809 -1.70208 1 0.343941 0.369269
-2.85493 -1.45466 0.64 0.371139 0.419081
-3.03313 -1.54546 1 0.361697 0.367814
-2.94809 -1.70208 1 0.343941 0.369269
-2.94809 -1.70208 1 0.343941 0.369269
-3.03313 -1.54546 1 0.361697 0.367814
-3.1213 -1.80208 1.44 0.329672 0.302349
-3.03313 -1.54546 1 0.361697 0.367814
-3.21133 -1.63626 1.44 0.349556 0.303059
-3.1213 -1.80208 1.44 0.329672 0.302349
-3.1213 -1.80208 1.44 0.329672 0.302349
-3.21133 -1.63626 1.44 0.349556 0.303059
-3.2945 -1.90208 1.96 0.31102 0.215903
-3.21133 -1.63626 1.44 0.349556 0.303059
-3.38953 -1.72705 1.96 0.333792 0.219985
-3.2945 -1.90208 1.96 0.31102 0.215903
-3.2945 -1.90208 1.96 0.31102 0.215903
-3.38953 -1.72705 1.96 0.333792 0.219985
-3.46771 -2.00208 2.56 0.286074 0.101211
-3.38953 -1.72705 1.96 0.333792 0.219985
-3.56774 -1.81785 2.56 0.312898 0.110769
-3.46771 -2.00208 2.56 0.286074 0.101211
-0.34641 -0.2 -0 0.432132 0.998474
-0.519615 -0.3 -0 0.418528 0.885022
-0.503202 -0.326783 -0 0.410841 0.894741
-0.503202 -0.326783 -0 0.410841 0.894741
-0.519615 -0.3 -0 0.418528 0.885022
-0.670936 -0.435711 -0 0.399759 0.813212
-0.519615 -0.3 -0 0.418528 0.885022
-0.69282 -0.4 -0 0.408774 0.803671
-0.670936 -0.435711 -0 0.399759 0.813212
-0.670936 -0.435711 -0 0.399759 0.813212
-0.69282 -0.4 -0 0.408774 0.803671
-0.838671 -0.544639 -0 0.391387 0.751623
-0.69282 -0.4 -0 0.408774 0.803671
-0.866025 -0.5 -0 0.401437 0.742484
-0.838671 -0.544639 -0 0.391387 0.751623
-0.838671 -0.544639 -0 0.391387 0.751623
-0.866025 -0.5 -0 0.401437 0.742484
-1.0064 -0.653567 -0 0.384839 0.703455
-0.866025 -0.5 -0 0.401437 0.742484
-1.03923 -0.6 -0 0.395718 0.694792
-1.0064 -0.653567 -0 0.384839 0.703455
-1.0064 -0.653567 -0 0.384839 0.703455
-1.03923 -0.6 -0 0.395718 0.694792
-1.17414 -0.762495 -0 0.379579 0.664753
-1.03923 -0.6 -0 0.395718 0.694792
-1.21244 -0.7 -0 0.391136 0.656573
-1.17414 -0.762495 -0 0.379579 0.664753
-1.17414 -0.762495 -0 0.379579 0.664753
-1.21244 -0.7 -0 0.391136 0.656573
-1.34187 -0.871422 -0 0.375259 0.632976
-1.21244 -0.7 -0 0.391136 0.656573
-1.38564 -0.8 -0 0.387381 0.62526
-1.34187 -0.871422 -0 0.375259 0.632976
-1.34187 -0.871422 -0 0.375259 0.632976
-1.38564 -0.8 -0 0.387381 0.62526
-1.50961 -0.98035 -0 0.371649 0.606417
-1.38564 -0.8 -0 0.387381 0.62526
-1.55885 -0.9 -0 0.384249 0.599136
-1.50961 -0.98035 -0 0.371649 0.606417
-1.50961 -0.98035 -0 0.371649 0.606417
-1.55885 -0.9 -0 0.384249 0.599136
-1.67734 -1.08928 -0 0.368587 0.58389
-1.55885 -0.9 -0 0.384249 0.599136
-1.73205 -1 -0 0.381596 0.577011
-1.67734 -1.08928 -0 0.368587 0.58389
-1.67734 -1.08928 -0 0.368587 0.58389
-1.73205 -1 -0 0.381596 0.577011
-1.84508 -1.19821 -0 0.365957 0.56454
-1.73205 -1 -0 0.381596 0.577011
-1.90526 -1.1 -0 0.37932 0.55803
-1.84508 -1.19821 -0 0.365957 0.56454
-1.84508 -1.19821 -0 0.365957 0.56454
-1.90526 -1.1 -0 0.37932 0.55803
-2.18404 -1.41833 0.04 0.360422 0.528289
-1.90526 -1.1 -0 0.37932 0.55803
-2.25527 -1.30208 0.04 0.374531 0.522508
-2.18404 -1.41833 0.04 0.360422 0.528289
-2.18404 -1.41833 0.04 0.360422 0.528289
-2.25527 -1.30208 0.04 0.374531 0.522508
-2.35177 -1.52726 0.16 0.355128 0.502133
-2.25527 -1.30208 0.04 0.374531 0.522508
-2.42848 -1.40208 0.16 0.369945 0.496886
-2.35177 -1.52726 0.16 0.355128 0.502133
-2.35177 -1.52726 0.16 0.355128 0.502133
-2.42848 -1.40208 0.16 0.369945 0.496886
-2.5195 -1.63618 0.36 0.347678 0.468285
-2.42848 -1.40208 0.16 0.369945 0.496886
-2.60168 -1.50208 0.36 0.363504 0.463799
-2.5195 -1.63618 0.36 0.347678 0.468285
-2.5195 -1.63618 0.36 0.347678 0.468285
-2.60168 -1.50208 0.36 0.363504 0.463799
-2.68724 -1.74511 0.64 0.337788 0.425348
-2.60168 -1.50208 0.36 0.363504 0.463799
-2.77489 -1.60208 0.64 0.35498 0.421969
-2.68724 -1.74511 0.64 0.337788 0.425348
-2.68724 -1.74511 0.64 0.337788 0.425348
-2.77489 -1.60208 0.64 0.35498 0.421969
-2.85497 -1.85404 1 0.324921 0.370999
-2.77489 -1.60208 0.64 0.35498 0.421969
-2.94809 -1.70208 1 0.343941 0.369269
-2.85497 -1.85404 1 0.324921 0.370999
-2.85497 -1.85404 1 0.324921 0.370999
-2.94809 -1.70208 1 0.343941 0.369269
-3.02271 -1.96297 1.44 0.308188 0.30156
-2.94809 -1.70208 1 0.343941 0.369269
-3.1213 -1.80208 1.44 0.329672 0.302349
-3.02271 -1.96297 1.44 0.308188 0.30156
-3.02271 -1.96297 1.44 0.308188 0.30156
-3.1213 -1.80208 1.44 0.329672 0.302349
-3.19044 -2.0719 1.96 0.286142 0.21113
-3.1213 -1.80208 1.44 0.329672 0.302349
-3.2945 -1.90208 1.96 0.31102 0.215903
-3.19044 -2.0719 1.96 0.286142 0.21113
-3.19044 -2.0719 1.96 0.286142 0.21113
-3.2945 -1.90208 1.96 0.31102 0.215903
-3.35817 -2.18082 2.56 0.256339 0.0898501
-3.2945 -1.90208 1.96 0.31102 0.215903
-3.46771 -2.00208 2.56 0.286074 0.101211
-3.35817 -2.18082 2.56 0.256339 0.0898501
-0.48541 -0.352671 -0 0.402981 0.905609
-0.503202 -0.326783 -0 0.410841 0.894741
-0.647214 -0.470228 -0 0.390472 0.823941
-0.503202 -0.326783 -0 0.410841 0.894741
-0.670936 -0.435711 -0 0.399759 0.813212
-0.647214 -0.470228 -0 0.390472 0.823941
-0.647214 -0.470228 -0 0.390472 0.823941
-0.670936 -0.435711 -0 0.399759 0.813212
-0.809017 -0.587785 -0 0.380975 0.761943
-0.670936 -0.435711 -0 0.399759 0.813212
-0.838671 -0.544639 -0 0.391387 0.751623
-0.809017 -0.587785 -0 0.380975 0.761943
-0.809017 -0.587785 -0 0.380975 0.761943
-0.838671 -0.544639 -0 0.391387 0.751623
-0.97082 -0.705342 -0 0.37352 0.713272
-0.838671 -0.544639 -0 0.391387 0.751623
-1.0064 -0.653567 -0 0.384839 0.703455
-0.97082 -0.705342 -0 0.37352 0.713272
-0.97082 -0.705342 -0 0.37352 0.713272
-1.0064 -0.653567 -0 0.384839 0.703455
-1.13262 -0.822899 -0 0.367512 0.674047
-1.0064 -0.653567 -0 0.384839 0.703455
-1.17414 -0.762495 -0 0.379579 0.664753
-1.13262 -0.822899 -0 0.367512 0.674047
-1.13262 -0.822899 -0 0.367512 0.674047
-1.17414 -0.762495 -0 0.379579 0.664753
-1.29443 -0.940456 -0 0.362567 0.641763
-1.17414 -0.762495 -0 0.379579 0.664753
-1.34187 -0.871422 -0 0.375259 0.632976
-1.29443 -0.940456 -0 0.362567 0.641763
-1.29443 -0.940456 -0 0.362567 0.641763
-1.34187 -0.871422 -0 0.375259 0.632976
-1.45623 -1.05801 -0 0.358426 0.614726
-1.34187 -0.871422 -0 0.375259 0.632976
-1.50961 -0.98035 -0 0.371649 0.606417
-1.45623 -1.05801 -0 0.358426 0.614726
-1.45623 -1.05801 -0 0.358426 0.614726
-1.50961 -0.98035 -0 0.371649 0.606417
-1.61803 -1.17557 -0 0.354907 0.591754
-1.50961 -0.98035 -0 0.371649 0.606417
-1.67734 -1.08928 -0 0.368587 0.58389
-1.61803 -1.17557 -0 0.354907 0.591754
-1.61803 -1.17557 -0 0.354907 0.591754
-1.67734 -1.08928 -0 0.368587 0.58389
-1.77984 -1.29313 -0 0.35188 0.571993
-1.67734 -1.08928 -0 0.368587 0.58389
-1.84508 -1.19821 -0 0.365957 0.56454
-1.77984 -1.29313 -0 0.35188 0.571993
-1.77984 -1.29313 -0 0.35188 0.571993
-1.84508 -1.19821 -0 0.365957 0.56454
-2.10681 -1.53069 0.04 0.345508 0.534931
-1.84508 -1.19821 -0 0.365957 0.56454
-2.18404 -1.41833 0.04 0.360422 0.528289
-2.10681 -1.53069 0.04 0.345508 0.534931
-2.10681 -1.53069 0.04 0.345508 0.534931
-2.18404 -1.41833 0.04 0.360422 0.528289
-2.26862 -1.64825 0.16 0.339413 0.508179
-2.18404 -1.41833 0.04 0.360422 0.528289
-2.35177 -1.52726 0.16 0.355128 0.502133
-2.26862 -1.64825 0.16 0.339413 0.508179
-2.26862 -1.64825 0.16 0.339413 0.508179
-2.35177 -1.52726 0.16 0.355128 0.502133
-2.43042 -1.7658 0.36 0.330817 0.473477
-2.35177 -1.52726 0.16 0.355128 0.502133
-2.5195 -1.63618 0.36 0.347678 0.468285
-2.43042 -1.7658 0.36 0.330817 0.473477
-2.43042 -1.7658 0.36 0.330817 0.473477
-2.5195 -1.63618 0.36 0.347678 0.468285
-2.59222 -1.88336 0.64 0.319361 0.429285
-2.5195 -1.63618 0.36 0.347678 0.468285
-2.68724 -1.74511 0.64 0.337788 0.425348
-2.59222 -1.88336 0.64 0.319361 0.429285
-2.59222 -1.88336 0.64 0.319361 0.429285
-2.68724 -1.74511 0.64 0.337788 0.425348
-2.75403 -2.00092 1 0.304377 0.373047
-2.68724 -1.74511 0.64 0.337788 0.425348
-2.85497 -1.85404 1 0.324921 0.370999
-2.75403 -2.00092 1 0.304377 0.373047
-2.75403 -2.00092 1 0.304377 0.373047
-2.85497 -1.85404 1 0.324921 0.370999
-2.91583 -2.11847 1.44 0.284754 0.300676
-2.85497 -1.85404 1 0.324921 0.370999
-3.02271 -1.96297 1.44 0.308188 0.30156
-2.91583 -2.11847 1.44 0.284754 0.300676
-2.91583 -2.11847 1.44 0.284754 0.300676
-3.02271 -1.96297 1.44 0.308188 0.30156
-3.07763 -2.23603 1.96 0.258655 0.205529
-3.02271 -1.96297 1.44 0.308188 0.30156
-3.19044 -2.0719 1.96 0.286142 0.21113
-3.07763 -2.23603 1.96 0.258655 0.205529
-3.07763 -2.23603 1.96 0.258655 0.205529
-3.19044 -2.0719 1.96 0.286142 0.21113
-3.23944 -2.35359 2.56 0.222924 0.0762807
-3.19044 -2.0719 1.96 0.286142 0.21113
-3.35817 -2.18082 2.56 0.256339 0.0898501
-3.23944 -2.35359 2.56 0.222924 0.0762807
-0.466288 -0.377592 -0 0.394928 0.917705
-0.48541 -0.352671 -0 0.402981 0.905609
-0.621717 -0.503456 -0 0.380877 0.835957
-0.48541 -0.352671 -0 0.402981 0.905609
-0.647214 -0.470228 -0 0.390472 0.823941
-0.621717 -0.503456 -0 0.380877 0.835957
-0.621717 -0.503456 -0 0.380877 0.835957
-0.647214 -0.470228 -0 0.390472 0.823941
-0.777146 -0.62932 -0 0.370151 0.773555
-0.647214 -0.470228 -0 0.390472 0.823941
-0.809017 -0.587785 -0 0.380975 0.761943
-0.777146 -0.62932 -0 0.370151 0.773555
-0.777146 -0.62932 -0 0.370151 0.773555
-0.809017 -0.587785 -0 0.380975 0.761943
-0.932575 -0.755184 -0 0.361695 0.724359
-0.809017 -0.587785 -0 0.380975 0.761943
-0.97082 -0.705342 -0 0.37352 0.713272
-0.932575 -0.755184 -0 0.361695 0.724359
-0.932575 -0.755184 -0 0.361695 0.724359
-0.97082 -0.705342 -0 0.37352 0.713272
-1.088 -0.881049 -0 0.354858 0.684577
-0.97082 -0.705342 -0 0.37352 0.713272
-1.13262 -0.822899 -0 0.367512 0.674047
-1.088 -0.881049 -0 0.354858 0.684577
-1.088 -0.881049 -0 0.354858 0.684577
-1.13262 -0.822899 -0 0.367512 0.674047
-1.24343 -1.00691 -0 0.349214 0.651743
-1.13262 -0.822899 -0 0.367512 0.674047
-1.29443 -0.940456 -0 0.362567 0.641763
-1.24343 -1.00691 -0 0.349214 0.651743
-1.24343 -1.00691 -0 0.349214 0.651743
-1.29443 -0.940456 -0 0.362567 0.641763
-1.39886 -1.13278 -0 0.344478 0.624184
-1.29443 -0.940456 -0 0.362567 0.641763
-1.45623 -1.05801 -0 0.358426 0.614726
-1.39886 -1.13278 -0 0.344478 0.624184
-1.39886 -1.13278 -0 0.344478 0.624184
-1.45623 -1.05801 -0 0.358426 0.614726
-1.55429 -1.25864 -0 0.340445 0.600722
-1.45623 -1.05801 -0 0.358426 0.614726
-1.61803 -1.17557 -0 0.354907 0.591754
-1.55429 -1.25864 -0 0.340445 0.600722
-1.55429 -1.25864 -0 0.340445 0.600722
-1.61803 -1.17557 -0 0.354907 0.591754
-1.70972 -1.3845 -0 0.33697 0.580507
-1.61803 -1.17557 -0 0.354907 0.591754
-1.77984 -1.29313 -0 0.35188 0.571993
-1.70972 -1.3845 -0 0.33697 0.580507
-1.70972 -1.3845 -0 0.33697 0.580507
-1.77984 -1.29313 -0 0.35188 0.571993
-2.02381 -1.63885 0.04 0.329647 0.542544
-1.77984 -1.29313 -0 0.35188 0.571993
-2.10681 -1.53069 0.04 0.345508 0.534931
-2.02381 -1.63885 0.04 0.329647 0.542544
-2.02381 -1.63885 0.04 0.329647 0.542544
-2.10681 -1.53069 0.04 0.345508 0.534931
-2.17924 -1.76472 0.16 0.322639 0.515132
-2.10681 -1.53069 0.04 0.345508 0.534931
-2.26862 -1.64825 0.16 0.339413 0.508179
-2.17924 -1.76472 0.16 0.322639 0.515132
-2.17924 -1.76472 0.16 0.322639 0.515132
-2.26862 -1.64825 0.16 0.339413 0.508179
-2.33467 -1.89058 0.36 0.312726 0.479477
-2.26862 -1.64825 0.16 0.339413 0.508179
-2.43042 -1.7658 0.36 0.330817 0.473477
-2.33467 -1.89058 0.36 0.312726 0.479477
-2.33467 -1.89058 0.36 0.312726 0.479477
-2.43042 -1.7658 0.36 0.330817 0.473477
-2.4901 -2.01645 0.64 0.299455 0.433869
-2.43042 -1.7658 0.36 0.330817 0.473477
-2.59222 -1.88336 0.64 0.319361 0.429285
-2.4901 -2.01645 0.64 0.299455 0.433869
-2.4901 -2.01645 0.64 0.299455 0.433869
-2.59222 -1.88336 0.64 0.319361 0.429285
-2.64553 -2.14231 1 0.281989 0.375465
-2.59222 -1.88336 0.64 0.319361 0.429285
-2.75403 -2.00092 1 0.304377 0.373047
-2.64553 -2.14231 1 0.281989 0.375465
-2.64553 -2.14231 1 0.281989 0.375465
-2.75403 -2.00092 1 0.304377 0.373047
-2.80096 -2.26817 1.44 0.258925 0.299678
-2.75403 -2.00092 1 0.304377 0.373047
-2.91583 -2.11847 1.44 0.284754 0.300676
-2.80096 -2.26817 1.44 0.258925 0.299678
-2.80096 -2.26817 1.44 0.258925 0.299678
-2.91583 -2.11847 1.44 0.284754 0.300676
-2.95639 -2.39404 1.96 0.227909 0.19892
-2.91583 -2.11847 1.44 0.284754 0.300676
-3.07763 -2.23603 1.96 0.258655 0.205529
-2.95639 -2.39404 1.96 0.227909 0.19892
-2.95639 -2.39404 1.96 0.227909 0.19892
-3.07763 -2.23603 1.96 0.258655 0.205529
-3.11182 -2.5199 2.56 0.184799 0.0599499
-3.07763 -2.23603 1.96 0.258655 0.205529
-3.23944 -2.35359 2.56 0.222924 0.0762807
-3.11182 -2.5199 2.56 0.184799 0.0599499
-0.445887 -0.401478 -0 0.38666 0.931122
-0.466288 -0.377592 -0 0.394928 0.917705
-0.594516 -0.535304 -0 0.370935 0.849375
-0.466288 -0.377592 -0 0.394928 0.917705
-0.621717 -0.503456 -0 0.380877 0.835957
-0.594516 -0.535304 -0 0.370935 0.849375
-0.594516 -0.535304 -0 0.370935 0.849375
-0.621717 -0.503456 -0 0.380877 0.835957
-0.743145 -0.669131 -0 0.358857 0.78659
-0.621717 -0.503456 -0 0.380877 0.835957
-0.777146 -0.62932 -0 0.370151 0.773555
-0.743145 -0.669131 -0 0.358857 0.78659
-0.743145 -0.669131 -0 0.358857 0.78659
-0.777146 -0.62932 -0 0.370151 0.773555
-0.891774 -0.802957 -0 0.34929 0.736856
-0.777146 -0.62932 -0 0.370151 0.773555
-0.932575 -0.755184 -0 0.361695 0.724359
-0.891774 -0.802957 -0 0.34929 0.736856
-0.891774 -0.802957 -0 0.34929 0.736856
-0.932575 -0.755184 -0 0.361695 0.724359
-1.0404 -0.936783 -0 0.341524 0.696486
-0.932575 -0.755184 -0 0.361695 0.724359
-1.088 -0.881049 -0 0.354858 0.684577
-1.0404 -0.936783 -0 0.341524 0.696486
-1.0404 -0.936783 -0 0.341524 0.696486
-1.088 -0.881049 -0 0.354858 0.684577
-1.18903 -1.07061 -0 0.335095 0.663064
-1.088 -0.881049 -0 0.354858 0.684577
-1.24343 -1.00691 -0 0.349214 0.651743
-1.18903 -1.07061 -0 0.335095 0.663064
-1.18903 -1.07061 -0 0.335095 0.663064
-1.24343 -1.00691 -0 0.349214 0.651743
-1.33766 -1.20444 -0 0.329684 0.634937
-1.24343 -1.00691 -0 0.349214 0.651743
-1.39886 -1.13278 -0 0.344478 0.624184
-1.33766 -1.20444 -0 0.329684 0.634937
-1.33766 -1.20444 -0 0.329684 0.634937
-1.39886 -1.13278 -0 0.344478 0.624184
-1.48629 -1.33826 -0 0.325068 0.61094
-1.39886 -1.13278 -0 0.344478 0.624184
-1.55429 -1.25864 -0 0.340445 0.600722
-1.48629 -1.33826 -0 0.325068 0.61094
-1.48629 -1.33826 -0 0.325068 0.61094
-1.55429 -1.25864 -0 0.340445 0.600722
-1.63492 -1.47209 -0 0.321083 0.590226
-1.55429 -1.25864 -0 0.340445 0.600722
-1.70972 -1.3845 -0 0.33697 0.580507
-1.63492 -1.47209 -0 0.321083 0.590226
-1.63492 -1.47209 -0 0.321083 0.590226
-1.70972 -1.3845 -0 0.33697 0.580507
-1.93527 -1.74253 0.04 0.31267 0.551268
-1.70972 -1.3845 -0 0.33697 0.580507
-2.02381 -1.63885 0.04 0.329647 0.542544
-1.93527 -1.74253 0.04 0.31267 0.551268
-1.93527 -1.74253 0.04 0.31267 0.551268
-2.02381 -1.63885 0.04 0.329647 0.542544
-2.0839 -1.87635 0.16 0.30461 0.523128
-2.02381 -1.63885 0.04 0.329647 0.542544
-2.17924 -1.76472 0.16 0.322639 0.515132
-2.0839 -1.87635 0.16 0.30461 0.523128
-2.0839 -1.87635 0.16 0.30461 0.523128
-2.17924 -1.76472 0.16 0.322639 0.515132
-2.23253 -2.01018 0.36 0.293168 0.486413
-2.17924 -1.76472 0.16 0.322639 0.515132
-2.33467 -1.89058 0.36 0.312726 0.479477
-2.23253 -2.01018 0.36 0.293168 0.486413
-2.23253 -2.01018 0.36 0.293168 0.486413
-2.33467 -1.89058 0.36 0.312726 0.479477
-2.38116 -2.144 0.64 0.277767 0.439208
-2.33467 -1.89058 0.36 0.312726 0.479477
-2.4901 -2.01645 0.64 0.299455 0.433869
-2.38116 -2.144 0.64 0.277767 0.439208
-2.38116 -2.144 0.64 0.277767 0.439208
-2.4901 -2.01645 0.64 0.299455 0.433869
-2.52979 -2.27783 1 0.257352 0.378322
-2.4901 -2.01645 0.64 0.299455 0.433869
-2.64553 -2.14231 1 0.281989 0.375465
-2.52979 -2.27783 1 0.257352 0.378322
-2.52979 -2.27783 1 0.257352 0.378322
-2.64553 -2.14231 1 0.281989 0.375465
-2.67842 -2.41166 1.44 0.23013 0.298539
-2.64553 -2.14231 1 0.281989 0.375465
-2.80096 -2.26817 1.44 0.258925 0.299678
-2.67842 -2.41166 1.44 0.23013 0.298539
-2.67842 -2.41166 1.44 0.23013 0.298539
-2.80096 -2.26817 1.44 0.258925 0.299678
-2.82704 -2.54548 1.96 0.193039 0.19106
-2.80096 -2.26817 1.44 0.258925 0.299678
-2.95639 -2.39404 1.96 0.227909 0.19892
-2.82704 -2.54548 1.96 0.193039 0.19106
-2.82704 -2.54548 1.96 0.193039 0.19106
-2.95639 -2.39404 1.96 0.227909 0.19892
-2.97567 -2.67931 2.56 0.140542 0.0400889
-2.95639 -2.39404 1.96 0.227909 0.19892
-3.11182 -2.5199 2.56 0.184799 0.0599499
-2.97567 -2.67931 2.56 0.140542 0.0400889
-0.424264 -0.424264 -0 0.378155 0.945966
-0.445887 -0.401478 -0 0.38666 0.931122
-0.565685 -0.565685 -0 0.360601 0.864331
-0.445887 -0.401478 -0 0.38666 0.931122
-0.594516 -0.535304 -0 0.370935 0.849375
-0.565685 -0.565685 -0 0.360601 0.864331
-0.565685 -0.565685 -0 0.360601 0.864331
-0.594516 -0.535304 -0 0.370935 0.849375
-0.707107 -0.707107 -0 0.347026 0.801204
-0.594516 -0.535304 -0 0.370935 0.849375
-0.743145 -0.669131 -0 0.358857 0.78659
-0.707107 -0.707107 -0 0.347026 0.801204
-0.707107 -0.707107 -0 0.347026 0.801204
-0.743145 -0.669131 -0 0.358857 0.78659
-0.848528 -0.848528 -0 0.336216 0.750931
-0.743145 -0.669131 -0 0.358857 0.78659
-0.891774 -0.802957 -0 0.34929 0.736856
-0.848528 -0.848528 -0 0.336216 0.750931
-0.848528 -0.848528 -0 0.336216 0.750931
-0.891774 -0.802957 -0 0.34929 0.736856
-0.98995 -0.98995 -0 0.327404 0.70995
-0.891774 -0.802957 -0 0.34929 0.736856
-1.0404 -0.936783 -0 0.341524 0.696486
-0.98995 -0.98995 -0 0.327404 0.70995
-0.98995 -0.98995 -0 0.327404 0.70995
-1.0404 -0.936783 -0 0.341524 0.696486
-1.13137 -1.13137 -0 0.320082 0.675902
-1.0404 -0.936783 -0 0.341524 0.696486
-1.18903 -1.07061 -0 0.335095 0.663064
-1.13137 -1.13137 -0 0.320082 0.675902
-1.13137 -1.13137 -0 0.320082 0.675902
-1.18903 -1.07061 -0 0.335095 0.663064
-1.27279 -1.27279 -0 0.313903 0.647165
-1.18903 -1.07061 -0 0.335095 0.663064
-1.33766 -1.20444 -0 0.329684 0.634937
-1.27279 -1.27279 -0 0.313903 0.647165
-1.27279 -1.27279 -0 0.313903 0.647165
-1.33766 -1.20444 -0 0.329684 0.634937
-1.41421 -1.41421 -0 0.308618 0.622587
-1.33766 -1.20444 -0 0.329684 0.634937
-1.48629 -1.33826 -0 0.325068 0.61094
-1.41421 -1.41421 -0 0.308618 0.622587
-1.41421 -1.41421 -0 0.308618 0.622587
-1.48629 -1.33826 -0 0.325068 0.61094
-1.55563 -1.55563 -0 0.304046 0.601324
-1.48629 -1.33826 -0 0.325068 0.61094
-1.63492 -1.47209 -0 0.321083 0.590226
-1.55563 -1.55563 -0 0.304046 0.601324
-1.55563 -1.55563 -0 0.304046 0.601324
-1.63492 -1.47209 -0 0.321083 0.590226
-1.84142 -1.84142 0.04 0.294373 0.561273
-1.63492 -1.47209 -0 0.321083 0.590226
-1.93527 -1.74253 0.04 0.31267 0.551268
-1.84142 -1.84142 0.04 0.294373 0.561273
-1.84142 -1.84142 0.04 0.294373 0.561273
-1.93527 -1.74253 0.04 0.31267 0.551268
-1.98284 -1.98284 0.16 0.285086 0.532336
-1.93527 -1.74253 0.04 0.31267 0.551268
-2.0839 -1.87635 0.16 0.30461 0.523128
-1.98284 -1.98284 0.16 0.285086 0.532336
-1.98284 -1.98284 0.16 0.285086 0.532336
-2.0839 -1.87635 0.16 0.30461 0.523128
-2.12426 -2.12426 0.36 0.271847 0.494447
-2.0839 -1.87635 0.16 0.30461 0.523128
-2.23253 -2.01018 0.36 0.293168 0.486413
-2.12426 -2.12426 0.36 0.271847 0.494447
-2.12426 -2.12426 0.36 0.271847 0.494447
-2.23253 -2.01018 0.36 0.293168 0.486413
-2.26569 -2.26569 0.64 0.253918 0.445445
-2.23253 -2.01018 0.36 0.293168 0.486413
-2.38116 -2.144 0.64 0.277767 0.439208
-2.26569 -2.26569 0.64 0.253918 0.445445
-2.26569 -2.26569 0.64 0.253918 0.445445
-2.38116 -2.144 0.64 0.277767 0.439208
-2.40711 -2.40711 1 0.229947 0.381708
-2.38116 -2.144 0.64 0.277767 0.439208
-2.52979 -2.27783 1 0.257352 0.378322
-2.40711 -2.40711 1 0.229947 0.381708
-2.40711 -2.40711 1 0.229947 0.381708
-2.52979 -2.27783 1 0.257352 0.378322
-2.54853 -2.54853 1.44 0.197617 0.297226
-2.52979 -2.27783 1 0.257352 0.378322
-2.67842 -2.41166 1.44 0.23013 0.298539
-2.54853 -2.54853 1.44 0.197617 0.297226
-2.54853 -2.54853 1.44 0.197617 0.297226
-2.67842 -2.41166 1.44 0.23013 0.298539
-2.68995 -2.68995 1.96 0.152873 0.181618
-2.67842 -2.41166 1.44 0.23013 0.298539
-2.82704 -2.54548 1.96 0.193039 0.19106
-2.68995 -2.68995 1.96 0.152873 0.181618
-2.68995 -2.68995 1.96 0.152873 0.181618
-2.82704 -2.54548 1.96 0.193039 0.19106
-2.83137 -2.83137 2.56 0.0881366 0.0155976
-2.82704 -2.54548 1.96 0.193039 0.19106
-2.97567 -2.67931 2.56 0.140542 0.0400889
-2.83137 -2.83137 2.56 0.0881366 0.0155976
-0.401478 -0.445887 -0 0.369385 0.962356
-0.424264 -0.424264 -0 0.378155 0.945966
-0.535304 -0.594516 -0 0.349824 0.880982
-0.424264 -0.424264 -0 0.378155 0.945966
-0.565685 -0.565685 -0 0.360601 0.864331
-0.535304 -0.594516 -0 0.349824 0.880982
-0.535304 -0.594516 -0 0.349824 0.880982
-0.565685 -0.565685 -0 0.360601 0.864331
-0.669131 -0.743145 -0 0.334582 0.817578
-0.565685 -0.565685 -0 0.360601 0.864331
-0.707107 -0.707107 -0 0.347026 0.801204
-0.669131 -0.743145 -0 0.334582 0.817578
-0.669131 -0.743145 -0 0.334582 0.817578
-0.707107 -0.707107 -0 0.347026 0.801204
-0.802957 -0.891774 -0 0.322372 0.766784
-0.707107 -0.707107 -0 0.347026 0.801204
-0.848528 -0.848528 -0 0.336216 0.750931
-0.802957 -0.891774 -0 0.322372 0.766784
-0.802957 -0.891774 -0 0.322372 0.766784
-0.848528 -0.848528 -0 0.336216 0.750931
-0.936783 -1.0404 -0 0.31237 0.725178
-0.848528 -0.848528 -0 0.336216 0.750931
-0.98995 -0.98995 -0 0.327404 0.70995
-0.936783 -1.0404 -0 0.31237 0.725178
-0.936783 -1.0404 -0 0.31237 0.725178
-0.98995 -0.98995 -0 0.327404 0.70995
-1.07061 -1.18903 -0 0.304028 0.690473
-0.98995 -0.98995 -0 0.327404 0.70995
-1.13137 -1.13137 -0 0.320082 0.675902
-1.07061 -1.18903 -0 0.304028 0.690473
-1.07061 -1.18903 -0 0.304028 0.690473
-1.13137 -1.13137 -0 0.320082 0.675902
-1.20444 -1.33766 -0 0.296964 0.661085
-1.13137 -1.13137 -0 0.320082 0.675902
-1.27279 -1.27279 -0 0.313903 0.647165
-1.20444 -1.33766 -0 0.296964 0.661085
-1.20444 -1.33766 -0 0.296964 0.661085
-1.27279 -1.27279 -0 0.313903 0.647165
-1.33826 -1.48629 -0 0.290904 0.635879
-1.27279 -1.27279 -0 0.313903 0.647165
-1.41421 -1.41421 -0 0.308618 0.622587
-1.33826 -1.48629 -0 0.290904 0.635879
-1.33826 -1.48629 -0 0.290904 0.635879
-1.41421 -1.41421 -0 0.308618 0.622587
-1.47209 -1.63492 -0 0.28565 0.614021
-1.41421 -1.41421 -0 0.308618 0.622587
-1.55563 -1.55563 -0 0.304046 0.601324
-1.47209 -1.63492 -0 0.28565 0.614021
-1.47209 -1.63492 -0 0.28565 0.614021
-1.55563 -1.55563 -0 0.304046 0.601324
-1.74253 -1.93527 0.04 0.274504 0.572772
-1.55563 -1.55563 -0 0.304046 0.601324
-1.84142 -1.84142 0.04 0.294373 0.561273
-1.74253 -1.93527 0.04 0.274504 0.572772
-1.74253 -1.93527 0.04 0.274504 0.572772
-1.84142 -1.84142 0.04 0.294373 0.561273
-1.87635 -2.0839 0.16 0.263771 0.542966
-1.84142 -1.84142 0.04 0.294373 0.561273
-1.98284 -1.98284 0.16 0.285086 0.532336
-1.87635 -2.0839 0.16 0.263771 0.542966
-1.87635 -2.0839 0.16 0.263771 0.542966
-1.98284 -1.98284 0.16 0.285086 0.532336
-2.01018 -2.23253 0.36 0.248396 0.503783
-1.98284 -1.98284 0.16 0.285086 0.532336
-2.12426 -2.12426 0.36 0.271847 0.494447
-2.01018 -2.23253 0.36 0.248396 0.503783
-2.01018 -2.23253 0.36 0.248396 0.503783
-2.12426 -2.12426 0.36 0.271847 0.494447
-2.144 -2.38116 0.64 0.227421 0.452759
-2.12426 -2.12426 0.36 0.271847 0.494447
-2.26569 -2.26569 0.64 0.253918 0.445445
-2.144 -2.38116 0.64 0.227421 0.452759
-2.144 -2.38116 0.64 0.227421 0.452759
-2.26569 -2.26569 0.64 0.253918 0.445445
-2.27783 -2.52979 1 0.199097 0.385739
-2.26569 -2.26569 0.64 0.253918 0.445445
-2.40711 -2.40711 1 0.229947 0.381708
-2.27783 -2.52979 1 0.199097 0.385739
-2.27783 -2.52979 1 0.199097 0.385739
-2.40711 -2.40711 1 0.229947 0.381708
-2.41166 -2.67842 1.44 0.160376 0.295693
-2.40711 -2.40711 1 0.229947 0.381708
-2.54853 -2.54853 1.44 0.197617 0.297226
-2.41166 -2.67842 1.44 0.160376 0.295693
-2.41166 -2.67842 1.44 0.160376 0.295693
-2.54853 -2.54853 1.44 0.197617 0.297226
-2.54548 -2.82704 1.96 0.105772 0.170128
-2.54853 -2.54853 1.44 0.197617 0.297226
-2.68995 -2.68995 1.96 0.152873 0.181618
-2.54548 -2.82704 1.96 0.105772 0.170128
-0.377592 -0.466288 -0 0.360323 0.980432
-0.401478 -0.445887 -0 0.369385 0.962356
-0.503456 -0.621717 -0 0.338547 0.899512
-0.401478 -0.445887 -0 0.369385 0.962356
-0.535304 -0.594516 -0 0.349824 0.880982
-0.503456 -0.621717 -0 0.338547 0.899512
-0.503456 -0.621717 -0 0.338547 0.899512
-0.535304 -0.594516 -0 0.349824 0.880982
-0.62932 -0.777146 -0 0.321436 0.835931
-0.535304 -0.594516 -0 0.349824 0.880982
-0.669131 -0.743145 -0 0.334582 0.817578
-0.62932 -0.777146 -0 0.321436 0.835931
-0.62932 -0.777146 -0 0.321436 0.835931
-0.669131 -0.743145 -0 0.334582 0.817578
-0.755184 -0.932575 -0 0.307637 0.784654
-0.669131 -0.743145 -0 0.334582 0.817578
-0.802957 -0.891774 -0 0.322372 0.766784
-0.755184 -0.932575 -0 0.307637 0.784654
-0.755184 -0.932575 -0 0.307637 0.784654
-0.802957 -0.891774 -0 0.322372 0.766784
-0.881049 -1.088 -0 0.296273 0.742424
-0.802957 -0.891774 -0 0.322372 0.766784
-0.936783 -1.0404 -0 0.31237 0.725178
-0.881049 -1.088 -0 0.296273 0.742424
-0.881049 -1.088 -0 0.296273 0.742424
-0.936783 -1.0404 -0 0.31237 0.725178
-1.00691 -1.24343 -0 0.286751 0.707042
-0.936783 -1.0404 -0 0.31237 0.725178
-1.07061 -1.18903 -0 0.304028 0.690473
-1.00691 -1.24343 -0 0.286751 0.707042
-1.00691 -1.24343 -0 0.286751 0.707042
-1.07061 -1.18903 -0 0.304028 0.690473
-1.13278 -1.39886 -0 0.278658 0.676967
-1.07061 -1.18903 -0 0.304028 0.690473
-1.20444 -1.33766 -0 0.296964 0.661085
-1.13278 -1.39886 -0 0.278658 0.676967
-1.13278 -1.39886 -0 0.278658 0.676967
-1.20444 -1.33766 -0 0.296964 0.661085
-1.25864 -1.55429 -0 0.271693 0.651088
-1.20444 -1.33766 -0 0.296964 0.661085
-1.33826 -1.48629 -0 0.290904 0.635879
-1.25864 -1.55429 -0 0.271693 0.651088
-1.25864 -1.55429 -0 0.271693 0.651088
-1.33826 -1.48629 -0 0.290904 0.635879
-1.3845 -1.70972 -0 0.265637 0.628585
-1.33826 -1.48629 -0 0.290904 0.635879
-1.47209 -1.63492 -0 0.28565 0.614021
-1.3845 -1.70972 -0 0.265637 0.628585
-1.3845 -1.70972 -0 0.265637 0.628585
-1.47209 -1.63492 -0 0.28565 0.614021
-1.63885 -2.02381 0.04 0.252749 0.586035
-1.47209 -1.63492 -0 0.28565 0.614021
-1.74253 -1.93527 0.04 0.274504 0.572772
-1.63885 -2.02381 0.04 0.252749 0.586035
-1.63885 -2.02381 0.04 0.252749 0.586035
-1.74253 -1.93527 0.04 0.274504 0.572772
-1.76472 -2.17924 0.16 0.240293 0.555289
-1.74253 -1.93527 0.04 0.274504 0.572772
-1.87635 -2.0839 0.16 0.263771 0.542966
-1.76472 -2.17924 0.16 0.240293 0.555289
-1.76472 -2.17924 0.16 0.240293 0.555289
-1.87635 -2.0839 0.16 0.263771 0.542966
-1.89058 -2.33467 0.36 0.222343 0.514684
-1.87635 -2.0839 0.16 0.263771 0.542966
-2.01018 -2.23253 0.36 0.248396 0.503783
-1.89058 -2.33467 0.36 0.222343 0.514684
-1.89058 -2.33467 0.36 0.222343 0.514684
-2.01018 -2.23253 0.36 0.248396 0.503783
-2.01645 -2.4901 0.64 0.197646 0.461389
-2.01018 -2.23253 0.36 0.248396 0.503783
-2.144 -2.38116 0.64 0.227421 0.452759
-2.01645 -2.4901 0.64 0.197646 0.461389
-2.01645 -2.4901 0.64 0.197646 0.461389
-2.144 -2.38116 0.64 0.227421 0.452759
-2.14231 -2.64553 1 0.163902 0.390573
-2.144 -2.38116 0.64 0.227421 0.452759
-2.27783 -2.52979 1 0.199097 0.385739
-2.14231 -2.64553 1 0.163902 0.390573
-2.14231 -2.64553 1 0.163902 0.390573
-2.27783 -2.52979 1 0.199097 0.385739
-2.26817 -2.80096 1.44 0.117017 0.293877
-2.27783 -2.52979 1 0.199097 0.385739
-2.41166 -2.67842 1.44 0.160376 0.295693
-2.26817 -2.80096 1.44 0.117017 0.293877
-2.26817 -2.80096 1.44 0.117017 0.293877
-2.41166 -2.67842 1.44 0.160376 0.295693
-2.39404 -2.95639 1.96 0.0493734 0.155915
-2.41166 -2.67842 1.44 0.160376 0.295693
-2.54548 -2.82704 1.96 0.105772 0.170128
-2.39404 -2.95639 1.96 0.0493734 0.155915
-0.377592 -0.466288 -0 0.360323 0.980432
-0.503456 -0.621717 -0 0.338547 0.899512
-0.470228 -0.647214 -0 0.326704 0.92014
-0.470228 -0.647214 -0 0.326704 0.92014
-0.503456 -0.621717 -0 0.338547 0.899512
-0.587785 -0.809017 -0 0.307484 0.856522
-0.503456 -0.621717 -0 0.338547 0.899512
-0.62932 -0.777146 -0 0.321436 0.835931
-0.587785 -0.809017 -0 0.307484 0.856522
-0.587785 -0.809017 -0 0.307484 0.856522
-0.62932 -0.777146 -0 0.321436 0.835931
-0.705342 -0.97082 -0 0.291868 0.804832
-0.62932 -0.777146 -0 0.321436 0.835931
-0.755184 -0.932575 -0 0.307637 0.784654
-0.705342 -0.97082 -0 0.291868 0.804832
-0.705342 -0.97082 -0 0.291868 0.804832
-0.755184 -0.932575 -0 0.307637 0.784654
-0.822899 -1.13262 -0 0.278928 0.762003
-0.755184 -0.932575 -0 0.307637 0.784654
-0.881049 -1.088 -0 0.296273 0.742424
-0.822899 -1.13262 -0 0.278928 0.762003
-0.822899 -1.13262 -0 0.278928 0.762003
-0.881049 -1.088 -0 0.296273 0.742424
-0.940456 -1.29443 -0 0.268032 0.725935
-0.881049 -1.088 -0 0.296273 0.742424
-1.00691 -1.24343 -0 0.286751 0.707042
-0.940456 -1.29443 -0 0.268032 0.725935
-0.940456 -1.29443 -0 0.268032 0.725935
-1.00691 -1.24343 -0 0.286751 0.707042
-1.05801 -1.45623 -0 0.25873 0.695146
-1.00691 -1.24343 -0 0.286751 0.707042
-1.13278 -1.39886 -0 0.278658 0.676967
-1.05801 -1.45623 -0 0.25873 0.695146
-1.05801 -1.45623 -0 0.25873 0.695146
-1.13278 -1.39886 -0 0.278658 0.676967
-1.17557 -1.61803 -0 0.250696 0.668554
-1.13278 -1.39886 -0 0.278658 0.676967
-1.25864 -1.55429 -0 0.271693 0.651088
-1.17557 -1.61803 -0 0.250696 0.668554
-1.17557 -1.61803 -0 0.250696 0.668554
-1.25864 -1.55429 -0 0.271693 0.651088
-1.29313 -1.77984 -0 0.243688 0.645358
-1.25864 -1.55429 -0 0.271693 0.651088
-1.3845 -1.70972 -0 0.265637 0.628585
-1.29313 -1.77984 -0 0.243688 0.645358
-1.29313 -1.77984 -0 0.243688 0.645358
-1.3845 -1.70972 -0 0.265637 0.628585
-1.53069 -2.10681 0.04 0.228715 0.601402
-1.3845 -1.70972 -0 0.265637 0.628585
-1.63885 -2.02381 0.04 0.252749 0.586035
-1.53069 -2.10681 0.04 0.228715 0.601402
-1.53069 -2.10681 0.04 0.228715 0.601402
-1.63885 -2.02381 0.04 0.252749 0.586035
-1.64825 -2.26862 0.16 0.214176 0.56965
-1.63885 -2.02381 0.04 0.252749 0.586035
-1.76472 -2.17924 0.16 0.240293 0.555289
-1.64825 -2.26862 0.16 0.214176 0.56965
-1.64825 -2.26862 0.16 0.214176 0.56965
-1.76472 -2.17924 0.16 0.240293 0.555289
-1.7658 -2.43042 0.36 0.193078 0.527497
-1.76472 -2.17924 0.16 0.240293 0.555289
-1.89058 -2.33467 0.36 0.222343 0.514684
-1.7658 -2.43042 0.36 0.193078 0.527497
-1.7658 -2.43042 0.36 0.193078 0.527497
-1.89058 -2.33467 0.36 0.222343 0.514684
-1.88336 -2.59222 0.64 0.163757 0.471652
-1.89058 -2.33467 0.36 0.222343 0.514684
-2.01645 -2.4901 0.64 0.197646 0.461389
-1.88336 -2.59222 0.64 0.163757 0.471652
-1.88336 -2.59222 0.64 0.163757 0.471652
-2.01645 -2.4901 0.64 0.197646 0.461389
-2.00092 -2.75403 1 0.123128 0.396427
-2.01645 -2.4901 0.64 0.197646 0.461389
-2.14231 -2.64553 1 0.163902 0.390573
-2.00092 -2.75403 1 0.123128 0.396427
-2.00092 -2.75403 1 0.123128 0.396427
-2.14231 -2.64553 1 0.163902 0.390573
-2.11847 -2.91583 1.44 0.0655622 0.291689
-2.14231 -2.64553 1 0.163902 0.390573
-2.26817 -2.80096 1.44 0.117017 0.293877
-2.11847 -2.91583 1.44 0.0655622 0.291689
-0.435711 -0.670936 -0 0.314217 0.94312
-0.470228 -0.647214 -0 0.326704 0.92014
-0.544639 -0.838671 -0 0.292601 0.879666
-0.470228 -0.647214 -0 0.326704 0.92014
-0.587785 -0.809017 -0 0.307484 0.856522
-0.544639 -0.838671 -0 0.292601 0.879666
-0.544639 -0.838671 -0 0.292601 0.879666
-0.587785 -0.809017 -0 0.307484 0.856522
-0.653567 -1.0064 -0 0.27489 0.827675
-0.587785 -0.809017 -0 0.307484 0.856522
-0.705342 -0.97082 -0 0.291868 0.804832
-0.653567 -1.0064 -0 0.27489 0.827675
-0.653567 -1.0064 -0 0.27489 0.827675
-0.705342 -0.97082 -0 0.291868 0.804832
-0.762495 -1.17414 -0 0.260114 0.784298
-0.705342 -0.97082 -0 0.291868 0.804832
-0.822899 -1.13262 -0 0.278928 0.762003
-0.762495 -1.17414 -0 0.260114 0.784298
-0.762495 -1.17414 -0 0.260114 0.784298
-0.822899 -1.13262 -0 0.278928 0.762003
-0.871422 -1.34187 -0 0.247598 0.747559
-0.822899 -1.13262 -0 0.278928 0.762003
-0.940456 -1.29443 -0 0.268032 0.725935
-0.871422 -1.34187 -0 0.247598 0.747559
-0.871422 -1.34187 -0 0.247598 0.747559
-0.940456 -1.29443 -0 0.268032 0.725935
-0.98035 -1.50961 -0 0.236861 0.716042
-0.940456 -1.29443 -0 0.268032 0.725935
-1.05801 -1.45623 -0 0.25873 0.695146
-0.98035 -1.50961 -0 0.236861 0.716042
-0.98035 -1.50961 -0 0.236861 0.716042
-1.05801 -1.45623 -0 0.25873 0.695146
-1.08928 -1.67734 -0 0.22755 0.688707
-1.05801 -1.45623 -0 0.25873 0.695146
-1.17557 -1.61803 -0 0.250696 0.668554
-1.08928 -1.67734 -0 0.22755 0.688707
-1.08928 -1.67734 -0 0.22755 0.688707
-1.17557 -1.61803 -0 0.250696 0.668554
-1.19821 -1.84508 -0 0.219397 0.664774
-1.17557 -1.61803 -0 0.250696 0.668554
-1.29313 -1.77984 -0 0.243688 0.645358
-1.19821 -1.84508 -0 0.219397 0.664774
-1.19821 -1.84508 -0 0.219397 0.664774
-1.29313 -1.77984 -0 0.243688 0.645358
-1.41833 -2.18404 0.04 0.201895 0.619316
-1.29313 -1.77984 -0 0.243688 0.645358
-1.53069 -2.10681 0.04 0.228715 0.601402
-1.41833 -2.18404 0.04 0.201895 0.619316
-1.41833 -2.18404 0.04 0.201895 0.619316
-1.53069 -2.10681 0.04 0.228715 0.601402
-1.52726 -2.35177 0.16 0.184802 0.586503
-1.53069 -2.10681 0.04 0.228715 0.601402
-1.64825 -2.26862 0.16 0.214176 0.56965
-1.52726 -2.35177 0.16 0.184802 0.586503
-1.52726 -2.35177 0.16 0.184802 0.586503
-1.64825 -2.26862 0.16 0.214176 0.56965
-1.63618 -2.5195 0.36 0.159793 0.542679
-1.64825 -2.26862 0.16 0.214176 0.56965
-1.7658 -2.43042 0.36 0.193078 0.527497
-1.63618 -2.5195 0.36 0.159793 0.542679
-1.63618 -2.5195 0.36 0.159793 0.542679
-1.7658 -2.43042 0.36 0.193078 0.527497
-1.74511 -2.68724 0.64 0.124616 0.483983
-1.7658 -2.43042 0.36 0.193078 0.527497
-1.88336 -2.59222 0.64 0.163757 0.471652
-1.74511 -2.68724 0.64 0.124616 0.483983
-1.74511 -2.68724 0.64 0.124616 0.483983
-1.88336 -2.59222 0.64 0.163757 0.471652
-1.85404 -2.85497 1 0.0750456 0.403608
-1.88336 -2.59222 0.64 0.163757 0.471652
-2.00092 -2.75403 1 0.123128 0.396427
-1.85404 -2.85497 1 0.0750456 0.403608
-1.85404 -2.85497 1 0.0750456 0.403608
-2.00092 -2.75403 1 0.123128 0.396427
-1.96297 -3.02271 1.44 0.00310385 0.288994
-2.00092 -2.75403 1 0.123128 0.396427
-2.11847 -2.91583 1.44 0.0655622 0.291689
-1.96297 -3.02271 1.44 0.00310385 0.288994
-0.4 -0.69282 -0 0.300998 0.968756
-0.435711 -0.670936 -0 0.314217 0.94312
-0.5 -0.866025 -0 0.27664 0.90574
-0.435711 -0.670936 -0 0.314217 0.94312
-0.544639 -0.838671 -0 0.292601 0.879666
-0.5 -0.866025 -0 0.27664 0.90574
-0.5 -0.866025 -0 0.27664 0.90574
-0.544639 -0.838671 -0 0.292601 0.879666
-0.6 -1.03923 -0 0.256493 0.853619
-0.544639 -0.838671 -0 0.292601 0.879666
-0.653567 -1.0064 -0 0.27489 0.827675
-0.6 -1.03923 -0 0.256493 0.853619
-0.6 -1.03923 -0 0.256493 0.853619
-0.653567 -1.0064 -0 0.27489 0.827675
-0.7 -1.21244 -0 0.239553 0.809793
-0.653567 -1.0064 -0 0.27489 0.827675
-0.762495 -1.17414 -0 0.260114 0.784298
-0.7 -1.21244 -0 0.239553 0.809793
-0.7 -1.21244 -0 0.239553 0.809793
-0.762495 -1.17414 -0 0.260114 0.784298
-0.8 -1.38564 -0 0.22511 0.772427
-0.762495 -1.17414 -0 0.260114 0.784298
-0.871422 -1.34187 -0 0.247598 0.747559
-0.8 -1.38564 -0 0.22511 0.772427
-0.8 -1.38564 -0 0.22511 0.772427
-0.871422 -1.34187 -0 0.247598 0.747559
-0.9 -1.55885 -0 0.21265 0.740192
-0.871422 -1.34187 -0 0.247598 0.747559
-0.98035 -1.50961 -0 0.236861 0.716042
-0.9 -1.55885 -0 0.21265 0.740192
-0.9 -1.55885 -0 0.21265 0.740192
-0.98035 -1.50961 -0 0.236861 0.716042
-1 -1.73205 -0 0.201791 0.712098
-0.98035 -1.50961 -0 0.236861 0.716042
-1.08928 -1.67734 -0 0.22755 0.688707
-1 -1.73205 -0 0.201791 0.712098
-1 -1.73205 -0 0.201791 0.712098
-1.08928 -1.67734 -0 0.22755 0.688707
-1.1 -1.90526 -0 0.192242 0.687396
-1.08928 -1.67734 -0 0.22755 0.688707
-1.19821 -1.84508 -0 0.219397 0.664774
-1.1 -1.90526 -0 0.192242 0.687396
-1.1 -1.90526 -0 0.192242 0.687396
-1.19821 -1.84508 -0 0.219397 0.664774
-1.30208 -2.25527 0.04 0.171629 0.640356
-1.19821 -1.84508 -0 0.219397 0.664774
-1.41833 -2.18404 0.04 0.201895 0.619316
-1.30208 -2.25527 0.04 0.171629 0.640356
-1.30208 -2.25527 0.04 0.171629 0.640356
-1.41833 -2.18404 0.04 0.201895 0.619316
-1.40208 -2.42848 0.16 0.151352 0.606452
-1.41833 -2.18404 0.04 0.201895 0.619316
-1.52726 -2.35177 0.16 0.184802 0.586503
-1.40208 -2.42848 0.16 0.151352 0.606452
-1.40208 -2.42848 0.16 0.151352 0.606452
-1.52726 -2.35177 0.16 0.184802 0.586503
-1.50208 -2.60168 0.36 0.121392 0.560856
-1.52726 -2.35177 0.16 0.184802 0.586503
-1.63618 -2.5195 0.36 0.159793 0.542679
-1.50208 -2.60168 0.36 0.121392 0.560856
-1.50208 -2.60168 0.36 0.121392 0.560856
-1.63618 -2.5195 0.36 0.159793 0.542679
-1.60208 -2.77489 0.64 0.0786399 0.498988
-1.63618 -2.5195 0.36 0.159793 0.542679
-1.74511 -2.68724 0.64 0.124616 0.483983
-1.60208 -2.77489 0.64 0.0786399 0.498988
-1.60208 -2.77489 0.64 0.0786399 0.498988
-1.74511 -2.68724 0.64 0.124616 0.483983
-1.70208 -2.94809 1 0.0171422 0.412561
-1.74511 -2.68724 0.64 0.124616 0.483983
-1.85404 -2.85497 1 0.0750456 0.403608
-1.70208 -2.94809 1 0.0171422 0.412561
-0.363192 -0.712805 -0 0.286942 0.99741
-0.4 -0.69282 -0 0.300998 0.968756
-0.453991 -0.891007 -0 0.259422 0.935206
-0.4 -0.69282 -0 0.300998 0.968756
-0.5 -0.866025 -0 0.27664 0.90574
-0.453991 -0.891007 -0 0.259422 0.935206
-0.453991 -0.891007 -0 0.259422 0.935206
-0.5 -0.866025 -0 0.27664 0.90574
-0.544789 -1.06921 -0 0.236418 0.883207
-0.5 -0.866025 -0 0.27664 0.90574
-0.6 -1.03923 -0 0.256493 0.853619
-0.544789 -1.06921 -0 0.236418 0.883207
-0.544789 -1.06921 -0 0.236418 0.883207
-0.6 -1.03923 -0 0.256493 0.853619
-0.635587 -1.24741 -0 0.216901 0.839093
-0.6 -1.03923 -0 0.256493 0.853619
-0.7 -1.21244 -0 0.239553 0.809793
-0.635587 -1.24741 -0 0.216901 0.839093
-0.635587 -1.24741 -0 0.216901 0.839093
-0.7 -1.21244 -0 0.239553 0.809793
-0.726385 -1.42561 -0 0.200135 0.801197
-0.7 -1.21244 -0 0.239553 0.809793
-0.8 -1.38564 -0 0.22511 0.772427
-0.726385 -1.42561 -0 0.200135 0.801197
-0.726385 -1.42561 -0 0.200135 0.801197
-0.8 -1.38564 -0 0.22511 0.772427
-0.817183 -1.60381 -0 0.185577 0.76829
-0.8 -1.38564 -0 0.22511 0.772427
-0.9 -1.55885 -0 0.21265 0.740192
-0.817183 -1.60381 -0 0.185577 0.76829
-0.817183 -1.60381 -0 0.185577 0.76829
-0.9 -1.55885 -0 0.21265 0.740192
-0.907981 -1.78201 -0 0.172817 0.739449
-0.9 -1.55885 -0 0.21265 0.740192
-1 -1.73205 -0 0.201791 0.712098
-0.907981 -1.78201 -0 0.172817 0.739449
-0.907981 -1.78201 -0 0.172817 0.739449
-1 -1.73205 -0 0.201791 0.712098
-0.998779 -1.96021 -0 0.161542 0.713963
-1 -1.73205 -0 0.201791 0.712098
-1.1 -1.90526 -0 0.192242 0.687396
-0.998779 -1.96021 -0 0.161542 0.713963
-0.998779 -1.96021 -0 0.161542 0.713963
-1.1 -1.90526 -0 0.192242 0.687396
-1.18227 -2.32033 0.04 0.137035 0.665299
-1.1 -1.90526 -0 0.192242 0.687396
-1.30208 -2.25527 0.04 0.171629 0.640356
-1.18227 -2.32033 0.04 0.137035 0.665299
-1.18227 -2.32033 0.04 0.137035 0.665299
-1.30208 -2.25527 0.04 0.171629 0.640356
-1.27306 -2.49853 0.16 0.112716 0.630318
-1.30208 -2.25527 0.04 0.171629 0.640356
-1.40208 -2.42848 0.16 0.151352 0.606452
-1.27306 -2.49853 0.16 0.112716 0.630318
-1.27306 -2.49853 0.16 0.112716 0.630318
-1.40208 -2.42848 0.16 0.151352 0.606452
-1.36386 -2.67673 0.36 0.0763529 0.582898
-1.40208 -2.42848 0.16 0.151352 0.606452
-1.50208 -2.60168 0.36 0.121392 0.560856
-1.36386 -2.67673 0.36 0.0763529 0.582898
-1.36386 -2.67673 0.36 0.0763529 0.582898
-1.50208 -2.60168 0.36 0.121392 0.560856
-1.45466 -2.85493 0.64 0.0235483 0.517542
-1.50208 -2.60168 0.36 0.121392 0.560856
-1.60208 -2.77489 0.64 0.0786399 0.498988
-1.45466 -2.85493 0.64 0.0235483 0.517542
-0.363192 -0.712805 -0 0.286942 0.99741
-0.453991 -0.891007 -0 0.259422 0.935206
-0.406737 -0.913545 -0 0.24073 0.968633
-0.406737 -0.913545 -0 0.24073 0.968633
-0.453991 -0.891007 -0 0.259422 0.935206
-0.488084 -1.09625 -0 0.214338 0.917123
-0.453991 -0.891007 -0 0.259422 0.935206
-0.544789 -1.06921 -0 0.236418 0.883207
-0.488084 -1.09625 -0 0.214338 0.917123
-0.488084 -1.09625 -0 0.214338 0.917123
-0.544789 -1.06921 -0 0.236418 0.883207
-0.569431 -1.27896 -0 0.191718 0.872977
-0.544789 -1.06921 -0 0.236418 0.883207
-0.635587 -1.24741 -0 0.216901 0.839093
-0.569431 -1.27896 -0 0.191718 0.872977
-0.569431 -1.27896 -0 0.191718 0.872977
-0.635587 -1.24741 -0 0.216901 0.839093
-0.650779 -1.46167 -0 0.172117 0.83472
-0.635587 -1.24741 -0 0.216901 0.839093
-0.726385 -1.42561 -0 0.200135 0.801197
-0.650779 -1.46167 -0 0.172117 0.83472
-0.650779 -1.46167 -0 0.172117 0.83472
-0.726385 -1.42561 -0 0.200135 0.801197
-0.732126 -1.64438 -0 0.154967 0.801248
-0.726385 -1.42561 -0 0.200135 0.801197
-0.817183 -1.60381 -0 0.185577 0.76829
-0.732126 -1.64438 -0 0.154967 0.801248
-0.732126 -1.64438 -0 0.154967 0.801248
-0.817183 -1.60381 -0 0.185577 0.76829
-0.813473 -1.82709 -0 0.139835 0.771716
-0.817183 -1.60381 -0 0.185577 0.76829
-0.907981 -1.78201 -0 0.172817 0.739449
-0.813473 -1.82709 -0 0.139835 0.771716
-0.813473 -1.82709 -0 0.139835 0.771716
-0.907981 -1.78201 -0 0.172817 0.739449
-0.894821 -2.0098 -0 0.126386 0.745466
-0.907981 -1.78201 -0 0.172817 0.739449
-0.998779 -1.96021 -0 0.161542 0.713963
-0.894821 -2.0098 -0 0.126386 0.745466
-0.894821 -2.0098 -0 0.126386 0.745466
-0.998779 -1.96021 -0 0.161542 0.713963
-1.05921 -2.37902 0.04 0.0969122 0.695207
-0.998779 -1.96021 -0 0.161542 0.713963
-1.18227 -2.32033 0.04 0.137035 0.665299
-1.05921 -2.37902 0.04 0.0969122 0.695207
-1.05921 -2.37902 0.04 0.0969122 0.695207
-1.18227 -2.32033 0.04 0.137035 0.665299
-1.14056 -2.56173 0.16 0.0673471 0.659248
-1.18227 -2.32033 0.04 0.137035 0.665299
-1.27306 -2.49853 0.16 0.112716 0.630318
-1.14056 -2.56173 0.16 0.0673471 0.659248
-1.14056 -2.56173 0.16 0.0673471 0.659248
-1.27306 -2.49853 0.16 0.112716 0.630318
-1.2219 -2.74444 0.36 0.022496 0.610058
-1.27306 -2.49853 0.16 0.112716 0.630318
-1.36386 -2.67673 0.36 0.0763529 0.582898
-1.2219 -2.74444 0.36 0.022496 0.610058
-0.406737 -0.913545 -0 0.24073 0.968633
-0.488084 -1.09625 -0 0.214338 0.917123
-0.430042 -1.1203 -0 0.189843 0.956238
-0.430042 -1.1203 -0 0.189843 0.956238
-0.488084 -1.09625 -0 0.214338 0.917123
-0.501715 -1.30701 -0 0.163437 0.912453
-0.488084 -1.09625 -0 0.214338 0.917123
-0.569431 -1.27896 -0 0.191718 0.872977
-0.501715 -1.30701 -0 0.163437 0.912453
-0.501715 -1.30701 -0 0.163437 0.912453
-0.569431 -1.27896 -0 0.191718 0.872977
-0.573389 -1.49373 -0 0.14032 0.874122
-0.569431 -1.27896 -0 0.191718 0.872977
-0.650779 -1.46167 -0 0.172117 0.83472
-0.573389 -1.49373 -0 0.14032 0.874122
-0.573389 -1.49373 -0 0.14032 0.874122
-0.650779 -1.46167 -0 0.172117 0.83472
-0.645062 -1.68044 -0 0.119914 0.840285
-0.650779 -1.46167 -0 0.172117 0.83472
-0.732126 -1.64438 -0 0.154967 0.801248
-0.645062 -1.68044 -0 0.119914 0.840285
-0.645062 -1.68044 -0 0.119914 0.840285
-0.732126 -1.64438 -0 0.154967 0.801248
-0.716736 -1.86716 -0 0.101769 0.810197
-0.732126 -1.64438 -0 0.154967 0.801248
-0.813473 -1.82709 -0 0.139835 0.771716
-0.716736 -1.86716 -0 0.101769 0.810197
-0.716736 -1.86716 -0 0.101769 0.810197
-0.813473 -1.82709 -0 0.139835 0.771716
-0.788409 -2.05388 -0 0.0855272 0.783266
-0.813473 -1.82709 -0 0.139835 0.771716
-0.894821 -2.0098 -0 0.126386 0.745466
-0.788409 -2.05388 -0 0.0855272 0.783266
-0.788409 -2.05388 -0 0.0855272 0.783266
-0.894821 -2.0098 -0 0.126386 0.745466
-0.933249 -2.4312 0.04 0.0495771 0.731571
-0.894821 -2.0098 -0 0.126386 0.745466
-1.05921 -2.37902 0.04 0.0969122 0.695207
-0.933249 -2.4312 0.04 0.0495771 0.731571
-0.933249 -2.4312 0.04 0.0495771 0.731571
-1.05921 -2.37902 0.04 0.0969122 0.695207
-1.00492 -2.61791 0.16 0.0130289 0.694892
-1.05921 -2.37902 0.04 0.0969122 0.695207
-1.14056 -2.56173 0.16 0.0673471 0.659248
-1.00492 -2.61791 0.16 0.0130289 0.694892
-0.430042 -1.1203 -0 0.189843 0.956238
-0.501715 -1.30701 -0 0.163437 0.912453
-0.432624 -1.33148 -0 0.131309 0.958854
-0.432624 -1.33148 -0 0.131309 0.958854
-0.501715 -1.30701 -0 0.163437 0.912453
-0.494427 -1.52169 -0 0.103761 0.920918
-0.501715 -1.30701 -0 0.163437 0.912453
-0.573389 -1.49373 -0 0.14032 0.874122
-0.494427 -1.52169 -0 0.103761 0.920918
-0.494427 -1.52169 -0 0.103761 0.920918
-0.573389 -1.49373 -0 0.14032 0.874122
-0.556231 -1.7119 -0 0.0791855 0.887075
-0.573389 -1.49373 -0 0.14032 0.874122
-0.645062 -1.68044 -0 0.119914 0.840285
-0.556231 -1.7119 -0 0.0791855 0.887075
-0.556231 -1.7119 -0 0.0791855 0.887075
-0.645062 -1.68044 -0 0.119914 0.840285
-0.618034 -1.90211 -0 0.0571259 0.856697
-0.645062 -1.68044 -0 0.119914 0.840285
-0.716736 -1.86716 -0 0.101769 0.810197
-0.618034 -1.90211 -0 0.0571259 0.856697
-0.618034 -1.90211 -0 0.0571259 0.856697
-0.716736 -1.86716 -0 0.101769 0.810197
-0.679837 -2.09232 -0 0.0372148 0.829277
-0.716736 -1.86716 -0 0.101769 0.810197
-0.788409 -2.05388 -0 0.0855272 0.783266
-0.679837 -2.09232 -0 0.0372148 0.829277
-0.432624 -1.33148 -0 0.131309 0.958854
-0.494427 -1.52169 -0 0.103761 0.920918
-0.41411 -1.54548 -0 0.0610829 0.977201
-0.41411 -1.54548 -0 0.0610829 0.977201
-0.494427 -1.52169 -0 0.103761 0.920918
-0.465874 -1.73867 -0 0.0310459 0.943971
-0.494427 -1.52169 -0 0.103761 0.920918
-0.556231 -1.7119 -0 0.0791855 0.887075
-0.465874 -1.73867 -0 0.0310459 0.943971
-0.465874 -1.73867 -0 0.0310459 0.943971
-0.556231 -1.7119 -0 0.0791855 0.887075
-0.517638 -1.93185 -0 0.00377499 0.913802
-0.556231 -1.7119 -0 0.0791855 0.887075
-0.618034 -1.90211 -0 0.0571259 0.856697
-0.517638 -1.93185 -0 0.00377499 0.913802
