0.34102 -0.193185 -0 0.563052 0.996221
0.34102 -0.19563 -0 0.563733 0.996176
0.34102 -0.38637 -0 0.616807 0.992697
0.34102 -0.19563 -0 0.563733 0.996176
0.34102 -0.391259 -0 0.618165 0.992607
0.34102 -0.38637 -0 0.616807 0.992697
0.34102 -0.38637 -0 0.616807 0.992697
0.34102 -0.391259 -0 0.618165 0.992607
0.34102 -0.579556 -0 0.670414 0.989182
0.34102 -0.391259 -0 0.618165 0.992607
0.34102 -0.586889 -0 0.672446 0.989049
0.34102 -0.579556 -0 0.670414 0.989182
0.34102 -0.579556 -0 0.670414 0.989182
0.34102 -0.586889 -0 0.672446 0.989049
0.34102 -0.772741 -0 0.723874 0.985677
0.34102 -0.586889 -0 0.672446 0.989049
0.34102 -0.782518 -0 0.726576 0.9855
0.34102 -0.772741 -0 0.723874 0.985677
0.34102 -0.772741 -0 0.723874 0.985677
0.34102 -0.782518 -0 0.726576 0.9855
0.34102 -0.965926 -0 0.777187 0.982181
0.34102 -0.782518 -0 0.726576 0.9855
0.34102 -0.978148 -0 0.780555 0.98196
0.34102 -0.965926 -0 0.777187 0.982181
0.34102 -0.965926 -0 0.777187 0.982181
0.34102 -0.978148 -0 0.780555 0.98196
0.34102 -1.15911 -0 0.830355 0.978695
0.34102 -0.978148 -0 0.780555 0.98196
0.34102 -1.17378 -0 0.834385 0.978431
0.34102 -1.15911 -0 0.830355 0.978695
0.34102 -1.15911 -0 0.830355 0.978695
0.34102 -1.17378 -0 0.834385 0.978431
0.362347 -1.3523 -0 0.873984 0.959581
0.34102 -1.17378 -0 0.834385 0.978431
0.34102 -1.36941 -0 0.888066 0.974911
0.362347 -1.3523 -0 0.873984 0.959581
0.362347 -1.3523 -0 0.873984 0.959581
0.34102 -1.36941 -0 0.888066 0.974911
0.41411 -1.54548 -0 0.901756 0.921461
0.34102 -1.36941 -0 0.888066 0.974911
0.34102 -1.56504 -0 0.941598 0.971401
0.41411 -1.54548 -0 0.901756 0.921461
0.41411 -1.54548 -0 0.901756 0.921461
0.34102 -1.56504 -0 0.941598 0.971401
0.465874 -1.73867 -0 0.926553 0.887423
0.34102 -1.56504 -0 0.941598 0.971401
0.374241 -1.76067 -0 0.976454 0.944203
0.465874 -1.73867 -0 0.926553 0.887423
0.465874 -1.73867 -0 0.926553 0.887423
0.374241 -1.76067 -0 0.976454 0.944203
0.517638 -1.93185 -0 0.94883 0.856846
0.34102 -0.190211 -0 0.562223 0.996275
0.34102 -0.193185 -0 0.563052 0.996221
0.34102 -0.380423 -0 0.615154 0.992805
0.34102 -0.193185 -0 0.563052 0.996221
0.34102 -0.38637 -0 0.616807 0.992697
0.34102 -0.380423 -0 0.615154 0.992805
0.34102 -0.380423 -0 0.615154 0.992805
0.34102 -0.38637 -0 0.616807 0.992697
0.34102 -0.570634 -0 0.667942 0.989344
0.34102 -0.38637 -0 0.616807 0.992697
0.34102 -0.579556 -0 0.670414 0.989182
0.34102 -0.570634 -0 0.667942 0.989344
0.34102 -0.570634 -0 0.667942 0.989344
0.34102 -0.579556 -0 0.670414 0.989182
0.34102 -0.760845 -0 0.720586 0.985892
0.34102 -0.579556 -0 0.670414 0.989182
0.34102 -0.772741 -0 0.723874 0.985677
0.34102 -0.760845 -0 0.720586 0.985892
0.34102 -0.760845 -0 0.720586 0.985892
0.34102 -0.772741 -0 0.723874 0.985677
0.34102 -0.951057 -0 0.773089 0.98245
0.34102 -0.772741 -0 0.723874 0.985677
0.34102 -0.965926 -0 0.777187 0.982181
0.34102 -0.951057 -0 0.773089 0.98245
0.34102 -0.951057 -0 0.773089 0.98245
0.34102 -0.965926 -0 0.777187 0.982181
0.37082 -1.14127 -0 0.814372 0.957215
0.34102 -0.965926 -0 0.777187 0.982181
0.34102 -1.15911 -0 0.830355 0.978695
0.37082 -1.14127 -0 0.814372 0.957215
0.37082 -1.14127 -0 0.814372 0.957215
0.34102 -1.15911 -0 0.830355 0.978695
0.432624 -1.33148 -0 0.840847 0.913332
0.34102 -1.15911 -0 0.830355 0.978695
0.362347 -1.3523 -0 0.873984 0.959581
0.432624 -1.33148 -0 0.840847 0.913332
0.432624 -1.33148 -0 0.840847 0.913332
0.362347 -1.3523 -0 0.873984 0.959581
0.494427 -1.52169 -0 0.86404 0.874889
0.362347 -1.3523 -0 0.873984 0.959581
0.41411 -1.54548 -0 0.901756 0.921461
0.494427 -1.52169 -0 0.86404 0.874889
0.494427 -1.52169 -0 0.86404 0.874889
0.41411 -1.54548 -0 0.901756 0.921461
0.556231 -1.7119 -0 0.884526 0.840934
0.41411 -1.54548 -0 0.901756 0.921461
0.465874 -1.73867 -0 0.926553 0.887423
0.556231 -1.7119 -0 0.884526 0.840934
0.556231 -1.7119 -0 0.884526 0.840934
0.465874 -1.73867 -0 0.926553 0.887423
0.618034 -1.90211 -0 0.902753 0.810722
0.465874 -1.73867 -0 0.926553 0.887423
0.517638 -1.93185 -0 0.94883 0.856846
0.618034 -1.90211 -0 0.902753 0.810722
0.618034 -1.90211 -0 0.902753 0.810722
0.517638 -1.93185 -0 0.94883 0.856846
0.679837 -2.09232 -0 0.919075 0.783669
0.517638 -1.93185 -0 0.94883 0.856846
0.569402 -2.12504 -0 0.968952 0.829226
0.679837 -2.09232 -0 0.919075 0.783669
0.679837 -2.09232 -0 0.919075 0.783669
0.569402 -2.12504 -0 0.968952 0.829226
0.804731 -2.47671 0.04 0.954615 0.731173
0.34102 -0.186716 -0 0.561249 0.996339
0.34102 -0.190211 -0 0.562223 0.996275
0.34102 -0.373432 -0 0.613211 0.992932
0.34102 -0.190211 -0 0.562223 0.996275
0.34102 -0.380423 -0 0.615154 0.992805
0.34102 -0.373432 -0 0.613211 0.992932
0.34102 -0.373432 -0 0.613211 0.992932
0.34102 -0.380423 -0 0.615154 0.992805
0.34102 -0.560148 -0 0.665035 0.989534
0.34102 -0.380423 -0 0.615154 0.992805
0.34102 -0.570634 -0 0.667942 0.989344
0.34102 -0.560148 -0 0.665035 0.989534
0.34102 -0.560148 -0 0.665035 0.989534
0.34102 -0.570634 -0 0.667942 0.989344
0.34102 -0.746864 -0 0.716722 0.986146
0.34102 -0.570634 -0 0.667942 0.989344
0.34102 -0.760845 -0 0.720586 0.985892
0.34102 -0.746864 -0 0.716722 0.986146
0.34102 -0.746864 -0 0.716722 0.986146
0.34102 -0.760845 -0 0.720586 0.985892
0.358368 -0.93358 -0 0.762853 0.969801
0.34102 -0.760845 -0 0.720586 0.985892
0.34102 -0.951057 -0 0.773089 0.98245
0.358368 -0.93358 -0 0.762853 0.969801
0.358368 -0.93358 -0 0.762853 0.969801
0.34102 -0.951057 -0 0.773089 0.98245
0.430042 -1.1203 -0 0.789192 0.918286
0.34102 -0.951057 -0 0.773089 0.98245
0.37082 -1.14127 -0 0.814372 0.957215
0.430042 -1.1203 -0 0.789192 0.918286
0.430042 -1.1203 -0 0.789192 0.918286
0.37082 -1.14127 -0 0.814372 0.957215
0.501715 -1.30701 -0 0.811777 0.874112
0.37082 -1.14127 -0 0.814372 0.957215
0.432624 -1.33148 -0 0.840847 0.913332
0.501715 -1.30701 -0 0.811777 0.874112
0.501715 -1.30701 -0 0.811777 0.874112
0.432624 -1.33148 -0 0.840847 0.913332
0.573389 -1.49373 -0 0.831358 0.835815
0.432624 -1.33148 -0 0.840847 0.913332
0.494427 -1.52169 -0 0.86404 0.874889
0.573389 -1.49373 -0 0.831358 0.835815
0.573389 -1.49373 -0 0.831358 0.835815
0.494427 -1.52169 -0 0.86404 0.874889
0.645062 -1.68044 -0 0.848496 0.802294
0.494427 -1.52169 -0 0.86404 0.874889
0.556231 -1.7119 -0 0.884526 0.840934
0.645062 -1.68044 -0 0.848496 0.802294
0.645062 -1.68044 -0 0.848496 0.802294
0.556231 -1.7119 -0 0.884526 0.840934
0.716736 -1.86716 -0 0.863623 0.772709
0.556231 -1.7119 -0 0.884526 0.840934
0.618034 -1.90211 -0 0.902753 0.810722
0.716736 -1.86716 -0 0.863623 0.772709
0.716736 -1.86716 -0 0.863623 0.772709
0.618034 -1.90211 -0 0.902753 0.810722
0.788409 -2.05388 -0 0.877072 0.746405
0.618034 -1.90211 -0 0.902753 0.810722
0.679837 -2.09232 -0 0.919075 0.783669
0.788409 -2.05388 -0 0.877072 0.746405
0.788409 -2.05388 -0 0.877072 0.746405
0.679837 -2.09232 -0 0.919075 0.783669
0.933249 -2.4312 0.04 0.906057 0.695584
0.679837 -2.09232 -0 0.919075 0.783669
0.804731 -2.47671 0.04 0.954615 0.731173
0.933249 -2.4312 0.04 0.906057 0.695584
0.933249 -2.4312 0.04 0.906057 0.695584
0.804731 -2.47671 0.04 0.954615 0.731173
1.00492 -2.61791 0.16 0.934019 0.658391
0.804731 -2.47671 0.04 0.954615 0.731173
0.866534 -2.66692 0.16 0.989365 0.692862
1.00492 -2.61791 0.16 0.934019 0.658391
1.00492 -2.61791 0.16 0.934019 0.658391
0.866534 -2.66692 0.16 0.989365 0.692862
1.0766 -2.80463 0.36 0.975662 0.607514
0.34102 -0.182709 -0 0.560133 0.996412
0.34102 -0.186716 -0 0.561249 0.996339
0.34102 -0.365418 -0 0.610984 0.993078
0.34102 -0.186716 -0 0.561249 0.996339
0.34102 -0.373432 -0 0.613211 0.992932
0.34102 -0.365418 -0 0.610984 0.993078
0.34102 -0.365418 -0 0.610984 0.993078
0.34102 -0.373432 -0 0.613211 0.992932
0.34102 -0.548127 -0 0.661703 0.989753
0.34102 -0.373432 -0 0.613211 0.992932
0.34102 -0.560148 -0 0.665035 0.989534
0.34102 -0.548127 -0 0.661703 0.989753
0.34102 -0.548127 -0 0.661703 0.989753
0.34102 -0.560148 -0 0.665035 0.989534
0.34102 -0.730836 -0 0.71229 0.986436
0.34102 -0.560148 -0 0.665035 0.989534
0.34102 -0.746864 -0 0.716722 0.986146
0.34102 -0.730836 -0 0.71229 0.986436
0.34102 -0.730836 -0 0.71229 0.986436
0.34102 -0.746864 -0 0.716722 0.986146
0.406737 -0.913545 -0 0.743686 0.936553
0.34102 -0.746864 -0 0.716722 0.986146
0.358368 -0.93358 -0 0.762853 0.969801
0.406737 -0.913545 -0 0.743686 0.936553
0.406737 -0.913545 -0 0.743686 0.936553
0.358368 -0.93358 -0 0.762853 0.969801
0.488084 -1.09625 -0 0.76656 0.884617
0.358368 -0.93358 -0 0.762853 0.969801
0.430042 -1.1203 -0 0.789192 0.918286
0.488084 -1.09625 -0 0.76656 0.884617
0.488084 -1.09625 -0 0.76656 0.884617
0.430042 -1.1203 -0 0.789192 0.918286
0.569431 -1.27896 -0 0.785972 0.840544
0.430042 -1.1203 -0 0.789192 0.918286
0.501715 -1.30701 -0 0.811777 0.874112
0.569431 -1.27896 -0 0.785972 0.840544
0.569431 -1.27896 -0 0.785972 0.840544
0.501715 -1.30701 -0 0.811777 0.874112
0.650779 -1.46167 -0 0.802652 0.802673
0.501715 -1.30701 -0 0.811777 0.874112
0.573389 -1.49373 -0 0.831358 0.835815
0.650779 -1.46167 -0 0.802652 0.802673
0.650779 -1.46167 -0 0.802652 0.802673
0.573389 -1.49373 -0 0.831358 0.835815
0.732126 -1.64438 -0 0.817138 0.769781
0.573389 -1.49373 -0 0.831358 0.835815
0.645062 -1.68044 -0 0.848496 0.802294
0.732126 -1.64438 -0 0.817138 0.769781
0.732126 -1.64438 -0 0.817138 0.769781
0.645062 -1.68044 -0 0.848496 0.802294
0.813473 -1.82709 -0 0.829838 0.740948
0.645062 -1.68044 -0 0.848496 0.802294
0.716736 -1.86716 -0 0.863623 0.772709
0.813473 -1.82709 -0 0.829838 0.740948
0.813473 -1.82709 -0 0.829838 0.740948
0.716736 -1.86716 -0 0.863623 0.772709
0.894821 -2.0098 -0 0.841062 0.715464
0.716736 -1.86716 -0 0.863623 0.772709
0.788409 -2.05388 -0 0.877072 0.746405
0.894821 -2.0098 -0 0.841062 0.715464
0.894821 -2.0098 -0 0.841062 0.715464
0.788409 -2.05388 -0 0.877072 0.746405
1.05921 -2.37902 0.04 0.865048 0.666433
0.788409 -2.05388 -0 0.877072 0.746405
0.933249 -2.4312 0.04 0.906057 0.695584
1.05921 -2.37902 0.04 0.865048 0.666433
1.05921 -2.37902 0.04 0.865048 0.666433
0.933249 -2.4312 0.04 0.906057 0.695584
1.14056 -2.56173 0.16 0.887938 0.630517
0.933249 -2.4312 0.04 0.906057 0.695584
1.00492 -2.61791 0.16 0.934019 0.658391
1.14056 -2.56173 0.16 0.887938 0.630517
1.14056 -2.56173 0.16 0.887938 0.630517
1.00492 -2.61791 0.16 0.934019 0.658391
1.2219 -2.74444 0.36 0.921557 0.581881
1.00492 -2.61791 0.16 0.934019 0.658391
1.0766 -2.80463 0.36 0.975662 0.607514
1.2219 -2.74444 0.36 0.921557 0.581881
1.2219 -2.74444 0.36 0.921557 0.581881
1.0766 -2.80463 0.36 0.975662 0.607514
1.30325 -2.92715 0.64 0.969461 0.515529
0.34102 -0.178201 -0 0.558876 0.996495
0.34102 -0.182709 -0 0.560133 0.996412
0.34102 -0.356403 -0 0.608478 0.993243
0.34102 -0.182709 -0 0.560133 0.996412
0.34102 -0.365418 -0 0.610984 0.993078
0.34102 -0.356403 -0 0.608478 0.993243
0.34102 -0.356403 -0 0.608478 0.993243
0.34102 -0.365418 -0 0.610984 0.993078
0.34102 -0.534604 -0 0.657954 0.989999
0.34102 -0.365418 -0 0.610984 0.993078
0.34102 -0.548127 -0 0.661703 0.989753
0.34102 -0.534604 -0 0.657954 0.989999
0.34102 -0.534604 -0 0.657954 0.989999
0.34102 -0.548127 -0 0.661703 0.989753
0.363192 -0.712805 -0 0.701943 0.970158
0.34102 -0.548127 -0 0.661703 0.989753
0.34102 -0.730836 -0 0.71229 0.986436
0.363192 -0.712805 -0 0.701943 0.970158
0.363192 -0.712805 -0 0.701943 0.970158
0.34102 -0.730836 -0 0.71229 0.986436
0.453991 -0.891007 -0 0.726075 0.907305
0.34102 -0.730836 -0 0.71229 0.986436
0.406737 -0.913545 -0 0.743686 0.936553
0.453991 -0.891007 -0 0.726075 0.907305
0.453991 -0.891007 -0 0.726075 0.907305
0.406737 -0.913545 -0 0.743686 0.936553
0.544789 -1.06921 -0 0.746037 0.855314
0.406737 -0.913545 -0 0.743686 0.936553
0.488084 -1.09625 -0 0.76656 0.884617
0.544789 -1.06921 -0 0.746037 0.855314
0.544789 -1.06921 -0 0.746037 0.855314
0.488084 -1.09625 -0 0.76656 0.884617
0.635587 -1.24741 -0 0.762824 0.811591
0.488084 -1.09625 -0 0.76656 0.884617
0.569431 -1.27896 -0 0.785972 0.840544
0.635587 -1.24741 -0 0.762824 0.811591
0.635587 -1.24741 -0 0.762824 0.811591
0.569431 -1.27896 -0 0.785972 0.840544
0.726385 -1.42561 -0 0.777138 0.774311
0.569431 -1.27896 -0 0.785972 0.840544
0.650779 -1.46167 -0 0.802652 0.802673
0.726385 -1.42561 -0 0.777138 0.774311
0.726385 -1.42561 -0 0.777138 0.774311
0.650779 -1.46167 -0 0.802652 0.802673
0.817183 -1.60381 -0 0.789487 0.742146
0.650779 -1.46167 -0 0.802652 0.802673
0.732126 -1.64438 -0 0.817138 0.769781
0.817183 -1.60381 -0 0.789487 0.742146
0.817183 -1.60381 -0 0.789487 0.742146
0.732126 -1.64438 -0 0.817138 0.769781
0.907981 -1.78201 -0 0.800251 0.714112
0.732126 -1.64438 -0 0.817138 0.769781
0.813473 -1.82709 -0 0.829838 0.740948
0.907981 -1.78201 -0 0.800251 0.714112
0.907981 -1.78201 -0 0.800251 0.714112
0.813473 -1.82709 -0 0.829838 0.740948
0.998779 -1.96021 -0 0.809715 0.689461
0.813473 -1.82709 -0 0.829838 0.740948
0.894821 -2.0098 -0 0.841062 0.715464
0.998779 -1.96021 -0 0.809715 0.689461
0.998779 -1.96021 -0 0.809715 0.689461
0.894821 -2.0098 -0 0.841062 0.715464
1.18227 -2.32033 0.04 0.829802 0.642208
0.894821 -2.0098 -0 0.841062 0.715464
1.05921 -2.37902 0.04 0.865048 0.666433
1.18227 -2.32033 0.04 0.829802 0.642208
1.18227 -2.32033 0.04 0.829802 0.642208
1.05921 -2.37902 0.04 0.865048 0.666433
1.27306 -2.49853 0.16 0.848802 0.607603
1.05921 -2.37902 0.04 0.865048 0.666433
1.14056 -2.56173 0.16 0.887938 0.630517
1.27306 -2.49853 0.16 0.848802 0.607603
1.27306 -2.49853 0.16 0.848802 0.607603
1.14056 -2.56173 0.16 0.887938 0.630517
1.36386 -2.67673 0.36 0.87639 0.561139
1.14056 -2.56173 0.16 0.887938 0.630517
1.2219 -2.74444 0.36 0.921557 0.581881
1.36386 -2.67673 0.36 0.87639 0.561139
1.36386 -2.67673 0.36 0.87639 0.561139
1.2219 -2.74444 0.36 0.921557 0.581881
1.45466 -2.85493 0.64 0.915058 0.498707
1.2219 -2.74444 0.36 0.921557 0.581881
1.30325 -2.92715 0.64 0.969461 0.515529
1.45466 -2.85493 0.64 0.915058 0.498707
1.45466 -2.85493 0.64 0.915058 0.498707
1.30325 -2.92715 0.64 0.969461 0.515529
1.54546 -3.03313 1 0.969454 0.413031
0.34102 -0.173205 -0 0.557484 0.996586
0.34102 -0.178201 -0 0.558876 0.996495
0.34102 -0.34641 -0 0.6057 0.993425
0.34102 -0.178201 -0 0.558876 0.996495
0.34102 -0.356403 -0 0.608478 0.993243
0.34102 -0.34641 -0 0.6057 0.993425
0.34102 -0.34641 -0 0.6057 0.993425
0.34102 -0.356403 -0 0.608478 0.993243
0.34102 -0.519615 -0 0.653797 0.990271
0.34102 -0.356403 -0 0.608478 0.993243
0.34102 -0.534604 -0 0.657954 0.989999
0.34102 -0.519615 -0 0.653797 0.990271
0.34102 -0.519615 -0 0.653797 0.990271
0.34102 -0.534604 -0 0.657954 0.989999
0.4 -0.69282 -0 0.688442 0.944699
0.34102 -0.534604 -0 0.657954 0.989999
0.363192 -0.712805 -0 0.701943 0.970158
0.4 -0.69282 -0 0.688442 0.944699
0.4 -0.69282 -0 0.688442 0.944699
0.363192 -0.712805 -0 0.701943 0.970158
0.5 -0.866025 -0 0.709787 0.881475
0.363192 -0.712805 -0 0.701943 0.970158
0.453991 -0.891007 -0 0.726075 0.907305
0.5 -0.866025 -0 0.709787 0.881475
0.5 -0.866025 -0 0.709787 0.881475
0.453991 -0.891007 -0 0.726075 0.907305
0.6 -1.03923 -0 0.727275 0.829676
0.453991 -0.891007 -0 0.726075 0.907305
0.544789 -1.06921 -0 0.746037 0.855314
0.6 -1.03923 -0 0.727275 0.829676
0.6 -1.03923 -0 0.727275 0.829676
0.544789 -1.06921 -0 0.746037 0.855314
0.7 -1.21244 -0 0.741866 0.786461
0.544789 -1.06921 -0 0.746037 0.855314
0.635587 -1.24741 -0 0.762824 0.811591
0.7 -1.21244 -0 0.741866 0.786461
0.7 -1.21244 -0 0.741866 0.786461
0.635587 -1.24741 -0 0.762824 0.811591
0.8 -1.38564 -0 0.754223 0.749859
0.635587 -1.24741 -0 0.762824 0.811591
0.726385 -1.42561 -0 0.777138 0.774311
0.8 -1.38564 -0 0.754223 0.749859
0.8 -1.38564 -0 0.754223 0.749859
0.726385 -1.42561 -0 0.777138 0.774311
0.9 -1.55885 -0 0.764823 0.718461
0.726385 -1.42561 -0 0.777138 0.774311
0.817183 -1.60381 -0 0.789487 0.742146
0.9 -1.55885 -0 0.764823 0.718461
0.9 -1.55885 -0 0.764823 0.718461
0.817183 -1.60381 -0 0.789487 0.742146
1 -1.73205 -0 0.774017 0.69123
0.817183 -1.60381 -0 0.789487 0.742146
0.907981 -1.78201 -0 0.800251 0.714112
1 -1.73205 -0 0.774017 0.69123
1 -1.73205 -0 0.774017 0.69123
0.907981 -1.78201 -0 0.800251 0.714112
1.1 -1.90526 -0 0.782066 0.667388
0.907981 -1.78201 -0 0.800251 0.714112
0.998779 -1.96021 -0 0.809715 0.689461
1.1 -1.90526 -0 0.782066 0.667388
1.1 -1.90526 -0 0.782066 0.667388
0.998779 -1.96021 -0 0.809715 0.689461
1.30208 -2.25527 0.04 0.799049 0.621842
0.998779 -1.96021 -0 0.809715 0.689461
1.18227 -2.32033 0.04 0.829802 0.642208
1.30208 -2.25527 0.04 0.799049 0.621842
1.30208 -2.25527 0.04 0.799049 0.621842
1.18227 -2.32033 0.04 0.829802 0.642208
1.40208 -2.42848 0.16 0.814998 0.588511
1.18227 -2.32033 0.04 0.829802 0.642208
1.27306 -2.49853 0.16 0.848802 0.607603
1.40208 -2.42848 0.16 0.814998 0.588511
1.40208 -2.42848 0.16 0.814998 0.588511
1.27306 -2.49853 0.16 0.848802 0.607603
1.50208 -2.60168 0.36 0.837938 0.544085
1.27306 -2.49853 0.16 0.848802 0.607603
1.36386 -2.67673 0.36 0.87639 0.561139
1.50208 -2.60168 0.36 0.837938 0.544085
1.50208 -2.60168 0.36 0.837938 0.544085
1.36386 -2.67673 0.36 0.87639 0.561139
1.60208 -2.77489 0.64 0.869659 0.485135
1.36386 -2.67673 0.36 0.87639 0.561139
1.45466 -2.85493 0.64 0.915058 0.498707
1.60208 -2.77489 0.64 0.869659 0.485135
1.60208 -2.77489 0.64 0.869659 0.485135
1.45466 -2.85493 0.64 0.915058 0.498707
1.70208 -2.94809 1 0.913441 0.405728
1.45466 -2.85493 0.64 0.915058 0.498707
1.54546 -3.03313 1 0.969454 0.413031
1.70208 -2.94809 1 0.913441 0.405728
1.70208 -2.94809 1 0.913441 0.405728
1.54546 -3.03313 1 0.969454 0.413031
1.80208 -3.1213 1.44 0.975245 0.295319
0.34102 -0.167734 -0 0.555959 0.996686
0.34102 -0.173205 -0 0.557484 0.996586
0.34102 -0.335468 -0 0.602657 0.993624
0.34102 -0.173205 -0 0.557484 0.996586
0.34102 -0.34641 -0 0.6057 0.993425
0.34102 -0.335468 -0 0.602657 0.993624
0.34102 -0.335468 -0 0.602657 0.993624
0.34102 -0.34641 -0 0.6057 0.993425
0.34102 -0.503202 -0 0.649244 0.99057
0.34102 -0.34641 -0 0.6057 0.993425
0.34102 -0.519615 -0 0.653797 0.990271
0.34102 -0.503202 -0 0.649244 0.99057
0.34102 -0.503202 -0 0.649244 0.99057
0.34102 -0.519615 -0 0.653797 0.990271
0.435711 -0.670936 -0 0.675716 0.921913
0.34102 -0.519615 -0 0.653797 0.990271
0.4 -0.69282 -0 0.688442 0.944699
0.435711 -0.670936 -0 0.675716 0.921913
0.435711 -0.670936 -0 0.675716 0.921913
0.4 -0.69282 -0 0.688442 0.944699
0.544639 -0.838671 -0 0.694633 0.85859
0.4 -0.69282 -0 0.688442 0.944699
0.5 -0.866025 -0 0.709787 0.881475
0.544639 -0.838671 -0 0.694633 0.85859
0.544639 -0.838671 -0 0.694633 0.85859
0.5 -0.866025 -0 0.709787 0.881475
0.653567 -1.0064 -0 0.71 0.807149
0.5 -0.866025 -0 0.709787 0.881475
0.6 -1.03923 -0 0.727275 0.829676
0.653567 -1.0064 -0 0.71 0.807149
0.653567 -1.0064 -0 0.71 0.807149
0.6 -1.03923 -0 0.727275 0.829676
0.762495 -1.17414 -0 0.722731 0.764532
0.6 -1.03923 -0 0.727275 0.829676
0.7 -1.21244 -0 0.741866 0.786461
0.762495 -1.17414 -0 0.722731 0.764532
0.762495 -1.17414 -0 0.722731 0.764532
0.7 -1.21244 -0 0.741866 0.786461
0.871422 -1.34187 -0 0.73345 0.728649
0.7 -1.21244 -0 0.741866 0.786461
0.8 -1.38564 -0 0.754223 0.749859
0.871422 -1.34187 -0 0.73345 0.728649
0.871422 -1.34187 -0 0.73345 0.728649
0.8 -1.38564 -0 0.754223 0.749859
0.98035 -1.50961 -0 0.7426 0.69802
0.8 -1.38564 -0 0.754223 0.749859
0.9 -1.55885 -0 0.764823 0.718461
0.98035 -1.50961 -0 0.7426 0.69802
0.98035 -1.50961 -0 0.7426 0.69802
0.9 -1.55885 -0 0.764823 0.718461
1.08928 -1.67734 -0 0.750501 0.67157
0.9 -1.55885 -0 0.764823 0.718461
1 -1.73205 -0 0.774017 0.69123
1.08928 -1.67734 -0 0.750501 0.67157
1.08928 -1.67734 -0 0.750501 0.67157
1 -1.73205 -0 0.774017 0.69123
1.19821 -1.84508 -0 0.757394 0.648499
1 -1.73205 -0 0.774017 0.69123
1.1 -1.90526 -0 0.782066 0.667388
1.19821 -1.84508 -0 0.757394 0.648499
1.19821 -1.84508 -0 0.757394 0.648499
1.1 -1.90526 -0 0.782066 0.667388
1.41833 -2.18404 0.04 0.771865 0.604558
1.1 -1.90526 -0 0.782066 0.667388
1.30208 -2.25527 0.04 0.799049 0.621842
1.41833 -2.18404 0.04 0.771865 0.604558
1.41833 -2.18404 0.04 0.771865 0.604558
1.30208 -2.25527 0.04 0.799049 0.621842
1.52726 -2.35177 0.16 0.785374 0.572432
1.30208 -2.25527 0.04 0.799049 0.621842
1.40208 -2.42848 0.16 0.814998 0.588511
1.52726 -2.35177 0.16 0.785374 0.572432
1.52726 -2.35177 0.16 0.785374 0.572432
1.40208 -2.42848 0.16 0.814998 0.588511
1.63618 -2.5195 0.36 0.804653 0.529882
1.40208 -2.42848 0.16 0.814998 0.588511
1.50208 -2.60168 0.36 0.837938 0.544085
1.63618 -2.5195 0.36 0.804653 0.529882
1.63618 -2.5195 0.36 0.804653 0.529882
1.50208 -2.60168 0.36 0.837938 0.544085
1.74511 -2.68724 0.64 0.831012 0.474014
1.50208 -2.60168 0.36 0.837938 0.544085
1.60208 -2.77489 0.64 0.869659 0.485135
1.74511 -2.68724 0.64 0.831012 0.474014
1.74511 -2.68724 0.64 0.831012 0.474014
1.60208 -2.77489 0.64 0.869659 0.485135
1.85404 -2.85497 1 0.866831 0.399898
1.60208 -2.77489 0.64 0.869659 0.485135
1.70208 -2.94809 1 0.913441 0.405728
1.85404 -2.85497 1 0.866831 0.399898
1.85404 -2.85497 1 0.866831 0.399898
1.70208 -2.94809 1 0.913441 0.405728
1.96297 -3.02271 1.44 0.916313 0.299046
1.70208 -2.94809 1 0.913441 0.405728
1.80208 -3.1213 1.44 0.975245 0.295319
1.96297 -3.02271 1.44 0.916313 0.299046
1.96297 -3.02271 1.44 0.916313 0.299046
1.80208 -3.1213 1.44 0.975245 0.295319
2.0719 -3.19044 1.96 0.98719 0.155979
0.34102 -0.161803 -0 0.554306 0.996795
0.34102 -0.167734 -0 0.555959 0.996686
0.34102 -0.323607 -0 0.599359 0.993841
0.34102 -0.167734 -0 0.555959 0.996686
0.34102 -0.335468 -0 0.602657 0.993624
0.34102 -0.323607 -0 0.599359 0.993841
0.34102 -0.323607 -0 0.599359 0.993841
0.34102 -0.335468 -0 0.602657 0.993624
0.352671 -0.48541 -0 0.642298 0.981993
0.34102 -0.335468 -0 0.602657 0.993624
0.34102 -0.503202 -0 0.649244 0.99057
0.352671 -0.48541 -0 0.642298 0.981993
0.352671 -0.48541 -0 0.642298 0.981993
0.34102 -0.503202 -0 0.649244 0.99057
0.470228 -0.647214 -0 0.663669 0.901491
0.34102 -0.503202 -0 0.649244 0.99057
0.435711 -0.670936 -0 0.675716 0.921913
0.470228 -0.647214 -0 0.663669 0.901491
0.470228 -0.647214 -0 0.663669 0.901491
0.435711 -0.670936 -0 0.675716 0.921913
0.587785 -0.809017 -0 0.680454 0.838263
0.435711 -0.670936 -0 0.675716 0.921913
0.544639 -0.838671 -0 0.694633 0.85859
0.587785 -0.809017 -0 0.680454 0.838263
0.587785 -0.809017 -0 0.680454 0.838263
0.544639 -0.838671 -0 0.694633 0.85859
0.705342 -0.97082 -0 0.693986 0.787288
0.544639 -0.838671 -0 0.694633 0.85859
0.653567 -1.0064 -0 0.71 0.807149
0.705342 -0.97082 -0 0.693986 0.787288
0.705342 -0.97082 -0 0.693986 0.787288
0.653567 -1.0064 -0 0.71 0.807149
0.822899 -1.13262 -0 0.705128 0.745318
0.653567 -1.0064 -0 0.71 0.807149
0.762495 -1.17414 -0 0.722731 0.764532
0.822899 -1.13262 -0 0.705128 0.745318
0.822899 -1.13262 -0 0.705128 0.745318
0.762495 -1.17414 -0 0.722731 0.764532
0.940456 -1.29443 -0 0.714461 0.710162
0.762495 -1.17414 -0 0.722731 0.764532
0.871422 -1.34187 -0 0.73345 0.728649
0.940456 -1.29443 -0 0.714461 0.710162
0.940456 -1.29443 -0 0.714461 0.710162
0.871422 -1.34187 -0 0.73345 0.728649
1.05801 -1.45623 -0 0.722393 0.680283
0.871422 -1.34187 -0 0.73345 0.728649
0.98035 -1.50961 -0 0.7426 0.69802
1.05801 -1.45623 -0 0.722393 0.680283
1.05801 -1.45623 -0 0.722393 0.680283
0.98035 -1.50961 -0 0.7426 0.69802
1.17557 -1.61803 -0 0.729217 0.654577
0.98035 -1.50961 -0 0.7426 0.69802
1.08928 -1.67734 -0 0.750501 0.67157
1.17557 -1.61803 -0 0.729217 0.654577
1.17557 -1.61803 -0 0.729217 0.654577
1.08928 -1.67734 -0 0.750501 0.67157
1.29313 -1.77984 -0 0.73515 0.632227
1.08928 -1.67734 -0 0.750501 0.67157
1.19821 -1.84508 -0 0.757394 0.648499
1.29313 -1.77984 -0 0.73515 0.632227
1.29313 -1.77984 -0 0.73515 0.632227
1.19821 -1.84508 -0 0.757394 0.648499
1.53069 -2.10681 0.04 0.747557 0.589776
1.19821 -1.84508 -0 0.757394 0.648499
1.41833 -2.18404 0.04 0.771865 0.604558
1.53069 -2.10681 0.04 0.747557 0.589776
1.53069 -2.10681 0.04 0.747557 0.589776
1.41833 -2.18404 0.04 0.771865 0.604558
1.64825 -2.26862 0.16 0.759083 0.558774
1.41833 -2.18404 0.04 0.771865 0.604558
1.52726 -2.35177 0.16 0.785374 0.572432
1.64825 -2.26862 0.16 0.759083 0.558774
1.64825 -2.26862 0.16 0.759083 0.558774
1.52726 -2.35177 0.16 0.785374 0.572432
1.7658 -2.43042 0.36 0.775423 0.517934
1.52726 -2.35177 0.16 0.785374 0.572432
1.63618 -2.5195 0.36 0.804653 0.529882
1.7658 -2.43042 0.36 0.775423 0.517934
1.7658 -2.43042 0.36 0.775423 0.517934
1.63618 -2.5195 0.36 0.804653 0.529882
1.88336 -2.59222 0.64 0.797553 0.464788
1.63618 -2.5195 0.36 0.804653 0.529882
1.74511 -2.68724 0.64 0.831012 0.474014
1.88336 -2.59222 0.64 0.797553 0.464788
1.88336 -2.59222 0.64 0.797553 0.464788
1.74511 -2.68724 0.64 0.831012 0.474014
2.00092 -2.75403 1 0.827239 0.395175
1.74511 -2.68724 0.64 0.831012 0.474014
1.85404 -2.85497 1 0.866831 0.399898
2.00092 -2.75403 1 0.827239 0.395175
2.00092 -2.75403 1 0.827239 0.395175
1.85404 -2.85497 1 0.866831 0.399898
2.11847 -2.91583 1.44 0.867528 0.302109
1.85404 -2.85497 1 0.866831 0.399898
1.96297 -3.02271 1.44 0.916313 0.299046
2.11847 -2.91583 1.44 0.867528 0.302109
2.11847 -2.91583 1.44 0.867528 0.302109
1.96297 -3.02271 1.44 0.916313 0.299046
2.23603 -3.07763 1.96 0.923829 0.173321
1.96297 -3.02271 1.44 0.916313 0.299046
2.0719 -3.19044 1.96 0.98719 0.155979
2.23603 -3.07763 1.96 0.923829 0.173321
0.34102 -0.155429 -0 0.552529 0.996911
0.34102 -0.161803 -0 0.554306 0.996795
0.34102 -0.310858 -0 0.595813 0.994073
0.34102 -0.161803 -0 0.554306 0.996795
0.34102 -0.323607 -0 0.599359 0.993841
0.34102 -0.310858 -0 0.595813 0.994073
0.34102 -0.310858 -0 0.595813 0.994073
0.34102 -0.323607 -0 0.599359 0.993841
0.377592 -0.466288 -0 0.633085 0.964064
0.34102 -0.323607 -0 0.599359 0.993841
0.352671 -0.48541 -0 0.642298 0.981993
0.377592 -0.466288 -0 0.633085 0.964064
0.377592 -0.466288 -0 0.633085 0.964064
0.352671 -0.48541 -0 0.642298 0.981993
0.503456 -0.621717 -0 0.652219 0.883172
0.352671 -0.48541 -0 0.642298 0.981993
0.470228 -0.647214 -0 0.663669 0.901491
0.503456 -0.621717 -0 0.652219 0.883172
0.503456 -0.621717 -0 0.652219 0.883172
0.470228 -0.647214 -0 0.663669 0.901491
0.62932 -0.777146 -0 0.66712 0.820178
0.470228 -0.647214 -0 0.663669 0.901491
0.587785 -0.809017 -0 0.680454 0.838263
0.62932 -0.777146 -0 0.66712 0.820178
0.62932 -0.777146 -0 0.66712 0.820178
0.587785 -0.809017 -0 0.680454 0.838263
0.755184 -0.932575 -0 0.679052 0.769733
0.587785 -0.809017 -0 0.680454 0.838263
0.705342 -0.97082 -0 0.693986 0.787288
0.755184 -0.932575 -0 0.679052 0.769733
0.755184 -0.932575 -0 0.679052 0.769733
0.705342 -0.97082 -0 0.693986 0.787288
0.881049 -1.088 -0 0.688822 0.728428
0.705342 -0.97082 -0 0.693986 0.787288
0.822899 -1.13262 -0 0.705128 0.745318
0.881049 -1.088 -0 0.688822 0.728428
0.881049 -1.088 -0 0.688822 0.728428
0.822899 -1.13262 -0 0.705128 0.745318
1.00691 -1.24343 -0 0.696969 0.693985
0.822899 -1.13262 -0 0.705128 0.745318
0.940456 -1.29443 -0 0.714461 0.710162
1.00691 -1.24343 -0 0.696969 0.693985
1.00691 -1.24343 -0 0.696969 0.693985
0.940456 -1.29443 -0 0.714461 0.710162
1.13278 -1.39886 -0 0.703867 0.664825
0.940456 -1.29443 -0 0.714461 0.710162
1.05801 -1.45623 -0 0.722393 0.680283
1.13278 -1.39886 -0 0.703867 0.664825
1.13278 -1.39886 -0 0.703867 0.664825
1.05801 -1.45623 -0 0.722393 0.680283
1.25864 -1.55429 -0 0.709782 0.639819
1.05801 -1.45623 -0 0.722393 0.680283
1.17557 -1.61803 -0 0.729217 0.654577
1.25864 -1.55429 -0 0.709782 0.639819
1.25864 -1.55429 -0 0.709782 0.639819
1.17557 -1.61803 -0 0.729217 0.654577
1.3845 -1.70972 -0 0.71491 0.618138
1.17557 -1.61803 -0 0.729217 0.654577
1.29313 -1.77984 -0 0.73515 0.632227
1.3845 -1.70972 -0 0.71491 0.618138
1.3845 -1.70972 -0 0.71491 0.618138
1.29313 -1.77984 -0 0.73515 0.632227
1.63885 -2.02381 0.04 0.725597 0.577058
1.29313 -1.77984 -0 0.73515 0.632227
1.53069 -2.10681 0.04 0.747557 0.589776
1.63885 -2.02381 0.04 0.725597 0.577058
1.63885 -2.02381 0.04 0.725597 0.577058
1.53069 -2.10681 0.04 0.747557 0.589776
1.76472 -2.17924 0.16 0.735488 0.547091
1.53069 -2.10681 0.04 0.747557 0.589776
1.64825 -2.26862 0.16 0.759083 0.558774
1.76472 -2.17924 0.16 0.735488 0.547091
1.76472 -2.17924 0.16 0.735488 0.547091
1.64825 -2.26862 0.16 0.759083 0.558774
1.89058 -2.33467 0.36 0.749429 0.507801
1.64825 -2.26862 0.16 0.759083 0.558774
1.7658 -2.43042 0.36 0.775423 0.517934
1.89058 -2.33467 0.36 0.749429 0.507801
1.89058 -2.33467 0.36 0.749429 0.507801
1.7658 -2.43042 0.36 0.775423 0.517934
2.01645 -2.4901 0.64 0.76816 0.45706
1.7658 -2.43042 0.36 0.775423 0.517934
1.88336 -2.59222 0.64 0.797553 0.464788
2.01645 -2.4901 0.64 0.76816 0.45706
2.01645 -2.4901 0.64 0.76816 0.45706
1.88336 -2.59222 0.64 0.797553 0.464788
2.14231 -2.64553 1 0.793015 0.391307
1.88336 -2.59222 0.64 0.797553 0.464788
2.00092 -2.75403 1 0.827239 0.395175
2.14231 -2.64553 1 0.793015 0.391307
2.14231 -2.64553 1 0.793015 0.391307
2.00092 -2.75403 1 0.827239 0.395175
2.26817 -2.80096 1.44 0.826256 0.30468
2.00092 -2.75403 1 0.827239 0.395175
2.11847 -2.91583 1.44 0.867528 0.302109
2.26817 -2.80096 1.44 0.826256 0.30468
2.26817 -2.80096 1.44 0.826256 0.30468
2.11847 -2.91583 1.44 0.867528 0.302109
2.39404 -2.95639 1.96 0.871784 0.187199
2.11847 -2.91583 1.44 0.867528 0.302109
2.23603 -3.07763 1.96 0.923829 0.173321
2.39404 -2.95639 1.96 0.871784 0.187199
2.39404 -2.95639 1.96 0.871784 0.187199
2.23603 -3.07763 1.96 0.923829 0.173321
2.5199 -3.11182 2.56 0.936732 0.0206955
0.34102 -0.148629 -0 0.550633 0.997035
0.34102 -0.155429 -0 0.552529 0.996911
0.34102 -0.297258 -0 0.592029 0.994321
0.34102 -0.155429 -0 0.552529 0.996911
0.34102 -0.310858 -0 0.595813 0.994073
0.34102 -0.297258 -0 0.592029 0.994321
0.34102 -0.297258 -0 0.592029 0.994321
0.34102 -0.310858 -0 0.595813 0.994073
0.401478 -0.445887 -0 0.624185 0.947825
0.34102 -0.310858 -0 0.595813 0.994073
0.377592 -0.466288 -0 0.633085 0.964064
0.401478 -0.445887 -0 0.624185 0.947825
0.401478 -0.445887 -0 0.624185 0.947825
0.377592 -0.466288 -0 0.633085 0.964064
0.535304 -0.594516 -0 0.641297 0.866734
0.377592 -0.466288 -0 0.633085 0.964064
0.503456 -0.621717 -0 0.652219 0.883172
0.535304 -0.594516 -0 0.641297 0.866734
0.535304 -0.594516 -0 0.641297 0.866734
0.503456 -0.621717 -0 0.652219 0.883172
0.669131 -0.743145 -0 0.65452 0.804068
0.503456 -0.621717 -0 0.652219 0.883172
0.62932 -0.777146 -0 0.66712 0.820178
0.669131 -0.743145 -0 0.65452 0.804068
0.669131 -0.743145 -0 0.65452 0.804068
0.62932 -0.777146 -0 0.66712 0.820178
0.802957 -0.891774 -0 0.665046 0.75419
0.62932 -0.777146 -0 0.66712 0.820178
0.755184 -0.932575 -0 0.679052 0.769733
0.802957 -0.891774 -0 0.665046 0.75419
0.802957 -0.891774 -0 0.665046 0.75419
0.755184 -0.932575 -0 0.679052 0.769733
0.936783 -1.0404 -0 0.673622 0.713546
0.755184 -0.932575 -0 0.679052 0.769733
0.881049 -1.088 -0 0.688822 0.728428
0.936783 -1.0404 -0 0.673622 0.713546
0.936783 -1.0404 -0 0.673622 0.713546
0.881049 -1.088 -0 0.688822 0.728428
1.07061 -1.18903 -0 0.680745 0.679791
0.881049 -1.088 -0 0.688822 0.728428
1.00691 -1.24343 -0 0.696969 0.693985
1.07061 -1.18903 -0 0.680745 0.679791
1.07061 -1.18903 -0 0.680745 0.679791
1.00691 -1.24343 -0 0.696969 0.693985
1.20444 -1.33766 -0 0.686756 0.651309
1.00691 -1.24343 -0 0.696969 0.693985
1.13278 -1.39886 -0 0.703867 0.664825
1.20444 -1.33766 -0 0.686756 0.651309
1.20444 -1.33766 -0 0.686756 0.651309
1.13278 -1.39886 -0 0.703867 0.664825
1.33826 -1.48629 -0 0.691895 0.626955
1.13278 -1.39886 -0 0.703867 0.664825
1.25864 -1.55429 -0 0.709782 0.639819
1.33826 -1.48629 -0 0.691895 0.626955
1.33826 -1.48629 -0 0.691895 0.626955
1.25864 -1.55429 -0 0.709782 0.639819
1.47209 -1.63492 -0 0.69634 0.605891
1.25864 -1.55429 -0 0.709782 0.639819
1.3845 -1.70972 -0 0.71491 0.618138
1.47209 -1.63492 -0 0.69634 0.605891
1.47209 -1.63492 -0 0.69634 0.605891
1.3845 -1.70972 -0 0.71491 0.618138
1.74253 -1.93527 0.04 0.705576 0.566065
1.3845 -1.70972 -0 0.71491 0.618138
1.63885 -2.02381 0.04 0.725597 0.577058
1.74253 -1.93527 0.04 0.705576 0.566065
1.74253 -1.93527 0.04 0.705576 0.566065
1.63885 -2.02381 0.04 0.725597 0.577058
1.87635 -2.0839 0.16 0.714098 0.537046
1.63885 -2.02381 0.04 0.725597 0.577058
1.76472 -2.17924 0.16 0.735488 0.547091
1.87635 -2.0839 0.16 0.714098 0.537046
1.87635 -2.0839 0.16 0.714098 0.537046
1.76472 -2.17924 0.16 0.735488 0.547091
2.01018 -2.23253 0.36 0.726054 0.499155
1.76472 -2.17924 0.16 0.735488 0.547091
1.89058 -2.33467 0.36 0.749429 0.507801
2.01018 -2.23253 0.36 0.726054 0.499155
2.01018 -2.23253 0.36 0.726054 0.499155
1.89058 -2.33467 0.36 0.749429 0.507801
2.144 -2.38116 0.64 0.742007 0.450539
1.89058 -2.33467 0.36 0.749429 0.507801
2.01645 -2.4901 0.64 0.76816 0.45706
2.144 -2.38116 0.64 0.742007 0.450539
2.144 -2.38116 0.64 0.742007 0.450539
2.01645 -2.4901 0.64 0.76816 0.45706
2.27783 -2.52979 1 0.762982 0.388113
2.01645 -2.4901 0.64 0.76816 0.45706
2.14231 -2.64553 1 0.793015 0.391307
2.27783 -2.52979 1 0.762982 0.388113
2.27783 -2.52979 1 0.762982 0.388113
2.14231 -2.64553 1 0.793015 0.391307
2.41166 -2.67842 1.44 0.790691 0.306876
2.14231 -2.64553 1 0.793015 0.391307
2.26817 -2.80096 1.44 0.826256 0.30468
2.41166 -2.67842 1.44 0.790691 0.306876
2.41166 -2.67842 1.44 0.790691 0.306876
2.26817 -2.80096 1.44 0.826256 0.30468
2.54548 -2.82704 1.96 0.828018 0.198525
2.26817 -2.80096 1.44 0.826256 0.30468
2.39404 -2.95639 1.96 0.871784 0.187199
2.54548 -2.82704 1.96 0.828018 0.198525
2.54548 -2.82704 1.96 0.828018 0.198525
2.39404 -2.95639 1.96 0.871784 0.187199
2.67931 -2.97567 2.56 0.880054 0.0484793
2.39404 -2.95639 1.96 0.871784 0.187199
2.5199 -3.11182 2.56 0.936732 0.0206955
2.67931 -2.97567 2.56 0.880054 0.0484793
0.34102 -0.141421 -0 0.548623 0.997167
0.34102 -0.148629 -0 0.550633 0.997035
0.34102 -0.282843 -0 0.588018 0.994584
0.34102 -0.148629 -0 0.550633 0.997035
0.34102 -0.297258 -0 0.592029 0.994321
0.34102 -0.282843 -0 0.588018 0.994584
0.34102 -0.282843 -0 0.588018 0.994584
0.34102 -0.297258 -0 0.592029 0.994321
0.424264 -0.424264 -0 0.615567 0.933136
0.34102 -0.297258 -0 0.592029 0.994321
0.401478 -0.445887 -0 0.624185 0.947825
0.424264 -0.424264 -0 0.615567 0.933136
0.424264 -0.424264 -0 0.615567 0.933136
0.401478 -0.445887 -0 0.624185 0.947825
0.565685 -0.565685 -0 0.630841 0.85199
0.401478 -0.445887 -0 0.624185 0.947825
0.535304 -0.594516 -0 0.641297 0.866734
0.565685 -0.565685 -0 0.630841 0.85199
0.565685 -0.565685 -0 0.630841 0.85199
0.535304 -0.594516 -0 0.641297 0.866734
0.707107 -0.707107 -0 0.642562 0.789715
0.535304 -0.594516 -0 0.641297 0.866734
0.669131 -0.743145 -0 0.65452 0.804068
0.707107 -0.707107 -0 0.642562 0.789715
0.707107 -0.707107 -0 0.642562 0.789715
0.669131 -0.743145 -0 0.65452 0.804068
0.848528 -0.848528 -0 0.651841 0.740415
0.669131 -0.743145 -0 0.65452 0.804068
0.802957 -0.891774 -0 0.665046 0.75419
0.848528 -0.848528 -0 0.651841 0.740415
0.848528 -0.848528 -0 0.651841 0.740415
0.802957 -0.891774 -0 0.665046 0.75419
0.98995 -0.98995 -0 0.65937 0.700416
0.802957 -0.891774 -0 0.665046 0.75419
0.936783 -1.0404 -0 0.673622 0.713546
0.98995 -0.98995 -0 0.65937 0.700416
0.98995 -0.98995 -0 0.65937 0.700416
0.936783 -1.0404 -0 0.673622 0.713546
1.13137 -1.13137 -0 0.6656 0.667314
0.936783 -1.0404 -0 0.673622 0.713546
1.07061 -1.18903 -0 0.680745 0.679791
1.13137 -1.13137 -0 0.6656 0.667314
1.13137 -1.13137 -0 0.6656 0.667314
1.07061 -1.18903 -0 0.680745 0.679791
1.27279 -1.27279 -0 0.670842 0.639466
1.07061 -1.18903 -0 0.680745 0.679791
1.20444 -1.33766 -0 0.686756 0.651309
1.27279 -1.27279 -0 0.670842 0.639466
1.27279 -1.27279 -0 0.670842 0.639466
1.20444 -1.33766 -0 0.686756 0.651309
1.41421 -1.41421 -0 0.675313 0.615714
1.20444 -1.33766 -0 0.686756 0.651309
1.33826 -1.48629 -0 0.691895 0.626955
1.41421 -1.41421 -0 0.675313 0.615714
1.41421 -1.41421 -0 0.675313 0.615714
1.33826 -1.48629 -0 0.691895 0.626955
1.55563 -1.55563 -0 0.679171 0.595215
1.33826 -1.48629 -0 0.691895 0.626955
1.47209 -1.63492 -0 0.69634 0.605891
1.55563 -1.55563 -0 0.679171 0.595215
1.55563 -1.55563 -0 0.679171 0.595215
1.47209 -1.63492 -0 0.69634 0.605891
1.84142 -1.84142 0.04 0.68717 0.556532
1.47209 -1.63492 -0 0.69634 0.605891
1.74253 -1.93527 0.04 0.705576 0.566065
1.84142 -1.84142 0.04 0.68717 0.556532
1.84142 -1.84142 0.04 0.68717 0.556532
1.74253 -1.93527 0.04 0.705576 0.566065
1.98284 -1.98284 0.16 0.694534 0.528376
1.74253 -1.93527 0.04 0.705576 0.566065
1.87635 -2.0839 0.16 0.714098 0.537046
1.98284 -1.98284 0.16 0.694534 0.528376
1.98284 -1.98284 0.16 0.694534 0.528376
1.87635 -2.0839 0.16 0.714098 0.537046
2.12426 -2.12426 0.36 0.704822 0.491744
1.87635 -2.0839 0.16 0.714098 0.537046
2.01018 -2.23253 0.36 0.726054 0.499155
2.12426 -2.12426 0.36 0.704822 0.491744
2.12426 -2.12426 0.36 0.704822 0.491744
2.01018 -2.23253 0.36 0.726054 0.499155
2.26569 -2.26569 0.64 0.718471 0.445008
2.01018 -2.23253 0.36 0.726054 0.499155
2.144 -2.38116 0.64 0.742007 0.450539
2.26569 -2.26569 0.64 0.718471 0.445008
2.26569 -2.26569 0.64 0.718471 0.445008
2.144 -2.38116 0.64 0.742007 0.450539
2.40711 -2.40711 1 0.736276 0.385464
2.144 -2.38116 0.64 0.742007 0.450539
2.27783 -2.52979 1 0.762982 0.388113
2.40711 -2.40711 1 0.736276 0.385464
2.40711 -2.40711 1 0.736276 0.385464
2.27783 -2.52979 1 0.762982 0.388113
2.54853 -2.54853 1.44 0.759555 0.308781
2.27783 -2.52979 1 0.762982 0.388113
2.41166 -2.67842 1.44 0.790691 0.306876
2.54853 -2.54853 1.44 0.759555 0.308781
2.54853 -2.54853 1.44 0.759555 0.308781
2.41166 -2.67842 1.44 0.790691 0.306876
2.68995 -2.68995 1.96 0.790482 0.207917
2.41166 -2.67842 1.44 0.790691 0.306876
2.54548 -2.82704 1.96 0.828018 0.198525
2.68995 -2.68995 1.96 0.790482 0.207917
2.68995 -2.68995 1.96 0.790482 0.207917
2.54548 -2.82704 1.96 0.828018 0.198525
2.83137 -2.83137 2.56 0.83279 0.070869
2.54548 -2.82704 1.96 0.828018 0.198525
2.67931 -2.97567 2.56 0.880054 0.0484793
2.83137 -2.83137 2.56 0.83279 0.070869
0.34102 -0.133826 -0 0.546505 0.997306
0.34102 -0.141421 -0 0.548623 0.997167
0.34102 -0.267652 -0 0.58379 0.994861
0.34102 -0.141421 -0 0.548623 0.997167
0.34102 -0.282843 -0 0.588018 0.994584
0.34102 -0.267652 -0 0.58379 0.994861
0.34102 -0.267652 -0 0.58379 0.994861
0.34102 -0.282843 -0 0.588018 0.994584
0.445887 -0.401478 -0 0.607204 0.919872
0.34102 -0.282843 -0 0.588018 0.994584
0.424264 -0.424264 -0 0.615567 0.933136
0.445887 -0.401478 -0 0.607204 0.919872
0.445887 -0.401478 -0 0.607204 0.919872
0.424264 -0.424264 -0 0.615567 0.933136
0.594516 -0.535304 -0 0.620797 0.83878
0.424264 -0.424264 -0 0.615567 0.933136
0.565685 -0.565685 -0 0.630841 0.85199
0.594516 -0.535304 -0 0.620797 0.83878
0.594516 -0.535304 -0 0.620797 0.83878
0.565685 -0.565685 -0 0.630841 0.85199
0.743145 -0.669131 -0 0.631164 0.776933
0.565685 -0.565685 -0 0.630841 0.85199
0.707107 -0.707107 -0 0.642562 0.789715
0.743145 -0.669131 -0 0.631164 0.776933
0.743145 -0.669131 -0 0.631164 0.776933
0.707107 -0.707107 -0 0.642562 0.789715
0.891774 -0.802957 -0 0.639332 0.728207
0.707107 -0.707107 -0 0.642562 0.789715
0.848528 -0.848528 -0 0.651841 0.740415
0.891774 -0.802957 -0 0.639332 0.728207
0.891774 -0.802957 -0 0.639332 0.728207
0.848528 -0.848528 -0 0.651841 0.740415
1.0404 -0.936783 -0 0.645933 0.688826
0.848528 -0.848528 -0 0.651841 0.740415
0.98995 -0.98995 -0 0.65937 0.700416
1.0404 -0.936783 -0 0.645933 0.688826
1.0404 -0.936783 -0 0.645933 0.688826
0.98995 -0.98995 -0 0.65937 0.700416
1.18903 -1.07061 -0 0.651379 0.656338
0.98995 -0.98995 -0 0.65937 0.700416
1.13137 -1.13137 -0 0.6656 0.667314
1.18903 -1.07061 -0 0.651379 0.656338
1.18903 -1.07061 -0 0.651379 0.656338
1.13137 -1.13137 -0 0.6656 0.667314
1.33766 -1.20444 -0 0.655948 0.629078
1.13137 -1.13137 -0 0.6656 0.667314
1.27279 -1.27279 -0 0.670842 0.639466
1.33766 -1.20444 -0 0.655948 0.629078
1.33766 -1.20444 -0 0.655948 0.629078
1.27279 -1.27279 -0 0.670842 0.639466
1.48629 -1.33826 -0 0.659837 0.605879
1.27279 -1.27279 -0 0.670842 0.639466
1.41421 -1.41421 -0 0.675313 0.615714
1.48629 -1.33826 -0 0.659837 0.605879
1.48629 -1.33826 -0 0.659837 0.605879
1.41421 -1.41421 -0 0.675313 0.615714
1.63492 -1.47209 -0 0.663186 0.585896
1.41421 -1.41421 -0 0.675313 0.615714
1.55563 -1.55563 -0 0.679171 0.595215
1.63492 -1.47209 -0 0.663186 0.585896
1.63492 -1.47209 -0 0.663186 0.585896
1.55563 -1.55563 -0 0.679171 0.595215
1.93527 -1.74253 0.04 0.670118 0.54825
1.55563 -1.55563 -0 0.679171 0.595215
1.84142 -1.84142 0.04 0.68717 0.556532
1.93527 -1.74253 0.04 0.670118 0.54825
1.93527 -1.74253 0.04 0.670118 0.54825
1.84142 -1.84142 0.04 0.68717 0.556532
2.0839 -1.87635 0.16 0.67649 0.520876
1.84142 -1.84142 0.04 0.68717 0.556532
1.98284 -1.98284 0.16 0.694534 0.528376
2.0839 -1.87635 0.16 0.67649 0.520876
2.0839 -1.87635 0.16 0.67649 0.520876
1.98284 -1.98284 0.16 0.694534 0.528376
2.23253 -2.01018 0.36 0.685362 0.485373
1.98284 -1.98284 0.16 0.694534 0.528376
2.12426 -2.12426 0.36 0.704822 0.491744
2.23253 -2.01018 0.36 0.685362 0.485373
2.23253 -2.01018 0.36 0.685362 0.485373
2.12426 -2.12426 0.36 0.704822 0.491744
2.38116 -2.144 0.64 0.697073 0.440302
2.12426 -2.12426 0.36 0.704822 0.491744
2.26569 -2.26569 0.64 0.718471 0.445008
2.38116 -2.144 0.64 0.697073 0.440302
2.38116 -2.144 0.64 0.697073 0.440302
2.26569 -2.26569 0.64 0.718471 0.445008
2.52979 -2.27783 1 0.712248 0.383262
2.26569 -2.26569 0.64 0.718471 0.445008
2.40711 -2.40711 1 0.736276 0.385464
2.52979 -2.27783 1 0.712248 0.383262
2.52979 -2.27783 1 0.712248 0.383262
2.40711 -2.40711 1 0.736276 0.385464
2.67842 -2.41166 1.44 0.731913 0.310454
2.40711 -2.40711 1 0.736276 0.385464
2.54853 -2.54853 1.44 0.759555 0.308781
2.67842 -2.41166 1.44 0.731913 0.310454
2.67842 -2.41166 1.44 0.731913 0.310454
2.54853 -2.54853 1.44 0.759555 0.308781
2.82704 -2.54548 1.96 0.757738 0.215805
2.54853 -2.54853 1.44 0.759555 0.308781
2.68995 -2.68995 1.96 0.790482 0.207917
2.82704 -2.54548 1.96 0.757738 0.215805
2.82704 -2.54548 1.96 0.757738 0.215805
2.68995 -2.68995 1.96 0.790482 0.207917
2.97567 -2.67931 2.56 0.792516 0.0892137
2.68995 -2.68995 1.96 0.790482 0.207917
2.83137 -2.83137 2.56 0.83279 0.070869
2.97567 -2.67931 2.56 0.792516 0.0892137
0.34102 -0.125864 -0 0.544285 0.997452
0.34102 -0.133826 -0 0.546505 0.997306
0.34102 -0.251728 -0 0.579358 0.995152
0.34102 -0.133826 -0 0.546505 0.997306
0.34102 -0.267652 -0 0.58379 0.994861
0.34102 -0.251728 -0 0.579358 0.995152
0.34102 -0.251728 -0 0.579358 0.995152
0.34102 -0.267652 -0 0.58379 0.994861
0.466288 -0.377592 -0 0.599071 0.907928
0.34102 -0.267652 -0 0.58379 0.994861
0.445887 -0.401478 -0 0.607204 0.919872
0.466288 -0.377592 -0 0.599071 0.907928
0.466288 -0.377592 -0 0.599071 0.907928
0.445887 -0.401478 -0 0.607204 0.919872
0.621717 -0.503456 -0 0.611119 0.826969
0.445887 -0.401478 -0 0.607204 0.919872
0.594516 -0.535304 -0 0.620797 0.83878
0.621717 -0.503456 -0 0.611119 0.826969
0.621717 -0.503456 -0 0.611119 0.826969
0.594516 -0.535304 -0 0.620797 0.83878
0.777146 -0.62932 -0 0.620257 0.765566
0.594516 -0.535304 -0 0.620797 0.83878
0.743145 -0.669131 -0 0.631164 0.776933
0.777146 -0.62932 -0 0.620257 0.765566
0.777146 -0.62932 -0 0.620257 0.765566
0.743145 -0.669131 -0 0.631164 0.776933
0.932575 -0.755184 -0 0.627426 0.717398
0.743145 -0.669131 -0 0.631164 0.776933
0.891774 -0.802957 -0 0.639332 0.728207
0.932575 -0.755184 -0 0.627426 0.717398
0.932575 -0.755184 -0 0.627426 0.717398
0.891774 -0.802957 -0 0.639332 0.728207
1.088 -0.881049 -0 0.6332 0.678602
0.891774 -0.802957 -0 0.639332 0.728207
1.0404 -0.936783 -0 0.645933 0.688826
1.088 -0.881049 -0 0.6332 0.678602
1.088 -0.881049 -0 0.6332 0.678602
1.0404 -0.936783 -0 0.645933 0.688826
1.24343 -1.00691 -0 0.637949 0.646686
1.0404 -0.936783 -0 0.645933 0.688826
1.18903 -1.07061 -0 0.651379 0.656338
1.24343 -1.00691 -0 0.637949 0.646686
1.24343 -1.00691 -0 0.637949 0.646686
1.18903 -1.07061 -0 0.651379 0.656338
1.39886 -1.13278 -0 0.641926 0.619967
1.18903 -1.07061 -0 0.651379 0.656338
1.33766 -1.20444 -0 0.655948 0.629078
1.39886 -1.13278 -0 0.641926 0.619967
1.39886 -1.13278 -0 0.641926 0.619967
1.33766 -1.20444 -0 0.655948 0.629078
1.55429 -1.25864 -0 0.645303 0.597273
1.33766 -1.20444 -0 0.655948 0.629078
1.48629 -1.33826 -0 0.659837 0.605879
1.55429 -1.25864 -0 0.645303 0.597273
1.55429 -1.25864 -0 0.645303 0.597273
1.48629 -1.33826 -0 0.659837 0.605879
1.70972 -1.3845 -0 0.648207 0.577758
1.48629 -1.33826 -0 0.659837 0.605879
1.63492 -1.47209 -0 0.663186 0.585896
1.70972 -1.3845 -0 0.648207 0.577758
1.70972 -1.3845 -0 0.648207 0.577758
1.63492 -1.47209 -0 0.663186 0.585896
2.02381 -1.63885 0.04 0.65421 0.541049
1.63492 -1.47209 -0 0.663186 0.585896
1.93527 -1.74253 0.04 0.670118 0.54825
2.02381 -1.63885 0.04 0.65421 0.541049
2.02381 -1.63885 0.04 0.65421 0.541049
1.93527 -1.74253 0.04 0.670118 0.54825
2.17924 -1.76472 0.16 0.659722 0.514382
1.93527 -1.74253 0.04 0.670118 0.54825
2.0839 -1.87635 0.16 0.67649 0.520876
2.17924 -1.76472 0.16 0.659722 0.514382
2.17924 -1.76472 0.16 0.659722 0.514382
2.0839 -1.87635 0.16 0.67649 0.520876
2.33467 -1.89058 0.36 0.667377 0.479891
2.0839 -1.87635 0.16 0.67649 0.520876
2.23253 -2.01018 0.36 0.685362 0.485373
2.33467 -1.89058 0.36 0.667377 0.479891
2.33467 -1.89058 0.36 0.667377 0.479891
2.23253 -2.01018 0.36 0.685362 0.485373
2.4901 -2.01645 0.64 0.677437 0.436291
2.23253 -2.01018 0.36 0.685362 0.485373
2.38116 -2.144 0.64 0.697073 0.440302
2.4901 -2.01645 0.64 0.677437 0.436291
2.4901 -2.01645 0.64 0.677437 0.436291
2.38116 -2.144 0.64 0.697073 0.440302
2.64553 -2.14231 1 0.690399 0.381433
2.38116 -2.144 0.64 0.697073 0.440302
2.52979 -2.27783 1 0.712248 0.383262
2.64553 -2.14231 1 0.690399 0.381433
2.64553 -2.14231 1 0.690399 0.381433
2.52979 -2.27783 1 0.712248 0.383262
2.80096 -2.26817 1.44 0.70707 0.311941
2.52979 -2.27783 1 0.712248 0.383262
2.67842 -2.41166 1.44 0.731913 0.310454
2.80096 -2.26817 1.44 0.70707 0.311941
2.80096 -2.26817 1.44 0.70707 0.311941
2.67842 -2.41166 1.44 0.731913 0.310454
2.95639 -2.39404 1.96 0.728747 0.222499
2.67842 -2.41166 1.44 0.731913 0.310454
2.82704 -2.54548 1.96 0.757738 0.215805
2.95639 -2.39404 1.96 0.728747 0.222499
2.95639 -2.39404 1.96 0.728747 0.222499
2.82704 -2.54548 1.96 0.757738 0.215805
3.11182 -2.5199 2.56 0.757561 0.104441
2.82704 -2.54548 1.96 0.757738 0.215805
2.97567 -2.67931 2.56 0.792516 0.0892137
3.11182 -2.5199 2.56 0.757561 0.104441
0.34102 -0.117557 -0 0.541968 0.997604
0.34102 -0.125864 -0 0.544285 0.997452
0.34102 -0.235114 -0 0.574732 0.995455
0.34102 -0.125864 -0 0.544285 0.997452
0.34102 -0.251728 -0 0.579358 0.995152
0.34102 -0.235114 -0 0.574732 0.995455
0.34102 -0.235114 -0 0.574732 0.995455
0.34102 -0.251728 -0 0.579358 0.995152
0.48541 -0.352671 -0 0.591144 0.897209
0.34102 -0.251728 -0 0.579358 0.995152
0.466288 -0.377592 -0 0.599071 0.907928
0.48541 -0.352671 -0 0.591144 0.897209
0.48541 -0.352671 -0 0.591144 0.897209
0.466288 -0.377592 -0 0.599071 0.907928
0.647214 -0.470228 -0 0.601766 0.816437
0.466288 -0.377592 -0 0.599071 0.907928
0.621717 -0.503456 -0 0.611119 0.826969
0.647214 -0.470228 -0 0.601766 0.816437
0.647214 -0.470228 -0 0.601766 0.816437
0.621717 -0.503456 -0 0.611119 0.826969
0.809017 -0.587785 -0 0.609781 0.755483
0.621717 -0.503456 -0 0.611119 0.826969
0.777146 -0.62932 -0 0.620257 0.765566
0.809017 -0.587785 -0 0.609781 0.755483
0.809017 -0.587785 -0 0.609781 0.755483
0.777146 -0.62932 -0 0.620257 0.765566
0.97082 -0.705342 -0 0.616045 0.707849
0.777146 -0.62932 -0 0.620257 0.765566
0.932575 -0.755184 -0 0.627426 0.717398
0.97082 -0.705342 -0 0.616045 0.707849
0.97082 -0.705342 -0 0.616045 0.707849
0.932575 -0.755184 -0 0.627426 0.717398
1.13262 -0.822899 -0 0.621075 0.6696
0.932575 -0.755184 -0 0.627426 0.717398
1.088 -0.881049 -0 0.6332 0.678602
1.13262 -0.822899 -0 0.621075 0.6696
1.13262 -0.822899 -0 0.621075 0.6696
1.088 -0.881049 -0 0.6332 0.678602
1.29443 -0.940456 -0 0.625203 0.63821
1.088 -0.881049 -0 0.6332 0.678602
1.24343 -1.00691 -0 0.637949 0.646686
1.29443 -0.940456 -0 0.625203 0.63821
1.29443 -0.940456 -0 0.625203 0.63821
1.24343 -1.00691 -0 0.637949 0.646686
1.45623 -1.05801 -0 0.628652 0.611987
1.24343 -1.00691 -0 0.637949 0.646686
1.39886 -1.13278 -0 0.641926 0.619967
1.45623 -1.05801 -0 0.628652 0.611987
1.45623 -1.05801 -0 0.628652 0.611987
1.39886 -1.13278 -0 0.641926 0.619967
1.61803 -1.17557 -0 0.631576 0.589752
1.39886 -1.13278 -0 0.641926 0.619967
1.55429 -1.25864 -0 0.645303 0.597273
1.61803 -1.17557 -0 0.631576 0.589752
1.61803 -1.17557 -0 0.631576 0.589752
1.55429 -1.25864 -0 0.645303 0.597273
1.77984 -1.29313 -0 0.634087 0.570659
1.55429 -1.25864 -0 0.645303 0.597273
1.70972 -1.3845 -0 0.648207 0.577758
1.77984 -1.29313 -0 0.634087 0.570659
1.77984 -1.29313 -0 0.634087 0.570659
1.70972 -1.3845 -0 0.648207 0.577758
2.10681 -1.53069 0.04 0.639271 0.534794
1.70972 -1.3845 -0 0.648207 0.577758
2.02381 -1.63885 0.04 0.65421 0.541049
2.10681 -1.53069 0.04 0.639271 0.534794
2.10681 -1.53069 0.04 0.639271 0.534794
2.02381 -1.63885 0.04 0.65421 0.541049
2.26862 -1.64825 0.16 0.644032 0.508763
2.02381 -1.63885 0.04 0.65421 0.541049
2.17924 -1.76472 0.16 0.659722 0.514382
2.26862 -1.64825 0.16 0.644032 0.508763
2.26862 -1.64825 0.16 0.644032 0.508763
2.17924 -1.76472 0.16 0.659722 0.514382
2.43042 -1.7658 0.36 0.650628 0.475176
2.17924 -1.76472 0.16 0.659722 0.514382
2.33467 -1.89058 0.36 0.667377 0.479891
2.43042 -1.7658 0.36 0.650628 0.475176
2.43042 -1.7658 0.36 0.650628 0.475176
2.33467 -1.89058 0.36 0.667377 0.479891
2.59222 -1.88336 0.64 0.659266 0.432876
2.33467 -1.89058 0.36 0.667377 0.479891
2.4901 -2.01645 0.64 0.677437 0.436291
2.59222 -1.88336 0.64 0.659266 0.432876
2.59222 -1.88336 0.64 0.659266 0.432876
2.4901 -2.01645 0.64 0.677437 0.436291
2.75403 -2.00092 1 0.67034 0.37992
2.4901 -2.01645 0.64 0.677437 0.436291
2.64553 -2.14231 1 0.690399 0.381433
2.75403 -2.00092 1 0.67034 0.37992
2.75403 -2.00092 1 0.67034 0.37992
2.64553 -2.14231 1 0.690399 0.381433
2.91583 -2.11847 1.44 0.684491 0.313277
2.64553 -2.14231 1 0.690399 0.381433
2.80096 -2.26817 1.44 0.70707 0.311941
2.91583 -2.11847 1.44 0.684491 0.313277
2.91583 -2.11847 1.44 0.684491 0.313277
2.80096 -2.26817 1.44 0.70707 0.311941
3.07763 -2.23603 1.96 0.70274 0.228226
2.80096 -2.26817 1.44 0.70707 0.311941
2.95639 -2.39404 1.96 0.728747 0.222499
3.07763 -2.23603 1.96 0.70274 0.228226
3.07763 -2.23603 1.96 0.70274 0.228226
2.95639 -2.39404 1.96 0.728747 0.222499
3.23944 -2.35359 2.56 0.726729 0.117207
2.95639 -2.39404 1.96 0.728747 0.222499
3.11182 -2.5199 2.56 0.757561 0.104441
3.23944 -2.35359 2.56 0.726729 0.117207
0.34102 -0.108928 -0 0.53956 0.997761
0.34102 -0.117557 -0 0.541968 0.997604
0.34102 -0.217856 -0 0.569925 0.99577
0.34102 -0.117557 -0 0.541968 0.997604
0.34102 -0.235114 -0 0.574732 0.995455
0.34102 -0.217856 -0 0.569925 0.99577
0.34102 -0.217856 -0 0.569925 0.99577
0.34102 -0.235114 -0 0.574732 0.995455
0.503202 -0.326783 -0 0.583402 0.887635
0.34102 -0.235114 -0 0.574732 0.995455
0.48541 -0.352671 -0 0.591144 0.897209
0.503202 -0.326783 -0 0.583402 0.887635
0.503202 -0.326783 -0 0.583402 0.887635
0.48541 -0.352671 -0 0.591144 0.897209
0.670936 -0.435711 -0 0.592699 0.807086
0.48541 -0.352671 -0 0.591144 0.897209
0.647214 -0.470228 -0 0.601766 0.816437
0.670936 -0.435711 -0 0.592699 0.807086
0.670936 -0.435711 -0 0.592699 0.807086
0.647214 -0.470228 -0 0.601766 0.816437
0.838671 -0.544639 -0 0.599683 0.74657
0.647214 -0.470228 -0 0.601766 0.816437
0.809017 -0.587785 -0 0.609781 0.755483
0.838671 -0.544639 -0 0.599683 0.74657
0.838671 -0.544639 -0 0.599683 0.74657
0.809017 -0.587785 -0 0.609781 0.755483
1.0064 -0.653567 -0 0.605123 0.69944
0.809017 -0.587785 -0 0.609781 0.755483
0.97082 -0.705342 -0 0.616045 0.707849
1.0064 -0.653567 -0 0.605123 0.69944
1.0064 -0.653567 -0 0.605123 0.69944
0.97082 -0.705342 -0 0.616045 0.707849
1.17414 -0.762495 -0 0.609479 0.661697
0.97082 -0.705342 -0 0.616045 0.707849
1.13262 -0.822899 -0 0.621075 0.6696
1.17414 -0.762495 -0 0.609479 0.661697
1.17414 -0.762495 -0 0.609479 0.661697
1.13262 -0.822899 -0 0.621075 0.6696
1.34187 -0.871422 -0 0.613046 0.630791
1.13262 -0.822899 -0 0.621075 0.6696
1.29443 -0.940456 -0 0.625203 0.63821
1.34187 -0.871422 -0 0.613046 0.630791
1.34187 -0.871422 -0 0.613046 0.630791
1.29443 -0.940456 -0 0.625203 0.63821
1.50961 -0.98035 -0 0.61602 0.605017
1.29443 -0.940456 -0 0.625203 0.63821
1.45623 -1.05801 -0 0.628652 0.611987
1.50961 -0.98035 -0 0.61602 0.605017
1.50961 -0.98035 -0 0.61602 0.605017
1.45623 -1.05801 -0 0.628652 0.611987
1.67734 -1.08928 -0 0.618539 0.583197
1.45623 -1.05801 -0 0.628652 0.611987
1.61803 -1.17557 -0 0.631576 0.589752
1.67734 -1.08928 -0 0.618539 0.583197
1.67734 -1.08928 -0 0.618539 0.583197
1.61803 -1.17557 -0 0.631576 0.589752
1.84508 -1.19821 -0 0.620699 0.564484
1.61803 -1.17557 -0 0.631576 0.589752
1.77984 -1.29313 -0 0.634087 0.570659
1.84508 -1.19821 -0 0.620699 0.564484
1.84508 -1.19821 -0 0.620699 0.564484
1.77984 -1.29313 -0 0.634087 0.570659
2.18404 -1.41833 0.04 0.625157 0.529375
1.77984 -1.29313 -0 0.634087 0.570659
2.10681 -1.53069 0.04 0.639271 0.534794
2.18404 -1.41833 0.04 0.625157 0.529375
2.18404 -1.41833 0.04 0.625157 0.529375
2.10681 -1.53069 0.04 0.639271 0.534794
2.35177 -1.52726 0.16 0.629254 0.503913
2.10681 -1.53069 0.04 0.639271 0.534794
2.26862 -1.64825 0.16 0.644032 0.508763
2.35177 -1.52726 0.16 0.629254 0.503913
2.35177 -1.52726 0.16 0.629254 0.503913
2.26862 -1.64825 0.16 0.644032 0.508763
2.5195 -1.63618 0.36 0.634919 0.471131
2.26862 -1.64825 0.16 0.644032 0.508763
2.43042 -1.7658 0.36 0.650628 0.475176
2.5195 -1.63618 0.36 0.634919 0.471131
2.5195 -1.63618 0.36 0.634919 0.471131
2.43042 -1.7658 0.36 0.650628 0.475176
2.68724 -1.74511 0.64 0.642317 0.429977
2.43042 -1.7658 0.36 0.650628 0.475176
2.59222 -1.88336 0.64 0.659266 0.432876
2.68724 -1.74511 0.64 0.642317 0.429977
2.68724 -1.74511 0.64 0.642317 0.429977
2.59222 -1.88336 0.64 0.659266 0.432876
2.85497 -1.85404 1 0.65176 0.378681
2.59222 -1.88336 0.64 0.659266 0.432876
2.75403 -2.00092 1 0.67034 0.37992
2.85497 -1.85404 1 0.65176 0.378681
2.85497 -1.85404 1 0.65176 0.378681
2.75403 -2.00092 1 0.67034 0.37992
3.02271 -1.96297 1.44 0.663763 0.314488
2.75403 -2.00092 1 0.67034 0.37992
2.91583 -2.11847 1.44 0.684491 0.313277
3.02271 -1.96297 1.44 0.663763 0.314488
3.02271 -1.96297 1.44 0.663763 0.314488
2.91583 -2.11847 1.44 0.684491 0.313277
3.19044 -2.0719 1.96 0.679129 0.233158
2.91583 -2.11847 1.44 0.684491 0.313277
3.07763 -2.23603 1.96 0.70274 0.228226
3.19044 -2.0719 1.96 0.679129 0.233158
3.19044 -2.0719 1.96 0.679129 0.233158
3.07763 -2.23603 1.96 0.70274 0.228226
3.35817 -2.18082 2.56 0.699143 0.127992
3.07763 -2.23603 1.96 0.70274 0.228226
3.23944 -2.35359 2.56 0.726729 0.117207
3.35817 -2.18082 2.56 0.699143 0.127992
0.34102 -0.1 -0 0.537069 0.997925
0.34102 -0.108928 -0 0.53956 0.997761
0.34641 -0.2 -0 0.56451 0.991908
0.34102 -0.108928 -0 0.53956 0.997761
0.34102 -0.217856 -0 0.569925 0.99577
0.34641 -0.2 -0 0.56451 0.991908
0.34641 -0.2 -0 0.56451 0.991908
0.34102 -0.217856 -0 0.569925 0.99577
0.519615 -0.3 -0 0.575826 0.879135
0.34102 -0.217856 -0 0.569925 0.99577
0.503202 -0.326783 -0 0.583402 0.887635
0.519615 -0.3 -0 0.575826 0.879135
0.519615 -0.3 -0 0.575826 0.879135
0.503202 -0.326783 -0 0.583402 0.887635
0.69282 -0.4 -0 0.583885 0.798829
0.503202 -0.326783 -0 0.583402 0.887635
0.670936 -0.435711 -0 0.592699 0.807086
0.69282 -0.4 -0 0.583885 0.798829
0.69282 -0.4 -0 0.583885 0.798829
0.670936 -0.435711 -0 0.592699 0.807086
0.866025 -0.5 -0 0.589915 0.738734
0.670936 -0.435711 -0 0.592699 0.807086
0.838671 -0.544639 -0 0.599683 0.74657
0.866025 -0.5 -0 0.589915 0.738734
0.866025 -0.5 -0 0.589915 0.738734
0.838671 -0.544639 -0 0.599683 0.74657
1.03923 -0.6 -0 0.594598 0.692073
0.838671 -0.544639 -0 0.599683 0.74657
1.0064 -0.653567 -0 0.605123 0.69944
1.03923 -0.6 -0 0.594598 0.692073
1.03923 -0.6 -0 0.594598 0.692073
1.0064 -0.653567 -0 0.605123 0.69944
1.21244 -0.7 -0 0.598339 0.654794
1.0064 -0.653567 -0 0.605123 0.69944
1.17414 -0.762495 -0 0.609479 0.661697
1.21244 -0.7 -0 0.598339 0.654794
1.21244 -0.7 -0 0.598339 0.654794
1.17414 -0.762495 -0 0.609479 0.661697
1.38564 -0.8 -0 0.601396 0.624326
1.17414 -0.762495 -0 0.609479 0.661697
1.34187 -0.871422 -0 0.613046 0.630791
1.38564 -0.8 -0 0.601396 0.624326
1.38564 -0.8 -0 0.601396 0.624326
1.34187 -0.871422 -0 0.613046 0.630791
1.55885 -0.9 -0 0.603942 0.598958
1.34187 -0.871422 -0 0.613046 0.630791
1.50961 -0.98035 -0 0.61602 0.605017
1.55885 -0.9 -0 0.603942 0.598958
1.55885 -0.9 -0 0.603942 0.598958
1.50961 -0.98035 -0 0.61602 0.605017
1.73205 -1 -0 0.606094 0.577509
1.50961 -0.98035 -0 0.61602 0.605017
1.67734 -1.08928 -0 0.618539 0.583197
1.73205 -1 -0 0.606094 0.577509
1.73205 -1 -0 0.606094 0.577509
1.67734 -1.08928 -0 0.618539 0.583197
1.90526 -1.1 -0 0.607938 0.559136
1.67734 -1.08928 -0 0.618539 0.583197
1.84508 -1.19821 -0 0.620699 0.564484
1.90526 -1.1 -0 0.607938 0.559136
1.90526 -1.1 -0 0.607938 0.559136
1.84508 -1.19821 -0 0.620699 0.564484
2.25527 -1.30208 0.04 0.611744 0.524702
1.84508 -1.19821 -0 0.620699 0.564484
2.18404 -1.41833 0.04 0.625157 0.529375
2.25527 -1.30208 0.04 0.611744 0.524702
2.25527 -1.30208 0.04 0.611744 0.524702
2.18404 -1.41833 0.04 0.625157 0.529375
2.42848 -1.40208 0.16 0.615249 0.499747
2.18404 -1.41833 0.04 0.625157 0.529375
2.35177 -1.52726 0.16 0.629254 0.503913
2.42848 -1.40208 0.16 0.615249 0.499747
2.42848 -1.40208 0.16 0.615249 0.499747
2.35177 -1.52726 0.16 0.629254 0.503913
2.60168 -1.50208 0.36 0.620088 0.467677
2.35177 -1.52726 0.16 0.629254 0.503913
2.5195 -1.63618 0.36 0.634919 0.471131
2.60168 -1.50208 0.36 0.620088 0.467677
2.60168 -1.50208 0.36 0.620088 0.467677
2.5195 -1.63618 0.36 0.634919 0.471131
2.77489 -1.60208 0.64 0.626392 0.427531
2.5195 -1.63618 0.36 0.634919 0.471131
2.68724 -1.74511 0.64 0.642317 0.429977
2.77489 -1.60208 0.64 0.626392 0.427531
2.77489 -1.60208 0.64 0.626392 0.427531
2.68724 -1.74511 0.64 0.642317 0.429977
2.94809 -1.70208 1 0.63441 0.377679
2.68724 -1.74511 0.64 0.642317 0.429977
2.85497 -1.85404 1 0.65176 0.378681
2.94809 -1.70208 1 0.63441 0.377679
2.94809 -1.70208 1 0.63441 0.377679
2.85497 -1.85404 1 0.65176 0.378681
3.1213 -1.80208 1.44 0.644554 0.315596
2.85497 -1.85404 1 0.65176 0.378681
3.02271 -1.96297 1.44 0.663763 0.314488
3.1213 -1.80208 1.44 0.644554 0.315596
3.1213 -1.80208 1.44 0.644554 0.315596
3.02271 -1.96297 1.44 0.663763 0.314488
3.2945 -1.90208 1.96 0.657463 0.237425
3.02271 -1.96297 1.44 0.663763 0.314488
3.19044 -2.0719 1.96 0.679129 0.233158
3.2945 -1.90208 1.96 0.657463 0.237425
3.2945 -1.90208 1.96 0.657463 0.237425
3.19044 -2.0719 1.96 0.679129 0.233158
3.46771 -2.00208 2.56 0.674143 0.13715
3.19044 -2.0719 1.96 0.679129 0.233158
3.35817 -2.18082 2.56 0.699143 0.127992
3.46771 -2.00208 2.56 0.674143 0.13715
3.46771 -2.00208 2.56 0.674143 0.13715
3.35817 -2.18082 2.56 0.699143 0.127992
3.64091 -2.10208 3.24 0.696239 0.00500306
0.34102 -0.0907981 -0 0.534502 0.998093
0.34102 -0.1 -0 0.537069 0.997925
0.356403 -0.181596 -0 0.558669 0.984609
0.34102 -0.1 -0 0.537069 0.997925
0.34641 -0.2 -0 0.56451 0.991908
0.356403 -0.181596 -0 0.558669 0.984609
0.356403 -0.181596 -0 0.558669 0.984609
0.34641 -0.2 -0 0.56451 0.991908
0.534604 -0.272394 -0 0.568399 0.871647
0.34641 -0.2 -0 0.56451 0.991908
0.519615 -0.3 -0 0.575826 0.879135
0.534604 -0.272394 -0 0.568399 0.871647
0.534604 -0.272394 -0 0.568399 0.871647
0.519615 -0.3 -0 0.575826 0.879135
0.712805 -0.363192 -0 0.575294 0.791592
0.519615 -0.3 -0 0.575826 0.879135
0.69282 -0.4 -0 0.583885 0.798829
0.712805 -0.363192 -0 0.575294 0.791592
0.712805 -0.363192 -0 0.575294 0.791592
0.69282 -0.4 -0 0.583885 0.798829
0.891007 -0.453991 -0 0.580437 0.731894
0.69282 -0.4 -0 0.583885 0.798829
0.866025 -0.5 -0 0.589915 0.738734
0.891007 -0.453991 -0 0.580437 0.731894
0.891007 -0.453991 -0 0.580437 0.731894
0.866025 -0.5 -0 0.589915 0.738734
1.06921 -0.544789 -0 0.584419 0.685663
0.866025 -0.5 -0 0.589915 0.738734
1.03923 -0.6 -0 0.594598 0.692073
1.06921 -0.544789 -0 0.584419 0.685663
1.06921 -0.544789 -0 0.584419 0.685663
1.03923 -0.6 -0 0.594598 0.692073
1.24741 -0.635587 -0 0.587594 0.648805
1.03923 -0.6 -0 0.594598 0.692073
1.21244 -0.7 -0 0.598339 0.654794
1.24741 -0.635587 -0 0.587594 0.648805
1.24741 -0.635587 -0 0.587594 0.648805
1.21244 -0.7 -0 0.598339 0.654794
1.42561 -0.726385 -0 0.590184 0.618731
1.21244 -0.7 -0 0.598339 0.654794
1.38564 -0.8 -0 0.601396 0.624326
1.42561 -0.726385 -0 0.590184 0.618731
1.42561 -0.726385 -0 0.590184 0.618731
1.38564 -0.8 -0 0.601396 0.624326
1.60381 -0.817183 -0 0.592338 0.593726
1.38564 -0.8 -0 0.601396 0.624326
1.55885 -0.9 -0 0.603942 0.598958
1.60381 -0.817183 -0 0.592338 0.593726
1.60381 -0.817183 -0 0.592338 0.593726
1.55885 -0.9 -0 0.603942 0.598958
1.78201 -0.907981 -0 0.594157 0.572609
1.55885 -0.9 -0 0.603942 0.598958
1.73205 -1 -0 0.606094 0.577509
1.78201 -0.907981 -0 0.594157 0.572609
1.78201 -0.907981 -0 0.594157 0.572609
1.73205 -1 -0 0.606094 0.577509
1.96021 -0.998779 -0 0.595713 0.554537
1.73205 -1 -0 0.606094 0.577509
1.90526 -1.1 -0 0.607938 0.559136
1.96021 -0.998779 -0 0.595713 0.554537
1.96021 -0.998779 -0 0.595713 0.554537
1.90526 -1.1 -0 0.607938 0.559136
2.32033 -1.18227 0.04 0.59893 0.5207
1.90526 -1.1 -0 0.607938 0.559136
2.25527 -1.30208 0.04 0.611744 0.524702
2.32033 -1.18227 0.04 0.59893 0.5207
2.32033 -1.18227 0.04 0.59893 0.5207
2.25527 -1.30208 0.04 0.611744 0.524702
2.49853 -1.27306 0.16 0.6019 0.496193
2.25527 -1.30208 0.04 0.611744 0.524702
2.42848 -1.40208 0.16 0.615249 0.499747
2.49853 -1.27306 0.16 0.6019 0.496193
2.49853 -1.27306 0.16 0.6019 0.496193
2.42848 -1.40208 0.16 0.615249 0.499747
2.67673 -1.36386 0.36 0.605998 0.464751
2.42848 -1.40208 0.16 0.615249 0.499747
2.60168 -1.50208 0.36 0.620088 0.467677
2.67673 -1.36386 0.36 0.605998 0.464751
2.67673 -1.36386 0.36 0.605998 0.464751
2.60168 -1.50208 0.36 0.620088 0.467677
2.85493 -1.45466 0.64 0.611326 0.425487
2.60168 -1.50208 0.36 0.620088 0.467677
2.77489 -1.60208 0.64 0.626392 0.427531
2.85493 -1.45466 0.64 0.611326 0.425487
2.85493 -1.45466 0.64 0.611326 0.425487
2.77489 -1.60208 0.64 0.626392 0.427531
3.03313 -1.54546 1 0.618084 0.376888
2.77489 -1.60208 0.64 0.626392 0.427531
2.94809 -1.70208 1 0.63441 0.377679
3.03313 -1.54546 1 0.618084 0.376888
3.03313 -1.54546 1 0.618084 0.376888
2.94809 -1.70208 1 0.63441 0.377679
3.21133 -1.63626 1.44 0.626599 0.316617
2.94809 -1.70208 1 0.63441 0.377679
3.1213 -1.80208 1.44 0.644554 0.315596
3.21133 -1.63626 1.44 0.626599 0.316617
3.21133 -1.63626 1.44 0.626599 0.316617
3.1213 -1.80208 1.44 0.644554 0.315596
3.38953 -1.72705 1.96 0.63738 0.241128
3.1213 -1.80208 1.44 0.644554 0.315596
3.2945 -1.90208 1.96 0.657463 0.237425
3.38953 -1.72705 1.96 0.63738 0.241128
3.38953 -1.72705 1.96 0.63738 0.241128
3.2945 -1.90208 1.96 0.657463 0.237425
3.56774 -1.81785 2.56 0.651219 0.144949
3.2945 -1.90208 1.96 0.657463 0.237425
3.46771 -2.00208 2.56 0.674143 0.13715
3.56774 -1.81785 2.56 0.651219 0.144949
3.56774 -1.81785 2.56 0.651219 0.144949
3.46771 -2.00208 2.56 0.674143 0.13715
3.74594 -1.90865 3.24 0.669391 0.0193183
3.46771 -2.00208 2.56 0.674143 0.13715
3.64091 -2.10208 3.24 0.696239 0.00500306
3.74594 -1.90865 3.24 0.669391 0.0193183
0.34102 -0.0813473 -0 0.531865 0.998266
0.34102 -0.0907981 -0 0.534502 0.998093
0.365418 -0.162695 -0 0.552889 0.978204
0.34102 -0.0907981 -0 0.534502 0.998093
0.356403 -0.181596 -0 0.558669 0.984609
0.365418 -0.162695 -0 0.552889 0.978204
0.365418 -0.162695 -0 0.552889 0.978204
0.356403 -0.181596 -0 0.558669 0.984609
0.548127 -0.244042 -0 0.561103 0.865118
0.356403 -0.181596 -0 0.558669 0.984609
0.534604 -0.272394 -0 0.568399 0.871647
0.548127 -0.244042 -0 0.561103 0.865118
0.548127 -0.244042 -0 0.561103 0.865118
0.534604 -0.272394 -0 0.568399 0.871647
0.730836 -0.325389 -0 0.566899 0.785313
0.534604 -0.272394 -0 0.568399 0.871647
0.712805 -0.363192 -0 0.575294 0.791592
0.730836 -0.325389 -0 0.566899 0.785313
0.730836 -0.325389 -0 0.566899 0.785313
0.712805 -0.363192 -0 0.575294 0.791592
0.913545 -0.406737 -0 0.571209 0.725982
0.712805 -0.363192 -0 0.575294 0.791592
0.891007 -0.453991 -0 0.580437 0.731894
0.913545 -0.406737 -0 0.571209 0.725982
0.913545 -0.406737 -0 0.571209 0.725982
0.891007 -0.453991 -0 0.580437 0.731894
1.09625 -0.488084 -0 0.574538 0.680141
0.891007 -0.453991 -0 0.580437 0.731894
1.06921 -0.544789 -0 0.584419 0.685663
1.09625 -0.488084 -0 0.574538 0.680141
1.09625 -0.488084 -0 0.574538 0.680141
1.06921 -0.544789 -0 0.584419 0.685663
1.27896 -0.569431 -0 0.577188 0.64366
1.06921 -0.544789 -0 0.584419 0.685663
1.24741 -0.635587 -0 0.587594 0.648805
1.27896 -0.569431 -0 0.577188 0.64366
1.27896 -0.569431 -0 0.577188 0.64366
1.24741 -0.635587 -0 0.587594 0.648805
1.46167 -0.650779 -0 0.579347 0.613937
1.24741 -0.635587 -0 0.587594 0.648805
1.42561 -0.726385 -0 0.590184 0.618731
1.46167 -0.650779 -0 0.579347 0.613937
1.46167 -0.650779 -0 0.579347 0.613937
1.42561 -0.726385 -0 0.590184 0.618731
1.64438 -0.732126 -0 0.58114 0.589254
1.42561 -0.726385 -0 0.590184 0.618731
1.60381 -0.817183 -0 0.592338 0.593726
1.64438 -0.732126 -0 0.58114 0.589254
1.64438 -0.732126 -0 0.58114 0.589254
1.60381 -0.817183 -0 0.592338 0.593726
1.82709 -0.813473 -0 0.582652 0.568429
1.60381 -0.817183 -0 0.592338 0.593726
1.78201 -0.907981 -0 0.594157 0.572609
1.82709 -0.813473 -0 0.582652 0.568429
1.82709 -0.813473 -0 0.582652 0.568429
1.78201 -0.907981 -0 0.594157 0.572609
2.0098 -0.894821 -0 0.583946 0.550622
1.78201 -0.907981 -0 0.594157 0.572609
1.96021 -0.998779 -0 0.595713 0.554537
2.0098 -0.894821 -0 0.583946 0.550622
2.0098 -0.894821 -0 0.583946 0.550622
1.96021 -0.998779 -0 0.595713 0.554537
2.37902 -1.05921 0.04 0.586623 0.517308
1.96021 -0.998779 -0 0.595713 0.554537
2.32033 -1.18227 0.04 0.59893 0.5207
2.37902 -1.05921 0.04 0.586623 0.517308
2.37902 -1.05921 0.04 0.586623 0.517308
2.32033 -1.18227 0.04 0.59893 0.5207
2.56173 -1.14056 0.16 0.589106 0.493196
2.32033 -1.18227 0.04 0.59893 0.5207
2.49853 -1.27306 0.16 0.6019 0.496193
2.56173 -1.14056 0.16 0.589106 0.493196
2.56173 -1.14056 0.16 0.589106 0.493196
2.49853 -1.27306 0.16 0.6019 0.496193
2.74444 -1.2219 0.36 0.592533 0.462303
2.49853 -1.27306 0.16 0.6019 0.496193
2.67673 -1.36386 0.36 0.605998 0.464751
2.74444 -1.2219 0.36 0.592533 0.462303
2.74444 -1.2219 0.36 0.592533 0.462303
2.67673 -1.36386 0.36 0.605998 0.464751
2.92715 -1.30325 0.64 0.596981 0.423804
2.67673 -1.36386 0.36 0.605998 0.464751
2.85493 -1.45466 0.64 0.611326 0.425487
2.92715 -1.30325 0.64 0.596981 0.423804
2.92715 -1.30325 0.64 0.596981 0.423804
2.85493 -1.45466 0.64 0.611326 0.425487
3.10986 -1.3846 1 0.60261 0.376286
2.85493 -1.45466 0.64 0.611326 0.425487
3.03313 -1.54546 1 0.618084 0.376888
3.10986 -1.3846 1 0.60261 0.376286
3.10986 -1.3846 1 0.60261 0.376286
3.03313 -1.54546 1 0.618084 0.376888
3.29257 -1.46595 1.44 0.60968 0.317565
3.03313 -1.54546 1 0.618084 0.376888
3.21133 -1.63626 1.44 0.626599 0.316617
3.29257 -1.46595 1.44 0.60968 0.317565
3.29257 -1.46595 1.44 0.60968 0.317565
3.21133 -1.63626 1.44 0.626599 0.316617
3.47528 -1.54729 1.96 0.618593 0.244348
3.21133 -1.63626 1.44 0.626599 0.316617
3.38953 -1.72705 1.96 0.63738 0.241128
3.47528 -1.54729 1.96 0.618593 0.244348
3.47528 -1.54729 1.96 0.618593 0.244348
3.38953 -1.72705 1.96 0.63738 0.241128
3.65798 -1.62864 2.56 0.62997 0.151597
3.38953 -1.72705 1.96 0.63738 0.241128
3.56774 -1.81785 2.56 0.651219 0.144949
3.65798 -1.62864 2.56 0.62997 0.151597
3.65798 -1.62864 2.56 0.62997 0.151597
3.56774 -1.81785 2.56 0.651219 0.144949
3.84069 -1.70999 3.24 0.644801 0.0313402
3.56774 -1.81785 2.56 0.651219 0.144949
3.74594 -1.90865 3.24 0.669391 0.0193183
3.84069 -1.70999 3.24 0.644801 0.0313402
0.34102 -0.0716736 -0 0.529165 0.998443
0.34102 -0.0813473 -0 0.531865 0.998266
0.373432 -0.143347 -0 0.547165 0.972664
0.34102 -0.0813473 -0 0.531865 0.998266
0.365418 -0.162695 -0 0.552889 0.978204
0.373432 -0.143347 -0 0.547165 0.972664
0.373432 -0.143347 -0 0.547165 0.972664
0.365418 -0.162695 -0 0.552889 0.978204
0.560148 -0.215021 -0 0.553923 0.859503
0.365418 -0.162695 -0 0.552889 0.978204
0.548127 -0.244042 -0 0.561103 0.865118
0.560148 -0.215021 -0 0.553923 0.859503
0.560148 -0.215021 -0 0.553923 0.859503
0.548127 -0.244042 -0 0.561103 0.865118
0.746864 -0.286694 -0 0.558675 0.779938
0.548127 -0.244042 -0 0.561103 0.865118
0.730836 -0.325389 -0 0.566899 0.785313
0.746864 -0.286694 -0 0.558675 0.779938
0.746864 -0.286694 -0 0.558675 0.779938
0.730836 -0.325389 -0 0.566899 0.785313
0.93358 -0.358368 -0 0.562198 0.72094
0.730836 -0.325389 -0 0.566899 0.785313
0.913545 -0.406737 -0 0.571209 0.725982
0.93358 -0.358368 -0 0.562198 0.72094
0.93358 -0.358368 -0 0.562198 0.72094
0.913545 -0.406737 -0 0.571209 0.725982
1.1203 -0.430042 -0 0.564915 0.675448
0.913545 -0.406737 -0 0.571209 0.725982
1.09625 -0.488084 -0 0.574538 0.680141
1.1203 -0.430042 -0 0.564915 0.675448
1.1203 -0.430042 -0 0.564915 0.675448
1.09625 -0.488084 -0 0.574538 0.680141
1.30701 -0.501715 -0 0.567073 0.6393
1.09625 -0.488084 -0 0.574538 0.680141
1.27896 -0.569431 -0 0.577188 0.64366
1.30701 -0.501715 -0 0.567073 0.6393
1.30701 -0.501715 -0 0.567073 0.6393
1.27896 -0.569431 -0 0.577188 0.64366
1.49373 -0.573389 -0 0.56883 0.609885
1.27896 -0.569431 -0 0.577188 0.64366
1.46167 -0.650779 -0 0.579347 0.613937
1.49373 -0.573389 -0 0.56883 0.609885
1.49373 -0.573389 -0 0.56883 0.609885
1.46167 -0.650779 -0 0.579347 0.613937
1.68044 -0.645062 -0 0.570287 0.585483
1.46167 -0.650779 -0 0.579347 0.613937
1.64438 -0.732126 -0 0.58114 0.589254
1.68044 -0.645062 -0 0.570287 0.585483
1.68044 -0.645062 -0 0.570287 0.585483
1.64438 -0.732126 -0 0.58114 0.589254
1.86716 -0.716736 -0 0.571516 0.564913
1.64438 -0.732126 -0 0.58114 0.589254
1.82709 -0.813473 -0 0.582652 0.568429
1.86716 -0.716736 -0 0.571516 0.564913
1.86716 -0.716736 -0 0.571516 0.564913
1.82709 -0.813473 -0 0.582652 0.568429
2.05388 -0.788409 -0 0.572565 0.547337
1.82709 -0.813473 -0 0.582652 0.568429
2.0098 -0.894821 -0 0.583946 0.550622
2.05388 -0.788409 -0 0.572565 0.547337
2.05388 -0.788409 -0 0.572565 0.547337
2.0098 -0.894821 -0 0.583946 0.550622
2.4312 -0.933249 0.04 0.574744 0.514479
2.0098 -0.894821 -0 0.583946 0.550622
2.37902 -1.05921 0.04 0.586623 0.517308
2.4312 -0.933249 0.04 0.574744 0.514479
2.4312 -0.933249 0.04 0.574744 0.514479
2.37902 -1.05921 0.04 0.586623 0.517308
2.61791 -1.00492 0.16 0.57678 0.490708
2.37902 -1.05921 0.04 0.586623 0.517308
2.56173 -1.14056 0.16 0.589106 0.493196
2.61791 -1.00492 0.16 0.57678 0.490708
2.61791 -1.00492 0.16 0.57678 0.490708
2.56173 -1.14056 0.16 0.589106 0.493196
2.80463 -1.0766 0.36 0.579592 0.460289
2.56173 -1.14056 0.16 0.589106 0.493196
2.74444 -1.2219 0.36 0.592533 0.462303
2.80463 -1.0766 0.36 0.579592 0.460289
2.80463 -1.0766 0.36 0.579592 0.460289
2.74444 -1.2219 0.36 0.592533 0.462303
2.99134 -1.14827 0.64 0.583238 0.422451
2.74444 -1.2219 0.36 0.592533 0.462303
2.92715 -1.30325 0.64 0.596981 0.423804
2.99134 -1.14827 0.64 0.583238 0.422451
2.99134 -1.14827 0.64 0.583238 0.422451
2.92715 -1.30325 0.64 0.596981 0.423804
3.17806 -1.21994 1 0.587844 0.375857
2.92715 -1.30325 0.64 0.596981 0.423804
3.10986 -1.3846 1 0.60261 0.376286
3.17806 -1.21994 1 0.587844 0.375857
3.17806 -1.21994 1 0.587844 0.375857
3.10986 -1.3846 1 0.60261 0.376286
3.36478 -1.29162 1.44 0.593615 0.318452
3.10986 -1.3846 1 0.60261 0.376286
3.29257 -1.46595 1.44 0.60968 0.317565
3.36478 -1.29162 1.44 0.593615 0.318452
3.36478 -1.29162 1.44 0.593615 0.318452
3.29257 -1.46595 1.44 0.60968 0.317565
3.55149 -1.36329 1.96 0.600864 0.247146
3.29257 -1.46595 1.44 0.60968 0.317565
3.47528 -1.54729 1.96 0.618593 0.244348
3.55149 -1.36329 1.96 0.600864 0.247146
3.55149 -1.36329 1.96 0.600864 0.247146
3.47528 -1.54729 1.96 0.618593 0.244348
3.73821 -1.43496 2.56 0.610075 0.157251
3.47528 -1.54729 1.96 0.618593 0.244348
3.65798 -1.62864 2.56 0.62997 0.151597
3.73821 -1.43496 2.56 0.610075 0.157251
3.73821 -1.43496 2.56 0.610075 0.157251
3.65798 -1.62864 2.56 0.62997 0.151597
3.92492 -1.50664 3.24 0.62201 0.0414185
3.65798 -1.62864 2.56 0.62997 0.151597
3.84069 -1.70999 3.24 0.644801 0.0313402
3.92492 -1.50664 3.24 0.62201 0.0414185
0.34102 -0.0618034 -0 0.526409 0.998624
0.34102 -0.0716736 -0 0.529165 0.998443
0.380423 -0.123607 -0 0.541491 0.967961
0.34102 -0.0716736 -0 0.529165 0.998443
0.373432 -0.143347 -0 0.547165 0.972664
0.380423 -0.123607 -0 0.541491 0.967961
0.380423 -0.123607 -0 0.541491 0.967961
0.373432 -0.143347 -0 0.547165 0.972664
0.570634 -0.18541 -0 0.546844 0.854765
0.373432 -0.143347 -0 0.547165 0.972664
0.560148 -0.215021 -0 0.553923 0.859503
0.570634 -0.18541 -0 0.546844 0.854765
0.570634 -0.18541 -0 0.546844 0.854765
0.560148 -0.215021 -0 0.553923 0.859503
0.760845 -0.247214 -0 0.550596 0.775422
0.560148 -0.215021 -0 0.553923 0.859503
0.746864 -0.286694 -0 0.558675 0.779938
0.760845 -0.247214 -0 0.550596 0.775422
0.760845 -0.247214 -0 0.550596 0.775422
0.746864 -0.286694 -0 0.558675 0.779938
0.951057 -0.309017 -0 0.553372 0.716721
0.746864 -0.286694 -0 0.558675 0.779938
0.93358 -0.358368 -0 0.562198 0.72094
0.951057 -0.309017 -0 0.553372 0.716721
0.951057 -0.309017 -0 0.553372 0.716721
0.93358 -0.358368 -0 0.562198 0.72094
1.14127 -0.37082 -0 0.555509 0.671534
0.93358 -0.358368 -0 0.562198 0.72094
1.1203 -0.430042 -0 0.564915 0.675448
1.14127 -0.37082 -0 0.555509 0.671534
1.14127 -0.37082 -0 0.555509 0.671534
1.1203 -0.430042 -0 0.564915 0.675448
1.33148 -0.432624 -0 0.557205 0.635676
1.1203 -0.430042 -0 0.564915 0.675448
1.30701 -0.501715 -0 0.567073 0.6393
1.33148 -0.432624 -0 0.557205 0.635676
1.33148 -0.432624 -0 0.557205 0.635676
1.30701 -0.501715 -0 0.567073 0.6393
1.52169 -0.494427 -0 0.558583 0.606528
1.30701 -0.501715 -0 0.567073 0.6393
1.49373 -0.573389 -0 0.56883 0.609885
1.52169 -0.494427 -0 0.558583 0.606528
1.52169 -0.494427 -0 0.558583 0.606528
1.49373 -0.573389 -0 0.56883 0.609885
1.7119 -0.556231 -0 0.559726 0.582368
1.49373 -0.573389 -0 0.56883 0.609885
1.68044 -0.645062 -0 0.570287 0.585483
1.7119 -0.556231 -0 0.559726 0.582368
1.7119 -0.556231 -0 0.559726 0.582368
1.68044 -0.645062 -0 0.570287 0.585483
1.90211 -0.618034 -0 0.560688 0.562017
1.68044 -0.645062 -0 0.570287 0.585483
1.86716 -0.716736 -0 0.571516 0.564913
1.90211 -0.618034 -0 0.560688 0.562017
1.90211 -0.618034 -0 0.560688 0.562017
1.86716 -0.716736 -0 0.571516 0.564913
2.09232 -0.679837 -0 0.56151 0.544639
1.86716 -0.716736 -0 0.571516 0.564913
2.05388 -0.788409 -0 0.572565 0.547337
2.09232 -0.679837 -0 0.56151 0.544639
2.09232 -0.679837 -0 0.56151 0.544639
2.05388 -0.788409 -0 0.572565 0.547337
2.47671 -0.804731 0.04 0.563225 0.512169
2.05388 -0.788409 -0 0.572565 0.547337
2.4312 -0.933249 0.04 0.574744 0.514479
2.47671 -0.804731 0.04 0.563225 0.512169
2.47671 -0.804731 0.04 0.563225 0.512169
2.4312 -0.933249 0.04 0.574744 0.514479
2.66692 -0.866534 0.16 0.564845 0.488691
2.4312 -0.933249 0.04 0.574744 0.514479
2.61791 -1.00492 0.16 0.57678 0.490708
2.66692 -0.866534 0.16 0.564845 0.488691
2.66692 -0.866534 0.16 0.564845 0.488691
2.61791 -1.00492 0.16 0.57678 0.490708
2.85713 -0.928337 0.36 0.567086 0.458678
2.61791 -1.00492 0.16 0.57678 0.490708
2.80463 -1.0766 0.36 0.579592 0.460289
2.85713 -0.928337 0.36 0.567086 0.458678
2.85713 -0.928337 0.36 0.567086 0.458678
2.80463 -1.0766 0.36 0.579592 0.460289
3.04734 -0.990141 0.64 0.569994 0.4214
2.80463 -1.0766 0.36 0.579592 0.460289
2.99134 -1.14827 0.64 0.583238 0.422451
3.04734 -0.990141 0.64 0.569994 0.4214
3.04734 -0.990141 0.64 0.569994 0.4214
2.99134 -1.14827 0.64 0.583238 0.422451
3.23755 -1.05194 1 0.573662 0.375587
2.99134 -1.14827 0.64 0.583238 0.422451
3.17806 -1.21994 1 0.587844 0.375857
3.23755 -1.05194 1 0.573662 0.375587
3.23755 -1.05194 1 0.573662 0.375587
3.17806 -1.21994 1 0.587844 0.375857
3.42776 -1.11375 1.44 0.578248 0.319286
3.17806 -1.21994 1 0.587844 0.375857
3.36478 -1.29162 1.44 0.593615 0.318452
3.42776 -1.11375 1.44 0.578248 0.319286
3.42776 -1.11375 1.44 0.578248 0.319286
3.36478 -1.29162 1.44 0.593615 0.318452
3.61797 -1.17555 1.96 0.583994 0.249574
3.36478 -1.29162 1.44 0.593615 0.318452
3.55149 -1.36329 1.96 0.600864 0.247146
3.61797 -1.17555 1.96 0.583994 0.249574
3.61797 -1.17555 1.96 0.583994 0.249574
3.55149 -1.36329 1.96 0.600864 0.247146
3.80819 -1.23735 2.56 0.591268 0.162038
3.55149 -1.36329 1.96 0.600864 0.247146
3.73821 -1.43496 2.56 0.610075 0.157251
3.80819 -1.23735 2.56 0.591268 0.162038
3.80819 -1.23735 2.56 0.591268 0.162038
3.73821 -1.43496 2.56 0.610075 0.157251
3.9984 -1.29916 3.24 0.600647 0.0498202
3.73821 -1.43496 2.56 0.610075 0.157251
3.92492 -1.50664 3.24 0.62201 0.0414185
3.9984 -1.29916 3.24 0.600647 0.0498202
0.34102 -0.0517638 -0 0.523606 0.998807
0.34102 -0.0618034 -0 0.526409 0.998624
0.38637 -0.103528 -0 0.535862 0.964072
0.34102 -0.0618034 -0 0.526409 0.998624
0.380423 -0.123607 -0 0.541491 0.967961
0.38637 -0.103528 -0 0.535862 0.964072
0.38637 -0.103528 -0 0.535862 0.964072
0.380423 -0.123607 -0 0.541491 0.967961
0.579556 -0.155291 -0 0.539853 0.850869
0.380423 -0.123607 -0 0.541491 0.967961
0.570634 -0.18541 -0 0.546844 0.854765
0.579556 -0.155291 -0 0.539853 0.850869
0.579556 -0.155291 -0 0.539853 0.850869
0.570634 -0.18541 -0 0.546844 0.854765
0.772741 -0.207055 -0 0.542643 0.771728
0.570634 -0.18541 -0 0.546844 0.854765
0.760845 -0.247214 -0 0.550596 0.775422
0.772741 -0.207055 -0 0.542643 0.771728
0.772741 -0.207055 -0 0.542643 0.771728
0.760845 -0.247214 -0 0.550596 0.775422
0.965926 -0.258819 -0 0.544703 0.713285
0.760845 -0.247214 -0 0.550596 0.775422
0.951057 -0.309017 -0 0.553372 0.716721
0.965926 -0.258819 -0 0.544703 0.713285
0.965926 -0.258819 -0 0.544703 0.713285
0.951057 -0.309017 -0 0.553372 0.716721
1.15911 -0.310583 -0 0.546287 0.66836
0.951057 -0.309017 -0 0.553372 0.716721
1.14127 -0.37082 -0 0.555509 0.671534
1.15911 -0.310583 -0 0.546287 0.66836
1.15911 -0.310583 -0 0.546287 0.66836
1.14127 -0.37082 -0 0.555509 0.671534
1.3523 -0.362347 -0 0.547543 0.632748
1.14127 -0.37082 -0 0.555509 0.671534
1.33148 -0.432624 -0 0.557205 0.635676
1.3523 -0.362347 -0 0.547543 0.632748
1.3523 -0.362347 -0 0.547543 0.632748
1.33148 -0.432624 -0 0.557205 0.635676
1.54548 -0.41411 -0 0.548562 0.603826
1.33148 -0.432624 -0 0.557205 0.635676
1.52169 -0.494427 -0 0.558583 0.606528
1.54548 -0.41411 -0 0.548562 0.603826
1.54548 -0.41411 -0 0.548562 0.603826
1.52169 -0.494427 -0 0.558583 0.606528
1.73867 -0.465874 -0 0.549407 0.579871
1.52169 -0.494427 -0 0.558583 0.606528
1.7119 -0.556231 -0 0.559726 0.582368
1.73867 -0.465874 -0 0.549407 0.579871
1.73867 -0.465874 -0 0.549407 0.579871
1.7119 -0.556231 -0 0.559726 0.582368
1.93185 -0.517638 -0 0.550118 0.559703
1.7119 -0.556231 -0 0.559726 0.582368
1.90211 -0.618034 -0 0.560688 0.562017
1.93185 -0.517638 -0 0.550118 0.559703
1.93185 -0.517638 -0 0.550118 0.559703
1.90211 -0.618034 -0 0.560688 0.562017
2.12504 -0.569402 -0 0.550725 0.542492
1.90211 -0.618034 -0 0.560688 0.562017
2.09232 -0.679837 -0 0.56151 0.544639
2.12504 -0.569402 -0 0.550725 0.542492
2.12504 -0.569402 -0 0.550725 0.542492
2.09232 -0.679837 -0 0.56151 0.544639
2.51543 -0.674007 0.04 0.552002 0.510348
2.09232 -0.679837 -0 0.56151 0.544639
2.47671 -0.804731 0.04 0.563225 0.512169
2.51543 -0.674007 0.04 0.552002 0.510348
2.51543 -0.674007 0.04 0.552002 0.510348
2.47671 -0.804731 0.04 0.563225 0.512169
2.70861 -0.725771 0.16 0.553232 0.487116
2.47671 -0.804731 0.04 0.563225 0.512169
2.66692 -0.866534 0.16 0.564845 0.488691
2.70861 -0.725771 0.16 0.553232 0.487116
2.70861 -0.725771 0.16 0.553232 0.487116
2.66692 -0.866534 0.16 0.564845 0.488691
2.9018 -0.777535 0.36 0.55494 0.457442
2.66692 -0.866534 0.16 0.564845 0.488691
2.85713 -0.928337 0.36 0.567086 0.458678
2.9018 -0.777535 0.36 0.55494 0.457442
2.9018 -0.777535 0.36 0.55494 0.457442
2.85713 -0.928337 0.36 0.567086 0.458678
3.09498 -0.829298 0.64 0.557157 0.420631
2.85713 -0.928337 0.36 0.567086 0.458678
3.04734 -0.990141 0.64 0.569994 0.4214
3.09498 -0.829298 0.64 0.557157 0.420631
3.09498 -0.829298 0.64 0.557157 0.420631
3.04734 -0.990141 0.64 0.569994 0.4214
3.28817 -0.881062 1 0.559954 0.375466
3.04734 -0.990141 0.64 0.569994 0.4214
3.23755 -1.05194 1 0.573662 0.375587
3.28817 -0.881062 1 0.559954 0.375466
3.28817 -0.881062 1 0.559954 0.375466
3.23755 -1.05194 1 0.573662 0.375587
3.48135 -0.932826 1.44 0.563448 0.320076
3.23755 -1.05194 1 0.573662 0.375587
3.42776 -1.11375 1.44 0.578248 0.319286
3.48135 -0.932826 1.44 0.563448 0.320076
3.48135 -0.932826 1.44 0.563448 0.320076
3.42776 -1.11375 1.44 0.578248 0.319286
3.67454 -0.98459 1.96 0.567815 0.25167
3.42776 -1.11375 1.44 0.578248 0.319286
3.61797 -1.17555 1.96 0.583994 0.249574
3.67454 -0.98459 1.96 0.567815 0.25167
3.67454 -0.98459 1.96 0.567815 0.25167
3.61797 -1.17555 1.96 0.583994 0.249574
3.86772 -1.03635 2.56 0.57333 0.166053
3.61797 -1.17555 1.96 0.583994 0.249574
3.80819 -1.23735 2.56 0.591268 0.162038
3.86772 -1.03635 2.56 0.57333 0.166053
3.86772 -1.03635 2.56 0.57333 0.166053
3.80819 -1.23735 2.56 0.591268 0.162038
4.06091 -1.08812 3.24 0.580412 0.0567499
3.80819 -1.23735 2.56 0.591268 0.162038
3.9984 -1.29916 3.24 0.600647 0.0498202
4.06091 -1.08812 3.24 0.580412 0.0567499
0.34102 -0.0415823 -0 0.520764 0.998994
0.34102 -0.0517638 -0 0.523606 0.998807
0.391259 -0.0831647 -0 0.530273 0.960978
0.34102 -0.0517638 -0 0.523606 0.998807
0.38637 -0.103528 -0 0.535862 0.964072
0.391259 -0.0831647 -0 0.530273 0.960978
0.391259 -0.0831647 -0 0.530273 0.960978
0.38637 -0.103528 -0 0.535862 0.964072
0.586889 -0.124747 -0 0.532936 0.847791
0.38637 -0.103528 -0 0.535862 0.964072
0.579556 -0.155291 -0 0.539853 0.850869
0.586889 -0.124747 -0 0.532936 0.847791
0.586889 -0.124747 -0 0.532936 0.847791
0.579556 -0.155291 -0 0.539853 0.850869
0.782518 -0.166329 -0 0.534794 0.768827
0.579556 -0.155291 -0 0.539853 0.850869
0.772741 -0.207055 -0 0.542643 0.771728
0.782518 -0.166329 -0 0.534794 0.768827
0.782518 -0.166329 -0 0.534794 0.768827
0.772741 -0.207055 -0 0.542643 0.771728
0.978148 -0.207912 -0 0.536164 0.710602
0.772741 -0.207055 -0 0.542643 0.771728
0.965926 -0.258819 -0 0.544703 0.713285
0.978148 -0.207912 -0 0.536164 0.710602
0.978148 -0.207912 -0 0.536164 0.710602
0.965926 -0.258819 -0 0.544703 0.713285
1.17378 -0.249494 -0 0.537216 0.665894
0.965926 -0.258819 -0 0.544703 0.713285
1.15911 -0.310583 -0 0.546287 0.66836
1.17378 -0.249494 -0 0.537216 0.665894
1.17378 -0.249494 -0 0.537216 0.665894
1.15911 -0.310583 -0 0.546287 0.66836
1.36941 -0.291076 -0 0.538049 0.630486
1.15911 -0.310583 -0 0.546287 0.66836
1.3523 -0.362347 -0 0.547543 0.632748
1.36941 -0.291076 -0 0.538049 0.630486
1.36941 -0.291076 -0 0.538049 0.630486
1.3523 -0.362347 -0 0.547543 0.632748
1.56504 -0.332659 -0 0.538725 0.601749
1.3523 -0.362347 -0 0.547543 0.632748
1.54548 -0.41411 -0 0.548562 0.603826
1.56504 -0.332659 -0 0.538725 0.601749
1.56504 -0.332659 -0 0.538725 0.601749
1.54548 -0.41411 -0 0.548562 0.603826
1.76067 -0.374241 -0 0.539285 0.577961
1.54548 -0.41411 -0 0.548562 0.603826
1.73867 -0.465874 -0 0.549407 0.579871
1.76067 -0.374241 -0 0.539285 0.577961
1.76067 -0.374241 -0 0.539285 0.577961
1.73867 -0.465874 -0 0.549407 0.579871
1.9563 -0.415823 -0 0.539756 0.557944
1.73867 -0.465874 -0 0.549407 0.579871
1.93185 -0.517638 -0 0.550118 0.559703
1.9563 -0.415823 -0 0.539756 0.557944
1.9563 -0.415823 -0 0.539756 0.557944
1.93185 -0.517638 -0 0.550118 0.559703
2.15192 -0.457406 -0 0.540158 0.540868
1.93185 -0.517638 -0 0.550118 0.559703
2.12504 -0.569402 -0 0.550725 0.542492
2.15192 -0.457406 -0 0.540158 0.540868
2.15192 -0.457406 -0 0.540158 0.540868
2.12504 -0.569402 -0 0.550725 0.542492
2.54726 -0.541436 0.04 0.54102 0.50899
2.12504 -0.569402 -0 0.550725 0.542492
2.51543 -0.674007 0.04 0.552002 0.510348
2.54726 -0.541436 0.04 0.54102 0.50899
2.54726 -0.541436 0.04 0.54102 0.50899
2.51543 -0.674007 0.04 0.552002 0.510348
2.74289 -0.583018 0.16 0.541879 0.485958
2.51543 -0.674007 0.04 0.552002 0.510348
2.70861 -0.725771 0.16 0.553232 0.487116
2.74289 -0.583018 0.16 0.541879 0.485958
2.74289 -0.583018 0.16 0.541879 0.485958
2.70861 -0.725771 0.16 0.553232 0.487116
2.93851 -0.624601 0.36 0.543081 0.456561
2.70861 -0.725771 0.16 0.553232 0.487116
2.9018 -0.777535 0.36 0.55494 0.457442
2.93851 -0.624601 0.36 0.543081 0.456561
2.93851 -0.624601 0.36 0.543081 0.456561
2.9018 -0.777535 0.36 0.55494 0.457442
3.13414 -0.666183 0.64 0.544647 0.420129
2.9018 -0.777535 0.36 0.55494 0.457442
3.09498 -0.829298 0.64 0.557157 0.420631
3.13414 -0.666183 0.64 0.544647 0.420129
3.13414 -0.666183 0.64 0.544647 0.420129
3.09498 -0.829298 0.64 0.557157 0.420631
3.32977 -0.707765 1 0.546625 0.375488
3.09498 -0.829298 0.64 0.557157 0.420631
3.28817 -0.881062 1 0.559954 0.375466
3.32977 -0.707765 1 0.546625 0.375488
3.32977 -0.707765 1 0.546625 0.375488
3.28817 -0.881062 1 0.559954 0.375466
3.5254 -0.749348 1.44 0.549095 0.32083
3.28817 -0.881062 1 0.559954 0.375466
3.48135 -0.932826 1.44 0.563448 0.320076
3.5254 -0.749348 1.44 0.549095 0.32083
3.5254 -0.749348 1.44 0.549095 0.32083
3.48135 -0.932826 1.44 0.563448 0.320076
3.72103 -0.79093 1.96 0.552181 0.253466
3.48135 -0.932826 1.44 0.563448 0.320076
3.67454 -0.98459 1.96 0.567815 0.25167
3.72103 -0.79093 1.96 0.552181 0.253466
3.72103 -0.79093 1.96 0.552181 0.253466
3.67454 -0.98459 1.96 0.567815 0.25167
3.91666 -0.832512 2.56 0.55607 0.169372
3.67454 -0.98459 1.96 0.567815 0.25167
3.86772 -1.03635 2.56 0.57333 0.166053
3.91666 -0.832512 2.56 0.55607 0.169372
3.91666 -0.832512 2.56 0.55607 0.169372
3.86772 -1.03635 2.56 0.57333 0.166053
4.11229 -0.874095 3.24 0.561051 0.0623641
3.86772 -1.03635 2.56 0.57333 0.166053
4.06091 -1.08812 3.24 0.580412 0.0567499
4.11229 -0.874095 3.24 0.561051 0.0623641
0.34102 -0.0312869 -0 0.517888 0.999182
0.34102 -0.0415823 -0 0.520764 0.998994
0.395075 -0.0625738 -0 0.524717 0.958666
0.34102 -0.0415823 -0 0.520764 0.998994
0.391259 -0.0831647 -0 0.530273 0.960978
0.395075 -0.0625738 -0 0.524717 0.958666
0.395075 -0.0625738 -0 0.524717 0.958666
0.391259 -0.0831647 -0 0.530273 0.960978
0.592613 -0.0938607 -0 0.52608 0.84551
0.391259 -0.0831647 -0 0.530273 0.960978
0.586889 -0.124747 -0 0.532936 0.847791
0.592613 -0.0938607 -0 0.52608 0.84551
0.592613 -0.0938607 -0 0.52608 0.84551
0.586889 -0.124747 -0 0.532936 0.847791
0.790151 -0.125148 -0 0.527029 0.766694
0.586889 -0.124747 -0 0.532936 0.847791
0.782518 -0.166329 -0 0.534794 0.768827
0.790151 -0.125148 -0 0.527029 0.766694
0.790151 -0.125148 -0 0.527029 0.766694
0.782518 -0.166329 -0 0.534794 0.768827
0.987688 -0.156434 -0 0.527729 0.708644
0.782518 -0.166329 -0 0.534794 0.768827
0.978148 -0.207912 -0 0.536164 0.710602
0.987688 -0.156434 -0 0.527729 0.708644
0.987688 -0.156434 -0 0.527729 0.708644
0.978148 -0.207912 -0 0.536164 0.710602
1.18523 -0.187721 -0 0.528265 0.66411
0.978148 -0.207912 -0 0.536164 0.710602
1.17378 -0.249494 -0 0.537216 0.665894
1.18523 -0.187721 -0 0.528265 0.66411
1.18523 -0.187721 -0 0.528265 0.66411
1.17378 -0.249494 -0 0.537216 0.665894
1.38276 -0.219008 -0 0.52869 0.628863
1.17378 -0.249494 -0 0.537216 0.665894
1.36941 -0.291076 -0 0.538049 0.630486
1.38276 -0.219008 -0 0.52869 0.628863
1.38276 -0.219008 -0 0.52869 0.628863
1.36941 -0.291076 -0 0.538049 0.630486
1.5803 -0.250295 -0 0.529034 0.600272
1.36941 -0.291076 -0 0.538049 0.630486
1.56504 -0.332659 -0 0.538725 0.601749
1.5803 -0.250295 -0 0.529034 0.600272
1.5803 -0.250295 -0 0.529034 0.600272
1.56504 -0.332659 -0 0.538725 0.601749
1.77784 -0.281582 -0 0.529319 0.576615
1.56504 -0.332659 -0 0.538725 0.601749
1.76067 -0.374241 -0 0.539285 0.577961
1.77784 -0.281582 -0 0.529319 0.576615
1.77784 -0.281582 -0 0.529319 0.576615
1.76067 -0.374241 -0 0.539285 0.577961
1.97538 -0.312869 -0 0.529559 0.556716
1.76067 -0.374241 -0 0.539285 0.577961
1.9563 -0.415823 -0 0.539756 0.557944
1.97538 -0.312869 -0 0.529559 0.556716
1.97538 -0.312869 -0 0.529559 0.556716
1.9563 -0.415823 -0 0.539756 0.557944
2.17291 -0.344156 -0 0.529763 0.539745
1.9563 -0.415823 -0 0.539756 0.557944
2.15192 -0.457406 -0 0.540158 0.540868
2.17291 -0.344156 -0 0.529763 0.539745
2.17291 -0.344156 -0 0.529763 0.539745
2.15192 -0.457406 -0 0.540158 0.540868
2.5721 -0.407381 0.04 0.530225 0.508075
2.15192 -0.457406 -0 0.540158 0.540868
2.54726 -0.541436 0.04 0.54102 0.50899
2.5721 -0.407381 0.04 0.530225 0.508075
2.5721 -0.407381 0.04 0.530225 0.508075
2.54726 -0.541436 0.04 0.54102 0.50899
2.76964 -0.438668 0.16 0.530728 0.4852
2.54726 -0.541436 0.04 0.54102 0.50899
2.74289 -0.583018 0.16 0.541879 0.485958
2.76964 -0.438668 0.16 0.530728 0.4852
2.76964 -0.438668 0.16 0.530728 0.4852
2.74289 -0.583018 0.16 0.541879 0.485958
2.96718 -0.469955 0.36 0.531446 0.456018
2.74289 -0.583018 0.16 0.541879 0.485958
2.93851 -0.624601 0.36 0.543081 0.456561
2.96718 -0.469955 0.36 0.531446 0.456018
2.96718 -0.469955 0.36 0.531446 0.456018
2.93851 -0.624601 0.36 0.543081 0.456561
3.16471 -0.501242 0.64 0.53239 0.419881
2.93851 -0.624601 0.36 0.543081 0.456561
3.13414 -0.666183 0.64 0.544647 0.420129
3.16471 -0.501242 0.64 0.53239 0.419881
3.16471 -0.501242 0.64 0.53239 0.419881
3.13414 -0.666183 0.64 0.544647 0.420129
3.36225 -0.532528 1 0.533588 0.375646
3.13414 -0.666183 0.64 0.544647 0.420129
3.32977 -0.707765 1 0.546625 0.375488
3.36225 -0.532528 1 0.533588 0.375646
3.36225 -0.532528 1 0.533588 0.375646
3.32977 -0.707765 1 0.546625 0.375488
3.55979 -0.563815 1.44 0.535087 0.321552
3.32977 -0.707765 1 0.546625 0.375488
3.5254 -0.749348 1.44 0.549095 0.32083
3.55979 -0.563815 1.44 0.535087 0.321552
3.55979 -0.563815 1.44 0.535087 0.321552
3.5254 -0.749348 1.44 0.549095 0.32083
3.75733 -0.595102 1.96 0.536962 0.254988
3.5254 -0.749348 1.44 0.549095 0.32083
3.72103 -0.79093 1.96 0.552181 0.253466
3.75733 -0.595102 1.96 0.536962 0.254988
3.75733 -0.595102 1.96 0.536962 0.254988
3.72103 -0.79093 1.96 0.552181 0.253466
3.95487 -0.626389 2.56 0.539324 0.172053
3.72103 -0.79093 1.96 0.552181 0.253466
3.91666 -0.832512 2.56 0.55607 0.169372
3.95487 -0.626389 2.56 0.539324 0.172053
3.95487 -0.626389 2.56 0.539324 0.172053
3.91666 -0.832512 2.56 0.55607 0.169372
4.1524 -0.657676 3.24 0.542345 0.0667812
3.91666 -0.832512 2.56 0.55607 0.169372
4.11229 -0.874095 3.24 0.561051 0.0623641
4.1524 -0.657676 3.24 0.542345 0.0667812
0.34102 -0.0209057 -0 0.514989 0.999219
0.34102 -0.0312869 -0 0.517888 0.999182
0.397809 -0.0418114 -0 0.519191 0.957123
0.34102 -0.0312869 -0 0.517888 0.999182
0.395075 -0.0625738 -0 0.524717 0.958666
0.397809 -0.0418114 -0 0.519191 0.957123
0.397809 -0.0418114 -0 0.519191 0.957123
0.395075 -0.0625738 -0 0.524717 0.958666
0.596713 -0.0627171 -0 0.519274 0.844009
0.395075 -0.0625738 -0 0.524717 0.958666
0.592613 -0.0938607 -0 0.52608 0.84551
0.596713 -0.0627171 -0 0.519274 0.844009
0.596713 -0.0627171 -0 0.519274 0.844009
0.592613 -0.0938607 -0 0.52608 0.84551
0.795618 -0.0836228 -0 0.519331 0.765311
0.592613 -0.0938607 -0 0.52608 0.84551
0.790151 -0.125148 -0 0.527029 0.766694
0.795618 -0.0836228 -0 0.519331 0.765311
0.795618 -0.0836228 -0 0.519331 0.765311
0.790151 -0.125148 -0 0.527029 0.766694
0.994522 -0.104528 -0 0.519373 0.707395
0.790151 -0.125148 -0 0.527029 0.766694
0.987688 -0.156434 -0 0.527729 0.708644
0.994522 -0.104528 -0 0.519373 0.707395
0.994522 -0.104528 -0 0.519373 0.707395
0.987688 -0.156434 -0 0.527729 0.708644
1.19343 -0.125434 -0 0.519405 0.66299
0.987688 -0.156434 -0 0.527729 0.708644
1.18523 -0.187721 -0 0.528265 0.66411
1.19343 -0.125434 -0 0.519405 0.66299
1.19343 -0.125434 -0 0.519405 0.66299
1.18523 -0.187721 -0 0.528265 0.66411
1.39233 -0.14634 -0 0.519431 0.627862
1.18523 -0.187721 -0 0.528265 0.66411
1.38276 -0.219008 -0 0.52869 0.628863
1.39233 -0.14634 -0 0.519431 0.627862
1.39233 -0.14634 -0 0.519431 0.627862
1.38276 -0.219008 -0 0.52869 0.628863
1.59124 -0.167246 -0 0.519452 0.599378
1.38276 -0.219008 -0 0.52869 0.628863
1.5803 -0.250295 -0 0.529034 0.600272
1.59124 -0.167246 -0 0.519452 0.599378
1.59124 -0.167246 -0 0.519452 0.599378
1.5803 -0.250295 -0 0.529034 0.600272
1.79014 -0.188151 -0 0.519469 0.575816
1.5803 -0.250295 -0 0.529034 0.600272
1.77784 -0.281582 -0 0.529319 0.576615
1.79014 -0.188151 -0 0.519469 0.575816
1.79014 -0.188151 -0 0.519469 0.575816
1.77784 -0.281582 -0 0.529319 0.576615
1.98904 -0.209057 -0 0.519483 0.556002
1.77784 -0.281582 -0 0.529319 0.576615
1.97538 -0.312869 -0 0.529559 0.556716
1.98904 -0.209057 -0 0.519483 0.556002
1.98904 -0.209057 -0 0.519483 0.556002
1.97538 -0.312869 -0 0.529559 0.556716
2.18795 -0.229963 -0 0.519496 0.539108
1.97538 -0.312869 -0 0.529559 0.556716
2.17291 -0.344156 -0 0.529763 0.539745
2.18795 -0.229963 -0 0.519496 0.539108
2.18795 -0.229963 -0 0.519496 0.539108
2.17291 -0.344156 -0 0.529763 0.539745
2.5899 -0.272209 0.04 0.519569 0.507589
2.17291 -0.344156 -0 0.529763 0.539745
2.5721 -0.407381 0.04 0.530225 0.508075
2.5899 -0.272209 0.04 0.519569 0.507589
2.5899 -0.272209 0.04 0.519569 0.507589
2.5721 -0.407381 0.04 0.530225 0.508075
2.7888 -0.293115 0.16 0.519727 0.484828
2.5721 -0.407381 0.04 0.530225 0.508075
2.76964 -0.438668 0.16 0.530728 0.4852
2.7888 -0.293115 0.16 0.519727 0.484828
2.7888 -0.293115 0.16 0.519727 0.484828
2.76964 -0.438668 0.16 0.530728 0.4852
2.98771 -0.314021 0.36 0.519976 0.455803
2.76964 -0.438668 0.16 0.530728 0.4852
2.96718 -0.469955 0.36 0.531446 0.456018
2.98771 -0.314021 0.36 0.519976 0.455803
2.98771 -0.314021 0.36 0.519976 0.455803
2.96718 -0.469955 0.36 0.531446 0.456018
3.18661 -0.334926 0.64 0.520318 0.41988
2.96718 -0.469955 0.36 0.531446 0.456018
3.16471 -0.501242 0.64 0.53239 0.419881
3.18661 -0.334926 0.64 0.520318 0.41988
3.18661 -0.334926 0.64 0.520318 0.41988
3.16471 -0.501242 0.64 0.53239 0.419881
3.38551 -0.355832 1 0.520762 0.375937
3.16471 -0.501242 0.64 0.53239 0.419881
3.36225 -0.532528 1 0.533588 0.375646
3.38551 -0.355832 1 0.520762 0.375937
3.38551 -0.355832 1 0.520762 0.375937
3.36225 -0.532528 1 0.533588 0.375646
3.58442 -0.376738 1.44 0.521327 0.322249
3.36225 -0.532528 1 0.533588 0.375646
3.55979 -0.563815 1.44 0.535087 0.321552
3.58442 -0.376738 1.44 0.521327 0.322249
3.58442 -0.376738 1.44 0.521327 0.322249
3.55979 -0.563815 1.44 0.535087 0.321552
3.78332 -0.397643 1.96 0.52204 0.256254
3.55979 -0.563815 1.44 0.535087 0.321552
3.75733 -0.595102 1.96 0.536962 0.254988
3.78332 -0.397643 1.96 0.52204 0.256254
3.78332 -0.397643 1.96 0.52204 0.256254
3.75733 -0.595102 1.96 0.536962 0.254988
3.98223 -0.418549 2.56 0.522943 0.17414
3.75733 -0.595102 1.96 0.536962 0.254988
3.95487 -0.626389 2.56 0.539324 0.172053
3.98223 -0.418549 2.56 0.522943 0.17414
3.98223 -0.418549 2.56 0.522943 0.17414
3.95487 -0.626389 2.56 0.539324 0.172053
4.18113 -0.439455 3.24 0.524102 0.0700882
3.95487 -0.626389 2.56 0.539324 0.172053
4.1524 -0.657676 3.24 0.542345 0.0667812
4.18113 -0.439455 3.24 0.524102 0.0700882
0.34102 -0.0104672 -0 0.512073 0.999219
0.34102 -0.0209057 -0 0.514989 0.999219
0.399452 -0.0209344 -0 0.51369 0.956341
0.34102 -0.0209057 -0 0.514989 0.999219
0.397809 -0.0418114 -0 0.519191 0.957123
0.399452 -0.0209344 -0 0.51369 0.956341
0.399452 -0.0209344 -0 0.51369 0.956341
0.397809 -0.0418114 -0 0.519191 0.957123
0.599178 -0.0314016 -0 0.512504 0.843279
0.397809 -0.0418114 -0 0.519191 0.957123
0.596713 -0.0627171 -0 0.519274 0.844009
0.599178 -0.0314016 -0 0.512504 0.843279
0.599178 -0.0314016 -0 0.512504 0.843279
0.596713 -0.0627171 -0 0.519274 0.844009
0.798904 -0.0418688 -0 0.51168 0.764667
0.596713 -0.0627171 -0 0.519274 0.844009
0.795618 -0.0836228 -0 0.519331 0.765311
0.798904 -0.0418688 -0 0.51168 0.764667
0.798904 -0.0418688 -0 0.51168 0.764667
0.795618 -0.0836228 -0 0.519331 0.765311
0.99863 -0.052336 -0 0.511074 0.706842
0.795618 -0.0836228 -0 0.519331 0.765311
0.994522 -0.104528 -0 0.519373 0.707395
0.99863 -0.052336 -0 0.511074 0.706842
0.99863 -0.052336 -0 0.511074 0.706842
0.994522 -0.104528 -0 0.519373 0.707395
1.19836 -0.0628031 -0 0.510609 0.662522
0.994522 -0.104528 -0 0.519373 0.707395
1.19343 -0.125434 -0 0.519405 0.66299
1.19836 -0.0628031 -0 0.510609 0.662522
1.19836 -0.0628031 -0 0.510609 0.662522
1.19343 -0.125434 -0 0.519405 0.66299
1.39808 -0.0732703 -0 0.510242 0.62747
1.19343 -0.125434 -0 0.519405 0.66299
1.39233 -0.14634 -0 0.519431 0.627862
1.39808 -0.0732703 -0 0.510242 0.62747
1.39808 -0.0732703 -0 0.510242 0.62747
1.39233 -0.14634 -0 0.519431 0.627862
1.59781 -0.0837375 -0 0.509944 0.599054
1.39233 -0.14634 -0 0.519431 0.627862
1.59124 -0.167246 -0 0.519452 0.599378
1.59781 -0.0837375 -0 0.509944 0.599054
1.59781 -0.0837375 -0 0.509944 0.599054
1.59124 -0.167246 -0 0.519452 0.599378
1.79753 -0.0942047 -0 0.509698 0.575553
1.59124 -0.167246 -0 0.519452 0.599378
1.79014 -0.188151 -0 0.519469 0.575816
1.79753 -0.0942047 -0 0.509698 0.575553
1.79753 -0.0942047 -0 0.509698 0.575553
1.79014 -0.188151 -0 0.519469 0.575816
1.99726 -0.104672 -0 0.50949 0.555793
1.79014 -0.188151 -0 0.519469 0.575816
1.98904 -0.209057 -0 0.519483 0.556002
1.99726 -0.104672 -0 0.50949 0.555793
1.99726 -0.104672 -0 0.50949 0.555793
1.98904 -0.209057 -0 0.519483 0.556002
2.19699 -0.115139 -0 0.509314 0.538947
1.98904 -0.209057 -0 0.519483 0.556002
2.18795 -0.229963 -0 0.519496 0.539108
2.19699 -0.115139 -0 0.509314 0.538947
2.19699 -0.115139 -0 0.509314 0.538947
2.18795 -0.229963 -0 0.519496 0.539108
2.60059 -0.136291 0.04 0.509005 0.507522
2.18795 -0.229963 -0 0.519496 0.539108
2.5899 -0.272209 0.04 0.519569 0.507589
2.60059 -0.136291 0.04 0.509005 0.507522
2.60059 -0.136291 0.04 0.509005 0.507522
2.5899 -0.272209 0.04 0.519569 0.507589
2.80032 -0.146759 0.16 0.508824 0.484834
2.5899 -0.272209 0.04 0.519569 0.507589
2.7888 -0.293115 0.16 0.519727 0.484828
2.80032 -0.146759 0.16 0.508824 0.484834
2.80032 -0.146759 0.16 0.508824 0.484834
2.7888 -0.293115 0.16 0.519727 0.484828
3.00005 -0.157226 0.36 0.508613 0.455909
2.7888 -0.293115 0.16 0.519727 0.484828
2.98771 -0.314021 0.36 0.519976 0.455803
3.00005 -0.157226 0.36 0.508613 0.455909
3.00005 -0.157226 0.36 0.508613 0.455909
2.98771 -0.314021 0.36 0.519976 0.455803
3.19977 -0.167693 0.64 0.508366 0.420122
2.98771 -0.314021 0.36 0.519976 0.455803
3.18661 -0.334926 0.64 0.520318 0.41988
3.19977 -0.167693 0.64 0.508366 0.420122
3.19977 -0.167693 0.64 0.508366 0.420122
3.18661 -0.334926 0.64 0.520318 0.41988
3.3995 -0.17816 1 0.508074 0.376362
3.18661 -0.334926 0.64 0.520318 0.41988
3.38551 -0.355832 1 0.520762 0.375937
3.3995 -0.17816 1 0.508074 0.376362
3.3995 -0.17816 1 0.508074 0.376362
3.38551 -0.355832 1 0.520762 0.375937
3.59922 -0.188627 1.44 0.507726 0.322924
3.38551 -0.355832 1 0.520762 0.375937
3.58442 -0.376738 1.44 0.521327 0.322249
3.59922 -0.188627 1.44 0.507726 0.322924
3.59922 -0.188627 1.44 0.507726 0.322924
3.58442 -0.376738 1.44 0.521327 0.322249
3.79895 -0.199095 1.96 0.507306 0.257279
3.58442 -0.376738 1.44 0.521327 0.322249
3.78332 -0.397643 1.96 0.52204 0.256254
3.79895 -0.199095 1.96 0.507306 0.257279
3.79895 -0.199095 1.96 0.507306 0.257279
3.78332 -0.397643 1.96 0.52204 0.256254
3.99868 -0.209562 2.56 0.506791 0.175664
3.78332 -0.397643 1.96 0.52204 0.256254
3.98223 -0.418549 2.56 0.522943 0.17414
3.99868 -0.209562 2.56 0.506791 0.175664
3.99868 -0.209562 2.56 0.506791 0.175664
3.98223 -0.418549 2.56 0.522943 0.17414
4.1984 -0.220029 3.24 0.506145 0.0723457
3.98223 -0.418549 2.56 0.522943 0.17414
4.18113 -0.439455 3.24 0.524102 0.0700882
4.1984 -0.220029 3.24 0.506145 0.0723457
0.34102 -0.0104672 -0 0.512073 0.999219
0.399452 -0.0209344 -0 0.51369 0.956341
0.4 -2.44929e-17 -0 0.508208 0.956316
0.4 -2.44929e-17 -0 0.508208 0.956316
0.399452 -0.0209344 -0 0.51369 0.956341
0.6 -3.67394e-17 -0 0.505761 0.843312
0.399452 -0.0209344 -0 0.51369 0.956341
0.599178 -0.0314016 -0 0.512504 0.843279
0.6 -3.67394e-17 -0 0.505761 0.843312
0.6 -3.67394e-17 -0 0.505761 0.843312
0.599178 -0.0314016 -0 0.512504 0.843279
0.8 -4.89859e-17 -0 0.50406 0.764755
0.599178 -0.0314016 -0 0.512504 0.843279
0.798904 -0.0418688 -0 0.51168 0.764667
0.8 -4.89859e-17 -0 0.50406 0.764755
0.8 -4.89859e-17 -0 0.50406 0.764755
0.798904 -0.0418688 -0 0.51168 0.764667
1 -6.12323e-17 -0 0.502809 0.706978
0.798904 -0.0418688 -0 0.51168 0.764667
0.99863 -0.052336 -0 0.511074 0.706842
1 -6.12323e-17 -0 0.502809 0.706978
1 -6.12323e-17 -0 0.502809 0.706978
0.99863 -0.052336 -0 0.511074 0.706842
1.2 -7.34788e-17 -0 0.50185 0.662698
0.99863 -0.052336 -0 0.511074 0.706842
1.19836 -0.0628031 -0 0.510609 0.662522
1.2 -7.34788e-17 -0 0.50185 0.662698
1.2 -7.34788e-17 -0 0.50185 0.662698
1.19836 -0.0628031 -0 0.510609 0.662522
1.4 -8.57253e-17 -0 0.501092 0.627681
1.19836 -0.0628031 -0 0.510609 0.662522
1.39808 -0.0732703 -0 0.510242 0.62747
1.4 -8.57253e-17 -0 0.501092 0.627681
1.4 -8.57253e-17 -0 0.501092 0.627681
1.39808 -0.0732703 -0 0.510242 0.62747
1.6 -9.79717e-17 -0 0.500477 0.599295
1.39808 -0.0732703 -0 0.510242 0.62747
1.59781 -0.0837375 -0 0.509944 0.599054
1.6 -9.79717e-17 -0 0.500477 0.599295
1.6 -9.79717e-17 -0 0.500477 0.599295
1.59781 -0.0837375 -0 0.509944 0.599054
1.8 -1.10218e-16 -0 0.499969 0.57582
1.59781 -0.0837375 -0 0.509944 0.599054
1.79753 -0.0942047 -0 0.509698 0.575553
1.8 -1.10218e-16 -0 0.499969 0.57582
1.8 -1.10218e-16 -0 0.499969 0.57582
1.79753 -0.0942047 -0 0.509698 0.575553
2 -1.22465e-16 -0 0.499541 0.556083
1.79753 -0.0942047 -0 0.509698 0.575553
1.99726 -0.104672 -0 0.50949 0.555793
2 -1.22465e-16 -0 0.499541 0.556083
2 -1.22465e-16 -0 0.499541 0.556083
1.99726 -0.104672 -0 0.50949 0.555793
2.2 -1.34711e-16 -0 0.499177 0.539257
1.99726 -0.104672 -0 0.50949 0.555793
2.19699 -0.115139 -0 0.509314 0.538947
2.2 -1.34711e-16 -0 0.499177 0.539257
2.2 -1.34711e-16 -0 0.499177 0.539257
2.19699 -0.115139 -0 0.509314 0.538947
2.60416 -1.59459e-16 0.04 0.498488 0.507871
2.19699 -0.115139 -0 0.509314 0.538947
2.60059 -0.136291 0.04 0.509005 0.507522
2.60416 -1.59459e-16 0.04 0.498488 0.507871
2.60416 -1.59459e-16 0.04 0.498488 0.507871
2.60059 -0.136291 0.04 0.509005 0.507522
2.80416 -1.71705e-16 0.16 0.497971 0.485215
2.60059 -0.136291 0.04 0.509005 0.507522
2.80032 -0.146759 0.16 0.508824 0.484834
2.80416 -1.71705e-16 0.16 0.497971 0.485215
2.80416 -1.71705e-16 0.16 0.497971 0.485215
2.80032 -0.146759 0.16 0.508824 0.484834
3.00416 -1.83952e-16 0.36 0.497304 0.456334
2.80032 -0.146759 0.16 0.508824 0.484834
3.00005 -0.157226 0.36 0.508613 0.455909
3.00416 -1.83952e-16 0.36 0.497304 0.456334
3.00416 -1.83952e-16 0.36 0.497304 0.456334
3.00005 -0.157226 0.36 0.508613 0.455909
3.20416 -1.96198e-16 0.64 0.496472 0.420604
3.00005 -0.157226 0.36 0.508613 0.455909
3.19977 -0.167693 0.64 0.508366 0.420122
3.20416 -1.96198e-16 0.64 0.496472 0.420604
3.20416 -1.96198e-16 0.64 0.496472 0.420604
3.19977 -0.167693 0.64 0.508366 0.420122
3.40416 -2.08445e-16 1 0.49545 0.37692
3.19977 -0.167693 0.64 0.508366 0.420122
3.3995 -0.17816 1 0.508074 0.376362
3.40416 -2.08445e-16 1 0.49545 0.37692
3.40416 -2.08445e-16 1 0.49545 0.37692
3.3995 -0.17816 1 0.508074 0.376362
3.60416 -2.20691e-16 1.44 0.494198 0.323584
3.3995 -0.17816 1 0.508074 0.376362
3.59922 -0.188627 1.44 0.507726 0.322924
3.60416 -2.20691e-16 1.44 0.494198 0.323584
3.60416 -2.20691e-16 1.44 0.494198 0.323584
3.59922 -0.188627 1.44 0.507726 0.322924
3.80416 -2.32938e-16 1.96 0.492657 0.258074
3.59922 -0.188627 1.44 0.507726 0.322924
3.79895 -0.199095 1.96 0.507306 0.257279
3.80416 -2.32938e-16 1.96 0.492657 0.258074
3.80416 -2.32938e-16 1.96 0.492657 0.258074
3.79895 -0.199095 1.96 0.507306 0.257279
4.00416 -2.45184e-16 2.56 0.490739 0.176645
3.79895 -0.199095 1.96 0.507306 0.257279
3.99868 -0.209562 2.56 0.506791 0.175664
4.00416 -2.45184e-16 2.56 0.490739 0.176645
4.00416 -2.45184e-16 2.56 0.490739 0.176645
3.99868 -0.209562 2.56 0.506791 0.175664
4.20416 -2.57431e-16 3.24 0.488308 0.0735911
3.99868 -0.209562 2.56 0.506791 0.175664
4.1984 -0.220029 3.24 0.506145 0.0723457
4.20416 -2.57431e-16 3.24 0.488308 0.0735911
0.399452 0.0209344 -0 0.502741 0.957046
0.4 -2.44929e-17 -0 0.508208 0.956316
0.599178 0.0314016 -0 0.499032 0.844108
0.4 -2.44929e-17 -0 0.508208 0.956316
0.6 -3.67394e-17 -0 0.505761 0.843312
0.599178 0.0314016 -0 0.499032 0.844108
0.599178 0.0314016 -0 0.499032 0.844108
0.6 -3.67394e-17 -0 0.505761 0.843312
0.798904 0.0418688 -0 0.496452 0.765574
0.6 -3.67394e-17 -0 0.505761 0.843312
0.8 -4.89859e-17 -0 0.50406 0.764755
0.798904 0.0418688 -0 0.496452 0.765574
0.798904 0.0418688 -0 0.496452 0.765574
0.8 -4.89859e-17 -0 0.50406 0.764755
0.99863 0.052336 -0 0.494555 0.707801
0.8 -4.89859e-17 -0 0.50406 0.764755
1 -6.12323e-17 -0 0.502809 0.706978
0.99863 0.052336 -0 0.494555 0.707801
0.99863 0.052336 -0 0.494555 0.707801
1 -6.12323e-17 -0 0.502809 0.706978
1.19836 0.0628031 -0 0.4931 0.663519
1 -6.12323e-17 -0 0.502809 0.706978
1.2 -7.34788e-17 -0 0.50185 0.662698
1.19836 0.0628031 -0 0.4931 0.663519
1.19836 0.0628031 -0 0.4931 0.663519
1.2 -7.34788e-17 -0 0.50185 0.662698
1.39808 0.0732703 -0 0.49195 0.628495
1.2 -7.34788e-17 -0 0.50185 0.662698
1.4 -8.57253e-17 -0 0.501092 0.627681
1.39808 0.0732703 -0 0.49195 0.628495
1.39808 0.0732703 -0 0.49195 0.628495
1.4 -8.57253e-17 -0 0.501092 0.627681
1.59781 0.0837375 -0 0.491018 0.600101
1.4 -8.57253e-17 -0 0.501092 0.627681
1.6 -9.79717e-17 -0 0.500477 0.599295
1.59781 0.0837375 -0 0.491018 0.600101
1.59781 0.0837375 -0 0.491018 0.600101
1.6 -9.79717e-17 -0 0.500477 0.599295
1.79753 0.0942047 -0 0.490246 0.576618
1.6 -9.79717e-17 -0 0.500477 0.599295
1.8 -1.10218e-16 -0 0.499969 0.57582
1.79753 0.0942047 -0 0.490246 0.576618
1.79753 0.0942047 -0 0.490246 0.576618
1.8 -1.10218e-16 -0 0.499969 0.57582
1.99726 0.104672 -0 0.489598 0.556872
1.8 -1.10218e-16 -0 0.499969 0.57582
2 -1.22465e-16 -0 0.499541 0.556083
1.99726 0.104672 -0 0.489598 0.556872
1.99726 0.104672 -0 0.489598 0.556872
2 -1.22465e-16 -0 0.499541 0.556083
2.19699 0.115139 -0 0.489045 0.540037
2 -1.22465e-16 -0 0.499541 0.556083
2.2 -1.34711e-16 -0 0.499177 0.539257
2.19699 0.115139 -0 0.489045 0.540037
2.19699 0.115139 -0 0.489045 0.540037
2.2 -1.34711e-16 -0 0.499177 0.539257
2.60059 0.136291 0.04 0.487975 0.508636
2.2 -1.34711e-16 -0 0.499177 0.539257
2.60416 -1.59459e-16 0.04 0.498488 0.507871
2.60059 0.136291 0.04 0.487975 0.508636
2.60059 0.136291 0.04 0.487975 0.508636
2.60416 -1.59459e-16 0.04 0.498488 0.507871
2.80032 0.146759 0.16 0.487121 0.485971
2.60416 -1.59459e-16 0.04 0.498488 0.507871
2.80416 -1.71705e-16 0.16 0.497971 0.485215
2.80032 0.146759 0.16 0.487121 0.485971
2.80032 0.146759 0.16 0.487121 0.485971
2.80416 -1.71705e-16 0.16 0.497971 0.485215
3.00005 0.157226 0.36 0.485995 0.457078
2.80416 -1.71705e-16 0.16 0.497971 0.485215
3.00416 -1.83952e-16 0.36 0.497304 0.456334
3.00005 0.157226 0.36 0.485995 0.457078
3.00005 0.157226 0.36 0.485995 0.457078
3.00416 -1.83952e-16 0.36 0.497304 0.456334
3.19977 0.167693 0.64 0.484576 0.421329
3.00416 -1.83952e-16 0.36 0.497304 0.456334
3.20416 -1.96198e-16 0.64 0.496472 0.420604
3.19977 0.167693 0.64 0.484576 0.421329
3.19977 0.167693 0.64 0.484576 0.421329
3.20416 -1.96198e-16 0.64 0.496472 0.420604
3.3995 0.17816 1 0.48282 0.377615
3.20416 -1.96198e-16 0.64 0.496472 0.420604
3.40416 -2.08445e-16 1 0.49545 0.37692
3.3995 0.17816 1 0.48282 0.377615
3.3995 0.17816 1 0.48282 0.377615
3.40416 -2.08445e-16 1 0.49545 0.37692
3.59922 0.188627 1.44 0.480659 0.32423
3.40416 -2.08445e-16 1 0.49545 0.37692
3.60416 -2.20691e-16 1.44 0.494198 0.323584
3.59922 0.188627 1.44 0.480659 0.32423
3.59922 0.188627 1.44 0.480659 0.32423
3.60416 -2.20691e-16 1.44 0.494198 0.323584
3.79895 0.199095 1.96 0.47799 0.258644
3.60416 -2.20691e-16 1.44 0.494198 0.323584
3.80416 -2.32938e-16 1.96 0.492657 0.258074
3.79895 0.199095 1.96 0.47799 0.258644
3.79895 0.199095 1.96 0.47799 0.258644
3.80416 -2.32938e-16 1.96 0.492657 0.258074
3.99868 0.209562 2.56 0.474659 0.177093
3.80416 -2.32938e-16 1.96 0.492657 0.258074
4.00416 -2.45184e-16 2.56 0.490739 0.176645
3.99868 0.209562 2.56 0.474659 0.177093
3.99868 0.209562 2.56 0.474659 0.177093
4.00416 -2.45184e-16 2.56 0.490739 0.176645
4.1984 0.220029 3.24 0.47043 0.07384
4.00416 -2.45184e-16 2.56 0.490739 0.176645
4.20416 -2.57431e-16 3.24 0.488308 0.0735911
4.1984 0.220029 3.24 0.47043 0.07384
0.397809 0.0418114 -0 0.497284 0.958535
0.399452 0.0209344 -0 0.502741 0.957046
0.596713 0.0627171 -0 0.492305 0.845671
0.399452 0.0209344 -0 0.502741 0.957046
0.599178 0.0314016 -0 0.499032 0.844108
0.596713 0.0627171 -0 0.492305 0.845671
0.596713 0.0627171 -0 0.492305 0.845671
0.599178 0.0314016 -0 0.499032 0.844108
0.795618 0.0836228 -0 0.48884 0.767128
0.599178 0.0314016 -0 0.499032 0.844108
0.798904 0.0418688 -0 0.496452 0.765574
0.795618 0.0836228 -0 0.48884 0.767128
0.795618 0.0836228 -0 0.48884 0.767128
0.798904 0.0418688 -0 0.496452 0.765574
0.994522 0.104528 -0 0.48629 0.709318
0.798904 0.0418688 -0 0.496452 0.765574
0.99863 0.052336 -0 0.494555 0.707801
0.994522 0.104528 -0 0.48629 0.709318
0.994522 0.104528 -0 0.48629 0.709318
0.99863 0.052336 -0 0.494555 0.707801
1.19343 0.125434 -0 0.484334 0.664988
0.99863 0.052336 -0 0.494555 0.707801
1.19836 0.0628031 -0 0.4931 0.663519
1.19343 0.125434 -0 0.484334 0.664988
1.19343 0.125434 -0 0.484334 0.664988
1.19836 0.0628031 -0 0.4931 0.663519
1.39233 0.14634 -0 0.482787 0.629916
1.19836 0.0628031 -0 0.4931 0.663519
1.39808 0.0732703 -0 0.49195 0.628495
1.39233 0.14634 -0 0.482787 0.629916
1.39233 0.14634 -0 0.482787 0.629916
1.39808 0.0732703 -0 0.49195 0.628495
1.59124 0.167246 -0 0.481533 0.601476
1.39808 0.0732703 -0 0.49195 0.628495
1.59781 0.0837375 -0 0.491018 0.600101
1.59124 0.167246 -0 0.481533 0.601476
1.59124 0.167246 -0 0.481533 0.601476
1.59781 0.0837375 -0 0.491018 0.600101
1.79014 0.188151 -0 0.480495 0.577949
1.59781 0.0837375 -0 0.491018 0.600101
1.79753 0.0942047 -0 0.490246 0.576618
1.79014 0.188151 -0 0.480495 0.577949
1.79014 0.188151 -0 0.480495 0.577949
1.79753 0.0942047 -0 0.490246 0.576618
1.98904 0.209057 -0 0.479622 0.558164
1.79753 0.0942047 -0 0.490246 0.576618
1.99726 0.104672 -0 0.489598 0.556872
1.98904 0.209057 -0 0.479622 0.558164
1.98904 0.209057 -0 0.479622 0.558164
1.99726 0.104672 -0 0.489598 0.556872
2.18795 0.229963 -0 0.478878 0.541293
1.99726 0.104672 -0 0.489598 0.556872
2.19699 0.115139 -0 0.489045 0.540037
2.18795 0.229963 -0 0.478878 0.541293
2.18795 0.229963 -0 0.478878 0.541293
2.19699 0.115139 -0 0.489045 0.540037
2.5899 0.272209 0.04 0.477421 0.509822
2.19699 0.115139 -0 0.489045 0.540037
2.60059 0.136291 0.04 0.487975 0.508636
2.5899 0.272209 0.04 0.477421 0.509822
2.5899 0.272209 0.04 0.477421 0.509822
2.60059 0.136291 0.04 0.487975 0.508636
2.7888 0.293115 0.16 0.476224 0.487108
2.60059 0.136291 0.04 0.487975 0.508636
2.80032 0.146759 0.16 0.487121 0.485971
2.7888 0.293115 0.16 0.476224 0.487108
2.7888 0.293115 0.16 0.476224 0.487108
2.80032 0.146759 0.16 0.487121 0.485971
2.98771 0.314021 0.36 0.474633 0.458146
2.80032 0.146759 0.16 0.487121 0.485971
3.00005 0.157226 0.36 0.485995 0.457078
2.98771 0.314021 0.36 0.474633 0.458146
2.98771 0.314021 0.36 0.474633 0.458146
3.00005 0.157226 0.36 0.485995 0.457078
3.18661 0.334926 0.64 0.472617 0.422301
3.00005 0.157226 0.36 0.485995 0.457078
3.19977 0.167693 0.64 0.484576 0.421329
3.18661 0.334926 0.64 0.472617 0.422301
3.18661 0.334926 0.64 0.472617 0.422301
3.19977 0.167693 0.64 0.484576 0.421329
3.38551 0.355832 1 0.470114 0.378451
3.19977 0.167693 0.64 0.484576 0.421329
3.3995 0.17816 1 0.48282 0.377615
3.38551 0.355832 1 0.470114 0.378451
3.38551 0.355832 1 0.470114 0.378451
3.3995 0.17816 1 0.48282 0.377615
3.58442 0.376738 1.44 0.467026 0.324869
3.3995 0.17816 1 0.48282 0.377615
3.59922 0.188627 1.44 0.480659 0.32423
3.58442 0.376738 1.44 0.467026 0.324869
3.58442 0.376738 1.44 0.467026 0.324869
3.59922 0.188627 1.44 0.480659 0.32423
3.78332 0.397643 1.96 0.463204 0.258993
3.59922 0.188627 1.44 0.480659 0.32423
3.79895 0.199095 1.96 0.47799 0.258644
3.78332 0.397643 1.96 0.463204 0.258993
3.78332 0.397643 1.96 0.463204 0.258993
3.79895 0.199095 1.96 0.47799 0.258644
3.98223 0.418549 2.56 0.458426 0.177008
3.79895 0.199095 1.96 0.47799 0.258644
3.99868 0.209562 2.56 0.474659 0.177093
3.98223 0.418549 2.56 0.458426 0.177008
3.98223 0.418549 2.56 0.458426 0.177008
3.99868 0.209562 2.56 0.474659 0.177093
4.18113 0.439455 3.24 0.452349 0.0730875
3.99868 0.209562 2.56 0.474659 0.177093
4.1984 0.220029 3.24 0.47043 0.07384
4.18113 0.439455 3.24 0.452349 0.0730875
0.395075 0.0625738 -0 0.491832 0.960788
0.397809 0.0418114 -0 0.497284 0.958535
0.592613 0.0938607 -0 0.48557 0.848007
0.397809 0.0418114 -0 0.497284 0.958535
0.596713 0.0627171 -0 0.492305 0.845671
0.592613 0.0938607 -0 0.48557 0.848007
0.592613 0.0938607 -0 0.48557 0.848007
0.596713 0.0627171 -0 0.492305 0.845671
0.790151 0.125148 -0 0.481206 0.769426
0.596713 0.0627171 -0 0.492305 0.845671
0.795618 0.0836228 -0 0.48884 0.767128
0.790151 0.125148 -0 0.481206 0.769426
0.790151 0.125148 -0 0.481206 0.769426
0.795618 0.0836228 -0 0.48884 0.767128
0.987688 0.156434 -0 0.477992 0.711536
0.795618 0.0836228 -0 0.48884 0.767128
0.994522 0.104528 -0 0.48629 0.709318
0.987688 0.156434 -0 0.477992 0.711536
0.987688 0.156434 -0 0.477992 0.711536
0.994522 0.104528 -0 0.48629 0.709318
1.18523 0.187721 -0 0.475525 0.667117
0.994522 0.104528 -0 0.48629 0.709318
1.19343 0.125434 -0 0.484334 0.664988
1.18523 0.187721 -0 0.475525 0.667117
1.18523 0.187721 -0 0.475525 0.667117
1.19343 0.125434 -0 0.484334 0.664988
1.38276 0.219008 -0 0.473573 0.631955
1.19343 0.125434 -0 0.484334 0.664988
1.39233 0.14634 -0 0.482787 0.629916
1.38276 0.219008 -0 0.473573 0.631955
1.38276 0.219008 -0 0.473573 0.631955
1.39233 0.14634 -0 0.482787 0.629916
1.5803 0.250295 -0 0.471989 0.603431
1.39233 0.14634 -0 0.482787 0.629916
1.59124 0.167246 -0 0.481533 0.601476
1.5803 0.250295 -0 0.471989 0.603431
1.5803 0.250295 -0 0.471989 0.603431
1.59124 0.167246 -0 0.481533 0.601476
1.77784 0.281582 -0 0.470678 0.579827
1.59124 0.167246 -0 0.481533 0.601476
1.79014 0.188151 -0 0.480495 0.577949
1.77784 0.281582 -0 0.470678 0.579827
1.77784 0.281582 -0 0.470678 0.579827
1.79014 0.188151 -0 0.480495 0.577949
1.97538 0.312869 -0 0.469576 0.55997
1.79014 0.188151 -0 0.480495 0.577949
1.98904 0.209057 -0 0.479622 0.558164
1.97538 0.312869 -0 0.469576 0.55997
1.97538 0.312869 -0 0.469576 0.55997
1.98904 0.209057 -0 0.479622 0.558164
2.17291 0.344156 -0 0.468635 0.543035
1.98904 0.209057 -0 0.479622 0.558164
2.18795 0.229963 -0 0.478878 0.541293
2.17291 0.344156 -0 0.468635 0.543035
2.17291 0.344156 -0 0.468635 0.543035
2.18795 0.229963 -0 0.478878 0.541293
2.5721 0.407381 0.04 0.466781 0.511438
2.18795 0.229963 -0 0.478878 0.541293
2.5899 0.272209 0.04 0.477421 0.509822
2.5721 0.407381 0.04 0.466781 0.511438
2.5721 0.407381 0.04 0.466781 0.511438
2.5899 0.272209 0.04 0.477421 0.509822
2.76964 0.438668 0.16 0.465233 0.488634
2.5899 0.272209 0.04 0.477421 0.509822
2.7888 0.293115 0.16 0.476224 0.487108
2.76964 0.438668 0.16 0.465233 0.488634
2.76964 0.438668 0.16 0.465233 0.488634
2.7888 0.293115 0.16 0.476224 0.487108
2.96718 0.469955 0.36 0.463163 0.459547
2.7888 0.293115 0.16 0.476224 0.487108
2.98771 0.314021 0.36 0.474633 0.458146
2.96718 0.469955 0.36 0.463163 0.459547
2.96718 0.469955 0.36 0.463163 0.459547
2.98771 0.314021 0.36 0.474633 0.458146
3.16471 0.501242 0.64 0.460532 0.423529
2.98771 0.314021 0.36 0.474633 0.458146
3.18661 0.334926 0.64 0.472617 0.422301
3.16471 0.501242 0.64 0.460532 0.423529
3.16471 0.501242 0.64 0.460532 0.423529
3.18661 0.334926 0.64 0.472617 0.422301
3.36225 0.532528 1 0.457259 0.379434
3.18661 0.334926 0.64 0.472617 0.422301
3.38551 0.355832 1 0.470114 0.378451
3.36225 0.532528 1 0.457259 0.379434
3.36225 0.532528 1 0.457259 0.379434
3.38551 0.355832 1 0.470114 0.378451
3.55979 0.563815 1.44 0.453212 0.325502
3.38551 0.355832 1 0.470114 0.378451
3.58442 0.376738 1.44 0.467026 0.324869
3.55979 0.563815 1.44 0.453212 0.325502
3.55979 0.563815 1.44 0.453212 0.325502
3.58442 0.376738 1.44 0.467026 0.324869
3.75733 0.595102 1.96 0.448194 0.259119
3.58442 0.376738 1.44 0.467026 0.324869
3.78332 0.397643 1.96 0.463204 0.258993
3.75733 0.595102 1.96 0.448194 0.259119
3.75733 0.595102 1.96 0.448194 0.259119
3.78332 0.397643 1.96 0.463204 0.258993
3.95487 0.626389 2.56 0.441908 0.176381
3.78332 0.397643 1.96 0.463204 0.258993
3.98223 0.418549 2.56 0.458426 0.177008
3.95487 0.626389 2.56 0.441908 0.176381
3.95487 0.626389 2.56 0.441908 0.176381
3.98223 0.418549 2.56 0.458426 0.177008
4.1524 0.657676 3.24 0.433895 0.0713073
3.98223 0.418549 2.56 0.458426 0.177008
4.18113 0.439455 3.24 0.452349 0.0730875
4.1524 0.657676 3.24 0.433895 0.0713073
0.391259 0.0831647 -0 0.486382 0.963814
0.395075 0.0625738 -0 0.491832 0.960788
0.586889 0.124747 -0 0.478815 0.851132
0.395075 0.0625738 -0 0.491832 0.960788
0.592613 0.0938607 -0 0.48557 0.848007
0.586889 0.124747 -0 0.478815 0.851132
0.586889 0.124747 -0 0.478815 0.851132
0.592613 0.0938607 -0 0.48557 0.848007
0.782518 0.166329 -0 0.473533 0.772484
0.592613 0.0938607 -0 0.48557 0.848007
0.790151 0.125148 -0 0.481206 0.769426
0.782518 0.166329 -0 0.473533 0.772484
0.782518 0.166329 -0 0.473533 0.772484
0.790151 0.125148 -0 0.481206 0.769426
0.978148 0.207912 -0 0.469637 0.714474
0.790151 0.125148 -0 0.481206 0.769426
0.987688 0.156434 -0 0.477992 0.711536
0.978148 0.207912 -0 0.469637 0.714474
0.978148 0.207912 -0 0.469637 0.714474
0.987688 0.156434 -0 0.477992 0.711536
1.17378 0.249494 -0 0.466646 0.669921
0.987688 0.156434 -0 0.477992 0.711536
1.18523 0.187721 -0 0.475525 0.667117
1.17378 0.249494 -0 0.466646 0.669921
1.17378 0.249494 -0 0.466646 0.669921
1.18523 0.187721 -0 0.475525 0.667117
1.36941 0.291076 -0 0.464276 0.634629
1.18523 0.187721 -0 0.475525 0.667117
1.38276 0.219008 -0 0.473573 0.631955
1.36941 0.291076 -0 0.464276 0.634629
1.36941 0.291076 -0 0.464276 0.634629
1.38276 0.219008 -0 0.473573 0.631955
1.56504 0.332659 -0 0.462352 0.605982
1.38276 0.219008 -0 0.473573 0.631955
1.5803 0.250295 -0 0.471989 0.603431
1.56504 0.332659 -0 0.462352 0.605982
1.56504 0.332659 -0 0.462352 0.605982
1.5803 0.250295 -0 0.471989 0.603431
1.76067 0.374241 -0 0.460759 0.582265
1.5803 0.250295 -0 0.471989 0.603431
1.77784 0.281582 -0 0.470678 0.579827
1.76067 0.374241 -0 0.460759 0.582265
1.76067 0.374241 -0 0.460759 0.582265
1.77784 0.281582 -0 0.470678 0.579827
1.9563 0.415823 -0 0.459419 0.562307
1.77784 0.281582 -0 0.470678 0.579827
1.97538 0.312869 -0 0.469576 0.55997
1.9563 0.415823 -0 0.459419 0.562307
1.9563 0.415823 -0 0.459419 0.562307
1.97538 0.312869 -0 0.469576 0.55997
2.15192 0.457406 -0 0.458275 0.545278
1.97538 0.312869 -0 0.469576 0.55997
2.17291 0.344156 -0 0.468635 0.543035
2.15192 0.457406 -0 0.458275 0.545278
2.15192 0.457406 -0 0.458275 0.545278
2.17291 0.344156 -0 0.468635 0.543035
2.54726 0.541436 0.04 0.456009 0.5135
2.17291 0.344156 -0 0.468635 0.543035
2.5721 0.407381 0.04 0.466781 0.511438
2.54726 0.541436 0.04 0.456009 0.5135
2.54726 0.541436 0.04 0.456009 0.5135
2.5721 0.407381 0.04 0.466781 0.511438
2.74289 0.583018 0.16 0.454096 0.490564
2.5721 0.407381 0.04 0.466781 0.511438
2.76964 0.438668 0.16 0.465233 0.488634
2.74289 0.583018 0.16 0.454096 0.490564
2.74289 0.583018 0.16 0.454096 0.490564
2.76964 0.438668 0.16 0.465233 0.488634
2.93851 0.624601 0.36 0.451529 0.461295
2.76964 0.438668 0.16 0.465233 0.488634
2.96718 0.469955 0.36 0.463163 0.459547
2.93851 0.624601 0.36 0.451529 0.461295
2.93851 0.624601 0.36 0.451529 0.461295
2.96718 0.469955 0.36 0.463163 0.459547
3.13414 0.666183 0.64 0.448258 0.425024
2.96718 0.469955 0.36 0.463163 0.459547
3.16471 0.501242 0.64 0.460532 0.423529
3.13414 0.666183 0.64 0.448258 0.425024
3.13414 0.666183 0.64 0.448258 0.425024
3.16471 0.501242 0.64 0.460532 0.423529
3.32977 0.707765 1 0.444179 0.380573
3.16471 0.501242 0.64 0.460532 0.423529
3.36225 0.532528 1 0.457259 0.379434
3.32977 0.707765 1 0.444179 0.380573
3.32977 0.707765 1 0.444179 0.380573
3.36225 0.532528 1 0.457259 0.379434
3.5254 0.749348 1.44 0.439126 0.326135
3.36225 0.532528 1 0.457259 0.379434
3.55979 0.563815 1.44 0.453212 0.325502
3.5254 0.749348 1.44 0.439126 0.326135
3.5254 0.749348 1.44 0.439126 0.326135
3.55979 0.563815 1.44 0.453212 0.325502
3.72103 0.79093 1.96 0.432848 0.259018
3.55979 0.563815 1.44 0.453212 0.325502
3.75733 0.595102 1.96 0.448194 0.259119
3.72103 0.79093 1.96 0.432848 0.259018
3.72103 0.79093 1.96 0.432848 0.259018
3.75733 0.595102 1.96 0.448194 0.259119
3.91666 0.832512 2.56 0.424965 0.17519
3.75733 0.595102 1.96 0.448194 0.259119
3.95487 0.626389 2.56 0.441908 0.176381
3.91666 0.832512 2.56 0.424965 0.17519
3.91666 0.832512 2.56 0.424965 0.17519
3.95487 0.626389 2.56 0.441908 0.176381
4.11229 0.874095 3.24 0.414887 0.0684506
3.95487 0.626389 2.56 0.441908 0.176381
4.1524 0.657676 3.24 0.433895 0.0713073
4.11229 0.874095 3.24 0.414887 0.0684506
0.38637 0.103528 -0 0.480928 0.967626
0.391259 0.0831647 -0 0.486382 0.963814
0.579556 0.155291 -0 0.472028 0.855061
0.391259 0.0831647 -0 0.486382 0.963814
0.586889 0.124747 -0 0.478815 0.851132
0.579556 0.155291 -0 0.472028 0.855061
0.579556 0.155291 -0 0.472028 0.855061
0.586889 0.124747 -0 0.478815 0.851132
0.772741 0.207055 -0 0.465802 0.776322
0.586889 0.124747 -0 0.478815 0.851132
0.782518 0.166329 -0 0.473533 0.772484
0.772741 0.207055 -0 0.465802 0.776322
0.772741 0.207055 -0 0.465802 0.776322
0.782518 0.166329 -0 0.473533 0.772484
0.965926 0.258819 -0 0.461203 0.718153
0.782518 0.166329 -0 0.473533 0.772484
0.978148 0.207912 -0 0.469637 0.714474
0.965926 0.258819 -0 0.461203 0.718153
0.965926 0.258819 -0 0.461203 0.718153
0.978148 0.207912 -0 0.469637 0.714474
1.15911 0.310583 -0 0.457667 0.673424
0.978148 0.207912 -0 0.469637 0.714474
1.17378 0.249494 -0 0.466646 0.669921
1.15911 0.310583 -0 0.457667 0.673424
1.15911 0.310583 -0 0.457667 0.673424
1.17378 0.249494 -0 0.466646 0.669921
1.3523 0.362347 -0 0.454863 0.63796
1.17378 0.249494 -0 0.466646 0.669921
1.36941 0.291076 -0 0.464276 0.634629
1.3523 0.362347 -0 0.454863 0.63796
1.3523 0.362347 -0 0.454863 0.63796
1.36941 0.291076 -0 0.464276 0.634629
1.54548 0.41411 -0 0.452585 0.609153
1.36941 0.291076 -0 0.464276 0.634629
1.56504 0.332659 -0 0.462352 0.605982
1.54548 0.41411 -0 0.452585 0.609153
1.54548 0.41411 -0 0.452585 0.609153
1.56504 0.332659 -0 0.462352 0.605982
1.73867 0.465874 -0 0.450698 0.585288
1.56504 0.332659 -0 0.462352 0.605982
1.76067 0.374241 -0 0.460759 0.582265
1.73867 0.465874 -0 0.450698 0.585288
1.73867 0.465874 -0 0.450698 0.585288
1.76067 0.374241 -0 0.460759 0.582265
1.93185 0.517638 -0 0.44911 0.565195
1.76067 0.374241 -0 0.460759 0.582265
1.9563 0.415823 -0 0.459419 0.562307
1.93185 0.517638 -0 0.44911 0.565195
1.93185 0.517638 -0 0.44911 0.565195
1.9563 0.415823 -0 0.459419 0.562307
2.12504 0.569402 -0 0.447754 0.548045
1.9563 0.415823 -0 0.459419 0.562307
2.15192 0.457406 -0 0.458275 0.545278
2.12504 0.569402 -0 0.447754 0.548045
2.12504 0.569402 -0 0.447754 0.548045
2.15192 0.457406 -0 0.458275 0.545278
2.51543 0.674007 0.04 0.445057 0.516028
2.15192 0.457406 -0 0.458275 0.545278
2.54726 0.541436 0.04 0.456009 0.5135
2.51543 0.674007 0.04 0.445057 0.516028
2.51543 0.674007 0.04 0.445057 0.516028
2.54726 0.541436 0.04 0.456009 0.5135
2.70861 0.725771 0.16 0.44276 0.492917
2.54726 0.541436 0.04 0.456009 0.5135
2.74289 0.583018 0.16 0.454096 0.490564
2.70861 0.725771 0.16 0.44276 0.492917
2.70861 0.725771 0.16 0.44276 0.492917
2.74289 0.583018 0.16 0.454096 0.490564
2.9018 0.777535 0.36 0.43967 0.463408
2.74289 0.583018 0.16 0.454096 0.490564
2.93851 0.624601 0.36 0.451529 0.461295
2.9018 0.777535 0.36 0.43967 0.463408
2.9018 0.777535 0.36 0.43967 0.463408
2.93851 0.624601 0.36 0.451529 0.461295
3.09498 0.829298 0.64 0.435724 0.426802
2.93851 0.624601 0.36 0.451529 0.461295
3.13414 0.666183 0.64 0.448258 0.425024
3.09498 0.829298 0.64 0.435724 0.426802
3.09498 0.829298 0.64 0.435724 0.426802
3.13414 0.666183 0.64 0.448258 0.425024
3.28817 0.881062 1 0.430793 0.38188
3.13414 0.666183 0.64 0.448258 0.425024
3.32977 0.707765 1 0.444179 0.380573
3.28817 0.881062 1 0.430793 0.38188
3.28817 0.881062 1 0.430793 0.38188
3.32977 0.707765 1 0.444179 0.380573
3.48135 0.932826 1.44 0.424671 0.326772
3.32977 0.707765 1 0.444179 0.380573
3.5254 0.749348 1.44 0.439126 0.326135
3.48135 0.932826 1.44 0.424671 0.326772
3.48135 0.932826 1.44 0.424671 0.326772
3.5254 0.749348 1.44 0.439126 0.326135
3.67454 0.98459 1.96 0.417046 0.25868
3.5254 0.749348 1.44 0.439126 0.326135
3.72103 0.79093 1.96 0.432848 0.259018
3.67454 0.98459 1.96 0.417046 0.25868
3.67454 0.98459 1.96 0.417046 0.25868
3.72103 0.79093 1.96 0.432848 0.259018
3.86772 1.03635 2.56 0.407442 0.173403
3.72103 0.79093 1.96 0.432848 0.259018
3.91666 0.832512 2.56 0.424965 0.17519
3.86772 1.03635 2.56 0.407442 0.173403
3.86772 1.03635 2.56 0.407442 0.173403
3.91666 0.832512 2.56 0.424965 0.17519
4.06091 1.08812 3.24 0.395122 0.0644428
3.91666 0.832512 2.56 0.424965 0.17519
4.11229 0.874095 3.24 0.414887 0.0684506
4.06091 1.08812 3.24 0.395122 0.0644428
0.380423 0.123607 -0 0.475465 0.972239
0.38637 0.103528 -0 0.480928 0.967626
0.570634 0.18541 -0 0.465197 0.85982
0.38637 0.103528 -0 0.480928 0.967626
0.579556 0.155291 -0 0.472028 0.855061
0.570634 0.18541 -0 0.465197 0.85982
0.570634 0.18541 -0 0.465197 0.85982
0.579556 0.155291 -0 0.472028 0.855061
0.760845 0.247214 -0 0.457995 0.780968
0.579556 0.155291 -0 0.472028 0.855061
0.772741 0.207055 -0 0.465802 0.776322
0.760845 0.247214 -0 0.457995 0.780968
0.760845 0.247214 -0 0.457995 0.780968
0.772741 0.207055 -0 0.465802 0.776322
0.951057 0.309017 -0 0.452664 0.722601
0.772741 0.207055 -0 0.465802 0.776322
0.965926 0.258819 -0 0.461203 0.718153
0.951057 0.309017 -0 0.452664 0.722601
0.951057 0.309017 -0 0.452664 0.722601
0.965926 0.258819 -0 0.461203 0.718153
1.14127 0.37082 -0 0.448559 0.677655
0.965926 0.258819 -0 0.461203 0.718153
1.15911 0.310583 -0 0.457667 0.673424
1.14127 0.37082 -0 0.448559 0.677655
1.14127 0.37082 -0 0.448559 0.677655
1.15911 0.310583 -0 0.457667 0.673424
1.33148 0.432624 -0 0.445301 0.641978
1.15911 0.310583 -0 0.457667 0.673424
1.3523 0.362347 -0 0.454863 0.63796
1.33148 0.432624 -0 0.445301 0.641978
1.33148 0.432624 -0 0.445301 0.641978
1.3523 0.362347 -0 0.454863 0.63796
1.52169 0.494427 -0 0.442651 0.612971
1.3523 0.362347 -0 0.454863 0.63796
1.54548 0.41411 -0 0.452585 0.609153
1.52169 0.494427 -0 0.442651 0.612971
1.52169 0.494427 -0 0.442651 0.612971
1.54548 0.41411 -0 0.452585 0.609153
1.7119 0.556231 -0 0.440455 0.588923
1.54548 0.41411 -0 0.452585 0.609153
1.73867 0.465874 -0 0.450698 0.585288
1.7119 0.556231 -0 0.440455 0.588923
1.7119 0.556231 -0 0.440455 0.588923
1.73867 0.465874 -0 0.450698 0.585288
1.90211 0.618034 -0 0.438604 0.568663
1.73867 0.465874 -0 0.450698 0.585288
1.93185 0.517638 -0 0.44911 0.565195
1.90211 0.618034 -0 0.438604 0.568663
1.90211 0.618034 -0 0.438604 0.568663
1.93185 0.517638 -0 0.44911 0.565195
2.09232 0.679837 -0 0.437024 0.551361
1.93185 0.517638 -0 0.44911 0.565195
2.12504 0.569402 -0 0.447754 0.548045
2.09232 0.679837 -0 0.437024 0.551361
2.09232 0.679837 -0 0.437024 0.551361
2.12504 0.569402 -0 0.447754 0.548045
2.47671 0.804731 0.04 0.433871 0.519047
2.12504 0.569402 -0 0.447754 0.548045
2.51543 0.674007 0.04 0.445057 0.516028
2.47671 0.804731 0.04 0.433871 0.519047
2.47671 0.804731 0.04 0.433871 0.519047
2.51543 0.674007 0.04 0.445057 0.516028
2.66692 0.866534 0.16 0.431168 0.495718
2.51543 0.674007 0.04 0.445057 0.516028
2.70861 0.725771 0.16 0.44276 0.492917
2.66692 0.866534 0.16 0.431168 0.495718
2.66692 0.866534 0.16 0.431168 0.495718
2.70861 0.725771 0.16 0.44276 0.492917
2.85713 0.928337 0.36 0.427523 0.465908
2.70861 0.725771 0.16 0.44276 0.492917
2.9018 0.777535 0.36 0.43967 0.463408
2.85713 0.928337 0.36 0.427523 0.465908
2.85713 0.928337 0.36 0.427523 0.465908
2.9018 0.777535 0.36 0.43967 0.463408
3.04734 0.990141 0.64 0.422856 0.428882
2.9018 0.777535 0.36 0.43967 0.463408
3.09498 0.829298 0.64 0.435724 0.426802
3.04734 0.990141 0.64 0.422856 0.428882
3.04734 0.990141 0.64 0.422856 0.428882
3.09498 0.829298 0.64 0.435724 0.426802
3.23755 1.05194 1 0.417012 0.383369
3.09498 0.829298 0.64 0.435724 0.426802
3.28817 0.881062 1 0.430793 0.38188
3.23755 1.05194 1 0.417012 0.383369
3.23755 1.05194 1 0.417012 0.383369
3.28817 0.881062 1 0.430793 0.38188
3.42776 1.11375 1.44 0.40974 0.327416
3.28817 0.881062 1 0.430793 0.38188
3.48135 0.932826 1.44 0.424671 0.326772
3.42776 1.11375 1.44 0.40974 0.327416
3.42776 1.11375 1.44 0.40974 0.327416
3.48135 0.932826 1.44 0.424671 0.326772
3.61797 1.17555 1.96 0.400654 0.258092
3.48135 0.932826 1.44 0.424671 0.326772
3.67454 0.98459 1.96 0.417046 0.25868
3.61797 1.17555 1.96 0.400654 0.258092
3.61797 1.17555 1.96 0.400654 0.258092
3.67454 0.98459 1.96 0.417046 0.25868
3.80819 1.23735 2.56 0.389169 0.170976
3.67454 0.98459 1.96 0.417046 0.25868
3.86772 1.03635 2.56 0.407442 0.173403
3.80819 1.23735 2.56 0.389169 0.170976
3.80819 1.23735 2.56 0.389169 0.170976
3.86772 1.03635 2.56 0.407442 0.173403
3.9984 1.29916 3.24 0.374369 0.0591796
3.86772 1.03635 2.56 0.407442 0.173403
4.06091 1.08812 3.24 0.395122 0.0644428
3.9984 1.29916 3.24 0.374369 0.0591796
0.373432 0.143347 -0 0.469991 0.977675
0.380423 0.123607 -0 0.475465 0.972239
0.560148 0.215021 -0 0.458311 0.865436
0.380423 0.123607 -0 0.475465 0.972239
0.570634 0.18541 -0 0.465197 0.85982
0.560148 0.215021 -0 0.458311 0.865436
0.560148 0.215021 -0 0.458311 0.865436
0.570634 0.18541 -0 0.465197 0.85982
0.746864 0.286694 -0 0.450093 0.786454
0.570634 0.18541 -0 0.465197 0.85982
0.760845 0.247214 -0 0.457995 0.780968
0.746864 0.286694 -0 0.450093 0.786454
0.746864 0.286694 -0 0.450093 0.786454
0.760845 0.247214 -0 0.457995 0.780968
0.93358 0.358368 -0 0.443995 0.727856
0.760845 0.247214 -0 0.457995 0.780968
0.951057 0.309017 -0 0.452664 0.722601
0.93358 0.358368 -0 0.443995 0.727856
0.93358 0.358368 -0 0.443995 0.727856
0.951057 0.309017 -0 0.452664 0.722601
1.1203 0.430042 -0 0.439291 0.682652
0.951057 0.309017 -0 0.452664 0.722601
1.14127 0.37082 -0 0.448559 0.677655
1.1203 0.430042 -0 0.439291 0.682652
1.1203 0.430042 -0 0.439291 0.682652
1.14127 0.37082 -0 0.448559 0.677655
1.30701 0.501715 -0 0.435552 0.646721
1.14127 0.37082 -0 0.448559 0.677655
1.33148 0.432624 -0 0.445301 0.641978
1.30701 0.501715 -0 0.435552 0.646721
1.30701 0.501715 -0 0.435552 0.646721
1.33148 0.432624 -0 0.445301 0.641978
1.49373 0.573389 -0 0.432509 0.617475
1.33148 0.432624 -0 0.445301 0.641978
1.52169 0.494427 -0 0.442651 0.612971
1.49373 0.573389 -0 0.432509 0.617475
1.49373 0.573389 -0 0.432509 0.617475
1.52169 0.494427 -0 0.442651 0.612971
1.68044 0.645062 -0 0.429984 0.593208
1.52169 0.494427 -0 0.442651 0.612971
1.7119 0.556231 -0 0.440455 0.588923
1.68044 0.645062 -0 0.429984 0.593208
1.68044 0.645062 -0 0.429984 0.593208
1.7119 0.556231 -0 0.440455 0.588923
1.86716 0.716736 -0 0.427855 0.572747
1.7119 0.556231 -0 0.440455 0.588923
1.90211 0.618034 -0 0.438604 0.568663
1.86716 0.716736 -0 0.427855 0.572747
1.86716 0.716736 -0 0.427855 0.572747
1.90211 0.618034 -0 0.438604 0.568663
2.05388 0.788409 -0 0.426035 0.555262
1.90211 0.618034 -0 0.438604 0.568663
2.09232 0.679837 -0 0.437024 0.551361
2.05388 0.788409 -0 0.426035 0.555262
2.05388 0.788409 -0 0.426035 0.555262
2.09232 0.679837 -0 0.437024 0.551361
2.4312 0.933249 0.04 0.422395 0.52259
2.09232 0.679837 -0 0.437024 0.551361
2.47671 0.804731 0.04 0.433871 0.519047
2.4312 0.933249 0.04 0.422395 0.52259
2.4312 0.933249 0.04 0.422395 0.52259
2.47671 0.804731 0.04 0.433871 0.519047
2.61791 1.00492 0.16 0.419258 0.498999
2.47671 0.804731 0.04 0.433871 0.519047
2.66692 0.866534 0.16 0.431168 0.495718
2.61791 1.00492 0.16 0.419258 0.498999
2.61791 1.00492 0.16 0.419258 0.498999
2.66692 0.866534 0.16 0.431168 0.495718
2.80463 1.0766 0.36 0.415016 0.468824
2.66692 0.866534 0.16 0.431168 0.495718
2.85713 0.928337 0.36 0.427523 0.465908
2.80463 1.0766 0.36 0.415016 0.468824
2.80463 1.0766 0.36 0.415016 0.468824
2.85713 0.928337 0.36 0.427523 0.465908
2.99134 1.14827 0.64 0.409573 0.431289
2.85713 0.928337 0.36 0.427523 0.465908
3.04734 0.990141 0.64 0.422856 0.428882
2.99134 1.14827 0.64 0.409573 0.431289
2.99134 1.14827 0.64 0.409573 0.431289
3.04734 0.990141 0.64 0.422856 0.428882
3.17806 1.21994 1 0.402739 0.385058
3.04734 0.990141 0.64 0.422856 0.428882
3.23755 1.05194 1 0.417012 0.383369
3.17806 1.21994 1 0.402739 0.385058
3.17806 1.21994 1 0.402739 0.385058
3.23755 1.05194 1 0.417012 0.383369
3.36478 1.29162 1.44 0.39421 0.328071
3.23755 1.05194 1 0.417012 0.383369
3.42776 1.11375 1.44 0.40974 0.327416
3.36478 1.29162 1.44 0.39421 0.328071
3.36478 1.29162 1.44 0.39421 0.328071
3.42776 1.11375 1.44 0.40974 0.327416
3.55149 1.36329 1.96 0.383518 0.257236
3.42776 1.11375 1.44 0.40974 0.327416
3.61797 1.17555 1.96 0.400654 0.258092
3.55149 1.36329 1.96 0.383518 0.257236
3.55149 1.36329 1.96 0.383518 0.257236
3.61797 1.17555 1.96 0.400654 0.258092
3.73821 1.43496 2.56 0.369945 0.167848
3.61797 1.17555 1.96 0.400654 0.258092
3.80819 1.23735 2.56 0.389169 0.170976
3.73821 1.43496 2.56 0.369945 0.167848
3.73821 1.43496 2.56 0.369945 0.167848
3.80819 1.23735 2.56 0.389169 0.170976
3.92492 1.50664 3.24 0.352359 0.0525198
3.80819 1.23735 2.56 0.389169 0.170976
3.9984 1.29916 3.24 0.374369 0.0591796
3.92492 1.50664 3.24 0.352359 0.0525198
0.365418 0.162695 -0 0.464499 0.983957
0.373432 0.143347 -0 0.469991 0.977675
0.548127 0.244042 -0 0.451357 0.871945
0.373432 0.143347 -0 0.469991 0.977675
0.560148 0.215021 -0 0.458311 0.865436
0.548127 0.244042 -0 0.451357 0.871945
0.548127 0.244042 -0 0.451357 0.871945
0.560148 0.215021 -0 0.458311 0.865436
0.730836 0.325389 -0 0.442073 0.792823
0.560148 0.215021 -0 0.458311 0.865436
0.746864 0.286694 -0 0.450093 0.786454
0.730836 0.325389 -0 0.442073 0.792823
0.730836 0.325389 -0 0.442073 0.792823
0.746864 0.286694 -0 0.450093 0.786454
0.913545 0.406737 -0 0.435167 0.733961
0.746864 0.286694 -0 0.450093 0.786454
0.93358 0.358368 -0 0.443995 0.727856
0.913545 0.406737 -0 0.435167 0.733961
0.913545 0.406737 -0 0.435167 0.733961
0.93358 0.358368 -0 0.443995 0.727856
1.09625 0.488084 -0 0.429829 0.68846
0.93358 0.358368 -0 0.443995 0.727856
1.1203 0.430042 -0 0.439291 0.682652
1.09625 0.488084 -0 0.429829 0.68846
1.09625 0.488084 -0 0.429829 0.68846
1.1203 0.430042 -0 0.439291 0.682652
1.27896 0.569431 -0 0.425579 0.652234
1.1203 0.430042 -0 0.439291 0.682652
1.30701 0.501715 -0 0.435552 0.646721
1.27896 0.569431 -0 0.425579 0.652234
1.27896 0.569431 -0 0.425579 0.652234
1.30701 0.501715 -0 0.435552 0.646721
1.46167 0.650779 -0 0.422115 0.62271
1.30701 0.501715 -0 0.435552 0.646721
1.49373 0.573389 -0 0.432509 0.617475
1.46167 0.650779 -0 0.422115 0.62271
1.46167 0.650779 -0 0.422115 0.62271
1.49373 0.573389 -0 0.432509 0.617475
1.64438 0.732126 -0 0.419237 0.598185
1.49373 0.573389 -0 0.432509 0.617475
1.68044 0.645062 -0 0.429984 0.593208
1.64438 0.732126 -0 0.419237 0.598185
1.64438 0.732126 -0 0.419237 0.598185
1.68044 0.645062 -0 0.429984 0.593208
1.82709 0.813473 -0 0.416809 0.577489
1.68044 0.645062 -0 0.429984 0.593208
1.86716 0.716736 -0 0.427855 0.572747
1.82709 0.813473 -0 0.416809 0.577489
1.82709 0.813473 -0 0.416809 0.577489
1.86716 0.716736 -0 0.427855 0.572747
2.0098 0.894821 -0 0.414732 0.55979
1.86716 0.716736 -0 0.427855 0.572747
2.05388 0.788409 -0 0.426035 0.555262
2.0098 0.894821 -0 0.414732 0.55979
2.0098 0.894821 -0 0.414732 0.55979
2.05388 0.788409 -0 0.426035 0.555262
2.37902 1.05921 0.04 0.410567 0.526698
2.05388 0.788409 -0 0.426035 0.555262
2.4312 0.933249 0.04 0.422395 0.52259
2.37902 1.05921 0.04 0.410567 0.526698
2.37902 1.05921 0.04 0.410567 0.526698
2.4312 0.933249 0.04 0.422395 0.52259
2.56173 1.14056 0.16 0.40696 0.502798
2.4312 0.933249 0.04 0.422395 0.52259
2.61791 1.00492 0.16 0.419258 0.498999
2.56173 1.14056 0.16 0.40696 0.502798
2.56173 1.14056 0.16 0.40696 0.502798
2.61791 1.00492 0.16 0.419258 0.498999
2.74444 1.2219 0.36 0.40207 0.472193
2.61791 1.00492 0.16 0.419258 0.498999
2.80463 1.0766 0.36 0.415016 0.468824
2.74444 1.2219 0.36 0.40207 0.472193
2.74444 1.2219 0.36 0.40207 0.472193
2.80463 1.0766 0.36 0.415016 0.468824
2.92715 1.30325 0.64 0.395781 0.434055
2.80463 1.0766 0.36 0.415016 0.468824
2.99134 1.14827 0.64 0.409573 0.431289
2.92715 1.30325 0.64 0.395781 0.434055
2.92715 1.30325 0.64 0.395781 0.434055
2.99134 1.14827 0.64 0.409573 0.431289
3.10986 1.3846 1 0.387862 0.386967
2.99134 1.14827 0.64 0.409573 0.431289
3.17806 1.21994 1 0.402739 0.385058
3.10986 1.3846 1 0.387862 0.386967
3.10986 1.3846 1 0.387862 0.386967
3.17806 1.21994 1 0.402739 0.385058
3.29257 1.46595 1.44 0.377946 0.328744
3.17806 1.21994 1 0.402739 0.385058
3.36478 1.29162 1.44 0.39421 0.328071
3.29257 1.46595 1.44 0.377946 0.328744
3.29257 1.46595 1.44 0.377946 0.328744
3.36478 1.29162 1.44 0.39421 0.328071
3.47528 1.54729 1.96 0.365463 0.256086
3.36478 1.29162 1.44 0.39421 0.328071
3.55149 1.36329 1.96 0.383518 0.257236
3.47528 1.54729 1.96 0.365463 0.256086
3.47528 1.54729 1.96 0.365463 0.256086
3.55149 1.36329 1.96 0.383518 0.257236
3.65798 1.62864 2.56 0.349536 0.163937
3.55149 1.36329 1.96 0.383518 0.257236
3.73821 1.43496 2.56 0.369945 0.167848
3.65798 1.62864 2.56 0.349536 0.163937
3.65798 1.62864 2.56 0.349536 0.163937
3.73821 1.43496 2.56 0.369945 0.167848
3.84069 1.70999 3.24 0.328766 0.044277
3.73821 1.43496 2.56 0.369945 0.167848
3.92492 1.50664 3.24 0.352359 0.0525198
3.84069 1.70999 3.24 0.328766 0.044277
0.356403 0.181596 -0 0.458986 0.991114
0.365418 0.162695 -0 0.464499 0.983957
0.534604 0.272394 -0 0.44432 0.879387
0.365418 0.162695 -0 0.464499 0.983957
0.548127 0.244042 -0 0.451357 0.871945
0.534604 0.272394 -0 0.44432 0.879387
0.534604 0.272394 -0 0.44432 0.879387
0.548127 0.244042 -0 0.451357 0.871945
0.712805 0.363192 -0 0.433916 0.800123
0.548127 0.244042 -0 0.451357 0.871945
0.730836 0.325389 -0 0.442073 0.792823
0.712805 0.363192 -0 0.433916 0.800123
0.712805 0.363192 -0 0.433916 0.800123
0.730836 0.325389 -0 0.442073 0.792823
0.891007 0.453991 -0 0.426151 0.740969
0.730836 0.325389 -0 0.442073 0.792823
0.913545 0.406737 -0 0.435167 0.733961
0.891007 0.453991 -0 0.426151 0.740969
0.891007 0.453991 -0 0.426151 0.740969
0.913545 0.406737 -0 0.435167 0.733961
1.06921 0.544789 -0 0.420135 0.695133
0.913545 0.406737 -0 0.435167 0.733961
1.09625 0.488084 -0 0.429829 0.68846
1.06921 0.544789 -0 0.420135 0.695133
1.06921 0.544789 -0 0.420135 0.695133
1.09625 0.488084 -0 0.429829 0.68846
1.24741 0.635587 -0 0.415336 0.658572
1.09625 0.488084 -0 0.429829 0.68846
1.27896 0.569431 -0 0.425579 0.652234
1.24741 0.635587 -0 0.415336 0.658572
1.24741 0.635587 -0 0.415336 0.658572
1.27896 0.569431 -0 0.425579 0.652234
1.42561 0.726385 -0 0.411419 0.62873
1.27896 0.569431 -0 0.425579 0.652234
1.46167 0.650779 -0 0.422115 0.62271
1.42561 0.726385 -0 0.411419 0.62873
1.42561 0.726385 -0 0.411419 0.62873
1.46167 0.650779 -0 0.422115 0.62271
1.60381 0.817183 -0 0.408161 0.603911
1.46167 0.650779 -0 0.422115 0.62271
1.64438 0.732126 -0 0.419237 0.598185
1.60381 0.817183 -0 0.408161 0.603911
1.60381 0.817183 -0 0.408161 0.603911
1.64438 0.732126 -0 0.419237 0.598185
1.78201 0.907981 -0 0.405409 0.582944
1.64438 0.732126 -0 0.419237 0.598185
1.82709 0.813473 -0 0.416809 0.577489
1.78201 0.907981 -0 0.405409 0.582944
1.78201 0.907981 -0 0.405409 0.582944
1.82709 0.813473 -0 0.416809 0.577489
1.96021 0.998779 -0 0.403053 0.564998
1.82709 0.813473 -0 0.416809 0.577489
2.0098 0.894821 -0 0.414732 0.55979
1.96021 0.998779 -0 0.403053 0.564998
1.96021 0.998779 -0 0.403053 0.564998
2.0098 0.894821 -0 0.414732 0.55979
2.32033 1.18227 0.04 0.398317 0.531419
2.0098 0.894821 -0 0.414732 0.55979
2.37902 1.05921 0.04 0.410567 0.526698
2.32033 1.18227 0.04 0.398317 0.531419
2.32033 1.18227 0.04 0.398317 0.531419
2.37902 1.05921 0.04 0.410567 0.526698
2.49853 1.27306 0.16 0.394196 0.507162
2.37902 1.05921 0.04 0.410567 0.526698
2.56173 1.14056 0.16 0.40696 0.502798
2.49853 1.27306 0.16 0.394196 0.507162
2.49853 1.27306 0.16 0.394196 0.507162
2.56173 1.14056 0.16 0.40696 0.502798
2.67673 1.36386 0.36 0.388597 0.476058
2.56173 1.14056 0.16 0.40696 0.502798
2.74444 1.2219 0.36 0.40207 0.472193
2.67673 1.36386 0.36 0.388597 0.476058
2.67673 1.36386 0.36 0.388597 0.476058
2.74444 1.2219 0.36 0.40207 0.472193
2.85493 1.45466 0.64 0.381375 0.437216
2.74444 1.2219 0.36 0.40207 0.472193
2.92715 1.30325 0.64 0.395781 0.434055
2.85493 1.45466 0.64 0.381375 0.437216
2.85493 1.45466 0.64 0.381375 0.437216
2.92715 1.30325 0.64 0.395781 0.434055
3.03313 1.54546 1 0.372253 0.389123
2.92715 1.30325 0.64 0.395781 0.434055
3.10986 1.3846 1 0.387862 0.386967
3.03313 1.54546 1 0.372253 0.389123
3.03313 1.54546 1 0.372253 0.389123
3.10986 1.3846 1 0.387862 0.386967
3.21133 1.63626 1.44 0.360786 0.329439
3.10986 1.3846 1 0.387862 0.386967
3.29257 1.46595 1.44 0.377946 0.328744
3.21133 1.63626 1.44 0.360786 0.329439
3.21133 1.63626 1.44 0.360786 0.329439
3.29257 1.46595 1.44 0.377946 0.328744
3.38953 1.72705 1.96 0.346281 0.254609
3.29257 1.46595 1.44 0.377946 0.328744
3.47528 1.54729 1.96 0.365463 0.256086
3.38953 1.72705 1.96 0.346281 0.254609
3.38953 1.72705 1.96 0.346281 0.254609
3.47528 1.54729 1.96 0.365463 0.256086
3.56774 1.81785 2.56 0.327662 0.15914
3.47528 1.54729 1.96 0.365463 0.256086
3.65798 1.62864 2.56 0.349536 0.163937
3.56774 1.81785 2.56 0.327662 0.15914
3.56774 1.81785 2.56 0.327662 0.15914
3.65798 1.62864 2.56 0.349536 0.163937
3.74594 1.90865 3.24 0.303192 0.0342048
3.65798 1.62864 2.56 0.349536 0.163937
3.84069 1.70999 3.24 0.328766 0.044277
3.74594 1.90865 3.24 0.303192 0.0342048
0.34641 0.2 -0 0.453447 0.999178
0.356403 0.181596 -0 0.458986 0.991114
0.519615 0.3 -0 0.437188 0.887812
0.356403 0.181596 -0 0.458986 0.991114
0.534604 0.272394 -0 0.44432 0.879387
0.519615 0.3 -0 0.437188 0.887812
0.519615 0.3 -0 0.437188 0.887812
0.534604 0.272394 -0 0.44432 0.879387
0.69282 0.4 -0 0.425597 0.808412
0.534604 0.272394 -0 0.44432 0.879387
0.712805 0.363192 -0 0.433916 0.800123
0.69282 0.4 -0 0.425597 0.808412
0.69282 0.4 -0 0.425597 0.808412
0.712805 0.363192 -0 0.433916 0.800123
0.866025 0.5 -0 0.416915 0.748943
0.712805 0.363192 -0 0.433916 0.800123
0.891007 0.453991 -0 0.426151 0.740969
0.866025 0.5 -0 0.416915 0.748943
0.866025 0.5 -0 0.416915 0.748943
0.891007 0.453991 -0 0.426151 0.740969
1.03923 0.6 -0 0.410169 0.702737
0.891007 0.453991 -0 0.426151 0.740969
1.06921 0.544789 -0 0.420135 0.695133
1.03923 0.6 -0 0.410169 0.702737
1.03923 0.6 -0 0.410169 0.702737
1.06921 0.544789 -0 0.420135 0.695133
1.21244 0.7 -0 0.404777 0.665802
1.06921 0.544789 -0 0.420135 0.695133
1.24741 0.635587 -0 0.415336 0.658572
1.21244 0.7 -0 0.404777 0.665802
1.21244 0.7 -0 0.404777 0.665802
1.24741 0.635587 -0 0.415336 0.658572
1.38564 0.8 -0 0.400368 0.635602
1.24741 0.635587 -0 0.415336 0.658572
1.42561 0.726385 -0 0.411419 0.62873
1.38564 0.8 -0 0.400368 0.635602
1.38564 0.8 -0 0.400368 0.635602
1.42561 0.726385 -0 0.411419 0.62873
1.55885 0.9 -0 0.396696 0.610449
1.42561 0.726385 -0 0.411419 0.62873
1.60381 0.817183 -0 0.408161 0.603911
1.55885 0.9 -0 0.396696 0.610449
1.55885 0.9 -0 0.396696 0.610449
1.60381 0.817183 -0 0.408161 0.603911
1.73205 1 -0 0.393591 0.589176
1.60381 0.817183 -0 0.408161 0.603911
1.78201 0.907981 -0 0.405409 0.582944
1.73205 1 -0 0.393591 0.589176
1.73205 1 -0 0.393591 0.589176
1.78201 0.907981 -0 0.405409 0.582944
1.90526 1.1 -0 0.39093 0.570948
1.78201 0.907981 -0 0.405409 0.582944
1.96021 0.998779 -0 0.403053 0.564998
1.90526 1.1 -0 0.39093 0.570948
1.90526 1.1 -0 0.39093 0.570948
1.96021 0.998779 -0 0.403053 0.564998
2.25527 1.30208 0.04 0.385566 0.536815
1.96021 0.998779 -0 0.403053 0.564998
2.32033 1.18227 0.04 0.398317 0.531419
2.25527 1.30208 0.04 0.385566 0.536815
2.25527 1.30208 0.04 0.385566 0.536815
2.32033 1.18227 0.04 0.398317 0.531419
2.42848 1.40208 0.16 0.380879 0.512149
2.32033 1.18227 0.04 0.398317 0.531419
2.49853 1.27306 0.16 0.394196 0.507162
2.42848 1.40208 0.16 0.380879 0.512149
2.42848 1.40208 0.16 0.380879 0.512149
2.49853 1.27306 0.16 0.394196 0.507162
2.60168 1.50208 0.36 0.374494 0.480473
2.49853 1.27306 0.16 0.394196 0.507162
2.67673 1.36386 0.36 0.388597 0.476058
2.60168 1.50208 0.36 0.374494 0.480473
2.60168 1.50208 0.36 0.374494 0.480473
2.67673 1.36386 0.36 0.388597 0.476058
2.77489 1.60208 0.64 0.366234 0.44082
2.67673 1.36386 0.36 0.388597 0.476058
2.85493 1.45466 0.64 0.381375 0.437216
2.77489 1.60208 0.64 0.366234 0.44082
2.77489 1.60208 0.64 0.366234 0.44082
2.85493 1.45466 0.64 0.381375 0.437216
2.94809 1.70208 1 0.355763 0.391559
2.85493 1.45466 0.64 0.381375 0.437216
3.03313 1.54546 1 0.372253 0.389123
2.94809 1.70208 1 0.355763 0.391559
2.94809 1.70208 1 0.355763 0.391559
3.03313 1.54546 1 0.372253 0.389123
3.1213 1.80208 1.44 0.342539 0.330163
3.03313 1.54546 1 0.372253 0.389123
3.21133 1.63626 1.44 0.360786 0.329439
3.1213 1.80208 1.44 0.342539 0.330163
3.1213 1.80208 1.44 0.342539 0.330163
3.21133 1.63626 1.44 0.360786 0.329439
3.2945 1.90208 1.96 0.32572 0.252764
3.21133 1.63626 1.44 0.360786 0.329439
3.38953 1.72705 1.96 0.346281 0.254609
3.2945 1.90208 1.96 0.32572 0.252764
3.2945 1.90208 1.96 0.32572 0.252764
3.38953 1.72705 1.96 0.346281 0.254609
3.46771 2.00208 2.56 0.303977 0.15332
3.38953 1.72705 1.96 0.346281 0.254609
3.56774 1.81785 2.56 0.327662 0.15914
3.46771 2.00208 2.56 0.303977 0.15332
3.46771 2.00208 2.56 0.303977 0.15332
3.56774 1.81785 2.56 0.327662 0.15914
3.64091 2.10208 3.24 0.275135 0.0219785
3.56774 1.81785 2.56 0.327662 0.15914
3.74594 1.90865 3.24 0.303192 0.0342048
3.64091 2.10208 3.24 0.275135 0.0219785
0.34641 0.2 -0 0.453447 0.999178
0.519615 0.3 -0 0.437188 0.887812
0.503202 0.326783 -0 0.429946 0.897275
0.503202 0.326783 -0 0.429946 0.897275
0.519615 0.3 -0 0.437188 0.887812
0.670936 0.435711 -0 0.41709 0.817757
0.519615 0.3 -0 0.437188 0.887812
0.69282 0.4 -0 0.425597 0.808412
0.670936 0.435711 -0 0.41709 0.817757
0.670936 0.435711 -0 0.41709 0.817757
0.69282 0.4 -0 0.425597 0.808412
0.838671 0.544639 -0 0.407422 0.757957
0.69282 0.4 -0 0.425597 0.808412
0.866025 0.5 -0 0.416915 0.748943
0.838671 0.544639 -0 0.407422 0.757957
0.838671 0.544639 -0 0.407422 0.757957
0.866025 0.5 -0 0.416915 0.748943
1.0064 0.653567 -0 0.399887 0.711349
0.866025 0.5 -0 0.416915 0.748943
1.03923 0.6 -0 0.410169 0.702737
1.0064 0.653567 -0 0.399887 0.711349
1.0064 0.653567 -0 0.399887 0.711349
1.03923 0.6 -0 0.410169 0.702737
1.17414 0.762495 -0 0.393849 0.674002
1.03923 0.6 -0 0.410169 0.702737
1.21244 0.7 -0 0.404777 0.665802
1.17414 0.762495 -0 0.393849 0.674002
1.17414 0.762495 -0 0.393849 0.674002
1.21244 0.7 -0 0.404777 0.665802
1.34187 0.871422 -0 0.388902 0.643405
1.21244 0.7 -0 0.404777 0.665802
1.38564 0.8 -0 0.400368 0.635602
1.34187 0.871422 -0 0.388902 0.643405
1.34187 0.871422 -0 0.388902 0.643405
1.38564 0.8 -0 0.400368 0.635602
1.50961 0.98035 -0 0.384775 0.617879
1.38564 0.8 -0 0.400368 0.635602
1.55885 0.9 -0 0.396696 0.610449
1.50961 0.98035 -0 0.384775 0.617879
1.50961 0.98035 -0 0.384775 0.617879
1.55885 0.9 -0 0.396696 0.610449
1.67734 1.08928 -0 0.38128 0.596261
1.55885 0.9 -0 0.396696 0.610449
1.73205 1 -0 0.393591 0.589176
1.67734 1.08928 -0 0.38128 0.596261
1.67734 1.08928 -0 0.38128 0.596261
1.73205 1 -0 0.393591 0.589176
1.84508 1.19821 -0 0.378282 0.577717
1.73205 1 -0 0.393591 0.589176
1.90526 1.1 -0 0.39093 0.570948
1.84508 1.19821 -0 0.378282 0.577717
1.84508 1.19821 -0 0.378282 0.577717
1.90526 1.1 -0 0.39093 0.570948
2.18404 1.41833 0.04 0.372223 0.542956
1.90526 1.1 -0 0.39093 0.570948
2.25527 1.30208 0.04 0.385566 0.536815
2.18404 1.41833 0.04 0.372223 0.542956
2.18404 1.41833 0.04 0.372223 0.542956
2.25527 1.30208 0.04 0.385566 0.536815
2.35177 1.52726 0.16 0.366908 0.517829
2.25527 1.30208 0.04 0.385566 0.536815
2.42848 1.40208 0.16 0.380879 0.512149
2.35177 1.52726 0.16 0.366908 0.517829
2.35177 1.52726 0.16 0.366908 0.517829
2.42848 1.40208 0.16 0.380879 0.512149
2.5195 1.63618 0.36 0.359644 0.485503
2.42848 1.40208 0.16 0.380879 0.512149
2.60168 1.50208 0.36 0.374494 0.480473
2.5195 1.63618 0.36 0.359644 0.485503
2.5195 1.63618 0.36 0.359644 0.485503
2.60168 1.50208 0.36 0.374494 0.480473
2.68724 1.74511 0.64 0.350215 0.444922
2.60168 1.50208 0.36 0.374494 0.480473
2.77489 1.60208 0.64 0.366234 0.44082
2.68724 1.74511 0.64 0.350215 0.444922
2.68724 1.74511 0.64 0.350215 0.444922
2.77489 1.60208 0.64 0.366234 0.44082
2.85497 1.85404 1 0.338213 0.394314
2.77489 1.60208 0.64 0.366234 0.44082
2.94809 1.70208 1 0.355763 0.391559
2.85497 1.85404 1 0.338213 0.394314
2.85497 1.85404 1 0.338213 0.394314
2.94809 1.70208 1 0.355763 0.391559
3.02271 1.96297 1.44 0.322978 0.330923
2.94809 1.70208 1 0.355763 0.391559
3.1213 1.80208 1.44 0.342539 0.330163
3.02271 1.96297 1.44 0.322978 0.330923
3.02271 1.96297 1.44 0.322978 0.330923
3.1213 1.80208 1.44 0.342539 0.330163
3.19044 2.0719 1.96 0.303474 0.250497
3.1213 1.80208 1.44 0.342539 0.330163
3.2945 1.90208 1.96 0.32572 0.252764
3.19044 2.0719 1.96 0.303474 0.250497
3.19044 2.0719 1.96 0.303474 0.250497
3.2945 1.90208 1.96 0.32572 0.252764
3.35817 2.18082 2.56 0.278048 0.146299
3.2945 1.90208 1.96 0.32572 0.252764
3.46771 2.00208 2.56 0.303977 0.15332
3.35817 2.18082 2.56 0.278048 0.146299
3.35817 2.18082 2.56 0.278048 0.146299
3.46771 2.00208 2.56 0.303977 0.15332
3.52591 2.28975 3.24 0.243949 0.00716518
3.46771 2.00208 2.56 0.303977 0.15332
3.64091 2.10208 3.24 0.275135 0.0219785
3.52591 2.28975 3.24 0.243949 0.00716518
0.48541 0.352671 -0 0.422579 0.907842
0.503202 0.326783 -0 0.429946 0.897275
0.647214 0.470228 -0 0.408369 0.828239
0.503202 0.326783 -0 0.429946 0.897275
0.670936 0.435711 -0 0.41709 0.817757
0.647214 0.470228 -0 0.408369 0.828239
0.647214 0.470228 -0 0.408369 0.828239
0.670936 0.435711 -0 0.41709 0.817757
0.809017 0.587785 -0 0.397633 0.768099
0.670936 0.435711 -0 0.41709 0.817757
0.838671 0.544639 -0 0.407422 0.757957
0.809017 0.587785 -0 0.397633 0.768099
0.809017 0.587785 -0 0.397633 0.768099
0.838671 0.544639 -0 0.407422 0.757957
0.97082 0.705342 -0 0.389237 0.721062
0.838671 0.544639 -0 0.407422 0.757957
1.0064 0.653567 -0 0.399887 0.711349
0.97082 0.705342 -0 0.389237 0.721062
0.97082 0.705342 -0 0.389237 0.721062
1.0064 0.653567 -0 0.399887 0.711349
1.13262 0.822899 -0 0.38249 0.683267
1.0064 0.653567 -0 0.399887 0.711349
1.17414 0.762495 -0 0.393849 0.674002
1.13262 0.822899 -0 0.38249 0.683267
1.13262 0.822899 -0 0.38249 0.683267
1.17414 0.762495 -0 0.393849 0.674002
1.29443 0.940456 -0 0.376951 0.652233
1.17414 0.762495 -0 0.393849 0.674002
1.34187 0.871422 -0 0.388902 0.643405
1.29443 0.940456 -0 0.376951 0.652233
1.29443 0.940456 -0 0.376951 0.652233
1.34187 0.871422 -0 0.388902 0.643405
1.45623 1.05801 -0 0.37232 0.626295
1.34187 0.871422 -0 0.388902 0.643405
1.50961 0.98035 -0 0.384775 0.617879
1.45623 1.05801 -0 0.37232 0.626295
1.45623 1.05801 -0 0.37232 0.626295
1.50961 0.98035 -0 0.384775 0.617879
1.61803 1.17557 -0 0.368393 0.604293
1.50961 0.98035 -0 0.384775 0.617879
1.67734 1.08928 -0 0.38128 0.596261
1.61803 1.17557 -0 0.368393 0.604293
1.61803 1.17557 -0 0.368393 0.604293
1.67734 1.08928 -0 0.38128 0.596261
1.77984 1.29313 -0 0.365019 0.585394
1.67734 1.08928 -0 0.38128 0.596261
1.84508 1.19821 -0 0.378282 0.577717
1.77984 1.29313 -0 0.365019 0.585394
1.77984 1.29313 -0 0.365019 0.585394
1.84508 1.19821 -0 0.378282 0.577717
2.10681 1.53069 0.04 0.358184 0.549931
1.84508 1.19821 -0 0.378282 0.577717
2.18404 1.41833 0.04 0.372223 0.542956
2.10681 1.53069 0.04 0.358184 0.549931
2.10681 1.53069 0.04 0.358184 0.549931
2.18404 1.41833 0.04 0.372223 0.542956
2.26862 1.64825 0.16 0.352162 0.524287
2.18404 1.41833 0.04 0.372223 0.542956
2.35177 1.52726 0.16 0.366908 0.517829
2.26862 1.64825 0.16 0.352162 0.524287
2.26862 1.64825 0.16 0.352162 0.524287
2.35177 1.52726 0.16 0.366908 0.517829
2.43042 1.7658 0.36 0.343907 0.491229
2.35177 1.52726 0.16 0.366908 0.517829
2.5195 1.63618 0.36 0.359644 0.485503
2.43042 1.7658 0.36 0.343907 0.491229
2.43042 1.7658 0.36 0.343907 0.491229
2.5195 1.63618 0.36 0.359644 0.485503
2.59222 1.88336 0.64 0.33315 0.449593
2.5195 1.63618 0.36 0.359644 0.485503
2.68724 1.74511 0.64 0.350215 0.444922
2.59222 1.88336 0.64 0.33315 0.449593
2.59222 1.88336 0.64 0.33315 0.449593
2.68724 1.74511 0.64 0.350215 0.444922
2.75403 2.00092 1 0.319392 0.397438
2.68724 1.74511 0.64 0.350215 0.444922
2.85497 1.85404 1 0.338213 0.394314
2.75403 2.00092 1 0.319392 0.397438
2.75403 2.00092 1 0.319392 0.397438
2.85497 1.85404 1 0.338213 0.394314
2.91583 2.11847 1.44 0.301823 0.33173
2.85497 1.85404 1 0.338213 0.394314
3.02271 1.96297 1.44 0.322978 0.330923
2.91583 2.11847 1.44 0.301823 0.33173
2.91583 2.11847 1.44 0.301823 0.33173
3.02271 1.96297 1.44 0.322978 0.330923
3.07763 2.23603 1.96 0.279159 0.247735
3.02271 1.96297 1.44 0.322978 0.330923
3.19044 2.0719 1.96 0.303474 0.250497
3.07763 2.23603 1.96 0.279159 0.247735
3.07763 2.23603 1.96 0.279159 0.247735
3.19044 2.0719 1.96 0.303474 0.250497
3.23944 2.35359 2.56 0.249324 0.137845
3.19044 2.0719 1.96 0.303474 0.250497
3.35817 2.18082 2.56 0.278048 0.146299
3.23944 2.35359 2.56 0.249324 0.137845
0.466288 0.377592 -0 0.415068 0.919587
0.48541 0.352671 -0 0.422579 0.907842
0.621717 0.503456 -0 0.399402 0.839948
0.48541 0.352671 -0 0.422579 0.907842
0.647214 0.470228 -0 0.408369 0.828239
0.621717 0.503456 -0 0.399402 0.839948
0.621717 0.503456 -0 0.399402 0.839948
0.647214 0.470228 -0 0.408369 0.828239
0.777146 0.62932 -0 0.387505 0.779472
0.647214 0.470228 -0 0.408369 0.828239
0.809017 0.587785 -0 0.397633 0.768099
0.777146 0.62932 -0 0.387505 0.779472
0.777146 0.62932 -0 0.387505 0.779472
0.809017 0.587785 -0 0.397633 0.768099
0.932575 0.755184 -0 0.378163 0.731985
0.809017 0.587785 -0 0.397633 0.768099
0.97082 0.705342 -0 0.389237 0.721062
0.932575 0.755184 -0 0.378163 0.731985
0.932575 0.755184 -0 0.378163 0.731985
0.97082 0.705342 -0 0.389237 0.721062
1.088 0.881049 -0 0.370633 0.693709
0.97082 0.705342 -0 0.389237 0.721062
1.13262 0.822899 -0 0.38249 0.683267
1.088 0.881049 -0 0.370633 0.693709
1.088 0.881049 -0 0.370633 0.693709
1.13262 0.822899 -0 0.38249 0.683267
1.24343 1.00691 -0 0.364435 0.6622
1.13262 0.822899 -0 0.38249 0.683267
1.29443 0.940456 -0 0.376951 0.652233
1.24343 1.00691 -0 0.364435 0.6622
1.24343 1.00691 -0 0.364435 0.6622
1.29443 0.940456 -0 0.376951 0.652233
1.39886 1.13278 -0 0.359243 0.635809
1.29443 0.940456 -0 0.376951 0.652233
1.45623 1.05801 -0 0.37232 0.626295
1.39886 1.13278 -0 0.359243 0.635809
1.39886 1.13278 -0 0.359243 0.635809
1.45623 1.05801 -0 0.37232 0.626295
1.55429 1.25864 -0 0.354832 0.613384
1.45623 1.05801 -0 0.37232 0.626295
1.61803 1.17557 -0 0.368393 0.604293
1.55429 1.25864 -0 0.354832 0.613384
1.55429 1.25864 -0 0.354832 0.613384
1.61803 1.17557 -0 0.368393 0.604293
1.70972 1.3845 -0 0.351037 0.594092
1.61803 1.17557 -0 0.368393 0.604293
1.77984 1.29313 -0 0.365019 0.585394
1.70972 1.3845 -0 0.351037 0.594092
1.70972 1.3845 -0 0.351037 0.594092
1.77984 1.29313 -0 0.365019 0.585394
2.02381 1.63885 0.04 0.343325 0.557847
1.77984 1.29313 -0 0.365019 0.585394
2.10681 1.53069 0.04 0.358184 0.549931
2.02381 1.63885 0.04 0.343325 0.557847
2.02381 1.63885 0.04 0.343325 0.557847
2.10681 1.53069 0.04 0.358184 0.549931
2.17924 1.76472 0.16 0.336502 0.531627
2.10681 1.53069 0.04 0.358184 0.549931
2.26862 1.64825 0.16 0.352162 0.524287
2.17924 1.76472 0.16 0.336502 0.531627
2.17924 1.76472 0.16 0.336502 0.531627
2.26862 1.64825 0.16 0.352162 0.524287
2.33467 1.89058 0.36 0.327117 0.497748
2.26862 1.64825 0.16 0.352162 0.524287
2.43042 1.7658 0.36 0.343907 0.491229
2.33467 1.89058 0.36 0.327117 0.497748
2.33467 1.89058 0.36 0.327117 0.497748
2.43042 1.7658 0.36 0.343907 0.491229
2.4901 2.01645 0.64 0.314833 0.454919
2.43042 1.7658 0.36 0.343907 0.491229
2.59222 1.88336 0.64 0.33315 0.449593
2.4901 2.01645 0.64 0.314833 0.454919
2.4901 2.01645 0.64 0.314833 0.454919
2.59222 1.88336 0.64 0.33315 0.449593
2.64553 2.14231 1 0.299036 0.400993
2.59222 1.88336 0.64 0.33315 0.449593
2.75403 2.00092 1 0.319392 0.397438
2.64553 2.14231 1 0.299036 0.400993
2.64553 2.14231 1 0.299036 0.400993
2.75403 2.00092 1 0.319392 0.397438
2.80096 2.26817 1.44 0.278724 0.332594
2.75403 2.00092 1 0.319392 0.397438
2.91583 2.11847 1.44 0.301823 0.33173
2.80096 2.26817 1.44 0.278724 0.332594
2.80096 2.26817 1.44 0.278724 0.332594
2.91583 2.11847 1.44 0.301823 0.33173
2.95639 2.39404 1.96 0.25229 0.244388
2.91583 2.11847 1.44 0.301823 0.33173
3.07763 2.23603 1.96 0.279159 0.247735
2.95639 2.39404 1.96 0.25229 0.244388
2.95639 2.39404 1.96 0.25229 0.244388
3.07763 2.23603 1.96 0.279159 0.247735
3.11182 2.5199 2.56 0.217084 0.127646
3.07763 2.23603 1.96 0.279159 0.247735
3.23944 2.35359 2.56 0.249324 0.137845
3.11182 2.5199 2.56 0.217084 0.127646
0.445887 0.401478 -0 0.407397 0.932597
0.466288 0.377592 -0 0.415068 0.919587
0.594516 0.535304 -0 0.390155 0.852993
0.466288 0.377592 -0 0.415068 0.919587
0.621717 0.503456 -0 0.399402 0.839948
0.594516 0.535304 -0 0.390155 0.852993
0.594516 0.535304 -0 0.390155 0.852993
0.621717 0.503456 -0 0.399402 0.839948
0.743145 0.669131 -0 0.376986 0.792197
0.621717 0.503456 -0 0.399402 0.839948
0.777146 0.62932 -0 0.387505 0.779472
0.743145 0.669131 -0 0.376986 0.792197
0.743145 0.669131 -0 0.376986 0.792197
0.777146 0.62932 -0 0.387505 0.779472
0.891774 0.802957 -0 0.3666 0.744248
0.777146 0.62932 -0 0.387505 0.779472
0.932575 0.755184 -0 0.378163 0.731985
0.891774 0.802957 -0 0.3666 0.744248
0.891774 0.802957 -0 0.3666 0.744248
0.932575 0.755184 -0 0.378163 0.731985
1.0404 0.936783 -0 0.358199 0.705461
0.932575 0.755184 -0 0.378163 0.731985
1.088 0.881049 -0 0.370633 0.693709
1.0404 0.936783 -0 0.358199 0.705461
1.0404 0.936783 -0 0.358199 0.705461
1.088 0.881049 -0 0.370633 0.693709
1.18903 1.07061 -0 0.351263 0.673441
1.088 0.881049 -0 0.370633 0.693709
1.24343 1.00691 -0 0.364435 0.6622
1.18903 1.07061 -0 0.351263 0.673441
1.18903 1.07061 -0 0.351263 0.673441
1.24343 1.00691 -0 0.364435 0.6622
1.33766 1.20444 -0 0.34544 0.646558
1.24343 1.00691 -0 0.364435 0.6622
1.39886 1.13278 -0 0.359243 0.635809
1.33766 1.20444 -0 0.34544 0.646558
1.33766 1.20444 -0 0.34544 0.646558
1.39886 1.13278 -0 0.359243 0.635809
1.48629 1.33826 -0 0.340482 0.623669
1.39886 1.13278 -0 0.359243 0.635809
1.55429 1.25864 -0 0.354832 0.613384
1.48629 1.33826 -0 0.340482 0.623669
1.48629 1.33826 -0 0.340482 0.623669
1.55429 1.25864 -0 0.354832 0.613384
1.63492 1.47209 -0 0.336209 0.603943
1.55429 1.25864 -0 0.354832 0.613384
1.70972 1.3845 -0 0.351037 0.594092
1.63492 1.47209 -0 0.336209 0.603943
1.63492 1.47209 -0 0.336209 0.603943
1.70972 1.3845 -0 0.351037 0.594092
1.93527 1.74253 0.04 0.327501 0.566833
1.70972 1.3845 -0 0.351037 0.594092
2.02381 1.63885 0.04 0.343325 0.557847
1.93527 1.74253 0.04 0.327501 0.566833
1.93527 1.74253 0.04 0.327501 0.566833
2.02381 1.63885 0.04 0.343325 0.557847
2.0839 1.87635 0.16 0.319761 0.539977
2.02381 1.63885 0.04 0.343325 0.557847
2.17924 1.76472 0.16 0.336502 0.531627
2.0839 1.87635 0.16 0.319761 0.539977
2.0839 1.87635 0.16 0.319761 0.539977
2.17924 1.76472 0.16 0.336502 0.531627
2.23253 2.01018 0.36 0.309073 0.505183
2.17924 1.76472 0.16 0.336502 0.531627
2.33467 1.89058 0.36 0.327117 0.497748
2.23253 2.01018 0.36 0.309073 0.505183
2.23253 2.01018 0.36 0.309073 0.505183
2.33467 1.89058 0.36 0.327117 0.497748
2.38116 2.144 0.64 0.295015 0.461008
2.33467 1.89058 0.36 0.327117 0.497748
2.4901 2.01645 0.64 0.314833 0.454919
2.38116 2.144 0.64 0.295015 0.461008
2.38116 2.144 0.64 0.295015 0.461008
2.4901 2.01645 0.64 0.314833 0.454919
2.52979 2.27783 1 0.276823 0.405057
2.4901 2.01645 0.64 0.314833 0.454919
2.64553 2.14231 1 0.299036 0.400993
2.52979 2.27783 1 0.276823 0.405057
2.52979 2.27783 1 0.276823 0.405057
2.64553 2.14231 1 0.299036 0.400993
2.67842 2.41166 1.44 0.253243 0.333529
2.64553 2.14231 1 0.299036 0.400993
2.80096 2.26817 1.44 0.278724 0.332594
2.67842 2.41166 1.44 0.253243 0.333529
2.67842 2.41166 1.44 0.253243 0.333529
2.80096 2.26817 1.44 0.278724 0.332594
2.82704 2.54548 1.96 0.222235 0.240333
2.80096 2.26817 1.44 0.278724 0.332594
2.95639 2.39404 1.96 0.25229 0.244388
2.82704 2.54548 1.96 0.222235 0.240333
2.82704 2.54548 1.96 0.222235 0.240333
2.95639 2.39404 1.96 0.25229 0.244388
2.97567 2.67931 2.56 0.180367 0.11528
2.95639 2.39404 1.96 0.25229 0.244388
3.11182 2.5199 2.56 0.217084 0.127646
2.97567 2.67931 2.56 0.180367 0.11528
0.424264 0.424264 -0 0.399546 0.946969
0.445887 0.401478 -0 0.407397 0.932597
0.565685 0.565685 -0 0.380591 0.8675
0.445887 0.401478 -0 0.407397 0.932597
0.594516 0.535304 -0 0.390155 0.852993
0.565685 0.565685 -0 0.380591 0.8675
0.565685 0.565685 -0 0.380591 0.8675
0.594516 0.535304 -0 0.390155 0.852993
0.707107 0.707107 -0 0.366021 0.806418
0.594516 0.535304 -0 0.390155 0.852993
0.743145 0.669131 -0 0.376986 0.792197
0.707107 0.707107 -0 0.366021 0.806418
0.707107 0.707107 -0 0.366021 0.806418
0.743145 0.669131 -0 0.376986 0.792197
0.848528 0.848528 -0 0.354473 0.758003
0.743145 0.669131 -0 0.376986 0.792197
0.891774 0.802957 -0 0.3666 0.744248
0.848528 0.848528 -0 0.354473 0.758003
0.848528 0.848528 -0 0.354473 0.758003
0.891774 0.802957 -0 0.3666 0.744248
0.98995 0.98995 -0 0.345094 0.718686
0.891774 0.802957 -0 0.3666 0.744248
1.0404 0.936783 -0 0.358199 0.705461
0.98995 0.98995 -0 0.345094 0.718686
0.98995 0.98995 -0 0.345094 0.718686
1.0404 0.936783 -0 0.358199 0.705461
1.13137 1.13137 -0 0.337327 0.686121
1.0404 0.936783 -0 0.358199 0.705461
1.18903 1.07061 -0 0.351263 0.673441
1.13137 1.13137 -0 0.337327 0.686121
1.13137 1.13137 -0 0.337327 0.686121
1.18903 1.07061 -0 0.351263 0.673441
1.27279 1.27279 -0 0.330788 0.658708
1.18903 1.07061 -0 0.351263 0.673441
1.33766 1.20444 -0 0.34544 0.646558
1.27279 1.27279 -0 0.330788 0.658708
1.27279 1.27279 -0 0.330788 0.658708
1.33766 1.20444 -0 0.34544 0.646558
1.41421 1.41421 -0 0.325207 0.635313
1.33766 1.20444 -0 0.34544 0.646558
1.48629 1.33826 -0 0.340482 0.623669
1.41421 1.41421 -0 0.325207 0.635313
1.41421 1.41421 -0 0.325207 0.635313
1.48629 1.33826 -0 0.340482 0.623669
1.55563 1.55563 -0 0.320389 0.615113
1.48629 1.33826 -0 0.340482 0.623669
1.63492 1.47209 -0 0.336209 0.603943
1.55563 1.55563 -0 0.320389 0.615113
1.55563 1.55563 -0 0.320389 0.615113
1.63492 1.47209 -0 0.336209 0.603943
1.84142 1.84142 0.04 0.310536 0.57705
1.63492 1.47209 -0 0.336209 0.603943
1.93527 1.74253 0.04 0.327501 0.566833
1.84142 1.84142 0.04 0.310536 0.57705
1.84142 1.84142 0.04 0.310536 0.57705
1.93527 1.74253 0.04 0.327501 0.566833
1.98284 1.98284 0.16 0.301736 0.549494
1.93527 1.74253 0.04 0.327501 0.566833
2.0839 1.87635 0.16 0.319761 0.539977
1.98284 1.98284 0.16 0.301736 0.549494
1.98284 1.98284 0.16 0.301736 0.549494
2.0839 1.87635 0.16 0.319761 0.539977
2.12426 2.12426 0.36 0.28953 0.513685
2.0839 1.87635 0.16 0.319761 0.539977
2.23253 2.01018 0.36 0.309073 0.505183
2.12426 2.12426 0.36 0.28953 0.513685
2.12426 2.12426 0.36 0.28953 0.513685
2.23253 2.01018 0.36 0.309073 0.505183
2.26569 2.26569 0.64 0.273387 0.467997
2.23253 2.01018 0.36 0.309073 0.505183
2.38116 2.144 0.64 0.295015 0.461008
2.26569 2.26569 0.64 0.273387 0.467997
2.26569 2.26569 0.64 0.273387 0.467997
2.38116 2.144 0.64 0.295015 0.461008
2.40711 2.40711 1 0.252344 0.409729
2.38116 2.144 0.64 0.295015 0.461008
2.52979 2.27783 1 0.276823 0.405057
2.40711 2.40711 1 0.252344 0.409729
2.40711 2.40711 1 0.252344 0.409729
2.52979 2.27783 1 0.276823 0.405057
2.54853 2.54853 1.44 0.224812 0.334554
2.52979 2.27783 1 0.276823 0.405057
2.67842 2.41166 1.44 0.253243 0.333529
2.54853 2.54853 1.44 0.224812 0.334554
2.54853 2.54853 1.44 0.224812 0.334554
2.67842 2.41166 1.44 0.253243 0.333529
2.68995 2.68995 1.96 0.188162 0.235406
2.67842 2.41166 1.44 0.253243 0.333529
2.82704 2.54548 1.96 0.222235 0.240333
2.68995 2.68995 1.96 0.188162 0.235406
2.68995 2.68995 1.96 0.188162 0.235406
2.82704 2.54548 1.96 0.222235 0.240333
2.83137 2.83137 2.56 0.137855 0.100162
2.82704 2.54548 1.96 0.222235 0.240333
2.97567 2.67931 2.56 0.180367 0.11528
2.83137 2.83137 2.56 0.137855 0.100162
0.401478 0.445887 -0 0.391494 0.962817
0.424264 0.424264 -0 0.399546 0.946969
0.535304 0.594516 -0 0.370667 0.883614
0.424264 0.424264 -0 0.399546 0.946969
0.565685 0.565685 -0 0.380591 0.8675
0.535304 0.594516 -0 0.370667 0.883614
0.535304 0.594516 -0 0.370667 0.883614
0.565685 0.565685 -0 0.380591 0.8675
0.669131 0.743145 -0 0.354544 0.822303
0.565685 0.565685 -0 0.380591 0.8675
0.707107 0.707107 -0 0.366021 0.806418
0.669131 0.743145 -0 0.354544 0.822303
0.669131 0.743145 -0 0.354544 0.822303
0.707107 0.707107 -0 0.366021 0.806418
0.802957 0.891774 -0 0.341694 0.773436
0.707107 0.707107 -0 0.366021 0.806418
0.848528 0.848528 -0 0.354473 0.758003
0.802957 0.891774 -0 0.341694 0.773436
0.802957 0.891774 -0 0.341694 0.773436
0.848528 0.848528 -0 0.354473 0.758003
0.936783 1.0404 -0 0.331212 0.733574
0.848528 0.848528 -0 0.354473 0.758003
0.98995 0.98995 -0 0.345094 0.718686
0.936783 1.0404 -0 0.331212 0.733574
0.936783 1.0404 -0 0.331212 0.733574
0.98995 0.98995 -0 0.345094 0.718686
1.07061 1.18903 -0 0.322498 0.700438
0.98995 0.98995 -0 0.345094 0.718686
1.13137 1.13137 -0 0.337327 0.686121
1.07061 1.18903 -0 0.322498 0.700438
1.07061 1.18903 -0 0.322498 0.700438
1.13137 1.13137 -0 0.337327 0.686121
1.20444 1.33766 -0 0.315141 0.672458
1.13137 1.13137 -0 0.337327 0.686121
1.27279 1.27279 -0 0.330788 0.658708
1.20444 1.33766 -0 0.315141 0.672458
1.20444 1.33766 -0 0.315141 0.672458
1.27279 1.27279 -0 0.330788 0.658708
1.33826 1.48629 -0 0.308845 0.648517
1.27279 1.27279 -0 0.330788 0.658708
1.41421 1.41421 -0 0.325207 0.635313
1.33826 1.48629 -0 0.308845 0.648517
1.33826 1.48629 -0 0.308845 0.648517
1.41421 1.41421 -0 0.325207 0.635313
1.47209 1.63492 -0 0.303397 0.6278
1.41421 1.41421 -0 0.325207 0.635313
1.55563 1.55563 -0 0.320389 0.615113
1.47209 1.63492 -0 0.303397 0.6278
1.47209 1.63492 -0 0.303397 0.6278
1.55563 1.55563 -0 0.320389 0.615113
1.74253 1.93527 0.04 0.292215 0.588695
1.55563 1.55563 -0 0.320389 0.615113
1.84142 1.84142 0.04 0.310536 0.57705
1.74253 1.93527 0.04 0.292215 0.588695
1.74253 1.93527 0.04 0.292215 0.588695
1.84142 1.84142 0.04 0.310536 0.57705
1.87635 2.0839 0.16 0.282177 0.560375
1.84142 1.84142 0.04 0.310536 0.57705
1.98284 1.98284 0.16 0.301736 0.549494
1.87635 2.0839 0.16 0.282177 0.560375
1.87635 2.0839 0.16 0.282177 0.560375
1.98284 1.98284 0.16 0.301736 0.549494
2.01018 2.23253 0.36 0.268184 0.523447
1.98284 1.98284 0.16 0.301736 0.549494
2.12426 2.12426 0.36 0.28953 0.513685
2.01018 2.23253 0.36 0.268184 0.523447
2.01018 2.23253 0.36 0.268184 0.523447
2.12426 2.12426 0.36 0.28953 0.513685
2.144 2.38116 0.64 0.249557 0.47606
2.12426 2.12426 0.36 0.28953 0.513685
2.26569 2.26569 0.64 0.273387 0.467997
2.144 2.38116 0.64 0.249557 0.47606
2.144 2.38116 0.64 0.249557 0.47606
2.26569 2.26569 0.64 0.273387 0.467997
2.27783 2.52979 1 0.225072 0.415141
2.26569 2.26569 0.64 0.273387 0.467997
2.40711 2.40711 1 0.252344 0.409729
2.27783 2.52979 1 0.225072 0.415141
2.27783 2.52979 1 0.225072 0.415141
2.40711 2.40711 1 0.252344 0.409729
2.41166 2.67842 1.44 0.192684 0.335693
2.40711 2.40711 1 0.252344 0.409729
2.54853 2.54853 1.44 0.224812 0.334554
2.41166 2.67842 1.44 0.192684 0.335693
2.41166 2.67842 1.44 0.192684 0.335693
2.54853 2.54853 1.44 0.224812 0.334554
2.54548 2.82704 1.96 0.148938 0.229382
2.54853 2.54853 1.44 0.224812 0.334554
2.68995 2.68995 1.96 0.188162 0.235406
2.54548 2.82704 1.96 0.148938 0.229382
2.54548 2.82704 1.96 0.148938 0.229382
2.68995 2.68995 1.96 0.188162 0.235406
2.67931 2.97567 2.56 0.0876874 0.0814622
2.68995 2.68995 1.96 0.188162 0.235406
2.83137 2.83137 2.56 0.137855 0.100162
2.67931 2.97567 2.56 0.0876874 0.0814622
0.377592 0.466288 -0 0.383218 0.98027
0.401478 0.445887 -0 0.391494 0.962817
0.503456 0.621717 -0 0.360335 0.901506
0.401478 0.445887 -0 0.391494 0.962817
0.535304 0.594516 -0 0.370667 0.883614
0.503456 0.621717 -0 0.360335 0.901506
0.503456 0.621717 -0 0.360335 0.901506
0.535304 0.594516 -0 0.370667 0.883614
0.62932 0.777146 -0 0.342481 0.840052
0.535304 0.594516 -0 0.370667 0.883614
0.669131 0.743145 -0 0.354544 0.822303
0.62932 0.777146 -0 0.342481 0.840052
0.62932 0.777146 -0 0.342481 0.840052
0.669131 0.743145 -0 0.354544 0.822303
0.755184 0.932575 -0 0.328162 0.790766
0.669131 0.743145 -0 0.354544 0.822303
0.802957 0.891774 -0 0.341694 0.773436
0.755184 0.932575 -0 0.328162 0.790766
0.755184 0.932575 -0 0.328162 0.790766
0.802957 0.891774 -0 0.341694 0.773436
0.881049 1.088 -0 0.316423 0.750361
0.802957 0.891774 -0 0.341694 0.773436
0.936783 1.0404 -0 0.331212 0.733574
0.881049 1.088 -0 0.316423 0.750361
0.881049 1.088 -0 0.316423 0.750361
0.936783 1.0404 -0 0.331212 0.733574
1.00691 1.24343 -0 0.306625 0.716634
0.936783 1.0404 -0 0.331212 0.733574
1.07061 1.18903 -0 0.322498 0.700438
1.00691 1.24343 -0 0.306625 0.716634
1.00691 1.24343 -0 0.306625 0.716634
1.07061 1.18903 -0 0.322498 0.700438
1.13278 1.39886 -0 0.298322 0.688056
1.07061 1.18903 -0 0.322498 0.700438
1.20444 1.33766 -0 0.315141 0.672458
1.13278 1.39886 -0 0.298322 0.688056
1.13278 1.39886 -0 0.298322 0.688056
1.20444 1.33766 -0 0.315141 0.672458
1.25864 1.55429 -0 0.291197 0.663531
1.20444 1.33766 -0 0.315141 0.672458
1.33826 1.48629 -0 0.308845 0.648517
1.25864 1.55429 -0 0.291197 0.663531
1.25864 1.55429 -0 0.291197 0.663531
1.33826 1.48629 -0 0.308845 0.648517
1.3845 1.70972 -0 0.285016 0.642255
1.33826 1.48629 -0 0.308845 0.648517
1.47209 1.63492 -0 0.303397 0.6278
1.3845 1.70972 -0 0.285016 0.642255
1.3845 1.70972 -0 0.285016 0.642255
1.47209 1.63492 -0 0.303397 0.6278
1.63885 2.02381 0.04 0.272276 0.602017
1.47209 1.63492 -0 0.303397 0.6278
1.74253 1.93527 0.04 0.292215 0.588695
1.63885 2.02381 0.04 0.272276 0.602017
1.63885 2.02381 0.04 0.272276 0.602017
1.74253 1.93527 0.04 0.292215 0.588695
1.76472 2.17924 0.16 0.260774 0.572868
1.74253 1.93527 0.04 0.292215 0.588695
1.87635 2.0839 0.16 0.282177 0.560375
1.76472 2.17924 0.16 0.260774 0.572868
1.76472 2.17924 0.16 0.260774 0.572868
1.87635 2.0839 0.16 0.282177 0.560375
1.89058 2.33467 0.36 0.24465 0.53471
1.87635 2.0839 0.16 0.282177 0.560375
2.01018 2.23253 0.36 0.268184 0.523447
1.89058 2.33467 0.36 0.24465 0.53471
1.89058 2.33467 0.36 0.24465 0.53471
2.01018 2.23253 0.36 0.268184 0.523447
2.01645 2.4901 0.64 0.223025 0.485422
2.01018 2.23253 0.36 0.268184 0.523447
2.144 2.38116 0.64 0.249557 0.47606
2.01645 2.4901 0.64 0.223025 0.485422
2.01645 2.4901 0.64 0.223025 0.485422
2.144 2.38116 0.64 0.249557 0.47606
2.14231 2.64553 1 0.19432 0.421461
2.144 2.38116 0.64 0.249557 0.47606
2.27783 2.52979 1 0.225072 0.415141
2.14231 2.64553 1 0.19432 0.421461
2.14231 2.64553 1 0.19432 0.421461
2.27783 2.52979 1 0.225072 0.415141
2.26817 2.80096 1.44 0.155855 0.336977
2.27783 2.52979 1 0.225072 0.415141
2.41166 2.67842 1.44 0.192684 0.335693
2.26817 2.80096 1.44 0.155855 0.336977
2.26817 2.80096 1.44 0.155855 0.336977
2.41166 2.67842 1.44 0.192684 0.335693
2.39404 2.95639 1.96 0.102987 0.221947
2.41166 2.67842 1.44 0.192684 0.335693
2.54548 2.82704 1.96 0.148938 0.229382
2.39404 2.95639 1.96 0.102987 0.221947
2.39404 2.95639 1.96 0.102987 0.221947
2.54548 2.82704 1.96 0.148938 0.229382
2.5199 3.11182 2.56 0.0271479 0.0579596
2.54548 2.82704 1.96 0.148938 0.229382
2.67931 2.97567 2.56 0.0876874 0.0814622
2.5199 3.11182 2.56 0.0271479 0.0579596
0.352671 0.48541 -0 0.374691 0.999219
0.377592 0.466288 -0 0.383218 0.98027
0.470228 0.647214 -0 0.349539 0.921376
0.377592 0.466288 -0 0.383218 0.98027
0.503456 0.621717 -0 0.360335 0.901506
0.470228 0.647214 -0 0.349539 0.921376
0.470228 0.647214 -0 0.349539 0.921376
0.503456 0.621717 -0 0.360335 0.901506
0.587785 0.809017 -0 0.329743 0.859904
0.503456 0.621717 -0 0.360335 0.901506
0.62932 0.777146 -0 0.342481 0.840052
0.587785 0.809017 -0 0.329743 0.859904
0.587785 0.809017 -0 0.329743 0.859904
0.62932 0.777146 -0 0.342481 0.840052
0.705342 0.97082 -0 0.313755 0.81026
0.62932 0.777146 -0 0.342481 0.840052
0.755184 0.932575 -0 0.328162 0.790766
0.705342 0.97082 -0 0.313755 0.81026
0.705342 0.97082 -0 0.313755 0.81026
0.755184 0.932575 -0 0.328162 0.790766
0.822899 1.13262 -0 0.300574 0.769331
0.755184 0.932575 -0 0.328162 0.790766
0.881049 1.088 -0 0.316423 0.750361
0.822899 1.13262 -0 0.300574 0.769331
0.822899 1.13262 -0 0.300574 0.769331
0.881049 1.088 -0 0.316423 0.750361
0.940456 1.29443 -0 0.28952 0.735005
0.881049 1.088 -0 0.316423 0.750361
1.00691 1.24343 -0 0.306625 0.716634
0.940456 1.29443 -0 0.28952 0.735005
0.940456 1.29443 -0 0.28952 0.735005
1.00691 1.24343 -0 0.306625 0.716634
1.05801 1.45623 -0 0.280117 0.705806
1.00691 1.24343 -0 0.306625 0.716634
1.13278 1.39886 -0 0.298322 0.688056
1.05801 1.45623 -0 0.280117 0.705806
1.05801 1.45623 -0 0.280117 0.705806
1.13278 1.39886 -0 0.298322 0.688056
1.17557 1.61803 -0 0.27202 0.680664
1.13278 1.39886 -0 0.298322 0.688056
1.25864 1.55429 -0 0.291197 0.663531
1.17557 1.61803 -0 0.27202 0.680664
1.17557 1.61803 -0 0.27202 0.680664
1.25864 1.55429 -0 0.291197 0.663531
1.29313 1.77984 -0 0.264975 0.658788
1.25864 1.55429 -0 0.291197 0.663531
1.3845 1.70972 -0 0.285016 0.642255
1.29313 1.77984 -0 0.264975 0.658788
1.29313 1.77984 -0 0.264975 0.658788
1.3845 1.70972 -0 0.285016 0.642255
1.53069 2.10681 0.04 0.250389 0.617327
1.3845 1.70972 -0 0.285016 0.642255
1.63885 2.02381 0.04 0.272276 0.602017
1.53069 2.10681 0.04 0.250389 0.617327
1.53069 2.10681 0.04 0.250389 0.617327
1.63885 2.02381 0.04 0.272276 0.602017
1.64825 2.26862 0.16 0.237135 0.58729
1.63885 2.02381 0.04 0.272276 0.602017
1.76472 2.17924 0.16 0.260774 0.572868
1.64825 2.26862 0.16 0.237135 0.58729
1.64825 2.26862 0.16 0.237135 0.58729
1.76472 2.17924 0.16 0.260774 0.572868
1.7658 2.43042 0.36 0.218435 0.547792
1.76472 2.17924 0.16 0.260774 0.572868
1.89058 2.33467 0.36 0.24465 0.53471
1.7658 2.43042 0.36 0.218435 0.547792
1.7658 2.43042 0.36 0.218435 0.547792
1.89058 2.33467 0.36 0.24465 0.53471
1.88336 2.59222 0.64 0.193137 0.496378
1.89058 2.33467 0.36 0.24465 0.53471
2.01645 2.4901 0.64 0.223025 0.485422
1.88336 2.59222 0.64 0.193137 0.496378
1.88336 2.59222 0.64 0.193137 0.496378
2.01645 2.4901 0.64 0.223025 0.485422
2.00092 2.75403 1 0.159167 0.42892
2.01645 2.4901 0.64 0.223025 0.485422
2.14231 2.64553 1 0.19432 0.421461
2.00092 2.75403 1 0.159167 0.42892
2.00092 2.75403 1 0.159167 0.42892
2.14231 2.64553 1 0.19432 0.421461
2.11847 2.91583 1.44 0.11294 0.338451
2.14231 2.64553 1 0.19432 0.421461
2.26817 2.80096 1.44 0.155855 0.336977
2.11847 2.91583 1.44 0.11294 0.338451
2.11847 2.91583 1.44 0.11294 0.338451
2.26817 2.80096 1.44 0.155855 0.336977
2.23603 3.07763 1.96 0.048045 0.212645
2.26817 2.80096 1.44 0.155855 0.336977
2.39404 2.95639 1.96 0.102987 0.221947
2.23603 3.07763 1.96 0.048045 0.212645
0.352671 0.48541 -0 0.374691 0.999219
0.470228 0.647214 -0 0.349539 0.921376
0.435711 0.670936 -0 0.338218 0.943462
0.435711 0.670936 -0 0.338218 0.943462
0.470228 0.647214 -0 0.349539 0.921376
0.544639 0.838671 -0 0.316227 0.882146
0.470228 0.647214 -0 0.349539 0.921376
0.587785 0.809017 -0 0.329743 0.859904
0.544639 0.838671 -0 0.316227 0.882146
0.544639 0.838671 -0 0.316227 0.882146
0.587785 0.809017 -0 0.329743 0.859904
0.653567 1.0064 -0 0.298329 0.832241
0.587785 0.809017 -0 0.329743 0.859904
0.705342 0.97082 -0 0.313755 0.81026
0.653567 1.0064 -0 0.298329 0.832241
0.653567 1.0064 -0 0.298329 0.832241
0.705342 0.97082 -0 0.313755 0.81026
0.762495 1.17414 -0 0.283478 0.790833
0.705342 0.97082 -0 0.313755 0.81026
0.822899 1.13262 -0 0.300574 0.769331
0.762495 1.17414 -0 0.283478 0.790833
0.762495 1.17414 -0 0.283478 0.790833
0.822899 1.13262 -0 0.300574 0.769331
0.871422 1.34187 -0 0.270957 0.755922
0.822899 1.13262 -0 0.300574 0.769331
0.940456 1.29443 -0 0.28952 0.735005
0.871422 1.34187 -0 0.270957 0.755922
0.871422 1.34187 -0 0.270957 0.755922
0.940456 1.29443 -0 0.28952 0.735005
0.98035 1.50961 -0 0.260258 0.72609
0.940456 1.29443 -0 0.28952 0.735005
1.05801 1.45623 -0 0.280117 0.705806
0.98035 1.50961 -0 0.260258 0.72609
0.98035 1.50961 -0 0.260258 0.72609
1.05801 1.45623 -0 0.280117 0.705806
1.08928 1.67734 -0 0.25101 0.700304
1.05801 1.45623 -0 0.280117 0.705806
1.17557 1.61803 -0 0.27202 0.680664
1.08928 1.67734 -0 0.25101 0.700304
1.08928 1.67734 -0 0.25101 0.700304
1.17557 1.61803 -0 0.27202 0.680664
1.19821 1.84508 -0 0.242937 0.677793
1.17557 1.61803 -0 0.27202 0.680664
1.29313 1.77984 -0 0.264975 0.658788
1.19821 1.84508 -0 0.242937 0.677793
1.19821 1.84508 -0 0.242937 0.677793
1.29313 1.77984 -0 0.264975 0.658788
1.41833 2.18404 0.04 0.226134 0.635027
1.29313 1.77984 -0 0.264975 0.658788
1.53069 2.10681 0.04 0.250389 0.617327
1.41833 2.18404 0.04 0.226134 0.635027
1.41833 2.18404 0.04 0.226134 0.635027
1.53069 2.10681 0.04 0.250389 0.617327
1.52726 2.35177 0.16 0.210757 0.60405
1.53069 2.10681 0.04 0.250389 0.617327
1.64825 2.26862 0.16 0.237135 0.58729
1.52726 2.35177 0.16 0.210757 0.60405
1.52726 2.35177 0.16 0.210757 0.60405
1.64825 2.26862 0.16 0.237135 0.58729
1.63618 2.5195 0.36 0.188897 0.563105
1.64825 2.26862 0.16 0.237135 0.58729
1.7658 2.43042 0.36 0.218435 0.547792
1.63618 2.5195 0.36 0.188897 0.563105
1.63618 2.5195 0.36 0.188897 0.563105
1.7658 2.43042 0.36 0.218435 0.547792
1.74511 2.68724 0.64 0.159022 0.509327
1.7658 2.43042 0.36 0.218435 0.547792
1.88336 2.59222 0.64 0.193137 0.496378
1.74511 2.68724 0.64 0.159022 0.509327
1.74511 2.68724 0.64 0.159022 0.509327
1.88336 2.59222 0.64 0.193137 0.496378
1.85404 2.85497 1 0.118354 0.437834
1.88336 2.59222 0.64 0.193137 0.496378
2.00092 2.75403 1 0.159167 0.42892
1.85404 2.85497 1 0.118354 0.437834
1.85404 2.85497 1 0.118354 0.437834
2.00092 2.75403 1 0.159167 0.42892
1.96297 3.02271 1.44 0.0619699 0.340176
2.00092 2.75403 1 0.159167 0.42892
2.11847 2.91583 1.44 0.11294 0.338451
1.96297 3.02271 1.44 0.0619699 0.340176
0.4 0.69282 -0 0.326296 0.96804
0.435711 0.670936 -0 0.338218 0.943462
0.5 0.866025 -0 0.301811 0.907122
0.435711 0.670936 -0 0.338218 0.943462
0.544639 0.838671 -0 0.316227 0.882146
0.5 0.866025 -0 0.301811 0.907122
0.5 0.866025 -0 0.301811 0.907122
0.544639 0.838671 -0 0.316227 0.882146
0.6 1.03923 -0 0.281707 0.857104
0.544639 0.838671 -0 0.316227 0.882146
0.653567 1.0064 -0 0.298329 0.832241
0.6 1.03923 -0 0.281707 0.857104
0.6 1.03923 -0 0.281707 0.857104
0.653567 1.0064 -0 0.298329 0.832241
0.7 1.21244 -0 0.264905 0.815302
0.653567 1.0064 -0 0.298329 0.832241
0.762495 1.17414 -0 0.283478 0.790833
0.7 1.21244 -0 0.264905 0.815302
0.7 1.21244 -0 0.264905 0.815302
0.762495 1.17414 -0 0.283478 0.790833
0.8 1.38564 -0 0.250654 0.779845
0.762495 1.17414 -0 0.283478 0.790833
0.871422 1.34187 -0 0.270957 0.755922
0.8 1.38564 -0 0.250654 0.779845
0.8 1.38564 -0 0.250654 0.779845
0.871422 1.34187 -0 0.270957 0.755922
0.9 1.55885 -0 0.238413 0.749389
0.871422 1.34187 -0 0.270957 0.755922
0.98035 1.50961 -0 0.260258 0.72609
0.9 1.55885 -0 0.238413 0.749389
0.9 1.55885 -0 0.238413 0.749389
0.98035 1.50961 -0 0.260258 0.72609
1 1.73205 -0 0.227785 0.722948
0.98035 1.50961 -0 0.260258 0.72609
1.08928 1.67734 -0 0.25101 0.700304
1 1.73205 -0 0.227785 0.722948
1 1.73205 -0 0.227785 0.722948
1.08928 1.67734 -0 0.25101 0.700304
1.1 1.90526 -0 0.218471 0.699775
1.08928 1.67734 -0 0.25101 0.700304
1.19821 1.84508 -0 0.242937 0.677793
1.1 1.90526 -0 0.218471 0.699775
1.1 1.90526 -0 0.218471 0.699775
1.19821 1.84508 -0 0.242937 0.677793
1.30208 2.25527 0.04 0.198971 0.655636
1.19821 1.84508 -0 0.242937 0.677793
1.41833 2.18404 0.04 0.226134 0.635027
1.30208 2.25527 0.04 0.198971 0.655636
1.30208 2.25527 0.04 0.198971 0.655636
1.41833 2.18404 0.04 0.226134 0.635027
1.40208 2.42848 0.16 0.180979 0.623686
1.41833 2.18404 0.04 0.226134 0.635027
1.52726 2.35177 0.16 0.210757 0.60405
1.40208 2.42848 0.16 0.180979 0.623686
1.40208 2.42848 0.16 0.180979 0.623686
1.52726 2.35177 0.16 0.210757 0.60405
1.50208 2.60168 0.36 0.155178 0.581204
1.52726 2.35177 0.16 0.210757 0.60405
1.63618 2.5195 0.36 0.188897 0.563105
1.50208 2.60168 0.36 0.155178 0.581204
1.50208 2.60168 0.36 0.155178 0.581204
1.63618 2.5195 0.36 0.188897 0.563105
1.60208 2.77489 0.64 0.119489 0.524811
1.63618 2.5195 0.36 0.188897 0.563105
1.74511 2.68724 0.64 0.159022 0.509327
1.60208 2.77489 0.64 0.119489 0.524811
1.60208 2.77489 0.64 0.119489 0.524811
1.74511 2.68724 0.64 0.159022 0.509327
1.70208 2.94809 1 0.0700999 0.448651
1.74511 2.68724 0.64 0.159022 0.509327
1.85404 2.85497 1 0.118354 0.437834
1.70208 2.94809 1 0.0700999 0.448651
1.70208 2.94809 1 0.0700999 0.448651
1.85404 2.85497 1 0.118354 0.437834
1.80208 3.1213 1.44 4.35703e-05 0.342245
1.85404 2.85497 1 0.118354 0.437834
1.96297 3.02271 1.44 0.0619699 0.340176
1.80208 3.1213 1.44 4.35703e-05 0.342245
0.363192 0.712805 -0 0.313689 0.995445
0.4 0.69282 -0 0.326296 0.96804
0.453991 0.891007 -0 0.286347 0.935252
0.4 0.69282 -0 0.326296 0.96804
0.5 0.866025 -0 0.301811 0.907122
0.453991 0.891007 -0 0.286347 0.935252
0.453991 0.891007 -0 0.286347 0.935252
0.5 0.866025 -0 0.301811 0.907122
0.544789 1.06921 -0 0.263675 0.88534
0.5 0.866025 -0 0.301811 0.907122
0.6 1.03923 -0 0.281707 0.857104
0.544789 1.06921 -0 0.263675 0.88534
0.544789 1.06921 -0 0.263675 0.88534
0.6 1.03923 -0 0.281707 0.857104
0.635587 1.24741 -0 0.244571 0.843282
0.6 1.03923 -0 0.281707 0.857104
0.7 1.21244 -0 0.264905 0.815302
0.635587 1.24741 -0 0.244571 0.843282
0.635587 1.24741 -0 0.244571 0.843282
0.7 1.21244 -0 0.264905 0.815302
0.726385 1.42561 -0 0.228254 0.80736
0.7 1.21244 -0 0.264905 0.815302
0.8 1.38564 -0 0.250654 0.779845
0.726385 1.42561 -0 0.228254 0.80736
0.726385 1.42561 -0 0.228254 0.80736
0.8 1.38564 -0 0.250654 0.779845
0.817183 1.60381 -0 0.214155 0.776322
0.8 1.38564 -0 0.250654 0.779845
0.9 1.55885 -0 0.238413 0.749389
0.817183 1.60381 -0 0.214155 0.776322
0.817183 1.60381 -0 0.214155 0.776322
0.9 1.55885 -0 0.238413 0.749389
0.907981 1.78201 -0 0.201851 0.749236
0.9 1.55885 -0 0.238413 0.749389
1 1.73205 -0 0.227785 0.722948
0.907981 1.78201 -0 0.201851 0.749236
0.907981 1.78201 -0 0.201851 0.749236
1 1.73205 -0 0.227785 0.722948
0.998779 1.96021 -0 0.19102 0.725392
1 1.73205 -0 0.227785 0.722948
1.1 1.90526 -0 0.218471 0.699775
0.998779 1.96021 -0 0.19102 0.725392
0.998779 1.96021 -0 0.19102 0.725392
1.1 1.90526 -0 0.218471 0.699775
1.18227 2.32033 0.04 0.168187 0.679845
1.1 1.90526 -0 0.218471 0.699775
1.30208 2.25527 0.04 0.198971 0.655636
1.18227 2.32033 0.04 0.168187 0.679845
1.18227 2.32033 0.04 0.168187 0.679845
1.30208 2.25527 0.04 0.198971 0.655636
1.27306 2.49853 0.16 0.146922 0.646923
1.30208 2.25527 0.04 0.198971 0.655636
1.40208 2.42848 0.16 0.180979 0.623686
1.27306 2.49853 0.16 0.146922 0.646923
1.27306 2.49853 0.16 0.146922 0.646923
1.40208 2.42848 0.16 0.180979 0.623686
1.36386 2.67673 0.36 0.116109 0.602849
1.40208 2.42848 0.16 0.180979 0.623686
1.50208 2.60168 0.36 0.155178 0.581204
1.36386 2.67673 0.36 0.116109 0.602849
1.36386 2.67673 0.36 0.116109 0.602849
1.50208 2.60168 0.36 0.155178 0.581204
1.45466 2.85493 0.64 0.0728671 0.543597
1.50208 2.60168 0.36 0.155178 0.581204
1.60208 2.77489 0.64 0.119489 0.524811
1.45466 2.85493 0.64 0.0728671 0.543597
1.45466 2.85493 0.64 0.0728671 0.543597
1.60208 2.77489 0.64 0.119489 0.524811
1.54546 3.03313 1 0.0118117 0.462023
1.60208 2.77489 0.64 0.119489 0.524811
1.70208 2.94809 1 0.0700999 0.448651
1.54546 3.03313 1 0.0118117 0.462023
0.363192 0.712805 -0 0.313689 0.995445
0.453991 0.891007 -0 0.286347 0.935252
0.406737 0.913545 -0 0.269656 0.96705
0.406737 0.913545 -0 0.269656 0.96705
0.453991 0.891007 -0 0.286347 0.935252
0.488084 1.09625 -0 0.243966 0.917559
0.453991 0.891007 -0 0.286347 0.935252
0.544789 1.06921 -0 0.263675 0.88534
0.488084 1.09625 -0 0.243966 0.917559
0.488084 1.09625 -0 0.243966 0.917559
0.544789 1.06921 -0 0.263675 0.88534
0.569431 1.27896 -0 0.222115 0.875464
0.544789 1.06921 -0 0.263675 0.88534
0.635587 1.24741 -0 0.244571 0.843282
0.569431 1.27896 -0 0.222115 0.875464
0.569431 1.27896 -0 0.222115 0.875464
0.635587 1.24741 -0 0.244571 0.843282
0.650779 1.46167 -0 0.203301 0.839223
0.635587 1.24741 -0 0.244571 0.843282
0.726385 1.42561 -0 0.228254 0.80736
0.650779 1.46167 -0 0.203301 0.839223
0.650779 1.46167 -0 0.203301 0.839223
0.726385 1.42561 -0 0.228254 0.80736
0.732126 1.64438 -0 0.186934 0.807692
0.726385 1.42561 -0 0.228254 0.80736
0.817183 1.60381 -0 0.214155 0.776322
0.732126 1.64438 -0 0.186934 0.807692
0.732126 1.64438 -0 0.186934 0.807692
0.817183 1.60381 -0 0.214155 0.776322
0.813473 1.82709 -0 0.172565 0.780011
0.817183 1.60381 -0 0.214155 0.776322
0.907981 1.78201 -0 0.201851 0.749236
0.813473 1.82709 -0 0.172565 0.780011
0.813473 1.82709 -0 0.172565 0.780011
0.907981 1.78201 -0 0.201851 0.749236
0.894821 2.0098 -0 0.159849 0.755515
0.907981 1.78201 -0 0.201851 0.749236
0.998779 1.96021 -0 0.19102 0.725392
0.894821 2.0098 -0 0.159849 0.755515
0.894821 2.0098 -0 0.159849 0.755515
0.998779 1.96021 -0 0.19102 0.725392
1.05921 2.37902 0.04 0.132824 0.708582
0.998779 1.96021 -0 0.19102 0.725392
1.18227 2.32033 0.04 0.168187 0.679845
1.05921 2.37902 0.04 0.132824 0.708582
1.05921 2.37902 0.04 0.132824 0.708582
1.18227 2.32033 0.04 0.168187 0.679845
1.14056 2.56173 0.16 0.107379 0.674751
1.18227 2.32033 0.04 0.168187 0.679845
1.27306 2.49853 0.16 0.146922 0.646923
1.14056 2.56173 0.16 0.107379 0.674751
1.14056 2.56173 0.16 0.107379 0.674751
1.27306 2.49853 0.16 0.146922 0.646923
1.2219 2.74444 0.36 0.0700492 0.629107
1.27306 2.49853 0.16 0.146922 0.646923
1.36386 2.67673 0.36 0.116109 0.602849
1.2219 2.74444 0.36 0.0700492 0.629107
1.2219 2.74444 0.36 0.0700492 0.629107
1.36386 2.67673 0.36 0.116109 0.602849
1.30325 2.92715 0.64 0.016733 0.566798
1.36386 2.67673 0.36 0.116109 0.602849
1.45466 2.85493 0.64 0.0728671 0.543597
1.30325 2.92715 0.64 0.016733 0.566798
0.406737 0.913545 -0 0.269656 0.96705
0.488084 1.09625 -0 0.243966 0.917559
0.430042 1.1203 -0 0.222245 0.954537
0.430042 1.1203 -0 0.222245 0.954537
0.488084 1.09625 -0 0.243966 0.917559
0.501715 1.30701 -0 0.197076 0.912739
0.488084 1.09625 -0 0.243966 0.917559
0.569431 1.27896 -0 0.222115 0.875464
0.501715 1.30701 -0 0.197076 0.912739
0.501715 1.30701 -0 0.197076 0.912739
0.569431 1.27896 -0 0.222115 0.875464
0.573389 1.49373 -0 0.175205 0.876419
0.569431 1.27896 -0 0.222115 0.875464
0.650779 1.46167 -0 0.203301 0.839223
0.573389 1.49373 -0 0.175205 0.876419
0.573389 1.49373 -0 0.175205 0.876419
0.650779 1.46167 -0 0.203301 0.839223
0.645062 1.68044 -0 0.156024 0.844566
0.650779 1.46167 -0 0.203301 0.839223
0.732126 1.64438 -0 0.186934 0.807692
0.645062 1.68044 -0 0.156024 0.844566
0.645062 1.68044 -0 0.156024 0.844566
0.732126 1.64438 -0 0.186934 0.807692
0.716736 1.86716 -0 0.139065 0.816403
0.732126 1.64438 -0 0.186934 0.807692
0.813473 1.82709 -0 0.172565 0.780011
0.716736 1.86716 -0 0.139065 0.816403
0.716736 1.86716 -0 0.139065 0.816403
0.813473 1.82709 -0 0.172565 0.780011
0.788409 2.05388 -0 0.123964 0.791325
0.813473 1.82709 -0 0.172565 0.780011
0.894821 2.0098 -0 0.159849 0.755515
0.788409 2.05388 -0 0.123964 0.791325
0.788409 2.05388 -0 0.123964 0.791325
0.894821 2.0098 -0 0.159849 0.755515
0.933249 2.4312 0.04 0.091563 0.743133
0.894821 2.0098 -0 0.159849 0.755515
1.05921 2.37902 0.04 0.132824 0.708582
0.933249 2.4312 0.04 0.091563 0.743133
0.933249 2.4312 0.04 0.091563 0.743133
1.05921 2.37902 0.04 0.132824 0.708582
1.00492 2.61791 0.16 0.060656 0.708572
1.05921 2.37902 0.04 0.132824 0.708582
1.14056 2.56173 0.16 0.107379 0.674751
1.00492 2.61791 0.16 0.060656 0.708572
1.00492 2.61791 0.16 0.060656 0.708572
1.14056 2.56173 0.16 0.107379 0.674751
1.0766 2.80463 0.36 0.0146247 0.661527
1.14056 2.56173 0.16 0.107379 0.674751
1.2219 2.74444 0.36 0.0700492 0.629107
1.0766 2.80463 0.36 0.0146247 0.661527
0.37082 1.14127 -0 0.198086 0.997264
0.430042 1.1203 -0 0.222245 0.954537
0.432624 1.33148 -0 0.168854 0.956271
0.430042 1.1203 -0 0.222245 0.954537
0.501715 1.30701 -0 0.197076 0.912739
0.432624 1.33148 -0 0.168854 0.956271
0.432624 1.33148 -0 0.168854 0.956271
0.501715 1.30701 -0 0.197076 0.912739
0.494427 1.52169 -0 0.143177 0.920263
0.501715 1.30701 -0 0.197076 0.912739
0.573389 1.49373 -0 0.175205 0.876419
0.494427 1.52169 -0 0.143177 0.920263
0.494427 1.52169 -0 0.143177 0.920263
0.573389 1.49373 -0 0.175205 0.876419
0.556231 1.7119 -0 0.120444 0.888383
0.573389 1.49373 -0 0.175205 0.876419
0.645062 1.68044 -0 0.156024 0.844566
0.556231 1.7119 -0 0.120444 0.888383
0.556231 1.7119 -0 0.120444 0.888383
0.645062 1.68044 -0 0.156024 0.844566
0.618034 1.90211 -0 0.100175 0.859959
0.645062 1.68044 -0 0.156024 0.844566
0.716736 1.86716 -0 0.139065 0.816403
0.618034 1.90211 -0 0.100175 0.859959
0.618034 1.90211 -0 0.100175 0.859959
0.716736 1.86716 -0 0.139065 0.816403
0.679837 2.09232 -0 0.0819916 0.834459
0.716736 1.86716 -0 0.139065 0.816403
0.788409 2.05388 -0 0.123964 0.791325
0.679837 2.09232 -0 0.0819916 0.834459
0.679837 2.09232 -0 0.0819916 0.834459
0.788409 2.05388 -0 0.123964 0.791325
0.804731 2.47671 0.04 0.0425277 0.785325
0.788409 2.05388 -0 0.123964 0.791325
0.933249 2.4312 0.04 0.091563 0.743133
0.804731 2.47671 0.04 0.0425277 0.785325
0.804731 2.47671 0.04 0.0425277 0.785325
0.933249 2.4312 0.04 0.091563 0.743133
0.866534 2.66692 0.16 0.0042871 0.750423
0.933249 2.4312 0.04 0.091563 0.743133
1.00492 2.61791 0.16 0.060656 0.708572
0.866534 2.66692 0.16 0.0042871 0.750423
0.432624 1.33148 -0 0.168854 0.956271
0.494427 1.52169 -0 0.143177 0.920263
0.41411 1.54548 -0 0.10615 0.972545
0.41411 1.54548 -0 0.10615 0.972545
0.494427 1.52169 -0 0.143177 0.920263
0.465874 1.73867 -0 0.0788392 0.941142
0.494427 1.52169 -0 0.143177 0.920263
0.556231 1.7119 -0 0.120444 0.888383
0.465874 1.73867 -0 0.0788392 0.941142
0.465874 1.73867 -0 0.0788392 0.941142
0.556231 1.7119 -0 0.120444 0.888383
0.517638 1.93185 -0 0.0542426 0.91286
0.556231 1.7119 -0 0.120444 0.888383
0.618034 1.90211 -0 0.100175 0.859959
0.517638 1.93185 -0 0.0542426 0.91286
0.517638 1.93185 -0 0.0542426 0.91286
0.618034 1.90211 -0 0.100175 0.859959
0.569402 2.12504 -0 0.0319745 0.887255
0.618034 1.90211 -0 0.100175 0.859959
0.679837 2.09232 -0 0.0819916 0.834459
0.569402 2.12504 -0 0.0319745 0.887255
