-0.193185 -0.296412 -0 0.550851 0.995664
-0.19563 -0.296412 -0 0.551545 0.995614
-0.38637 -0.296412 -0 0.605514 0.991756
-0.19563 -0.296412 -0 0.551545 0.995614
-0.391259 -0.296412 -0 0.606892 0.991657
-0.38637 -0.296412 -0 0.605514 0.991756
-0.38637 -0.296412 -0 0.605514 0.991756
-0.391259 -0.296412 -0 0.606892 0.991657
-0.579556 -0.296412 -0 0.659764 0.987877
-0.391259 -0.296412 -0 0.606892 0.991657
-0.586889 -0.296412 -0 0.661815 0.98773
-0.579556 -0.296412 -0 0.659764 0.987877
-0.579556 -0.296412 -0 0.659764 0.987877
-0.586889 -0.296412 -0 0.661815 0.98773
-0.772741 -0.296412 -0 0.713605 0.984027
-0.586889 -0.296412 -0 0.661815 0.98773
-0.782518 -0.296412 -0 0.716319 0.983833
-0.772741 -0.296412 -0 0.713605 0.984027
-0.772741 -0.296412 -0 0.713605 0.984027
-0.782518 -0.296412 -0 0.716319 0.983833
-0.965926 -0.296412 -0 0.767042 0.980207
-0.782518 -0.296412 -0 0.716319 0.983833
-0.978148 -0.296412 -0 0.770409 0.979966
-0.965926 -0.296412 -0 0.767042 0.980207
-0.965926 -0.296412 -0 0.767042 0.980207
-0.978148 -0.296412 -0 0.770409 0.979966
-1.15911 -0.310583 -0 0.814692 0.965588
-0.978148 -0.296412 -0 0.770409 0.979966
-1.17378 -0.296412 -0 0.82409 0.976128
-1.15911 -0.310583 -0 0.814692 0.965588
-1.15911 -0.310583 -0 0.814692 0.965588
-1.17378 -0.296412 -0 0.82409 0.976128
-1.3523 -0.362347 -0 0.845361 0.925581
-1.17378 -0.296412 -0 0.82409 0.976128
-1.36941 -0.296412 -0 0.877366 0.972319
-1.3523 -0.362347 -0 0.845361 0.925581
-1.3523 -0.362347 -0 0.845361 0.925581
-1.36941 -0.296412 -0 0.877366 0.972319
-1.54548 -0.41411 -0 0.87255 0.890115
-1.36941 -0.296412 -0 0.877366 0.972319
-1.56504 -0.332659 -0 0.912404 0.942065
-1.54548 -0.41411 -0 0.87255 0.890115
-1.54548 -0.41411 -0 0.87255 0.890115
-1.56504 -0.332659 -0 0.912404 0.942065
-1.73867 -0.465874 -0 0.896818 0.858458
-1.56504 -0.332659 -0 0.912404 0.942065
-1.76067 -0.374241 -0 0.941876 0.91099
-1.73867 -0.465874 -0 0.896818 0.858458
-1.73867 -0.465874 -0 0.896818 0.858458
-1.76067 -0.374241 -0 0.941876 0.91099
-1.93185 -0.517638 -0 0.918612 0.830027
-1.76067 -0.374241 -0 0.941876 0.91099
-1.9563 -0.415823 -0 0.968645 0.882765
-1.93185 -0.517638 -0 0.918612 0.830027
-1.93185 -0.517638 -0 0.918612 0.830027
-1.9563 -0.415823 -0 0.968645 0.882765
-2.12504 -0.569402 -0 0.938293 0.804354
-1.9563 -0.415823 -0 0.968645 0.882765
-2.15192 -0.457406 -0 0.993066 0.857016
-2.12504 -0.569402 -0 0.938293 0.804354
-2.12504 -0.569402 -0 0.938293 0.804354
-2.15192 -0.457406 -0 0.993066 0.857016
-2.51543 -0.674007 0.04 0.981702 0.754331
-0.190211 -0.296412 -0 0.550006 0.995724
-0.193185 -0.296412 -0 0.550851 0.995664
-0.380423 -0.296412 -0 0.603837 0.991875
-0.193185 -0.296412 -0 0.550851 0.995664
-0.38637 -0.296412 -0 0.605514 0.991756
-0.380423 -0.296412 -0 0.603837 0.991875
-0.380423 -0.296412 -0 0.603837 0.991875
-0.38637 -0.296412 -0 0.605514 0.991756
-0.570634 -0.296412 -0 0.657268 0.988055
-0.38637 -0.296412 -0 0.605514 0.991756
-0.579556 -0.296412 -0 0.659764 0.987877
-0.570634 -0.296412 -0 0.657268 0.988055
-0.570634 -0.296412 -0 0.657268 0.988055
-0.579556 -0.296412 -0 0.659764 0.987877
-0.760845 -0.296412 -0 0.710301 0.984264
-0.579556 -0.296412 -0 0.659764 0.987877
-0.772741 -0.296412 -0 0.713605 0.984027
-0.760845 -0.296412 -0 0.710301 0.984264
-0.760845 -0.296412 -0 0.710301 0.984264
-0.772741 -0.296412 -0 0.713605 0.984027
-0.951057 -0.309017 -0 0.758968 0.970753
-0.772741 -0.296412 -0 0.713605 0.984027
-0.965926 -0.296412 -0 0.767042 0.980207
-0.951057 -0.309017 -0 0.758968 0.970753
-0.951057 -0.309017 -0 0.758968 0.970753
-0.965926 -0.296412 -0 0.767042 0.980207
-1.14127 -0.37082 -0 0.789153 0.923602
-0.965926 -0.296412 -0 0.767042 0.980207
-1.15911 -0.310583 -0 0.814692 0.965588
-1.14127 -0.37082 -0 0.789153 0.923602
-1.14127 -0.37082 -0 0.789153 0.923602
-1.15911 -0.310583 -0 0.814692 0.965588
-1.33148 -0.432624 -0 0.815351 0.88268
-1.15911 -0.310583 -0 0.814692 0.965588
-1.3523 -0.362347 -0 0.845361 0.925581
-1.33148 -0.432624 -0 0.815351 0.88268
-1.33148 -0.432624 -0 0.815351 0.88268
-1.3523 -0.362347 -0 0.845361 0.925581
-1.52169 -0.494427 -0 0.838303 0.846828
-1.3523 -0.362347 -0 0.845361 0.925581
-1.54548 -0.41411 -0 0.87255 0.890115
-1.52169 -0.494427 -0 0.838303 0.846828
-1.52169 -0.494427 -0 0.838303 0.846828
-1.54548 -0.41411 -0 0.87255 0.890115
-1.7119 -0.556231 -0 0.858577 0.81516
-1.54548 -0.41411 -0 0.87255 0.890115
-1.73867 -0.465874 -0 0.896818 0.858458
-1.7119 -0.556231 -0 0.858577 0.81516
-1.7119 -0.556231 -0 0.858577 0.81516
-1.73867 -0.465874 -0 0.896818 0.858458
-1.90211 -0.618034 -0 0.876615 0.786983
-1.73867 -0.465874 -0 0.896818 0.858458
-1.93185 -0.517638 -0 0.918612 0.830027
-1.90211 -0.618034 -0 0.876615 0.786983
-1.90211 -0.618034 -0 0.876615 0.786983
-1.93185 -0.517638 -0 0.918612 0.830027
-2.09232 -0.679837 -0 0.892769 0.761751
-1.93185 -0.517638 -0 0.918612 0.830027
-2.12504 -0.569402 -0 0.938293 0.804354
-2.09232 -0.679837 -0 0.892769 0.761751
-2.09232 -0.679837 -0 0.892769 0.761751
-2.12504 -0.569402 -0 0.938293 0.804354
-2.47671 -0.804731 0.04 0.927935 0.712747
-2.12504 -0.569402 -0 0.938293 0.804354
-2.51543 -0.674007 0.04 0.981702 0.754331
-2.47671 -0.804731 0.04 0.927935 0.712747
-2.47671 -0.804731 0.04 0.927935 0.712747
-2.51543 -0.674007 0.04 0.981702 0.754331
-2.66692 -0.866534 0.16 0.962385 0.676811
-0.186716 -0.296412 -0 0.549013 0.995795
-0.190211 -0.296412 -0 0.550006 0.995724
-0.373432 -0.296412 -0 0.601866 0.992016
-0.190211 -0.296412 -0 0.550006 0.995724
-0.380423 -0.296412 -0 0.603837 0.991875
-0.373432 -0.296412 -0 0.601866 0.992016
-0.373432 -0.296412 -0 0.601866 0.992016
-0.380423 -0.296412 -0 0.603837 0.991875
-0.560148 -0.296412 -0 0.654332 0.988265
-0.380423 -0.296412 -0 0.603837 0.991875
-0.570634 -0.296412 -0 0.657268 0.988055
-0.560148 -0.296412 -0 0.654332 0.988265
-0.560148 -0.296412 -0 0.654332 0.988265
-0.570634 -0.296412 -0 0.657268 0.988055
-0.746864 -0.296412 -0 0.706417 0.984541
-0.570634 -0.296412 -0 0.657268 0.988055
-0.760845 -0.296412 -0 0.710301 0.984264
-0.746864 -0.296412 -0 0.706417 0.984541
-0.746864 -0.296412 -0 0.706417 0.984541
-0.760845 -0.296412 -0 0.710301 0.984264
-0.93358 -0.358368 -0 0.739977 0.935522
-0.760845 -0.296412 -0 0.710301 0.984264
-0.951057 -0.309017 -0 0.758968 0.970753
-0.93358 -0.358368 -0 0.739977 0.935522
-0.93358 -0.358368 -0 0.739977 0.935522
-0.951057 -0.309017 -0 0.758968 0.970753
-1.1203 -0.430042 -0 0.766288 0.887401
-0.951057 -0.309017 -0 0.758968 0.970753
-1.14127 -0.37082 -0 0.789153 0.923602
-1.1203 -0.430042 -0 0.766288 0.887401
-1.1203 -0.430042 -0 0.766288 0.887401
-1.14127 -0.37082 -0 0.789153 0.923602
-1.30701 -0.501715 -0 0.788859 0.846121
-1.14127 -0.37082 -0 0.789153 0.923602
-1.33148 -0.432624 -0 0.815351 0.88268
-1.30701 -0.501715 -0 0.788859 0.846121
-1.30701 -0.501715 -0 0.788859 0.846121
-1.33148 -0.432624 -0 0.815351 0.88268
-1.49373 -0.573389 -0 0.808435 0.810318
-1.33148 -0.432624 -0 0.815351 0.88268
-1.52169 -0.494427 -0 0.838303 0.846828
-1.49373 -0.573389 -0 0.808435 0.810318
-1.49373 -0.573389 -0 0.808435 0.810318
-1.52169 -0.494427 -0 0.838303 0.846828
-1.68044 -0.645062 -0 0.825575 0.77897
-1.52169 -0.494427 -0 0.838303 0.846828
-1.7119 -0.556231 -0 0.858577 0.81516
-1.68044 -0.645062 -0 0.825575 0.77897
-1.68044 -0.645062 -0 0.825575 0.77897
-1.7119 -0.556231 -0 0.858577 0.81516
-1.86716 -0.716736 -0 0.840707 0.751295
-1.7119 -0.556231 -0 0.858577 0.81516
-1.90211 -0.618034 -0 0.876615 0.786983
-1.86716 -0.716736 -0 0.840707 0.751295
-1.86716 -0.716736 -0 0.840707 0.751295
-1.90211 -0.618034 -0 0.876615 0.786983
-2.05388 -0.788409 -0 0.854164 0.726683
-1.90211 -0.618034 -0 0.876615 0.786983
-2.09232 -0.679837 -0 0.892769 0.761751
-2.05388 -0.788409 -0 0.854164 0.726683
-2.05388 -0.788409 -0 0.854164 0.726683
-2.09232 -0.679837 -0 0.892769 0.761751
-2.4312 -0.933249 0.04 0.883145 0.679059
-2.09232 -0.679837 -0 0.892769 0.761751
-2.47671 -0.804731 0.04 0.927935 0.712747
-2.4312 -0.933249 0.04 0.883145 0.679059
-2.4312 -0.933249 0.04 0.883145 0.679059
-2.47671 -0.804731 0.04 0.927935 0.712747
-2.61791 -1.00492 0.16 0.911109 0.643985
-2.47671 -0.804731 0.04 0.927935 0.712747
-2.66692 -0.866534 0.16 0.962385 0.676811
-2.61791 -1.00492 0.16 0.911109 0.643985
-2.61791 -1.00492 0.16 0.911109 0.643985
-2.66692 -0.866534 0.16 0.962385 0.676811
-2.80463 -1.0766 0.36 0.952951 0.59568
-0.182709 -0.296412 -0 0.547875 0.995877
-0.186716 -0.296412 -0 0.549013 0.995795
-0.365418 -0.296412 -0 0.599606 0.992178
-0.186716 -0.296412 -0 0.549013 0.995795
-0.373432 -0.296412 -0 0.601866 0.992016
-0.365418 -0.296412 -0 0.599606 0.992178
-0.365418 -0.296412 -0 0.599606 0.992178
-0.373432 -0.296412 -0 0.601866 0.992016
-0.548127 -0.296412 -0 0.650966 0.988506
-0.373432 -0.296412 -0 0.601866 0.992016
-0.560148 -0.296412 -0 0.654332 0.988265
-0.548127 -0.296412 -0 0.650966 0.988506
-0.548127 -0.296412 -0 0.650966 0.988506
-0.560148 -0.296412 -0 0.654332 0.988265
-0.730836 -0.325389 -0 0.694997 0.962639
-0.560148 -0.296412 -0 0.654332 0.988265
-0.746864 -0.296412 -0 0.706417 0.984541
-0.730836 -0.325389 -0 0.694997 0.962639
-0.730836 -0.325389 -0 0.694997 0.962639
-0.746864 -0.296412 -0 0.706417 0.984541
-0.913545 -0.406737 -0 0.722556 0.90457
-0.746864 -0.296412 -0 0.706417 0.984541
-0.93358 -0.358368 -0 0.739977 0.935522
-0.913545 -0.406737 -0 0.722556 0.90457
-0.913545 -0.406737 -0 0.722556 0.90457
-0.93358 -0.358368 -0 0.739977 0.935522
-1.09625 -0.488084 -0 0.745621 0.855969
-0.93358 -0.358368 -0 0.739977 0.935522
-1.1203 -0.430042 -0 0.766288 0.887401
-1.09625 -0.488084 -0 0.745621 0.855969
-1.09625 -0.488084 -0 0.745621 0.855969
-1.1203 -0.430042 -0 0.766288 0.887401
-1.27896 -0.569431 -0 0.765208 0.814696
-1.1203 -0.430042 -0 0.766288 0.887401
-1.30701 -0.501715 -0 0.788859 0.846121
-1.27896 -0.569431 -0 0.765208 0.814696
-1.27896 -0.569431 -0 0.765208 0.814696
-1.30701 -0.501715 -0 0.788859 0.846121
-1.46167 -0.650779 -0 0.78205 0.779209
-1.30701 -0.501715 -0 0.788859 0.846121
-1.49373 -0.573389 -0 0.808435 0.810318
-1.46167 -0.650779 -0 0.78205 0.779209
-1.46167 -0.650779 -0 0.78205 0.779209
-1.49373 -0.573389 -0 0.808435 0.810318
-1.64438 -0.732126 -0 0.796684 0.748371
-1.49373 -0.573389 -0 0.808435 0.810318
-1.68044 -0.645062 -0 0.825575 0.77897
-1.64438 -0.732126 -0 0.796684 0.748371
-1.64438 -0.732126 -0 0.796684 0.748371
-1.68044 -0.645062 -0 0.825575 0.77897
-1.82709 -0.813473 -0 0.80952 0.721325
-1.68044 -0.645062 -0 0.825575 0.77897
-1.86716 -0.716736 -0 0.840707 0.751295
-1.82709 -0.813473 -0 0.80952 0.721325
-1.82709 -0.813473 -0 0.80952 0.721325
-1.86716 -0.716736 -0 0.840707 0.751295
-2.0098 -0.894821 -0 0.820868 0.697412
-1.86716 -0.716736 -0 0.840707 0.751295
-2.05388 -0.788409 -0 0.854164 0.726683
-2.0098 -0.894821 -0 0.820868 0.697412
-2.0098 -0.894821 -0 0.820868 0.697412
-2.05388 -0.788409 -0 0.854164 0.726683
-2.37902 -1.05921 0.04 0.845086 0.651306
-2.05388 -0.788409 -0 0.854164 0.726683
-2.4312 -0.933249 0.04 0.883145 0.679059
-2.37902 -1.05921 0.04 0.845086 0.651306
-2.37902 -1.05921 0.04 0.845086 0.651306
-2.4312 -0.933249 0.04 0.883145 0.679059
-2.56173 -1.14056 0.16 0.86816 0.617285
-2.4312 -0.933249 0.04 0.883145 0.679059
-2.61791 -1.00492 0.16 0.911109 0.643985
-2.56173 -1.14056 0.16 0.86816 0.617285
-2.56173 -1.14056 0.16 0.86816 0.617285
-2.61791 -1.00492 0.16 0.911109 0.643985
-2.74444 -1.2219 0.36 0.902187 0.570889
-2.61791 -1.00492 0.16 0.911109 0.643985
-2.80463 -1.0766 0.36 0.952951 0.59568
-2.74444 -1.2219 0.36 0.902187 0.570889
-2.74444 -1.2219 0.36 0.902187 0.570889
-2.80463 -1.0766 0.36 0.952951 0.59568
-2.92715 -1.30325 0.64 0.95104 0.507
-0.178201 -0.296412 -0 0.546594 0.995968
-0.182709 -0.296412 -0 0.547875 0.995877
-0.356403 -0.296412 -0 0.597062 0.99236
-0.182709 -0.296412 -0 0.547875 0.995877
-0.365418 -0.296412 -0 0.599606 0.992178
-0.356403 -0.296412 -0 0.597062 0.99236
-0.356403 -0.296412 -0 0.597062 0.99236
-0.365418 -0.296412 -0 0.599606 0.992178
-0.534604 -0.296412 -0 0.647177 0.988777
-0.365418 -0.296412 -0 0.599606 0.992178
-0.548127 -0.296412 -0 0.650966 0.988506
-0.534604 -0.296412 -0 0.647177 0.988777
-0.534604 -0.296412 -0 0.647177 0.988777
-0.548127 -0.296412 -0 0.650966 0.988506
-0.712805 -0.363192 -0 0.681935 0.936109
-0.548127 -0.296412 -0 0.650966 0.988506
-0.730836 -0.325389 -0 0.694997 0.962639
-0.712805 -0.363192 -0 0.681935 0.936109
-0.712805 -0.363192 -0 0.681935 0.936109
-0.730836 -0.325389 -0 0.694997 0.962639
-0.891007 -0.453991 -0 0.706466 0.877256
-0.730836 -0.325389 -0 0.694997 0.962639
-0.913545 -0.406737 -0 0.722556 0.90457
-0.891007 -0.453991 -0 0.706466 0.877256
-0.891007 -0.453991 -0 0.706466 0.877256
-0.913545 -0.406737 -0 0.722556 0.90457
-1.06921 -0.544789 -0 0.726782 0.828516
-0.913545 -0.406737 -0 0.722556 0.90457
-1.09625 -0.488084 -0 0.745621 0.855969
-1.06921 -0.544789 -0 0.726782 0.828516
-1.06921 -0.544789 -0 0.726782 0.828516
-1.09625 -0.488084 -0 0.745621 0.855969
-1.24741 -0.635587 -0 0.743883 0.787488
-1.09625 -0.488084 -0 0.745621 0.855969
-1.27896 -0.569431 -0 0.765208 0.814696
-1.24741 -0.635587 -0 0.743883 0.787488
-1.24741 -0.635587 -0 0.743883 0.787488
-1.27896 -0.569431 -0 0.765208 0.814696
-1.42561 -0.726385 -0 0.758476 0.752478
-1.27896 -0.569431 -0 0.765208 0.814696
-1.46167 -0.650779 -0 0.78205 0.779209
-1.42561 -0.726385 -0 0.758476 0.752478
-1.42561 -0.726385 -0 0.758476 0.752478
-1.46167 -0.650779 -0 0.78205 0.779209
-1.60381 -0.817183 -0 0.771076 0.72225
-1.46167 -0.650779 -0 0.78205 0.779209
-1.64438 -0.732126 -0 0.796684 0.748371
-1.60381 -0.817183 -0 0.771076 0.72225
-1.60381 -0.817183 -0 0.771076 0.72225
-1.64438 -0.732126 -0 0.796684 0.748371
-1.78201 -0.907981 -0 0.782064 0.695888
-1.64438 -0.732126 -0 0.796684 0.748371
-1.82709 -0.813473 -0 0.80952 0.721325
-1.78201 -0.907981 -0 0.782064 0.695888
-1.78201 -0.907981 -0 0.782064 0.695888
-1.82709 -0.813473 -0 0.80952 0.721325
-1.96021 -0.998779 -0 0.791732 0.672695
-1.82709 -0.813473 -0 0.80952 0.721325
-2.0098 -0.894821 -0 0.820868 0.697412
-1.96021 -0.998779 -0 0.791732 0.672695
-1.96021 -0.998779 -0 0.791732 0.672695
-2.0098 -0.894821 -0 0.820868 0.697412
-2.32033 -1.18227 0.04 0.812202 0.628127
-2.0098 -0.894821 -0 0.820868 0.697412
-2.37902 -1.05921 0.04 0.845086 0.651306
-2.32033 -1.18227 0.04 0.812202 0.628127
-2.32033 -1.18227 0.04 0.812202 0.628127
-2.37902 -1.05921 0.04 0.845086 0.651306
-2.49853 -1.27306 0.16 0.831494 0.595221
-2.37902 -1.05921 0.04 0.845086 0.651306
-2.56173 -1.14056 0.16 0.86816 0.617285
-2.49853 -1.27306 0.16 0.831494 0.595221
-2.49853 -1.27306 0.16 0.831494 0.595221
-2.56173 -1.14056 0.16 0.86816 0.617285
-2.67673 -1.36386 0.36 0.859604 0.550722
-2.56173 -1.14056 0.16 0.86816 0.617285
-2.74444 -1.2219 0.36 0.902187 0.570889
-2.67673 -1.36386 0.36 0.859604 0.550722
-2.67673 -1.36386 0.36 0.859604 0.550722
-2.74444 -1.2219 0.36 0.902187 0.570889
-2.85493 -1.45466 0.64 0.899277 0.490381
-2.74444 -1.2219 0.36 0.902187 0.570889
-2.92715 -1.30325 0.64 0.95104 0.507
-2.85493 -1.45466 0.64 0.899277 0.490381
-2.85493 -1.45466 0.64 0.899277 0.490381
-2.92715 -1.30325 0.64 0.95104 0.507
-3.03313 -1.54546 1 0.955697 0.406552
-0.173205 -0.296412 -0 0.545174 0.99607
-0.178201 -0.296412 -0 0.546594 0.995968
-0.34641 -0.296412 -0 0.594241 0.992562
-0.178201 -0.296412 -0 0.546594 0.995968
-0.356403 -0.296412 -0 0.597062 0.99236
-0.34641 -0.296412 -0 0.594241 0.992562
-0.34641 -0.296412 -0 0.594241 0.992562
-0.356403 -0.296412 -0 0.597062 0.99236
-0.519615 -0.3 -0 0.642336 0.986213
-0.356403 -0.296412 -0 0.597062 0.99236
-0.534604 -0.296412 -0 0.647177 0.988777
-0.519615 -0.3 -0 0.642336 0.986213
-0.519615 -0.3 -0 0.642336 0.986213
-0.534604 -0.296412 -0 0.647177 0.988777
-0.69282 -0.4 -0 0.669615 0.912353
-0.534604 -0.296412 -0 0.647177 0.988777
-0.712805 -0.363192 -0 0.681935 0.936109
-0.69282 -0.4 -0 0.669615 0.912353
-0.69282 -0.4 -0 0.669615 0.912353
-0.712805 -0.363192 -0 0.681935 0.936109
-0.866025 -0.5 -0 0.691512 0.853064
-0.712805 -0.363192 -0 0.681935 0.936109
-0.891007 -0.453991 -0 0.706466 0.877256
-0.866025 -0.5 -0 0.691512 0.853064
-0.866025 -0.5 -0 0.691512 0.853064
-0.891007 -0.453991 -0 0.706466 0.877256
-1.03923 -0.6 -0 0.709478 0.80442
-0.891007 -0.453991 -0 0.706466 0.877256
-1.06921 -0.544789 -0 0.726782 0.828516
-1.03923 -0.6 -0 0.709478 0.80442
-1.03923 -0.6 -0 0.709478 0.80442
-1.06921 -0.544789 -0 0.726782 0.828516
-1.21244 -0.7 -0 0.724484 0.763792
-1.06921 -0.544789 -0 0.726782 0.828516
-1.24741 -0.635587 -0 0.743883 0.787488
-1.21244 -0.7 -0 0.724484 0.763792
-1.21244 -0.7 -0 0.724484 0.763792
-1.24741 -0.635587 -0 0.743883 0.787488
-1.38564 -0.8 -0 0.737205 0.729348
-1.24741 -0.635587 -0 0.743883 0.787488
-1.42561 -0.726385 -0 0.758476 0.752478
-1.38564 -0.8 -0 0.737205 0.729348
-1.38564 -0.8 -0 0.737205 0.729348
-1.42561 -0.726385 -0 0.758476 0.752478
-1.55885 -0.9 -0 0.748127 0.699776
-1.42561 -0.726385 -0 0.758476 0.752478
-1.60381 -0.817183 -0 0.771076 0.72225
-1.55885 -0.9 -0 0.748127 0.699776
-1.55885 -0.9 -0 0.748127 0.699776
-1.60381 -0.817183 -0 0.771076 0.72225
-1.73205 -1 -0 0.757605 0.674111
-1.60381 -0.817183 -0 0.771076 0.72225
-1.78201 -0.907981 -0 0.782064 0.695888
-1.73205 -1 -0 0.757605 0.674111
-1.73205 -1 -0 0.757605 0.674111
-1.78201 -0.907981 -0 0.782064 0.695888
-1.90526 -1.1 -0 0.76591 0.651627
-1.78201 -0.907981 -0 0.782064 0.695888
-1.96021 -0.998779 -0 0.791732 0.672695
-1.90526 -1.1 -0 0.76591 0.651627
-1.90526 -1.1 -0 0.76591 0.651627
-1.96021 -0.998779 -0 0.791732 0.672695
-2.25527 -1.30208 0.04 0.783375 0.608553
-1.96021 -0.998779 -0 0.791732 0.672695
-2.32033 -1.18227 0.04 0.812202 0.628127
-2.25527 -1.30208 0.04 0.783375 0.608553
-2.25527 -1.30208 0.04 0.783375 0.608553
-2.32033 -1.18227 0.04 0.812202 0.628127
-2.42848 -1.40208 0.16 0.799681 0.576754
-2.32033 -1.18227 0.04 0.812202 0.628127
-2.49853 -1.27306 0.16 0.831494 0.595221
-2.42848 -1.40208 0.16 0.799681 0.576754
-2.42848 -1.40208 0.16 0.799681 0.576754
-2.49853 -1.27306 0.16 0.831494 0.595221
-2.60168 -1.50208 0.36 0.8232 0.534063
-2.49853 -1.27306 0.16 0.831494 0.595221
-2.67673 -1.36386 0.36 0.859604 0.550722
-2.60168 -1.50208 0.36 0.8232 0.534063
-2.60168 -1.50208 0.36 0.8232 0.534063
-2.67673 -1.36386 0.36 0.859604 0.550722
-2.77489 -1.60208 0.64 0.855926 0.476907
-2.67673 -1.36386 0.36 0.859604 0.550722
-2.85493 -1.45466 0.64 0.899277 0.490381
-2.77489 -1.60208 0.64 0.855926 0.476907
-2.77489 -1.60208 0.64 0.855926 0.476907
-2.85493 -1.45466 0.64 0.899277 0.490381
-2.94809 -1.70208 1 0.901555 0.399009
-2.85493 -1.45466 0.64 0.899277 0.490381
-3.03313 -1.54546 1 0.955697 0.406552
-2.94809 -1.70208 1 0.901555 0.399009
-2.94809 -1.70208 1 0.901555 0.399009
-3.03313 -1.54546 1 0.955697 0.406552
-3.1213 -1.80208 1.44 0.966933 0.288948
-0.167734 -0.296412 -0 0.543618 0.996181
-0.173205 -0.296412 -0 0.545174 0.99607
-0.335468 -0.296412 -0 0.591151 0.992782
-0.173205 -0.296412 -0 0.545174 0.99607
-0.34641 -0.296412 -0 0.594241 0.992562
-0.335468 -0.296412 -0 0.591151 0.992782
-0.335468 -0.296412 -0 0.591151 0.992782
-0.34641 -0.296412 -0 0.594241 0.992562
-0.503202 -0.326783 -0 0.633291 0.965894
-0.34641 -0.296412 -0 0.594241 0.992562
-0.519615 -0.3 -0 0.642336 0.986213
-0.503202 -0.326783 -0 0.633291 0.965894
-0.503202 -0.326783 -0 0.633291 0.965894
-0.519615 -0.3 -0 0.642336 0.986213
-0.670936 -0.435711 -0 0.657946 0.891042
-0.519615 -0.3 -0 0.642336 0.986213
-0.69282 -0.4 -0 0.669615 0.912353
-0.670936 -0.435711 -0 0.657946 0.891042
-0.670936 -0.435711 -0 0.657946 0.891042
-0.69282 -0.4 -0 0.669615 0.912353
-0.838671 -0.544639 -0 0.677535 0.831573
-0.69282 -0.4 -0 0.669615 0.912353
-0.866025 -0.5 -0 0.691512 0.853064
-0.838671 -0.544639 -0 0.677535 0.831573
-0.838671 -0.544639 -0 0.677535 0.831573
-0.866025 -0.5 -0 0.691512 0.853064
-1.0064 -0.653567 -0 0.693473 0.783188
-0.866025 -0.5 -0 0.691512 0.853064
-1.03923 -0.6 -0 0.709478 0.80442
-1.0064 -0.653567 -0 0.693473 0.783188
-1.0064 -0.653567 -0 0.693473 0.783188
-1.03923 -0.6 -0 0.709478 0.80442
-1.17414 -0.762495 -0 0.706694 0.74305
-1.03923 -0.6 -0 0.709478 0.80442
-1.21244 -0.7 -0 0.724484 0.763792
-1.17414 -0.762495 -0 0.706694 0.74305
-1.17414 -0.762495 -0 0.706694 0.74305
-1.21244 -0.7 -0 0.724484 0.763792
-1.34187 -0.871422 -0 0.717838 0.709218
-1.21244 -0.7 -0 0.724484 0.763792
-1.38564 -0.8 -0 0.737205 0.729348
-1.34187 -0.871422 -0 0.717838 0.709218
-1.34187 -0.871422 -0 0.717838 0.709218
-1.38564 -0.8 -0 0.737205 0.729348
-1.50961 -0.98035 -0 0.727359 0.680313
-1.38564 -0.8 -0 0.737205 0.729348
-1.55885 -0.9 -0 0.748127 0.699776
-1.50961 -0.98035 -0 0.727359 0.680313
-1.50961 -0.98035 -0 0.727359 0.680313
-1.55885 -0.9 -0 0.748127 0.699776
-1.67734 -1.08928 -0 0.735587 0.655333
-1.55885 -0.9 -0 0.748127 0.699776
-1.73205 -1 -0 0.757605 0.674111
-1.67734 -1.08928 -0 0.735587 0.655333
-1.67734 -1.08928 -0 0.735587 0.655333
-1.73205 -1 -0 0.757605 0.674111
-1.84508 -1.19821 -0 0.74277 0.633528
-1.73205 -1 -0 0.757605 0.674111
-1.90526 -1.1 -0 0.76591 0.651627
-1.84508 -1.19821 -0 0.74277 0.633528
-1.84508 -1.19821 -0 0.74277 0.633528
-1.90526 -1.1 -0 0.76591 0.651627
-2.18404 -1.41833 0.04 0.757787 0.591872
-1.90526 -1.1 -0 0.76591 0.651627
-2.25527 -1.30208 0.04 0.783375 0.608553
-2.18404 -1.41833 0.04 0.757787 0.591872
-2.18404 -1.41833 0.04 0.757787 0.591872
-2.25527 -1.30208 0.04 0.783375 0.608553
-2.35177 -1.52726 0.16 0.771691 0.561135
-2.25527 -1.30208 0.04 0.783375 0.608553
-2.42848 -1.40208 0.16 0.799681 0.576754
-2.35177 -1.52726 0.16 0.771691 0.561135
-2.35177 -1.52726 0.16 0.771691 0.561135
-2.42848 -1.40208 0.16 0.799681 0.576754
-2.5195 -1.63618 0.36 0.791571 0.520127
-2.42848 -1.40208 0.16 0.799681 0.576754
-2.60168 -1.50208 0.36 0.8232 0.534063
-2.5195 -1.63618 0.36 0.791571 0.520127
-2.5195 -1.63618 0.36 0.791571 0.520127
-2.60168 -1.50208 0.36 0.8232 0.534063
-2.68724 -1.74511 0.64 0.818909 0.465812
-2.60168 -1.50208 0.36 0.8232 0.534063
-2.77489 -1.60208 0.64 0.855926 0.476907
-2.68724 -1.74511 0.64 0.818909 0.465812
-2.68724 -1.74511 0.64 0.818909 0.465812
-2.77489 -1.60208 0.64 0.855926 0.476907
-2.85497 -1.85404 1 0.856408 0.392943
-2.77489 -1.60208 0.64 0.855926 0.476907
-2.94809 -1.70208 1 0.901555 0.399009
-2.85497 -1.85404 1 0.856408 0.392943
-2.85497 -1.85404 1 0.856408 0.392943
-2.94809 -1.70208 1 0.901555 0.399009
-3.02271 -1.96297 1.44 0.908925 0.292289
-2.94809 -1.70208 1 0.901555 0.399009
-3.1213 -1.80208 1.44 0.966933 0.288948
-3.02271 -1.96297 1.44 0.908925 0.292289
-3.02271 -1.96297 1.44 0.908925 0.292289
-3.1213 -1.80208 1.44 0.966933 0.288948
-3.19044 -2.0719 1.96 0.985677 0.146474
-0.161803 -0.296412 -0 0.541932 0.996302
-0.167734 -0.296412 -0 0.543618 0.996181
-0.323607 -0.296412 -0 0.5878 0.993022
-0.167734 -0.296412 -0 0.543618 0.996181
-0.335468 -0.296412 -0 0.591151 0.992782
-0.323607 -0.296412 -0 0.5878 0.993022
-0.323607 -0.296412 -0 0.5878 0.993022
-0.335468 -0.296412 -0 0.591151 0.992782
-0.48541 -0.352671 -0 0.624553 0.947441
-0.335468 -0.296412 -0 0.591151 0.992782
-0.503202 -0.326783 -0 0.633291 0.965894
-0.48541 -0.352671 -0 0.624553 0.947441
-0.48541 -0.352671 -0 0.624553 0.947441
-0.503202 -0.326783 -0 0.633291 0.965894
-0.647214 -0.470228 -0 0.64685 0.871901
-0.503202 -0.326783 -0 0.633291 0.965894
-0.670936 -0.435711 -0 0.657946 0.891042
-0.647214 -0.470228 -0 0.64685 0.871901
-0.647214 -0.470228 -0 0.64685 0.871901
-0.670936 -0.435711 -0 0.657946 0.891042
-0.809017 -0.587785 -0 0.664401 0.812439
-0.670936 -0.435711 -0 0.657946 0.891042
-0.838671 -0.544639 -0 0.677535 0.831573
-0.809017 -0.587785 -0 0.664401 0.812439
-0.809017 -0.587785 -0 0.664401 0.812439
-0.838671 -0.544639 -0 0.677535 0.831573
-0.97082 -0.705342 -0 0.678575 0.764418
-0.838671 -0.544639 -0 0.677535 0.831573
-1.0064 -0.653567 -0 0.693473 0.783188
-0.97082 -0.705342 -0 0.678575 0.764418
-0.97082 -0.705342 -0 0.678575 0.764418
-1.0064 -0.653567 -0 0.693473 0.783188
-1.13262 -0.822899 -0 0.690262 0.724824
-1.0064 -0.653567 -0 0.693473 0.783188
-1.17414 -0.762495 -0 0.706694 0.74305
-1.13262 -0.822899 -0 0.690262 0.724824
-1.13262 -0.822899 -0 0.690262 0.724824
-1.17414 -0.762495 -0 0.706694 0.74305
-1.29443 -0.940456 -0 0.700063 0.691618
-1.17414 -0.762495 -0 0.706694 0.74305
-1.34187 -0.871422 -0 0.717838 0.709218
-1.29443 -0.940456 -0 0.700063 0.691618
-1.29443 -0.940456 -0 0.700063 0.691618
-1.34187 -0.871422 -0 0.717838 0.709218
-1.45623 -1.05801 -0 0.7084 0.66337
-1.34187 -0.871422 -0 0.717838 0.709218
-1.50961 -0.98035 -0 0.727359 0.680313
-1.45623 -1.05801 -0 0.7084 0.66337
-1.45623 -1.05801 -0 0.7084 0.66337
-1.50961 -0.98035 -0 0.727359 0.680313
-1.61803 -1.17557 -0 0.71558 0.639046
-1.50961 -0.98035 -0 0.727359 0.680313
-1.67734 -1.08928 -0 0.735587 0.655333
-1.61803 -1.17557 -0 0.71558 0.639046
-1.61803 -1.17557 -0 0.71558 0.639046
-1.67734 -1.08928 -0 0.735587 0.655333
-1.77984 -1.29313 -0 0.721827 0.617883
-1.67734 -1.08928 -0 0.735587 0.655333
-1.84508 -1.19821 -0 0.74277 0.633528
-1.77984 -1.29313 -0 0.721827 0.617883
-1.77984 -1.29313 -0 0.721827 0.617883
-1.84508 -1.19821 -0 0.74277 0.633528
-2.10681 -1.53069 0.04 0.734819 0.577552
-1.84508 -1.19821 -0 0.74277 0.633528
-2.18404 -1.41833 0.04 0.757787 0.591872
-2.10681 -1.53069 0.04 0.734819 0.577552
-2.10681 -1.53069 0.04 0.734819 0.577552
-2.18404 -1.41833 0.04 0.757787 0.591872
-2.26862 -1.64825 0.16 0.74676 0.547814
-2.18404 -1.41833 0.04 0.757787 0.591872
-2.35177 -1.52726 0.16 0.771691 0.561135
-2.26862 -1.64825 0.16 0.74676 0.547814
-2.26862 -1.64825 0.16 0.74676 0.547814
-2.35177 -1.52726 0.16 0.771691 0.561135
-2.43042 -1.7658 0.36 0.763706 0.508354
-2.35177 -1.52726 0.16 0.771691 0.561135
-2.5195 -1.63618 0.36 0.791571 0.520127
-2.43042 -1.7658 0.36 0.763706 0.508354
-2.43042 -1.7658 0.36 0.763706 0.508354
-2.5195 -1.63618 0.36 0.791571 0.520127
-2.59222 -1.88336 0.64 0.786774 0.456563
-2.5195 -1.63618 0.36 0.791571 0.520127
-2.68724 -1.74511 0.64 0.818909 0.465812
-2.59222 -1.88336 0.64 0.786774 0.456563
-2.59222 -1.88336 0.64 0.786774 0.456563
-2.68724 -1.74511 0.64 0.818909 0.465812
-2.75403 -2.00092 1 0.817988 0.387989
-2.68724 -1.74511 0.64 0.818909 0.465812
-2.85497 -1.85404 1 0.856408 0.392943
-2.75403 -2.00092 1 0.817988 0.387989
-2.75403 -2.00092 1 0.817988 0.387989
-2.85497 -1.85404 1 0.856408 0.392943
-2.91583 -2.11847 1.44 0.860892 0.295006
-2.85497 -1.85404 1 0.856408 0.392943
-3.02271 -1.96297 1.44 0.908925 0.292289
-2.91583 -2.11847 1.44 0.860892 0.295006
-2.91583 -2.11847 1.44 0.860892 0.295006
-3.02271 -1.96297 1.44 0.908925 0.292289
-3.07763 -2.23603 1.96 0.921956 0.163824
-3.02271 -1.96297 1.44 0.908925 0.292289
-3.19044 -2.0719 1.96 0.985677 0.146474
-3.07763 -2.23603 1.96 0.921956 0.163824
-0.155429 -0.296412 -0 0.540119 0.996431
-0.161803 -0.296412 -0 0.541932 0.996302
-0.310858 -0.296412 -0 0.584197 0.99328
-0.161803 -0.296412 -0 0.541932 0.996302
-0.323607 -0.296412 -0 0.5878 0.993022
-0.310858 -0.296412 -0 0.584197 0.99328
-0.310858 -0.296412 -0 0.584197 0.99328
-0.323607 -0.296412 -0 0.5878 0.993022
-0.466288 -0.377592 -0 0.616093 0.930689
-0.323607 -0.296412 -0 0.5878 0.993022
-0.48541 -0.352671 -0 0.624553 0.947441
-0.466288 -0.377592 -0 0.616093 0.930689
-0.466288 -0.377592 -0 0.616093 0.930689
-0.48541 -0.352671 -0 0.624553 0.947441
-0.621717 -0.503456 -0 0.636258 0.854695
-0.48541 -0.352671 -0 0.624553 0.947441
-0.647214 -0.470228 -0 0.64685 0.871901
-0.621717 -0.503456 -0 0.636258 0.854695
-0.621717 -0.503456 -0 0.636258 0.854695
-0.647214 -0.470228 -0 0.64685 0.871901
-0.777146 -0.62932 -0 0.651998 0.795376
-0.647214 -0.470228 -0 0.64685 0.871901
-0.809017 -0.587785 -0 0.664401 0.812439
-0.777146 -0.62932 -0 0.651998 0.795376
-0.777146 -0.62932 -0 0.651998 0.795376
-0.809017 -0.587785 -0 0.664401 0.812439
-0.932575 -0.755184 -0 0.664626 0.747786
-0.809017 -0.587785 -0 0.664401 0.812439
-0.97082 -0.705342 -0 0.678575 0.764418
-0.932575 -0.755184 -0 0.664626 0.747786
-0.932575 -0.755184 -0 0.664626 0.747786
-0.97082 -0.705342 -0 0.678575 0.764418
-1.088 -0.881049 -0 0.674982 0.708759
-0.97082 -0.705342 -0 0.678575 0.764418
-1.13262 -0.822899 -0 0.690262 0.724824
-1.088 -0.881049 -0 0.674982 0.708759
-1.088 -0.881049 -0 0.674982 0.708759
-1.13262 -0.822899 -0 0.690262 0.724824
-1.24343 -1.00691 -0 0.683628 0.676174
-1.13262 -0.822899 -0 0.690262 0.724824
-1.29443 -0.940456 -0 0.700063 0.691618
-1.24343 -1.00691 -0 0.683628 0.676174
-1.24343 -1.00691 -0 0.683628 0.676174
-1.29443 -0.940456 -0 0.700063 0.691618
-1.39886 -1.13278 -0 0.690955 0.648559
-1.29443 -0.940456 -0 0.700063 0.691618
-1.45623 -1.05801 -0 0.7084 0.66337
-1.39886 -1.13278 -0 0.690955 0.648559
-1.39886 -1.13278 -0 0.690955 0.648559
-1.45623 -1.05801 -0 0.7084 0.66337
-1.55429 -1.25864 -0 0.697245 0.624856
-1.45623 -1.05801 -0 0.7084 0.66337
-1.61803 -1.17557 -0 0.71558 0.639046
-1.55429 -1.25864 -0 0.697245 0.624856
-1.55429 -1.25864 -0 0.697245 0.624856
-1.61803 -1.17557 -0 0.71558 0.639046
-1.70972 -1.3845 -0 0.702702 0.60429
-1.61803 -1.17557 -0 0.71558 0.639046
-1.77984 -1.29313 -0 0.721827 0.617883
-1.70972 -1.3845 -0 0.702702 0.60429
-1.70972 -1.3845 -0 0.702702 0.60429
-1.77984 -1.29313 -0 0.721827 0.617883
-2.02381 -1.63885 0.04 0.713999 0.565186
-1.77984 -1.29313 -0 0.721827 0.617883
-2.10681 -1.53069 0.04 0.734819 0.577552
-2.02381 -1.63885 0.04 0.713999 0.565186
-2.02381 -1.63885 0.04 0.713999 0.565186
-2.10681 -1.53069 0.04 0.734819 0.577552
-2.17924 -1.76472 0.16 0.724312 0.536377
-2.10681 -1.53069 0.04 0.734819 0.577552
-2.26862 -1.64825 0.16 0.74676 0.547814
-2.17924 -1.76472 0.16 0.724312 0.536377
-2.17924 -1.76472 0.16 0.724312 0.536377
-2.26862 -1.64825 0.16 0.74676 0.547814
-2.33467 -1.89058 0.36 0.738852 0.498328
-2.26862 -1.64825 0.16 0.74676 0.547814
-2.43042 -1.7658 0.36 0.763706 0.508354
-2.33467 -1.89058 0.36 0.738852 0.498328
-2.33467 -1.89058 0.36 0.738852 0.498328
-2.43042 -1.7658 0.36 0.763706 0.508354
-2.4901 -2.01645 0.64 0.758475 0.448777
-2.43042 -1.7658 0.36 0.763706 0.508354
-2.59222 -1.88336 0.64 0.786774 0.456563
-2.4901 -2.01645 0.64 0.758475 0.448777
-2.4901 -2.01645 0.64 0.758475 0.448777
-2.59222 -1.88336 0.64 0.786774 0.456563
-2.64553 -2.14231 1 0.784722 0.383894
-2.59222 -1.88336 0.64 0.786774 0.456563
-2.75403 -2.00092 1 0.817988 0.387989
-2.64553 -2.14231 1 0.784722 0.383894
-2.64553 -2.14231 1 0.784722 0.383894
-2.75403 -2.00092 1 0.817988 0.387989
-2.80096 -2.26817 1.44 0.820242 0.29726
-2.75403 -2.00092 1 0.817988 0.387989
-2.91583 -2.11847 1.44 0.860892 0.295006
-2.80096 -2.26817 1.44 0.820242 0.29726
-2.80096 -2.26817 1.44 0.820242 0.29726
-2.91583 -2.11847 1.44 0.860892 0.295006
-2.95639 -2.39404 1.96 0.869719 0.177638
-2.91583 -2.11847 1.44 0.860892 0.295006
-3.07763 -2.23603 1.96 0.921956 0.163824
-2.95639 -2.39404 1.96 0.869719 0.177638
-2.95639 -2.39404 1.96 0.869719 0.177638
-3.07763 -2.23603 1.96 0.921956 0.163824
-3.11182 -2.5199 2.56 0.942042 0.00377577
-0.148629 -0.296412 -0 0.538184 0.996569
-0.155429 -0.296412 -0 0.540119 0.996431
-0.297258 -0.296412 -0 0.580351 0.993555
-0.155429 -0.296412 -0 0.540119 0.996431
-0.310858 -0.296412 -0 0.584197 0.99328
-0.297258 -0.296412 -0 0.580351 0.993555
-0.297258 -0.296412 -0 0.580351 0.993555
-0.310858 -0.296412 -0 0.584197 0.99328
-0.445887 -0.401478 -0 0.607883 0.915492
-0.310858 -0.296412 -0 0.584197 0.99328
-0.466288 -0.377592 -0 0.616093 0.930689
-0.445887 -0.401478 -0 0.607883 0.915492
-0.445887 -0.401478 -0 0.607883 0.915492
-0.466288 -0.377592 -0 0.616093 0.930689
-0.594516 -0.535304 -0 0.626111 0.839229
-0.466288 -0.377592 -0 0.616093 0.930689
-0.621717 -0.503456 -0 0.636258 0.854695
-0.594516 -0.535304 -0 0.626111 0.839229
-0.594516 -0.535304 -0 0.626111 0.839229
-0.621717 -0.503456 -0 0.636258 0.854695
-0.743145 -0.669131 -0 0.640232 0.780145
-0.621717 -0.503456 -0 0.636258 0.854695
-0.777146 -0.62932 -0 0.651998 0.795376
-0.743145 -0.669131 -0 0.640232 0.780145
-0.743145 -0.669131 -0 0.640232 0.780145
-0.777146 -0.62932 -0 0.651998 0.795376
-0.891774 -0.802957 -0 0.651495 0.733025
-0.777146 -0.62932 -0 0.651998 0.795376
-0.932575 -0.755184 -0 0.664626 0.747786
-0.891774 -0.802957 -0 0.651495 0.733025
-0.891774 -0.802957 -0 0.651495 0.733025
-0.932575 -0.755184 -0 0.664626 0.747786
-1.0404 -0.936783 -0 0.660686 0.694568
-0.932575 -0.755184 -0 0.664626 0.747786
-1.088 -0.881049 -0 0.674982 0.708759
-1.0404 -0.936783 -0 0.660686 0.694568
-1.0404 -0.936783 -0 0.660686 0.694568
-1.088 -0.881049 -0 0.674982 0.708759
-1.18903 -1.07061 -0 0.66833 0.662586
-1.088 -0.881049 -0 0.674982 0.708759
-1.24343 -1.00691 -0 0.683628 0.676174
-1.18903 -1.07061 -0 0.66833 0.662586
-1.18903 -1.07061 -0 0.66833 0.662586
-1.24343 -1.00691 -0 0.683628 0.676174
-1.33766 -1.20444 -0 0.674787 0.635571
-1.24343 -1.00691 -0 0.683628 0.676174
-1.39886 -1.13278 -0 0.690955 0.648559
-1.33766 -1.20444 -0 0.674787 0.635571
-1.33766 -1.20444 -0 0.674787 0.635571
-1.39886 -1.13278 -0 0.690955 0.648559
-1.48629 -1.33826 -0 0.680313 0.612449
-1.39886 -1.13278 -0 0.690955 0.648559
-1.55429 -1.25864 -0 0.697245 0.624856
-1.48629 -1.33826 -0 0.680313 0.612449
-1.48629 -1.33826 -0 0.680313 0.612449
-1.55429 -1.25864 -0 0.697245 0.624856
-1.63492 -1.47209 -0 0.685096 0.592436
-1.55429 -1.25864 -0 0.697245 0.624856
-1.70972 -1.3845 -0 0.702702 0.60429
-1.63492 -1.47209 -0 0.685096 0.592436
-1.63492 -1.47209 -0 0.685096 0.592436
-1.70972 -1.3845 -0 0.702702 0.60429
-1.93527 -1.74253 0.04 0.694957 0.55446
-1.70972 -1.3845 -0 0.702702 0.60429
-2.02381 -1.63885 0.04 0.713999 0.565186
-1.93527 -1.74253 0.04 0.694957 0.55446
-1.93527 -1.74253 0.04 0.694957 0.55446
-2.02381 -1.63885 0.04 0.713999 0.565186
-2.0839 -1.87635 0.16 0.703901 0.526505
-2.02381 -1.63885 0.04 0.713999 0.565186
-2.17924 -1.76472 0.16 0.724312 0.536377
-2.0839 -1.87635 0.16 0.703901 0.526505
-2.0839 -1.87635 0.16 0.703901 0.526505
-2.17924 -1.76472 0.16 0.724312 0.536377
-2.23253 -2.01018 0.36 0.716441 0.489737
-2.17924 -1.76472 0.16 0.724312 0.536377
-2.33467 -1.89058 0.36 0.738852 0.498328
-2.23253 -2.01018 0.36 0.716441 0.489737
-2.23253 -2.01018 0.36 0.716441 0.489737
-2.33467 -1.89058 0.36 0.738852 0.498328
-2.38116 -2.144 0.64 0.733238 0.442173
-2.33467 -1.89058 0.36 0.738852 0.498328
-2.4901 -2.01645 0.64 0.758475 0.448777
-2.38116 -2.144 0.64 0.733238 0.442173
-2.38116 -2.144 0.64 0.733238 0.442173
-2.4901 -2.01645 0.64 0.758475 0.448777
-2.52979 -2.27783 1 0.755485 0.380479
-2.4901 -2.01645 0.64 0.758475 0.448777
-2.64553 -2.14231 1 0.784722 0.383894
-2.52979 -2.27783 1 0.755485 0.380479
-2.52979 -2.27783 1 0.755485 0.380479
-2.64553 -2.14231 1 0.784722 0.383894
-2.67842 -2.41166 1.44 0.7852 0.29916
-2.64553 -2.14231 1 0.784722 0.383894
-2.80096 -2.26817 1.44 0.820242 0.29726
-2.67842 -2.41166 1.44 0.7852 0.29916
-2.67842 -2.41166 1.44 0.7852 0.29916
-2.80096 -2.26817 1.44 0.820242 0.29726
-2.82704 -2.54548 1.96 0.82586 0.188854
-2.80096 -2.26817 1.44 0.820242 0.29726
-2.95639 -2.39404 1.96 0.869719 0.177638
-2.82704 -2.54548 1.96 0.82586 0.188854
-2.82704 -2.54548 1.96 0.82586 0.188854
-2.95639 -2.39404 1.96 0.869719 0.177638
-2.97567 -2.67931 2.56 0.883815 0.0325289
-2.95639 -2.39404 1.96 0.869719 0.177638
-3.11182 -2.5199 2.56 0.942042 0.00377577
-2.97567 -2.67931 2.56 0.883815 0.0325289
-0.141421 -0.296412 -0 0.536133 0.996716
-0.148629 -0.296412 -0 0.538184 0.996569
-0.282843 -0.296412 -0 0.576272 0.993846
-0.148629 -0.296412 -0 0.538184 0.996569
-0.297258 -0.296412 -0 0.580351 0.993555
-0.282843 -0.296412 -0 0.576272 0.993846
-0.282843 -0.296412 -0 0.576272 0.993846
-0.297258 -0.296412 -0 0.580351 0.993555
-0.424264 -0.424264 -0 0.599899 0.901725
-0.297258 -0.296412 -0 0.580351 0.993555
-0.445887 -0.401478 -0 0.607883 0.915492
-0.424264 -0.424264 -0 0.599899 0.901725
-0.424264 -0.424264 -0 0.599899 0.901725
-0.445887 -0.401478 -0 0.607883 0.915492
-0.565685 -0.565685 -0 0.616358 0.825332
-0.445887 -0.401478 -0 0.607883 0.915492
-0.594516 -0.535304 -0 0.626111 0.839229
-0.565685 -0.565685 -0 0.616358 0.825332
-0.565685 -0.565685 -0 0.616358 0.825332
-0.594516 -0.535304 -0 0.626111 0.839229
-0.707107 -0.707107 -0 0.629023 0.766548
-0.594516 -0.535304 -0 0.626111 0.839229
-0.743145 -0.669131 -0 0.640232 0.780145
-0.707107 -0.707107 -0 0.629023 0.766548
-0.707107 -0.707107 -0 0.629023 0.766548
-0.743145 -0.669131 -0 0.640232 0.780145
-0.848528 -0.848528 -0 0.639071 0.719914
-0.743145 -0.669131 -0 0.640232 0.780145
-0.891774 -0.802957 -0 0.651495 0.733025
-0.848528 -0.848528 -0 0.639071 0.719914
-0.848528 -0.848528 -0 0.639071 0.719914
-0.891774 -0.802957 -0 0.651495 0.733025
-0.98995 -0.98995 -0 0.647236 0.682016
-0.891774 -0.802957 -0 0.651495 0.733025
-1.0404 -0.936783 -0 0.660686 0.694568
-0.98995 -0.98995 -0 0.647236 0.682016
-0.98995 -0.98995 -0 0.647236 0.682016
-1.0404 -0.936783 -0 0.660686 0.694568
-1.13137 -1.13137 -0 0.654002 0.65061
-1.0404 -0.936783 -0 0.660686 0.694568
-1.18903 -1.07061 -0 0.66833 0.662586
-1.13137 -1.13137 -0 0.654002 0.65061
-1.13137 -1.13137 -0 0.654002 0.65061
-1.18903 -1.07061 -0 0.66833 0.662586
-1.27279 -1.27279 -0 0.659701 0.624159
-1.18903 -1.07061 -0 0.66833 0.662586
-1.33766 -1.20444 -0 0.674787 0.635571
-1.27279 -1.27279 -0 0.659701 0.624159
-1.27279 -1.27279 -0 0.659701 0.624159
-1.33766 -1.20444 -0 0.674787 0.635571
-1.41421 -1.41421 -0 0.664566 0.601576
-1.33766 -1.20444 -0 0.674787 0.635571
-1.48629 -1.33826 -0 0.680313 0.612449
-1.41421 -1.41421 -0 0.664566 0.601576
-1.41421 -1.41421 -0 0.664566 0.601576
-1.48629 -1.33826 -0 0.680313 0.612449
-1.55563 -1.55563 -0 0.668769 0.58207
-1.48629 -1.33826 -0 0.680313 0.612449
-1.63492 -1.47209 -0 0.685096 0.592436
-1.55563 -1.55563 -0 0.668769 0.58207
-1.55563 -1.55563 -0 0.668769 0.58207
-1.63492 -1.47209 -0 0.685096 0.592436
-1.84142 -1.84142 0.04 0.677398 0.545125
-1.63492 -1.47209 -0 0.685096 0.592436
-1.93527 -1.74253 0.04 0.694957 0.55446
-1.84142 -1.84142 0.04 0.677398 0.545125
-1.84142 -1.84142 0.04 0.677398 0.545125
-1.93527 -1.74253 0.04 0.694957 0.55446
-1.98284 -1.98284 0.16 0.68518 0.517951
-1.93527 -1.74253 0.04 0.694957 0.55446
-2.0839 -1.87635 0.16 0.703901 0.526505
-1.98284 -1.98284 0.16 0.68518 0.517951
-1.98284 -1.98284 0.16 0.68518 0.517951
-2.0839 -1.87635 0.16 0.703901 0.526505
-2.12426 -2.12426 0.36 0.696034 0.48234
-2.0839 -1.87635 0.16 0.703901 0.526505
-2.23253 -2.01018 0.36 0.716441 0.489737
-2.12426 -2.12426 0.36 0.696034 0.48234
-2.12426 -2.12426 0.36 0.696034 0.48234
-2.23253 -2.01018 0.36 0.716441 0.489737
-2.26569 -2.26569 0.64 0.710478 0.436539
-2.23253 -2.01018 0.36 0.716441 0.489737
-2.38116 -2.144 0.64 0.733238 0.442173
-2.26569 -2.26569 0.64 0.710478 0.436539
-2.26569 -2.26569 0.64 0.710478 0.436539
-2.38116 -2.144 0.64 0.733238 0.442173
-2.40711 -2.40711 1 0.729448 0.377611
-2.38116 -2.144 0.64 0.733238 0.442173
-2.52979 -2.27783 1 0.755485 0.380479
-2.40711 -2.40711 1 0.729448 0.377611
-2.40711 -2.40711 1 0.729448 0.377611
-2.52979 -2.27783 1 0.755485 0.380479
-2.54853 -2.54853 1.44 0.754507 0.300784
-2.52979 -2.27783 1 0.755485 0.380479
-2.67842 -2.41166 1.44 0.7852 0.29916
-2.54853 -2.54853 1.44 0.754507 0.300784
-2.54853 -2.54853 1.44 0.754507 0.300784
-2.67842 -2.41166 1.44 0.7852 0.29916
-2.68995 -2.68995 1.96 0.788288 0.198105
-2.67842 -2.41166 1.44 0.7852 0.29916
-2.82704 -2.54548 1.96 0.82586 0.188854
-2.68995 -2.68995 1.96 0.788288 0.198105
-2.68995 -2.68995 1.96 0.788288 0.198105
-2.82704 -2.54548 1.96 0.82586 0.188854
-2.83137 -2.83137 2.56 0.835455 0.0555618
-2.82704 -2.54548 1.96 0.82586 0.188854
-2.97567 -2.67931 2.56 0.883815 0.0325289
-2.83137 -2.83137 2.56 0.835455 0.0555618
-0.133826 -0.296412 -0 0.533971 0.996871
-0.141421 -0.296412 -0 0.536133 0.996716
-0.267652 -0.297258 -0 0.571892 0.993468
-0.141421 -0.296412 -0 0.536133 0.996716
-0.282843 -0.296412 -0 0.576272 0.993846
-0.267652 -0.297258 -0 0.571892 0.993468
-0.267652 -0.297258 -0 0.571892 0.993468
-0.282843 -0.296412 -0 0.576272 0.993846
-0.401478 -0.445887 -0 0.592119 0.889278
-0.282843 -0.296412 -0 0.576272 0.993846
-0.424264 -0.424264 -0 0.599899 0.901725
-0.401478 -0.445887 -0 0.592119 0.889278
-0.401478 -0.445887 -0 0.592119 0.889278
-0.424264 -0.424264 -0 0.599899 0.901725
-0.535304 -0.594516 -0 0.606955 0.81286
-0.424264 -0.424264 -0 0.599899 0.901725
-0.565685 -0.565685 -0 0.616358 0.825332
-0.535304 -0.594516 -0 0.606955 0.81286
-0.535304 -0.594516 -0 0.606955 0.81286
-0.565685 -0.565685 -0 0.616358 0.825332
-0.669131 -0.743145 -0 0.618301 0.754415
-0.565685 -0.565685 -0 0.616358 0.825332
-0.707107 -0.707107 -0 0.629023 0.766548
-0.669131 -0.743145 -0 0.618301 0.754415
-0.669131 -0.743145 -0 0.618301 0.754415
-0.707107 -0.707107 -0 0.629023 0.766548
-0.802957 -0.891774 -0 0.62726 0.708269
-0.707107 -0.707107 -0 0.629023 0.766548
-0.848528 -0.848528 -0 0.639071 0.719914
-0.802957 -0.891774 -0 0.62726 0.708269
-0.802957 -0.891774 -0 0.62726 0.708269
-0.848528 -0.848528 -0 0.639071 0.719914
-0.936783 -1.0404 -0 0.634513 0.670911
-0.848528 -0.848528 -0 0.639071 0.719914
-0.98995 -0.98995 -0 0.647236 0.682016
-0.936783 -1.0404 -0 0.634513 0.670911
-0.936783 -1.0404 -0 0.634513 0.670911
-0.98995 -0.98995 -0 0.647236 0.682016
-1.07061 -1.18903 -0 0.640505 0.640047
-0.98995 -0.98995 -0 0.647236 0.682016
-1.13137 -1.13137 -0 0.654002 0.65061
-1.07061 -1.18903 -0 0.640505 0.640047
-1.07061 -1.18903 -0 0.640505 0.640047
-1.13137 -1.13137 -0 0.654002 0.65061
-1.20444 -1.33766 -0 0.645538 0.61412
-1.13137 -1.13137 -0 0.654002 0.65061
-1.27279 -1.27279 -0 0.659701 0.624159
-1.20444 -1.33766 -0 0.645538 0.61412
-1.20444 -1.33766 -0 0.645538 0.61412
-1.27279 -1.27279 -0 0.659701 0.624159
-1.33826 -1.48629 -0 0.649826 0.592033
-1.27279 -1.27279 -0 0.659701 0.624159
-1.41421 -1.41421 -0 0.664566 0.601576
-1.33826 -1.48629 -0 0.649826 0.592033
-1.33826 -1.48629 -0 0.649826 0.592033
-1.41421 -1.41421 -0 0.664566 0.601576
-1.47209 -1.63492 -0 0.653523 0.572992
-1.41421 -1.41421 -0 0.664566 0.601576
-1.55563 -1.55563 -0 0.668769 0.58207
-1.47209 -1.63492 -0 0.653523 0.572992
-1.47209 -1.63492 -0 0.653523 0.572992
-1.55563 -1.55563 -0 0.668769 0.58207
-1.74253 -1.93527 0.04 0.661086 0.536984
-1.55563 -1.55563 -0 0.668769 0.58207
-1.84142 -1.84142 0.04 0.677398 0.545125
-1.74253 -1.93527 0.04 0.661086 0.536984
-1.74253 -1.93527 0.04 0.661086 0.536984
-1.84142 -1.84142 0.04 0.677398 0.545125
-1.87635 -2.0839 0.16 0.667868 0.510522
-1.84142 -1.84142 0.04 0.677398 0.545125
-1.98284 -1.98284 0.16 0.68518 0.517951
-1.87635 -2.0839 0.16 0.667868 0.510522
-1.87635 -2.0839 0.16 0.667868 0.510522
-1.98284 -1.98284 0.16 0.68518 0.517951
-2.01018 -2.23253 0.36 0.677285 0.475952
-1.98284 -1.98284 0.16 0.68518 0.517951
-2.12426 -2.12426 0.36 0.696034 0.48234
-2.01018 -2.23253 0.36 0.677285 0.475952
-2.01018 -2.23253 0.36 0.677285 0.475952
-2.12426 -2.12426 0.36 0.696034 0.48234
-2.144 -2.38116 0.64 0.689745 0.431714
-2.12426 -2.12426 0.36 0.696034 0.48234
-2.26569 -2.26569 0.64 0.710478 0.436539
-2.144 -2.38116 0.64 0.689745 0.431714
-2.144 -2.38116 0.64 0.689745 0.431714
-2.26569 -2.26569 0.64 0.710478 0.436539
-2.27783 -2.52979 1 0.70599 0.375193
-2.26569 -2.26569 0.64 0.710478 0.436539
-2.40711 -2.40711 1 0.729448 0.377611
-2.27783 -2.52979 1 0.70599 0.375193
-2.27783 -2.52979 1 0.70599 0.375193
-2.40711 -2.40711 1 0.729448 0.377611
-2.41166 -2.67842 1.44 0.727245 0.302187
-2.40711 -2.40711 1 0.729448 0.377611
-2.54853 -2.54853 1.44 0.754507 0.300784
-2.41166 -2.67842 1.44 0.727245 0.302187
-2.41166 -2.67842 1.44 0.727245 0.302187
-2.54853 -2.54853 1.44 0.754507 0.300784
-2.54548 -2.82704 1.96 0.755542 0.205828
-2.54853 -2.54853 1.44 0.754507 0.300784
-2.68995 -2.68995 1.96 0.788288 0.198105
-2.54548 -2.82704 1.96 0.755542 0.205828
-2.54548 -2.82704 1.96 0.755542 0.205828
-2.68995 -2.68995 1.96 0.788288 0.198105
-2.67931 -2.97567 2.56 0.794381 0.0743266
-2.68995 -2.68995 1.96 0.788288 0.198105
-2.83137 -2.83137 2.56 0.835455 0.0555618
-2.67931 -2.97567 2.56 0.794381 0.0743266
-0.125864 -0.296412 -0 0.531704 0.997033
-0.133826 -0.296412 -0 0.533971 0.996871
-0.251728 -0.310858 -0 0.566201 0.98294
-0.133826 -0.296412 -0 0.533971 0.996871
-0.267652 -0.297258 -0 0.571892 0.993468
-0.251728 -0.310858 -0 0.566201 0.98294
-0.251728 -0.310858 -0 0.566201 0.98294
-0.267652 -0.297258 -0 0.571892 0.993468
-0.377592 -0.466288 -0 0.584521 0.878055
-0.267652 -0.297258 -0 0.571892 0.993468
-0.401478 -0.445887 -0 0.592119 0.889278
-0.377592 -0.466288 -0 0.584521 0.878055
-0.377592 -0.466288 -0 0.584521 0.878055
-0.401478 -0.445887 -0 0.592119 0.889278
-0.503456 -0.621717 -0 0.59786 0.80169
-0.401478 -0.445887 -0 0.592119 0.889278
-0.535304 -0.594516 -0 0.606955 0.81286
-0.503456 -0.621717 -0 0.59786 0.80169
-0.503456 -0.621717 -0 0.59786 0.80169
-0.535304 -0.594516 -0 0.606955 0.81286
-0.62932 -0.777146 -0 0.608006 0.743605
-0.535304 -0.594516 -0 0.606955 0.81286
-0.669131 -0.743145 -0 0.618301 0.754415
-0.62932 -0.777146 -0 0.608006 0.743605
-0.62932 -0.777146 -0 0.608006 0.743605
-0.669131 -0.743145 -0 0.618301 0.754415
-0.755184 -0.932575 -0 0.615983 0.697938
-0.669131 -0.743145 -0 0.618301 0.754415
-0.802957 -0.891774 -0 0.62726 0.708269
-0.755184 -0.932575 -0 0.615983 0.697938
-0.755184 -0.932575 -0 0.615983 0.697938
-0.802957 -0.891774 -0 0.62726 0.708269
-0.881049 -1.088 -0 0.622419 0.661091
-0.802957 -0.891774 -0 0.62726 0.708269
-0.936783 -1.0404 -0 0.634513 0.670911
-0.881049 -1.088 -0 0.622419 0.661091
-0.881049 -1.088 -0 0.622419 0.661091
-0.936783 -1.0404 -0 0.634513 0.670911
-1.00691 -1.24343 -0 0.627722 0.630734
-0.936783 -1.0404 -0 0.634513 0.670911
-1.07061 -1.18903 -0 0.640505 0.640047
-1.00691 -1.24343 -0 0.627722 0.630734
-1.00691 -1.24343 -0 0.627722 0.630734
-1.07061 -1.18903 -0 0.640505 0.640047
-1.13278 -1.39886 -0 0.632166 0.605291
-1.07061 -1.18903 -0 0.640505 0.640047
-1.20444 -1.33766 -0 0.645538 0.61412
-1.13278 -1.39886 -0 0.632166 0.605291
-1.13278 -1.39886 -0 0.632166 0.605291
-1.20444 -1.33766 -0 0.645538 0.61412
-1.25864 -1.55429 -0 0.635945 0.583658
-1.20444 -1.33766 -0 0.645538 0.61412
-1.33826 -1.48629 -0 0.649826 0.592033
-1.25864 -1.55429 -0 0.635945 0.583658
-1.25864 -1.55429 -0 0.635945 0.583658
-1.33826 -1.48629 -0 0.649826 0.592033
-1.3845 -1.70972 -0 0.639197 0.565039
-1.33826 -1.48629 -0 0.649826 0.592033
-1.47209 -1.63492 -0 0.653523 0.572992
-1.3845 -1.70972 -0 0.639197 0.565039
-1.3845 -1.70972 -0 0.639197 0.565039
-1.47209 -1.63492 -0 0.653523 0.572992
-1.63885 -2.02381 0.04 0.645828 0.52988
-1.47209 -1.63492 -0 0.653523 0.572992
-1.74253 -1.93527 0.04 0.661086 0.536984
-1.63885 -2.02381 0.04 0.645828 0.52988
-1.63885 -2.02381 0.04 0.645828 0.52988
-1.74253 -1.93527 0.04 0.661086 0.536984
-1.76472 -2.17924 0.16 0.651742 0.504061
-1.74253 -1.93527 0.04 0.661086 0.536984
-1.87635 -2.0839 0.16 0.667868 0.510522
-1.76472 -2.17924 0.16 0.651742 0.504061
-1.76472 -2.17924 0.16 0.651742 0.504061
-1.87635 -2.0839 0.16 0.667868 0.510522
-1.89058 -2.33467 0.36 0.659919 0.470426
-1.87635 -2.0839 0.16 0.667868 0.510522
-2.01018 -2.23253 0.36 0.677285 0.475952
-1.89058 -2.33467 0.36 0.659919 0.470426
-1.89058 -2.33467 0.36 0.659919 0.470426
-2.01018 -2.23253 0.36 0.677285 0.475952
-2.01645 -2.4901 0.64 0.670685 0.427572
-2.01018 -2.23253 0.36 0.677285 0.475952
-2.144 -2.38116 0.64 0.689745 0.431714
-2.01645 -2.4901 0.64 0.670685 0.427572
-2.01645 -2.4901 0.64 0.670685 0.427572
-2.144 -2.38116 0.64 0.689745 0.431714
-2.14231 -2.64553 1 0.68463 0.373149
-2.144 -2.38116 0.64 0.689745 0.431714
-2.27783 -2.52979 1 0.70599 0.375193
-2.14231 -2.64553 1 0.68463 0.373149
-2.14231 -2.64553 1 0.68463 0.373149
-2.27783 -2.52979 1 0.70599 0.375193
-2.26817 -2.80096 1.44 0.702729 0.303413
-2.27783 -2.52979 1 0.70599 0.375193
-2.41166 -2.67842 1.44 0.727245 0.302187
-2.26817 -2.80096 1.44 0.702729 0.303413
-2.26817 -2.80096 1.44 0.702729 0.303413
-2.41166 -2.67842 1.44 0.727245 0.302187
-2.39404 -2.95639 1.96 0.726568 0.212339
-2.41166 -2.67842 1.44 0.727245 0.302187
-2.54548 -2.82704 1.96 0.755542 0.205828
-2.39404 -2.95639 1.96 0.726568 0.212339
-2.39404 -2.95639 1.96 0.726568 0.212339
-2.54548 -2.82704 1.96 0.755542 0.205828
-2.5199 -3.11182 2.56 0.758823 0.0898143
-2.54548 -2.82704 1.96 0.755542 0.205828
-2.67931 -2.97567 2.56 0.794381 0.0743266
-2.5199 -3.11182 2.56 0.758823 0.0898143
-0.117557 -0.296412 -0 0.529338 0.997202
-0.125864 -0.296412 -0 0.531704 0.997033
-0.235114 -0.323607 -0 0.560564 0.973402
-0.125864 -0.296412 -0 0.531704 0.997033
-0.251728 -0.310858 -0 0.566201 0.98294
-0.235114 -0.323607 -0 0.560564 0.973402
-0.235114 -0.323607 -0 0.560564 0.973402
-0.251728 -0.310858 -0 0.566201 0.98294
-0.352671 -0.48541 -0 0.577088 0.867971
-0.251728 -0.310858 -0 0.566201 0.98294
-0.377592 -0.466288 -0 0.584521 0.878055
-0.352671 -0.48541 -0 0.577088 0.867971
-0.352671 -0.48541 -0 0.577088 0.867971
-0.377592 -0.466288 -0 0.584521 0.878055
-0.470228 -0.647214 -0 0.589039 0.791716
-0.377592 -0.466288 -0 0.584521 0.878055
-0.503456 -0.621717 -0 0.59786 0.80169
-0.470228 -0.647214 -0 0.589039 0.791716
-0.470228 -0.647214 -0 0.589039 0.791716
-0.503456 -0.621717 -0 0.59786 0.80169
-0.587785 -0.809017 -0 0.598085 0.733998
-0.503456 -0.621717 -0 0.59786 0.80169
-0.62932 -0.777146 -0 0.608006 0.743605
-0.587785 -0.809017 -0 0.598085 0.733998
-0.587785 -0.809017 -0 0.598085 0.733998
-0.62932 -0.777146 -0 0.608006 0.743605
-0.705342 -0.97082 -0 0.60517 0.68879
-0.62932 -0.777146 -0 0.608006 0.743605
-0.755184 -0.932575 -0 0.615983 0.697938
-0.705342 -0.97082 -0 0.60517 0.68879
-0.705342 -0.97082 -0 0.60517 0.68879
-0.755184 -0.932575 -0 0.615983 0.697938
-0.822899 -1.13262 -0 0.610869 0.652423
-0.755184 -0.932575 -0 0.615983 0.697938
-0.881049 -1.088 -0 0.622419 0.661091
-0.822899 -1.13262 -0 0.610869 0.652423
-0.822899 -1.13262 -0 0.610869 0.652423
-0.881049 -1.088 -0 0.622419 0.661091
-0.940456 -1.29443 -0 0.615554 0.622534
-0.881049 -1.088 -0 0.622419 0.661091
-1.00691 -1.24343 -0 0.627722 0.630734
-0.940456 -1.29443 -0 0.615554 0.622534
-0.940456 -1.29443 -0 0.615554 0.622534
-1.00691 -1.24343 -0 0.627722 0.630734
-1.05801 -1.45623 -0 0.619472 0.597534
-1.00691 -1.24343 -0 0.627722 0.630734
-1.13278 -1.39886 -0 0.632166 0.605291
-1.05801 -1.45623 -0 0.619472 0.597534
-1.05801 -1.45623 -0 0.619472 0.597534
-1.13278 -1.39886 -0 0.632166 0.605291
-1.17557 -1.61803 -0 0.622798 0.576314
-1.13278 -1.39886 -0 0.632166 0.605291
-1.25864 -1.55429 -0 0.635945 0.583658
-1.17557 -1.61803 -0 0.622798 0.576314
-1.17557 -1.61803 -0 0.622798 0.576314
-1.25864 -1.55429 -0 0.635945 0.583658
-1.29313 -1.77984 -0 0.625656 0.558077
-1.25864 -1.55429 -0 0.635945 0.583658
-1.3845 -1.70972 -0 0.639197 0.565039
-1.29313 -1.77984 -0 0.625656 0.558077
-1.29313 -1.77984 -0 0.625656 0.558077
-1.3845 -1.70972 -0 0.639197 0.565039
-1.53069 -2.10681 0.04 0.631464 0.523683
-1.3845 -1.70972 -0 0.639197 0.565039
-1.63885 -2.02381 0.04 0.645828 0.52988
-1.53069 -2.10681 0.04 0.631464 0.523683
-1.53069 -2.10681 0.04 0.631464 0.523683
-1.63885 -2.02381 0.04 0.645828 0.52988
-1.64825 -2.26862 0.16 0.636616 0.498445
-1.63885 -2.02381 0.04 0.645828 0.52988
-1.76472 -2.17924 0.16 0.651742 0.504061
-1.64825 -2.26862 0.16 0.636616 0.498445
-1.64825 -2.26862 0.16 0.636616 0.498445
-1.76472 -2.17924 0.16 0.651742 0.504061
-1.7658 -2.43042 0.36 0.643712 0.465646
-1.76472 -2.17924 0.16 0.651742 0.504061
-1.89058 -2.33467 0.36 0.659919 0.470426
-1.7658 -2.43042 0.36 0.643712 0.465646
-1.7658 -2.43042 0.36 0.643712 0.465646
-1.89058 -2.33467 0.36 0.659919 0.470426
-1.88336 -2.59222 0.64 0.653013 0.424016
-1.89058 -2.33467 0.36 0.659919 0.470426
-2.01645 -2.4901 0.64 0.670685 0.427572
-1.88336 -2.59222 0.64 0.653013 0.424016
-1.88336 -2.59222 0.64 0.653013 0.424016
-2.01645 -2.4901 0.64 0.670685 0.427572
-2.00092 -2.75403 1 0.664994 0.371422
-2.01645 -2.4901 0.64 0.670685 0.427572
-2.14231 -2.64553 1 0.68463 0.373149
-2.00092 -2.75403 1 0.664994 0.371422
-2.00092 -2.75403 1 0.664994 0.371422
-2.14231 -2.64553 1 0.68463 0.373149
-2.11847 -2.91583 1.44 0.680434 0.304492
-2.14231 -2.64553 1 0.68463 0.373149
-2.26817 -2.80096 1.44 0.702729 0.303413
-2.11847 -2.91583 1.44 0.680434 0.304492
-2.11847 -2.91583 1.44 0.680434 0.304492
-2.26817 -2.80096 1.44 0.702729 0.303413
-2.23603 -3.07763 1.96 0.700586 0.217868
-2.26817 -2.80096 1.44 0.702729 0.303413
-2.39404 -2.95639 1.96 0.726568 0.212339
-2.23603 -3.07763 1.96 0.700586 0.217868
-2.23603 -3.07763 1.96 0.700586 0.217868
-2.39404 -2.95639 1.96 0.726568 0.212339
-2.35359 -3.23944 2.56 0.727525 0.102724
-2.39404 -2.95639 1.96 0.726568 0.212339
-2.5199 -3.11182 2.56 0.758823 0.0898143
-2.35359 -3.23944 2.56 0.727525 0.102724
-0.108928 -0.296412 -0 0.526879 0.997378
-0.117557 -0.296412 -0 0.529338 0.997202
-0.217856 -0.335468 -0 0.554977 0.964808
-0.117557 -0.296412 -0 0.529338 0.997202
-0.235114 -0.323607 -0 0.560564 0.973402
-0.217856 -0.335468 -0 0.554977 0.964808
-0.217856 -0.335468 -0 0.554977 0.964808
-0.235114 -0.323607 -0 0.560564 0.973402
-0.326783 -0.503202 -0 0.5698 0.858954
-0.235114 -0.323607 -0 0.560564 0.973402
-0.352671 -0.48541 -0 0.577088 0.867971
-0.326783 -0.503202 -0 0.5698 0.858954
-0.326783 -0.503202 -0 0.5698 0.858954
-0.352671 -0.48541 -0 0.577088 0.867971
-0.435711 -0.670936 -0 0.580458 0.782846
-0.352671 -0.48541 -0 0.577088 0.867971
-0.470228 -0.647214 -0 0.589039 0.791716
-0.435711 -0.670936 -0 0.580458 0.782846
-0.435711 -0.670936 -0 0.580458 0.782846
-0.470228 -0.647214 -0 0.589039 0.791716
-0.544639 -0.838671 -0 0.58849 0.725491
-0.470228 -0.647214 -0 0.589039 0.791716
-0.587785 -0.809017 -0 0.598085 0.733998
-0.544639 -0.838671 -0 0.58849 0.725491
-0.544639 -0.838671 -0 0.58849 0.725491
-0.587785 -0.809017 -0 0.598085 0.733998
-0.653567 -1.0064 -0 0.59476 0.680717
-0.587785 -0.809017 -0 0.598085 0.733998
-0.705342 -0.97082 -0 0.60517 0.68879
-0.653567 -1.0064 -0 0.59476 0.680717
-0.653567 -1.0064 -0 0.59476 0.680717
-0.705342 -0.97082 -0 0.60517 0.68879
-0.762495 -1.17414 -0 0.59979 0.644795
-0.705342 -0.97082 -0 0.60517 0.68879
-0.822899 -1.13262 -0 0.610869 0.652423
-0.762495 -1.17414 -0 0.59979 0.644795
-0.762495 -1.17414 -0 0.59979 0.644795
-0.822899 -1.13262 -0 0.610869 0.652423
-0.871422 -1.34187 -0 0.603916 0.615335
-0.822899 -1.13262 -0 0.610869 0.652423
-0.940456 -1.29443 -0 0.615554 0.622534
-0.871422 -1.34187 -0 0.603916 0.615335
-0.871422 -1.34187 -0 0.603916 0.615335
-0.940456 -1.29443 -0 0.615554 0.622534
-0.98035 -1.50961 -0 0.60736 0.590738
-0.940456 -1.29443 -0 0.615554 0.622534
-1.05801 -1.45623 -0 0.619472 0.597534
-0.98035 -1.50961 -0 0.60736 0.590738
-0.98035 -1.50961 -0 0.60736 0.590738
-1.05801 -1.45623 -0 0.619472 0.597534
-1.08928 -1.67734 -0 0.61028 0.569891
-1.05801 -1.45623 -0 0.619472 0.597534
-1.17557 -1.61803 -0 0.622798 0.576314
-1.08928 -1.67734 -0 0.61028 0.569891
-1.08928 -1.67734 -0 0.61028 0.569891
-1.17557 -1.61803 -0 0.622798 0.576314
-1.19821 -1.84508 -0 0.612785 0.551998
-1.17557 -1.61803 -0 0.622798 0.576314
-1.29313 -1.77984 -0 0.625656 0.558077
-1.19821 -1.84508 -0 0.612785 0.551998
-1.19821 -1.84508 -0 0.612785 0.551998
-1.29313 -1.77984 -0 0.625656 0.558077
-1.41833 -2.18404 0.04 0.617861 0.51829
-1.29313 -1.77984 -0 0.625656 0.558077
-1.53069 -2.10681 0.04 0.631464 0.523683
-1.41833 -2.18404 0.04 0.617861 0.51829
-1.41833 -2.18404 0.04 0.617861 0.51829
-1.53069 -2.10681 0.04 0.631464 0.523683
-1.52726 -2.35177 0.16 0.622337 0.493571
-1.53069 -2.10681 0.04 0.631464 0.523683
-1.64825 -2.26862 0.16 0.636616 0.498445
-1.52726 -2.35177 0.16 0.622337 0.493571
-1.52726 -2.35177 0.16 0.622337 0.493571
-1.64825 -2.26862 0.16 0.636616 0.498445
-1.63618 -2.5195 0.36 0.628482 0.461517
-1.64825 -2.26862 0.16 0.636616 0.498445
-1.7658 -2.43042 0.36 0.643712 0.465646
-1.63618 -2.5195 0.36 0.628482 0.461517
-1.63618 -2.5195 0.36 0.628482 0.461517
-1.7658 -2.43042 0.36 0.643712 0.465646
-1.74511 -2.68724 0.64 0.636502 0.420967
-1.7658 -2.43042 0.36 0.643712 0.465646
-1.88336 -2.59222 0.64 0.653013 0.424016
-1.74511 -2.68724 0.64 0.636502 0.420967
-1.74511 -2.68724 0.64 0.636502 0.420967
-1.88336 -2.59222 0.64 0.653013 0.424016
-1.85404 -2.85497 1 0.646783 0.369968
-1.88336 -2.59222 0.64 0.653013 0.424016
-2.00092 -2.75403 1 0.664994 0.371422
-1.85404 -2.85497 1 0.646783 0.369968
-1.85404 -2.85497 1 0.646783 0.369968
-2.00092 -2.75403 1 0.664994 0.371422
-1.96297 -3.02271 1.44 0.659952 0.30545
-2.00092 -2.75403 1 0.664994 0.371422
-2.11847 -2.91583 1.44 0.680434 0.304492
-1.96297 -3.02271 1.44 0.659952 0.30545
-1.96297 -3.02271 1.44 0.659952 0.30545
-2.11847 -2.91583 1.44 0.680434 0.304492
-2.0719 -3.19044 1.96 0.677005 0.222587
-2.11847 -2.91583 1.44 0.680434 0.304492
-2.23603 -3.07763 1.96 0.700586 0.217868
-2.0719 -3.19044 1.96 0.677005 0.222587
-2.0719 -3.19044 1.96 0.677005 0.222587
-2.23603 -3.07763 1.96 0.700586 0.217868
-2.18082 -3.35817 2.56 0.69957 0.11356
-2.23603 -3.07763 1.96 0.700586 0.217868
-2.35359 -3.23944 2.56 0.727525 0.102724
-2.18082 -3.35817 2.56 0.69957 0.11356
-0.1 -0.296412 -0 0.524334 0.99756
-0.108928 -0.296412 -0 0.526879 0.997378
-0.2 -0.34641 -0 0.549435 0.957117
-0.108928 -0.296412 -0 0.526879 0.997378
-0.217856 -0.335468 -0 0.554977 0.964808
-0.2 -0.34641 -0 0.549435 0.957117
-0.2 -0.34641 -0 0.549435 0.957117
-0.217856 -0.335468 -0 0.554977 0.964808
-0.3 -0.519615 -0 0.562644 0.850939
-0.217856 -0.335468 -0 0.554977 0.964808
-0.326783 -0.503202 -0 0.5698 0.858954
-0.3 -0.519615 -0 0.562644 0.850939
-0.3 -0.519615 -0 0.562644 0.850939
-0.326783 -0.503202 -0 0.5698 0.858954
-0.4 -0.69282 -0 0.57209 0.775002
-0.326783 -0.503202 -0 0.5698 0.858954
-0.435711 -0.670936 -0 0.580458 0.782846
-0.4 -0.69282 -0 0.57209 0.775002
-0.4 -0.69282 -0 0.57209 0.775002
-0.435711 -0.670936 -0 0.580458 0.782846
-0.5 -0.866025 -0 0.579181 0.717997
-0.435711 -0.670936 -0 0.580458 0.782846
-0.544639 -0.838671 -0 0.58849 0.725491
-0.5 -0.866025 -0 0.579181 0.717997
-0.5 -0.866025 -0 0.579181 0.717997
-0.544639 -0.838671 -0 0.58849 0.725491
-0.6 -1.03923 -0 0.5847 0.673628
-0.544639 -0.838671 -0 0.58849 0.725491
-0.653567 -1.0064 -0 0.59476 0.680717
-0.6 -1.03923 -0 0.5847 0.673628
-0.6 -1.03923 -0 0.5847 0.673628
-0.653567 -1.0064 -0 0.59476 0.680717
-0.7 -1.21244 -0 0.589118 0.638114
-0.653567 -1.0064 -0 0.59476 0.680717
-0.762495 -1.17414 -0 0.59979 0.644795
-0.7 -1.21244 -0 0.589118 0.638114
-0.7 -1.21244 -0 0.589118 0.638114
-0.762495 -1.17414 -0 0.59979 0.644795
-0.8 -1.38564 -0 0.592734 0.609044
-0.762495 -1.17414 -0 0.59979 0.644795
-0.871422 -1.34187 -0 0.603916 0.615335
-0.8 -1.38564 -0 0.592734 0.609044
-0.8 -1.38564 -0 0.592734 0.609044
-0.871422 -1.34187 -0 0.603916 0.615335
-0.9 -1.55885 -0 0.595749 0.58481
-0.871422 -1.34187 -0 0.603916 0.615335
-0.98035 -1.50961 -0 0.60736 0.590738
-0.9 -1.55885 -0 0.595749 0.58481
-0.9 -1.55885 -0 0.595749 0.58481
-0.98035 -1.50961 -0 0.60736 0.590738
-1 -1.73205 -0 0.598301 0.564298
-0.98035 -1.50961 -0 0.60736 0.590738
-1.08928 -1.67734 -0 0.61028 0.569891
-1 -1.73205 -0 0.598301 0.564298
-1 -1.73205 -0 0.598301 0.564298
-1.08928 -1.67734 -0 0.61028 0.569891
-1.1 -1.90526 -0 0.600488 0.546711
-1.08928 -1.67734 -0 0.61028 0.569891
-1.19821 -1.84508 -0 0.612785 0.551998
-1.1 -1.90526 -0 0.600488 0.546711
-1.1 -1.90526 -0 0.600488 0.546711
-1.19821 -1.84508 -0 0.612785 0.551998
-1.30208 -2.25527 0.04 0.604905 0.513615
-1.19821 -1.84508 -0 0.612785 0.551998
-1.41833 -2.18404 0.04 0.617861 0.51829
-1.30208 -2.25527 0.04 0.604905 0.513615
-1.30208 -2.25527 0.04 0.604905 0.513615
-1.41833 -2.18404 0.04 0.617861 0.51829
-1.40208 -2.42848 0.16 0.608777 0.489359
-1.41833 -2.18404 0.04 0.617861 0.51829
-1.52726 -2.35177 0.16 0.622337 0.493571
-1.40208 -2.42848 0.16 0.608777 0.489359
-1.40208 -2.42848 0.16 0.608777 0.489359
-1.52726 -2.35177 0.16 0.622337 0.493571
-1.50208 -2.60168 0.36 0.614074 0.457964
-1.52726 -2.35177 0.16 0.622337 0.493571
-1.63618 -2.5195 0.36 0.628482 0.461517
-1.50208 -2.60168 0.36 0.614074 0.457964
-1.50208 -2.60168 0.36 0.614074 0.457964
-1.63618 -2.5195 0.36 0.628482 0.461517
-1.60208 -2.77489 0.64 0.620962 0.418363
-1.63618 -2.5195 0.36 0.628482 0.461517
-1.74511 -2.68724 0.64 0.636502 0.420967
-1.60208 -2.77489 0.64 0.620962 0.418363
-1.60208 -2.77489 0.64 0.620962 0.418363
-1.74511 -2.68724 0.64 0.636502 0.420967
-1.70208 -2.94809 1 0.629755 0.368751
-1.74511 -2.68724 0.64 0.636502 0.420967
-1.85404 -2.85497 1 0.646783 0.369968
-1.70208 -2.94809 1 0.629755 0.368751
-1.70208 -2.94809 1 0.629755 0.368751
-1.85404 -2.85497 1 0.646783 0.369968
-1.80208 -3.1213 1.44 0.640957 0.306305
-1.85404 -2.85497 1 0.646783 0.369968
-1.96297 -3.02271 1.44 0.659952 0.30545
-1.80208 -3.1213 1.44 0.640957 0.306305
-1.80208 -3.1213 1.44 0.640957 0.306305
-1.96297 -3.02271 1.44 0.659952 0.30545
-1.90208 -3.2945 1.96 0.655365 0.22663
-1.96297 -3.02271 1.44 0.659952 0.30545
-2.0719 -3.19044 1.96 0.677005 0.222587
-1.90208 -3.2945 1.96 0.655365 0.22663
-1.90208 -3.2945 1.96 0.655365 0.22663
-2.0719 -3.19044 1.96 0.677005 0.222587
-2.00208 -3.46771 2.56 0.674267 0.122696
-2.0719 -3.19044 1.96 0.677005 0.222587
-2.18082 -3.35817 2.56 0.69957 0.11356
-2.00208 -3.46771 2.56 0.674267 0.122696
-0.0907981 -0.296412 -0 0.521711 0.997747
-0.1 -0.296412 -0 0.524334 0.99756
-0.181596 -0.356403 -0 0.543935 0.950293
-0.1 -0.296412 -0 0.524334 0.99756
-0.2 -0.34641 -0 0.549435 0.957117
-0.181596 -0.356403 -0 0.543935 0.950293
-0.181596 -0.356403 -0 0.543935 0.950293
-0.2 -0.34641 -0 0.549435 0.957117
-0.272394 -0.534604 -0 0.555602 0.843872
-0.2 -0.34641 -0 0.549435 0.957117
-0.3 -0.519615 -0 0.562644 0.850939
-0.272394 -0.534604 -0 0.555602 0.843872
-0.272394 -0.534604 -0 0.555602 0.843872
-0.3 -0.519615 -0 0.562644 0.850939
-0.363192 -0.712805 -0 0.563907 0.768117
-0.3 -0.519615 -0 0.562644 0.850939
-0.4 -0.69282 -0 0.57209 0.775002
-0.363192 -0.712805 -0 0.563907 0.768117
-0.363192 -0.712805 -0 0.563907 0.768117
-0.4 -0.69282 -0 0.57209 0.775002
-0.453991 -0.891007 -0 0.57012 0.711442
-0.4 -0.69282 -0 0.57209 0.775002
-0.5 -0.866025 -0 0.579181 0.717997
-0.453991 -0.891007 -0 0.57012 0.711442
-0.453991 -0.891007 -0 0.57012 0.711442
-0.5 -0.866025 -0 0.579181 0.717997
-0.544789 -1.06921 -0 0.574943 0.667446
-0.5 -0.866025 -0 0.579181 0.717997
-0.6 -1.03923 -0 0.5847 0.673628
-0.544789 -1.06921 -0 0.574943 0.667446
-0.544789 -1.06921 -0 0.574943 0.667446
-0.6 -1.03923 -0 0.5847 0.673628
-0.635587 -1.24741 -0 0.578796 0.632301
-0.6 -1.03923 -0 0.5847 0.673628
-0.7 -1.21244 -0 0.589118 0.638114
-0.635587 -1.24741 -0 0.578796 0.632301
-0.635587 -1.24741 -0 0.578796 0.632301
-0.7 -1.21244 -0 0.589118 0.638114
-0.726385 -1.42561 -0 0.581945 0.603581
-0.7 -1.21244 -0 0.589118 0.638114
-0.8 -1.38564 -0 0.592734 0.609044
-0.726385 -1.42561 -0 0.581945 0.603581
-0.726385 -1.42561 -0 0.581945 0.603581
-0.8 -1.38564 -0 0.592734 0.609044
-0.817183 -1.60381 -0 0.584566 0.579671
-0.8 -1.38564 -0 0.592734 0.609044
-0.9 -1.55885 -0 0.595749 0.58481
-0.817183 -1.60381 -0 0.584566 0.579671
-0.817183 -1.60381 -0 0.584566 0.579671
-0.9 -1.55885 -0 0.595749 0.58481
-0.907981 -1.78201 -0 0.586782 0.559457
-0.9 -1.55885 -0 0.595749 0.58481
-1 -1.73205 -0 0.598301 0.564298
-0.907981 -1.78201 -0 0.586782 0.559457
-0.907981 -1.78201 -0 0.586782 0.559457
-1 -1.73205 -0 0.598301 0.564298
-0.998779 -1.96021 -0 0.58868 0.542143
-1 -1.73205 -0 0.598301 0.564298
-1.1 -1.90526 -0 0.600488 0.546711
-0.998779 -1.96021 -0 0.58868 0.542143
-0.998779 -1.96021 -0 0.58868 0.542143
-1.1 -1.90526 -0 0.600488 0.546711
-1.18227 -2.32033 0.04 0.592499 0.509587
-1.1 -1.90526 -0 0.600488 0.546711
-1.30208 -2.25527 0.04 0.604905 0.513615
-1.18227 -2.32033 0.04 0.592499 0.509587
-1.18227 -2.32033 0.04 0.592499 0.509587
-1.30208 -2.25527 0.04 0.604905 0.513615
-1.27306 -2.49853 0.16 0.595825 0.485741
-1.30208 -2.25527 0.04 0.604905 0.513615
-1.40208 -2.42848 0.16 0.608777 0.489359
-1.27306 -2.49853 0.16 0.595825 0.485741
-1.27306 -2.49853 0.16 0.595825 0.485741
-1.40208 -2.42848 0.16 0.608777 0.489359
-1.36386 -2.67673 0.36 0.60036 0.454926
-1.40208 -2.42848 0.16 0.608777 0.489359
-1.50208 -2.60168 0.36 0.614074 0.457964
-1.36386 -2.67673 0.36 0.60036 0.454926
-1.36386 -2.67673 0.36 0.60036 0.454926
-1.50208 -2.60168 0.36 0.614074 0.457964
-1.45466 -2.85493 0.64 0.606237 0.416153
-1.50208 -2.60168 0.36 0.614074 0.457964
-1.60208 -2.77489 0.64 0.620962 0.418363
-1.45466 -2.85493 0.64 0.606237 0.416153
-1.45466 -2.85493 0.64 0.606237 0.416153
-1.60208 -2.77489 0.64 0.620962 0.418363
-1.54546 -3.03313 1 0.613711 0.367742
-1.60208 -2.77489 0.64 0.620962 0.418363
-1.70208 -2.94809 1 0.629755 0.368751
-1.54546 -3.03313 1 0.613711 0.367742
-1.54546 -3.03313 1 0.613711 0.367742
-1.70208 -2.94809 1 0.629755 0.368751
-1.63626 -3.21133 1.44 0.623187 0.307072
-1.70208 -2.94809 1 0.629755 0.368751
-1.80208 -3.1213 1.44 0.640957 0.306305
-1.63626 -3.21133 1.44 0.623187 0.307072
-1.63626 -3.21133 1.44 0.623187 0.307072
-1.80208 -3.1213 1.44 0.640957 0.306305
-1.72705 -3.38953 1.96 0.635306 0.230098
-1.80208 -3.1213 1.44 0.640957 0.306305
-1.90208 -3.2945 1.96 0.655365 0.22663
-1.72705 -3.38953 1.96 0.635306 0.230098
-1.72705 -3.38953 1.96 0.635306 0.230098
-1.90208 -3.2945 1.96 0.655365 0.22663
-1.81785 -3.56774 2.56 0.651087 0.130415
-1.90208 -3.2945 1.96 0.655365 0.22663
-2.00208 -3.46771 2.56 0.674267 0.122696
-1.81785 -3.56774 2.56 0.651087 0.130415
-0.0813473 -0.296412 -0 0.519015 0.99794
-0.0907981 -0.296412 -0 0.521711 0.997747
-0.162695 -0.365418 -0 0.538471 0.944303
-0.0907981 -0.296412 -0 0.521711 0.997747
-0.181596 -0.356403 -0 0.543935 0.950293
-0.162695 -0.365418 -0 0.538471 0.944303
-0.162695 -0.365418 -0 0.538471 0.944303
-0.181596 -0.356403 -0 0.543935 0.950293
-0.244042 -0.548127 -0 0.548661 0.837704
-0.181596 -0.356403 -0 0.543935 0.950293
-0.272394 -0.534604 -0 0.555602 0.843872
-0.244042 -0.548127 -0 0.548661 0.837704
-0.244042 -0.548127 -0 0.548661 0.837704
-0.272394 -0.534604 -0 0.555602 0.843872
-0.325389 -0.730836 -0 0.555885 0.762133
-0.272394 -0.534604 -0 0.555602 0.843872
-0.363192 -0.712805 -0 0.563907 0.768117
-0.325389 -0.730836 -0 0.555885 0.762133
-0.325389 -0.730836 -0 0.555885 0.762133
-0.363192 -0.712805 -0 0.563907 0.768117
-0.406737 -0.913545 -0 0.561274 0.705765
-0.363192 -0.712805 -0 0.563907 0.768117
-0.453991 -0.891007 -0 0.57012 0.711442
-0.406737 -0.913545 -0 0.561274 0.705765
-0.406737 -0.913545 -0 0.561274 0.705765
-0.453991 -0.891007 -0 0.57012 0.711442
-0.488084 -1.09625 -0 0.565447 0.662104
-0.453991 -0.891007 -0 0.57012 0.711442
-0.544789 -1.06921 -0 0.574943 0.667446
-0.488084 -1.09625 -0 0.565447 0.662104
-0.488084 -1.09625 -0 0.565447 0.662104
-0.544789 -1.06921 -0 0.574943 0.667446
-0.569431 -1.27896 -0 0.568775 0.62729
-0.544789 -1.06921 -0 0.574943 0.667446
-0.635587 -1.24741 -0 0.578796 0.632301
-0.569431 -1.27896 -0 0.568775 0.62729
-0.569431 -1.27896 -0 0.568775 0.62729
-0.635587 -1.24741 -0 0.578796 0.632301
-0.650779 -1.46167 -0 0.571491 0.598881
-0.635587 -1.24741 -0 0.578796 0.632301
-0.726385 -1.42561 -0 0.581945 0.603581
-0.650779 -1.46167 -0 0.571491 0.598881
-0.650779 -1.46167 -0 0.571491 0.598881
-0.726385 -1.42561 -0 0.581945 0.603581
-0.732126 -1.64438 -0 0.573749 0.575258
-0.726385 -1.42561 -0 0.581945 0.603581
-0.817183 -1.60381 -0 0.584566 0.579671
-0.732126 -1.64438 -0 0.573749 0.575258
-0.732126 -1.64438 -0 0.573749 0.575258
-0.817183 -1.60381 -0 0.584566 0.579671
-0.813473 -1.82709 -0 0.575656 0.555306
-0.817183 -1.60381 -0 0.584566 0.579671
-0.907981 -1.78201 -0 0.586782 0.559457
-0.813473 -1.82709 -0 0.575656 0.555306
-0.813473 -1.82709 -0 0.575656 0.555306
-0.907981 -1.78201 -0 0.586782 0.559457
-0.894821 -2.0098 -0 0.577289 0.538231
-0.907981 -1.78201 -0 0.586782 0.559457
-0.998779 -1.96021 -0 0.58868 0.542143
-0.894821 -2.0098 -0 0.577289 0.538231
-0.894821 -2.0098 -0 0.577289 0.538231
-0.998779 -1.96021 -0 0.58868 0.542143
-1.05921 -2.37902 0.04 0.58056 0.506149
-0.998779 -1.96021 -0 0.58868 0.542143
-1.18227 -2.32033 0.04 0.592499 0.509587
-1.05921 -2.37902 0.04 0.58056 0.506149
-1.05921 -2.37902 0.04 0.58056 0.506149
-1.18227 -2.32033 0.04 0.592499 0.509587
-1.14056 -2.56173 0.16 0.583387 0.482661
-1.18227 -2.32033 0.04 0.592499 0.509587
-1.27306 -2.49853 0.16 0.595825 0.485741
-1.14056 -2.56173 0.16 0.583387 0.482661
-1.14056 -2.56173 0.16 0.583387 0.482661
-1.27306 -2.49853 0.16 0.595825 0.485741
-1.2219 -2.74444 0.36 0.58723 0.452352
-1.27306 -2.49853 0.16 0.595825 0.485741
-1.36386 -2.67673 0.36 0.60036 0.454926
-1.2219 -2.74444 0.36 0.58723 0.452352
-1.2219 -2.74444 0.36 0.58723 0.452352
-1.36386 -2.67673 0.36 0.60036 0.454926
-1.30325 -2.92715 0.64 0.592194 0.414298
-1.36386 -2.67673 0.36 0.60036 0.454926
-1.45466 -2.85493 0.64 0.606237 0.416153
-1.30325 -2.92715 0.64 0.592194 0.414298
-1.30325 -2.92715 0.64 0.592194 0.414298
-1.45466 -2.85493 0.64 0.606237 0.416153
-1.3846 -3.10986 1 0.598484 0.36692
-1.45466 -2.85493 0.64 0.606237 0.416153
-1.54546 -3.03313 1 0.613711 0.367742
-1.3846 -3.10986 1 0.598484 0.36692
-1.3846 -3.10986 1 0.598484 0.36692
-1.54546 -3.03313 1 0.613711 0.367742
-1.46595 -3.29257 1.44 0.606427 0.307765
-1.54546 -3.03313 1 0.613711 0.367742
-1.63626 -3.21133 1.44 0.623187 0.307072
-1.46595 -3.29257 1.44 0.606427 0.307765
-1.46595 -3.29257 1.44 0.606427 0.307765
-1.63626 -3.21133 1.44 0.623187 0.307072
-1.54729 -3.47528 1.96 0.616535 0.233069
-1.63626 -3.21133 1.44 0.623187 0.307072
-1.72705 -3.38953 1.96 0.635306 0.230098
-1.54729 -3.47528 1.96 0.616535 0.233069
-1.54729 -3.47528 1.96 0.616535 0.233069
-1.72705 -3.38953 1.96 0.635306 0.230098
-1.62864 -3.65798 2.56 0.629615 0.13693
-1.72705 -3.38953 1.96 0.635306 0.230098
-1.81785 -3.56774 2.56 0.651087 0.130415
-1.62864 -3.65798 2.56 0.629615 0.13693
-1.62864 -3.65798 2.56 0.629615 0.13693
-1.81785 -3.56774 2.56 0.651087 0.130415
-1.70999 -3.84069 3.24 0.646989 0.00970362
-0.0716736 -0.296412 -0 0.516254 0.998137
-0.0813473 -0.296412 -0 0.519015 0.99794
-0.143347 -0.373432 -0 0.53304 0.939121
-0.0813473 -0.296412 -0 0.519015 0.99794
-0.162695 -0.365418 -0 0.538471 0.944303
-0.143347 -0.373432 -0 0.53304 0.939121
-0.143347 -0.373432 -0 0.53304 0.939121
-0.162695 -0.365418 -0 0.538471 0.944303
-0.215021 -0.560148 -0 0.541809 0.832395
-0.162695 -0.365418 -0 0.538471 0.944303
-0.244042 -0.548127 -0 0.548661 0.837704
-0.215021 -0.560148 -0 0.541809 0.832395
-0.215021 -0.560148 -0 0.541809 0.832395
-0.244042 -0.548127 -0 0.548661 0.837704
-0.286694 -0.746864 -0 0.548003 0.757002
-0.244042 -0.548127 -0 0.548661 0.837704
-0.325389 -0.730836 -0 0.555885 0.762133
-0.286694 -0.746864 -0 0.548003 0.757002
-0.286694 -0.746864 -0 0.548003 0.757002
-0.325389 -0.730836 -0 0.555885 0.762133
-0.358368 -0.93358 -0 0.552611 0.700911
-0.325389 -0.730836 -0 0.555885 0.762133
-0.406737 -0.913545 -0 0.561274 0.705765
-0.358368 -0.93358 -0 0.552611 0.700911
-0.358368 -0.93358 -0 0.552611 0.700911
-0.406737 -0.913545 -0 0.561274 0.705765
-0.430042 -1.1203 -0 0.556173 0.65755
-0.406737 -0.913545 -0 0.561274 0.705765
-0.488084 -1.09625 -0 0.565447 0.662104
-0.430042 -1.1203 -0 0.556173 0.65755
-0.430042 -1.1203 -0 0.556173 0.65755
-0.488084 -1.09625 -0 0.565447 0.662104
-0.501715 -1.30701 -0 0.55901 0.623027
-0.488084 -1.09625 -0 0.565447 0.662104
-0.569431 -1.27896 -0 0.568775 0.62729
-0.501715 -1.30701 -0 0.55901 0.623027
-0.501715 -1.30701 -0 0.55901 0.623027
-0.569431 -1.27896 -0 0.568775 0.62729
-0.573389 -1.49373 -0 0.561321 0.59489
-0.569431 -1.27896 -0 0.568775 0.62729
-0.650779 -1.46167 -0 0.571491 0.598881
-0.573389 -1.49373 -0 0.561321 0.59489
-0.573389 -1.49373 -0 0.561321 0.59489
-0.650779 -1.46167 -0 0.571491 0.598881
-0.645062 -1.68044 -0 0.563241 0.571517
-0.650779 -1.46167 -0 0.571491 0.598881
-0.732126 -1.64438 -0 0.573749 0.575258
-0.645062 -1.68044 -0 0.563241 0.571517
-0.645062 -1.68044 -0 0.563241 0.571517
-0.732126 -1.64438 -0 0.573749 0.575258
-0.716736 -1.86716 -0 0.564862 0.551793
-0.732126 -1.64438 -0 0.573749 0.575258
-0.813473 -1.82709 -0 0.575656 0.555306
-0.716736 -1.86716 -0 0.564862 0.551793
-0.716736 -1.86716 -0 0.564862 0.551793
-0.813473 -1.82709 -0 0.575656 0.555306
-0.788409 -2.05388 -0 0.566248 0.534925
-0.813473 -1.82709 -0 0.575656 0.555306
-0.894821 -2.0098 -0 0.577289 0.538231
-0.788409 -2.05388 -0 0.566248 0.534925
-0.788409 -2.05388 -0 0.566248 0.534925
-0.894821 -2.0098 -0 0.577289 0.538231
-0.933249 -2.4312 0.04 0.569013 0.503253
-0.894821 -2.0098 -0 0.577289 0.538231
-1.05921 -2.37902 0.04 0.58056 0.506149
-0.933249 -2.4312 0.04 0.569013 0.503253
-0.933249 -2.4312 0.04 0.569013 0.503253
-1.05921 -2.37902 0.04 0.58056 0.506149
-1.00492 -2.61791 0.16 0.571381 0.480075
-1.05921 -2.37902 0.04 0.58056 0.506149
-1.14056 -2.56173 0.16 0.583387 0.482661
-1.00492 -2.61791 0.16 0.571381 0.480075
-1.00492 -2.61791 0.16 0.571381 0.480075
-1.14056 -2.56173 0.16 0.583387 0.482661
-1.0766 -2.80463 0.36 0.574588 0.450203
-1.14056 -2.56173 0.16 0.583387 0.482661
-1.2219 -2.74444 0.36 0.58723 0.452352
-1.0766 -2.80463 0.36 0.574588 0.450203
-1.0766 -2.80463 0.36 0.574588 0.450203
-1.2219 -2.74444 0.36 0.58723 0.452352
-1.14827 -2.99134 0.64 0.578718 0.412764
-1.2219 -2.74444 0.36 0.58723 0.452352
-1.30325 -2.92715 0.64 0.592194 0.414298
-1.14827 -2.99134 0.64 0.578718 0.412764
-1.14827 -2.99134 0.64 0.578718 0.412764
-1.30325 -2.92715 0.64 0.592194 0.414298
-1.21994 -3.17806 1 0.583934 0.366267
-1.30325 -2.92715 0.64 0.592194 0.414298
-1.3846 -3.10986 1 0.598484 0.36692
-1.21994 -3.17806 1 0.583934 0.366267
-1.21994 -3.17806 1 0.583934 0.366267
-1.3846 -3.10986 1 0.598484 0.36692
-1.29162 -3.36478 1.44 0.590498 0.308393
-1.3846 -3.10986 1 0.598484 0.36692
-1.46595 -3.29257 1.44 0.606427 0.307765
-1.29162 -3.36478 1.44 0.590498 0.308393
-1.29162 -3.36478 1.44 0.590498 0.308393
-1.46595 -3.29257 1.44 0.606427 0.307765
-1.36329 -3.55149 1.96 0.598814 0.235607
-1.46595 -3.29257 1.44 0.606427 0.307765
-1.54729 -3.47528 1.96 0.616535 0.233069
-1.36329 -3.55149 1.96 0.598814 0.235607
-1.36329 -3.55149 1.96 0.598814 0.235607
-1.54729 -3.47528 1.96 0.616535 0.233069
-1.43496 -3.73821 2.56 0.609518 0.142406
-1.54729 -3.47528 1.96 0.616535 0.233069
-1.62864 -3.65798 2.56 0.629615 0.13693
-1.43496 -3.73821 2.56 0.609518 0.142406
-1.43496 -3.73821 2.56 0.609518 0.142406
-1.62864 -3.65798 2.56 0.629615 0.13693
-1.50664 -3.92492 3.24 0.623638 0.0198985
-1.62864 -3.65798 2.56 0.629615 0.13693
-1.70999 -3.84069 3.24 0.646989 0.00970362
-1.50664 -3.92492 3.24 0.623638 0.0198985
-0.0618034 -0.296412 -0 0.513437 0.998339
-0.0716736 -0.296412 -0 0.516254 0.998137
-0.123607 -0.380423 -0 0.527637 0.934721
-0.0716736 -0.296412 -0 0.516254 0.998137
-0.143347 -0.373432 -0 0.53304 0.939121
-0.123607 -0.380423 -0 0.527637 0.934721
-0.123607 -0.380423 -0 0.527637 0.934721
-0.143347 -0.373432 -0 0.53304 0.939121
-0.18541 -0.570634 -0 0.53503 0.827909
-0.143347 -0.373432 -0 0.53304 0.939121
-0.215021 -0.560148 -0 0.541809 0.832395
-0.18541 -0.570634 -0 0.53503 0.827909
-0.18541 -0.570634 -0 0.53503 0.827909
-0.215021 -0.560148 -0 0.541809 0.832395
-0.247214 -0.760845 -0 0.540238 0.752683
-0.215021 -0.560148 -0 0.541809 0.832395
-0.286694 -0.746864 -0 0.548003 0.757002
-0.247214 -0.760845 -0 0.540238 0.752683
-0.247214 -0.760845 -0 0.540238 0.752683
-0.286694 -0.746864 -0 0.548003 0.757002
-0.309017 -0.951057 -0 0.544103 0.696838
-0.286694 -0.746864 -0 0.548003 0.757002
-0.358368 -0.93358 -0 0.552611 0.700911
-0.309017 -0.951057 -0 0.544103 0.696838
-0.309017 -0.951057 -0 0.544103 0.696838
-0.358368 -0.93358 -0 0.552611 0.700911
-0.37082 -1.14127 -0 0.547086 0.653737
-0.358368 -0.93358 -0 0.552611 0.700911
-0.430042 -1.1203 -0 0.556173 0.65755
-0.37082 -1.14127 -0 0.547086 0.653737
-0.37082 -1.14127 -0 0.547086 0.653737
-0.430042 -1.1203 -0 0.556173 0.65755
-0.432624 -1.33148 -0 0.549459 0.619466
-0.430042 -1.1203 -0 0.556173 0.65755
-0.501715 -1.30701 -0 0.55901 0.623027
-0.432624 -1.33148 -0 0.549459 0.619466
-0.432624 -1.33148 -0 0.549459 0.619466
-0.501715 -1.30701 -0 0.55901 0.623027
-0.494427 -1.52169 -0 0.55139 0.591564
-0.501715 -1.30701 -0 0.55901 0.623027
-0.573389 -1.49373 -0 0.561321 0.59489
-0.494427 -1.52169 -0 0.55139 0.591564
-0.494427 -1.52169 -0 0.55139 0.591564
-0.573389 -1.49373 -0 0.561321 0.59489
-0.556231 -1.7119 -0 0.552993 0.568405
-0.573389 -1.49373 -0 0.561321 0.59489
-0.645062 -1.68044 -0 0.563241 0.571517
-0.556231 -1.7119 -0 0.552993 0.568405
-0.556231 -1.7119 -0 0.552993 0.568405
-0.645062 -1.68044 -0 0.563241 0.571517
-0.618034 -1.90211 -0 0.554345 0.548875
-0.645062 -1.68044 -0 0.563241 0.571517
-0.716736 -1.86716 -0 0.564862 0.551793
-0.618034 -1.90211 -0 0.554345 0.548875
-0.618034 -1.90211 -0 0.554345 0.548875
-0.716736 -1.86716 -0 0.564862 0.551793
-0.679837 -2.09232 -0 0.5555 0.532183
-0.716736 -1.86716 -0 0.564862 0.551793
-0.788409 -2.05388 -0 0.566248 0.534925
-0.679837 -2.09232 -0 0.5555 0.532183
-0.679837 -2.09232 -0 0.5555 0.532183
-0.788409 -2.05388 -0 0.566248 0.534925
-0.804731 -2.47671 0.04 0.557793 0.50086
-0.788409 -2.05388 -0 0.566248 0.534925
-0.933249 -2.4312 0.04 0.569013 0.503253
-0.804731 -2.47671 0.04 0.557793 0.50086
-0.804731 -2.47671 0.04 0.557793 0.50086
-0.933249 -2.4312 0.04 0.569013 0.503253
-0.866534 -2.66692 0.16 0.559734 0.477947
-0.933249 -2.4312 0.04 0.569013 0.503253
-1.00492 -2.61791 0.16 0.571381 0.480075
-0.866534 -2.66692 0.16 0.559734 0.477947
-0.866534 -2.66692 0.16 0.559734 0.477947
-1.00492 -2.61791 0.16 0.571381 0.480075
-0.928337 -2.85713 0.36 0.562351 0.448445
-1.00492 -2.61791 0.16 0.571381 0.480075
-1.0766 -2.80463 0.36 0.574588 0.450203
-0.928337 -2.85713 0.36 0.562351 0.448445
-0.928337 -2.85713 0.36 0.562351 0.448445
-1.0766 -2.80463 0.36 0.574588 0.450203
-0.990141 -3.04734 0.64 0.56571 0.411526
-1.0766 -2.80463 0.36 0.574588 0.450203
-1.14827 -2.99134 0.64 0.578718 0.412764
-0.990141 -3.04734 0.64 0.56571 0.411526
-0.990141 -3.04734 0.64 0.56571 0.411526
-1.14827 -2.99134 0.64 0.578718 0.412764
-1.05194 -3.23755 1 0.56994 0.365769
-1.14827 -2.99134 0.64 0.578718 0.412764
-1.21994 -3.17806 1 0.583934 0.366267
-1.05194 -3.23755 1 0.56994 0.365769
-1.05194 -3.23755 1 0.56994 0.365769
-1.21994 -3.17806 1 0.583934 0.366267
-1.11375 -3.42776 1.44 0.575245 0.308964
-1.21994 -3.17806 1 0.583934 0.366267
-1.29162 -3.36478 1.44 0.590498 0.308393
-1.11375 -3.42776 1.44 0.575245 0.308964
-1.11375 -3.42776 1.44 0.575245 0.308964
-1.29162 -3.36478 1.44 0.590498 0.308393
-1.17555 -3.61797 1.96 0.581942 0.23776
-1.29162 -3.36478 1.44 0.590498 0.308393
-1.36329 -3.55149 1.96 0.598814 0.235607
-1.17555 -3.61797 1.96 0.581942 0.23776
-1.17555 -3.61797 1.96 0.581942 0.23776
-1.36329 -3.55149 1.96 0.598814 0.235607
-1.23735 -3.80819 2.56 0.590522 0.146972
-1.36329 -3.55149 1.96 0.598814 0.235607
-1.43496 -3.73821 2.56 0.609518 0.142406
-1.23735 -3.80819 2.56 0.590522 0.146972
-1.23735 -3.80819 2.56 0.590522 0.146972
-1.43496 -3.73821 2.56 0.609518 0.142406
-1.29916 -3.9984 3.24 0.601776 0.0282959
-1.43496 -3.73821 2.56 0.609518 0.142406
-1.50664 -3.92492 3.24 0.623638 0.0198985
-1.29916 -3.9984 3.24 0.601776 0.0282959
-0.0517638 -0.296412 -0 0.51057 0.998544
-0.0618034 -0.296412 -0 0.513437 0.998339
-0.103528 -0.38637 -0 0.522258 0.931085
-0.0618034 -0.296412 -0 0.513437 0.998339
-0.123607 -0.380423 -0 0.527637 0.934721
-0.103528 -0.38637 -0 0.522258 0.931085
-0.103528 -0.38637 -0 0.522258 0.931085
-0.123607 -0.380423 -0 0.527637 0.934721
-0.155291 -0.579556 -0 0.528315 0.824218
-0.123607 -0.380423 -0 0.527637 0.934721
-0.18541 -0.570634 -0 0.53503 0.827909
-0.155291 -0.579556 -0 0.528315 0.824218
-0.155291 -0.579556 -0 0.528315 0.824218
-0.18541 -0.570634 -0 0.53503 0.827909
-0.207055 -0.772741 -0 0.532571 0.749143
-0.18541 -0.570634 -0 0.53503 0.827909
-0.247214 -0.760845 -0 0.540238 0.752683
-0.207055 -0.772741 -0 0.532571 0.749143
-0.207055 -0.772741 -0 0.532571 0.749143
-0.247214 -0.760845 -0 0.540238 0.752683
-0.258819 -0.965926 -0 0.535724 0.693508
-0.247214 -0.760845 -0 0.540238 0.752683
-0.309017 -0.951057 -0 0.544103 0.696838
-0.258819 -0.965926 -0 0.535724 0.693508
-0.258819 -0.965926 -0 0.535724 0.693508
-0.309017 -0.951057 -0 0.544103 0.696838
-0.310583 -1.15911 -0 0.538155 0.65063
-0.309017 -0.951057 -0 0.544103 0.696838
-0.37082 -1.14127 -0 0.547086 0.653737
-0.310583 -1.15911 -0 0.538155 0.65063
-0.310583 -1.15911 -0 0.538155 0.65063
-0.37082 -1.14127 -0 0.547086 0.653737
-0.362347 -1.3523 -0 0.540085 0.616571
-0.37082 -1.14127 -0 0.547086 0.653737
-0.432624 -1.33148 -0 0.549459 0.619466
-0.362347 -1.3523 -0 0.540085 0.616571
-0.362347 -1.3523 -0 0.540085 0.616571
-0.432624 -1.33148 -0 0.549459 0.619466
-0.41411 -1.54548 -0 0.541656 0.588864
-0.432624 -1.33148 -0 0.549459 0.619466
-0.494427 -1.52169 -0 0.55139 0.591564
-0.41411 -1.54548 -0 0.541656 0.588864
-0.41411 -1.54548 -0 0.541656 0.588864
-0.494427 -1.52169 -0 0.55139 0.591564
-0.465874 -1.73867 -0 0.542958 0.565885
-0.494427 -1.52169 -0 0.55139 0.591564
-0.556231 -1.7119 -0 0.552993 0.568405
-0.465874 -1.73867 -0 0.542958 0.565885
-0.465874 -1.73867 -0 0.542958 0.565885
-0.556231 -1.7119 -0 0.552993 0.568405
-0.517638 -1.93185 -0 0.544056 0.546517
-0.556231 -1.7119 -0 0.552993 0.568405
-0.618034 -1.90211 -0 0.554345 0.548875
-0.517638 -1.93185 -0 0.544056 0.546517
-0.517638 -1.93185 -0 0.544056 0.546517
-0.618034 -1.90211 -0 0.554345 0.548875
-0.569402 -2.12504 -0 0.544994 0.529972
-0.618034 -1.90211 -0 0.554345 0.548875
-0.679837 -2.09232 -0 0.5555 0.532183
-0.569402 -2.12504 -0 0.544994 0.529972
-0.569402 -2.12504 -0 0.544994 0.529972
-0.679837 -2.09232 -0 0.5555 0.532183
-0.674007 -2.51543 0.04 0.546842 0.498939
-0.679837 -2.09232 -0 0.5555 0.532183
-0.804731 -2.47671 0.04 0.557793 0.50086
-0.674007 -2.51543 0.04 0.546842 0.498939
-0.674007 -2.51543 0.04 0.546842 0.498939
-0.804731 -2.47671 0.04 0.557793 0.50086
-0.725771 -2.70861 0.16 0.548381 0.476246
-0.804731 -2.47671 0.04 0.557793 0.50086
-0.866534 -2.66692 0.16 0.559734 0.477947
-0.725771 -2.70861 0.16 0.548381 0.476246
-0.725771 -2.70861 0.16 0.548381 0.476246
-0.866534 -2.66692 0.16 0.559734 0.477947
-0.777535 -2.9018 0.36 0.550444 0.447051
-0.866534 -2.66692 0.16 0.559734 0.477947
-0.928337 -2.85713 0.36 0.562351 0.448445
-0.777535 -2.9018 0.36 0.550444 0.447051
-0.777535 -2.9018 0.36 0.550444 0.447051
-0.928337 -2.85713 0.36 0.562351 0.448445
-0.829298 -3.09498 0.64 0.553083 0.410564
-0.928337 -2.85713 0.36 0.562351 0.448445
-0.990141 -3.04734 0.64 0.56571 0.411526
-0.829298 -3.09498 0.64 0.553083 0.410564
-0.829298 -3.09498 0.64 0.553083 0.410564
-0.990141 -3.04734 0.64 0.56571 0.411526
-0.881062 -3.28817 1 0.556396 0.365415
-0.990141 -3.04734 0.64 0.56571 0.411526
-1.05194 -3.23755 1 0.56994 0.365769
-0.881062 -3.28817 1 0.556396 0.365415
-0.881062 -3.28817 1 0.556396 0.365415
-1.05194 -3.23755 1 0.56994 0.365769
-0.932826 -3.48135 1.44 0.560538 0.309486
-1.05194 -3.23755 1 0.56994 0.365769
-1.11375 -3.42776 1.44 0.575245 0.308964
-0.932826 -3.48135 1.44 0.560538 0.309486
-0.932826 -3.48135 1.44 0.560538 0.309486
-1.11375 -3.42776 1.44 0.575245 0.308964
-0.98459 -3.67454 1.96 0.565749 0.239567
-1.11375 -3.42776 1.44 0.575245 0.308964
-1.17555 -3.61797 1.96 0.581942 0.23776
-0.98459 -3.67454 1.96 0.565749 0.239567
-0.98459 -3.67454 1.96 0.565749 0.239567
-1.17555 -3.61797 1.96 0.581942 0.23776
-1.03635 -3.86772 2.56 0.5724 0.150727
-1.17555 -3.61797 1.96 0.581942 0.23776
-1.23735 -3.80819 2.56 0.590522 0.146972
-1.03635 -3.86772 2.56 0.5724 0.150727
-1.03635 -3.86772 2.56 0.5724 0.150727
-1.23735 -3.80819 2.56 0.590522 0.146972
-1.08812 -4.06091 3.24 0.581082 0.0351138
-1.23735 -3.80819 2.56 0.590522 0.146972
-1.29916 -3.9984 3.24 0.601776 0.0282959
-1.08812 -4.06091 3.24 0.581082 0.0351138
-0.0415823 -0.296412 -0 0.507661 0.998752
-0.0517638 -0.296412 -0 0.51057 0.998544
-0.0831647 -0.391259 -0 0.516898 0.928195
-0.0517638 -0.296412 -0 0.51057 0.998544
-0.103528 -0.38637 -0 0.522258 0.931085
-0.0831647 -0.391259 -0 0.516898 0.928195
-0.0831647 -0.391259 -0 0.516898 0.928195
-0.103528 -0.38637 -0 0.522258 0.931085
-0.124747 -0.586889 -0 0.521651 0.821299
-0.103528 -0.38637 -0 0.522258 0.931085
-0.155291 -0.579556 -0 0.528315 0.824218
-0.124747 -0.586889 -0 0.521651 0.821299
-0.124747 -0.586889 -0 0.521651 0.821299
-0.155291 -0.579556 -0 0.528315 0.824218
-0.166329 -0.782518 -0 0.524983 0.746352
-0.155291 -0.579556 -0 0.528315 0.824218
-0.207055 -0.772741 -0 0.532571 0.749143
-0.166329 -0.782518 -0 0.524983 0.746352
-0.166329 -0.782518 -0 0.524983 0.746352
-0.207055 -0.772741 -0 0.532571 0.749143
-0.207912 -0.978148 -0 0.527449 0.690894
-0.207055 -0.772741 -0 0.532571 0.749143
-0.258819 -0.965926 -0 0.535724 0.693508
-0.207912 -0.978148 -0 0.527449 0.690894
-0.207912 -0.978148 -0 0.527449 0.690894
-0.258819 -0.965926 -0 0.535724 0.693508
-0.249494 -1.17378 -0 0.529347 0.648197
-0.258819 -0.965926 -0 0.535724 0.693508
-0.310583 -1.15911 -0 0.538155 0.65063
-0.249494 -1.17378 -0 0.529347 0.648197
-0.249494 -1.17378 -0 0.529347 0.648197
-0.310583 -1.15911 -0 0.538155 0.65063
-0.291076 -1.36941 -0 0.530854 0.614311
-0.310583 -1.15911 -0 0.538155 0.65063
-0.362347 -1.3523 -0 0.540085 0.616571
-0.291076 -1.36941 -0 0.530854 0.614311
-0.291076 -1.36941 -0 0.530854 0.614311
-0.362347 -1.3523 -0 0.540085 0.616571
-0.332659 -1.56504 -0 0.532079 0.586764
-0.362347 -1.3523 -0 0.540085 0.616571
-0.41411 -1.54548 -0 0.541656 0.588864
-0.332659 -1.56504 -0 0.532079 0.586764
-0.332659 -1.56504 -0 0.532079 0.586764
-0.41411 -1.54548 -0 0.541656 0.588864
-0.374241 -1.76067 -0 0.533094 0.563929
-0.41411 -1.54548 -0 0.541656 0.588864
-0.465874 -1.73867 -0 0.542958 0.565885
-0.374241 -1.76067 -0 0.533094 0.563929
-0.374241 -1.76067 -0 0.533094 0.563929
-0.465874 -1.73867 -0 0.542958 0.565885
-0.415823 -1.9563 -0 0.53395 0.544692
-0.465874 -1.73867 -0 0.542958 0.565885
-0.517638 -1.93185 -0 0.544056 0.546517
-0.415823 -1.9563 -0 0.53395 0.544692
-0.415823 -1.9563 -0 0.53395 0.544692
-0.517638 -1.93185 -0 0.544056 0.546517
-0.457406 -2.15192 -0 0.53468 0.528266
-0.517638 -1.93185 -0 0.544056 0.546517
-0.569402 -2.12504 -0 0.544994 0.529972
-0.457406 -2.15192 -0 0.53468 0.528266
-0.457406 -2.15192 -0 0.53468 0.528266
-0.569402 -2.12504 -0 0.544994 0.529972
-0.541436 -2.54726 0.04 0.536104 0.497466
-0.569402 -2.12504 -0 0.544994 0.529972
-0.674007 -2.51543 0.04 0.546842 0.498939
-0.541436 -2.54726 0.04 0.536104 0.497466
-0.541436 -2.54726 0.04 0.536104 0.497466
-0.674007 -2.51543 0.04 0.546842 0.498939
-0.583018 -2.74289 0.16 0.537261 0.47495
-0.674007 -2.51543 0.04 0.546842 0.498939
-0.725771 -2.70861 0.16 0.548381 0.476246
-0.583018 -2.74289 0.16 0.537261 0.47495
-0.583018 -2.74289 0.16 0.537261 0.47495
-0.725771 -2.70861 0.16 0.548381 0.476246
-0.624601 -2.93851 0.36 0.5388 0.446003
-0.725771 -2.70861 0.16 0.548381 0.476246
-0.777535 -2.9018 0.36 0.550444 0.447051
-0.624601 -2.93851 0.36 0.5388 0.446003
-0.624601 -2.93851 0.36 0.5388 0.446003
-0.777535 -2.9018 0.36 0.550444 0.447051
-0.666183 -3.13414 0.64 0.540758 0.40986
-0.777535 -2.9018 0.36 0.550444 0.447051
-0.829298 -3.09498 0.64 0.553083 0.410564
-0.666183 -3.13414 0.64 0.540758 0.40986
-0.666183 -3.13414 0.64 0.540758 0.40986
-0.829298 -3.09498 0.64 0.553083 0.410564
-0.707765 -3.32977 1 0.543207 0.365196
-0.829298 -3.09498 0.64 0.553083 0.410564
-0.881062 -3.28817 1 0.556396 0.365415
-0.707765 -3.32977 1 0.543207 0.365196
-0.707765 -3.32977 1 0.543207 0.365196
-0.881062 -3.28817 1 0.556396 0.365415
-0.749348 -3.5254 1.44 0.54626 0.309962
-0.881062 -3.28817 1 0.556396 0.365415
-0.932826 -3.48135 1.44 0.560538 0.309486
-0.749348 -3.5254 1.44 0.54626 0.309962
-0.749348 -3.5254 1.44 0.54626 0.309962
-0.932826 -3.48135 1.44 0.560538 0.309486
-0.79093 -3.72103 1.96 0.550088 0.241059
-0.932826 -3.48135 1.44 0.560538 0.309486
-0.98459 -3.67454 1.96 0.565749 0.239567
-0.79093 -3.72103 1.96 0.550088 0.241059
-0.79093 -3.72103 1.96 0.550088 0.241059
-0.98459 -3.67454 1.96 0.565749 0.239567
-0.832512 -3.91666 2.56 0.554956 0.153746
-0.98459 -3.67454 1.96 0.565749 0.239567
-1.03635 -3.86772 2.56 0.5724 0.150727
-0.832512 -3.91666 2.56 0.554956 0.153746
-0.832512 -3.91666 2.56 0.554956 0.153746
-1.03635 -3.86772 2.56 0.5724 0.150727
-0.874095 -4.11229 3.24 0.561286 0.0405176
-1.03635 -3.86772 2.56 0.5724 0.150727
-1.08812 -4.06091 3.24 0.581082 0.0351138
-0.874095 -4.11229 3.24 0.561286 0.0405176
-0.0312869 -0.296412 -0 0.504719 0.998962
-0.0415823 -0.296412 -0 0.507661 0.998752
-0.0625738 -0.395075 -0 0.511553 0.926038
-0.0415823 -0.296412 -0 0.507661 0.998752
-0.0831647 -0.391259 -0 0.516898 0.928195
-0.0625738 -0.395075 -0 0.511553 0.926038
-0.0625738 -0.395075 -0 0.511553 0.926038
-0.0831647 -0.391259 -0 0.516898 0.928195
-0.0938607 -0.592613 -0 0.515026 0.819132
-0.0831647 -0.391259 -0 0.516898 0.928195
-0.124747 -0.586889 -0 0.521651 0.821299
-0.0938607 -0.592613 -0 0.515026 0.819132
-0.0938607 -0.592613 -0 0.515026 0.819132
-0.124747 -0.586889 -0 0.521651 0.821299
-0.125148 -0.790151 -0 0.517457 0.744292
-0.124747 -0.586889 -0 0.521651 0.821299
-0.166329 -0.782518 -0 0.524983 0.746352
-0.125148 -0.790151 -0 0.517457 0.744292
-0.125148 -0.790151 -0 0.517457 0.744292
-0.166329 -0.782518 -0 0.524983 0.746352
-0.156434 -0.987688 -0 0.519254 0.688971
-0.166329 -0.782518 -0 0.524983 0.746352
-0.207912 -0.978148 -0 0.527449 0.690894
-0.156434 -0.987688 -0 0.519254 0.688971
-0.156434 -0.987688 -0 0.519254 0.688971
-0.207912 -0.978148 -0 0.527449 0.690894
-0.187721 -1.18523 -0 0.520636 0.646416
-0.207912 -0.978148 -0 0.527449 0.690894
-0.249494 -1.17378 -0 0.529347 0.648197
-0.187721 -1.18523 -0 0.520636 0.646416
-0.187721 -1.18523 -0 0.520636 0.646416
-0.249494 -1.17378 -0 0.529347 0.648197
-0.219008 -1.38276 -0 0.521733 0.612663
-0.249494 -1.17378 -0 0.529347 0.648197
-0.291076 -1.36941 -0 0.530854 0.614311
-0.219008 -1.38276 -0 0.521733 0.612663
-0.219008 -1.38276 -0 0.521733 0.612663
-0.291076 -1.36941 -0 0.530854 0.614311
-0.250295 -1.5803 -0 0.522624 0.585239
-0.291076 -1.36941 -0 0.530854 0.614311
-0.332659 -1.56504 -0 0.532079 0.586764
-0.250295 -1.5803 -0 0.522624 0.585239
-0.250295 -1.5803 -0 0.522624 0.585239
-0.332659 -1.56504 -0 0.532079 0.586764
-0.281582 -1.77784 -0 0.523362 0.562515
-0.332659 -1.56504 -0 0.532079 0.586764
-0.374241 -1.76067 -0 0.533094 0.563929
-0.281582 -1.77784 -0 0.523362 0.562515
-0.281582 -1.77784 -0 0.523362 0.562515
-0.374241 -1.76067 -0 0.533094 0.563929
-0.312869 -1.97538 -0 0.523984 0.543379
-0.374241 -1.76067 -0 0.533094 0.563929
-0.415823 -1.9563 -0 0.53395 0.544692
-0.312869 -1.97538 -0 0.523984 0.543379
-0.312869 -1.97538 -0 0.523984 0.543379
-0.415823 -1.9563 -0 0.53395 0.544692
-0.344156 -2.17291 -0 0.524514 0.527043
-0.415823 -1.9563 -0 0.53395 0.544692
-0.457406 -2.15192 -0 0.53468 0.528266
-0.344156 -2.17291 -0 0.524514 0.527043
-0.344156 -2.17291 -0 0.524514 0.527043
-0.457406 -2.15192 -0 0.53468 0.528266
-0.407381 -2.5721 0.04 0.525531 0.496422
-0.457406 -2.15192 -0 0.53468 0.528266
-0.541436 -2.54726 0.04 0.536104 0.497466
-0.407381 -2.5721 0.04 0.525531 0.496422
-0.407381 -2.5721 0.04 0.525531 0.496422
-0.541436 -2.54726 0.04 0.536104 0.497466
-0.438668 -2.76964 0.16 0.526321 0.474041
-0.541436 -2.54726 0.04 0.536104 0.497466
-0.583018 -2.74289 0.16 0.537261 0.47495
-0.438668 -2.76964 0.16 0.526321 0.474041
-0.438668 -2.76964 0.16 0.526321 0.474041
-0.583018 -2.74289 0.16 0.537261 0.47495
-0.469955 -2.96718 0.36 0.527357 0.445283
-0.583018 -2.74289 0.16 0.537261 0.47495
-0.624601 -2.93851 0.36 0.5388 0.446003
-0.469955 -2.96718 0.36 0.527357 0.445283
-0.469955 -2.96718 0.36 0.527357 0.445283
-0.624601 -2.93851 0.36 0.5388 0.446003
-0.501242 -3.16471 0.64 0.528664 0.409403
-0.624601 -2.93851 0.36 0.5388 0.446003
-0.666183 -3.13414 0.64 0.540758 0.40986
-0.501242 -3.16471 0.64 0.528664 0.409403
-0.501242 -3.16471 0.64 0.528664 0.409403
-0.666183 -3.13414 0.64 0.540758 0.40986
-0.532528 -3.36225 1 0.530289 0.365108
-0.666183 -3.13414 0.64 0.540758 0.40986
-0.707765 -3.32977 1 0.543207 0.365196
-0.532528 -3.36225 1 0.530289 0.365108
-0.532528 -3.36225 1 0.530289 0.365108
-0.707765 -3.32977 1 0.543207 0.365196
-0.563815 -3.55979 1.44 0.532306 0.310399
-0.707765 -3.32977 1 0.543207 0.365196
-0.749348 -3.5254 1.44 0.54626 0.309962
-0.563815 -3.55979 1.44 0.532306 0.310399
-0.563815 -3.55979 1.44 0.532306 0.310399
-0.749348 -3.5254 1.44 0.54626 0.309962
-0.595102 -3.75733 1.96 0.534826 0.242259
-0.749348 -3.5254 1.44 0.54626 0.309962
-0.79093 -3.72103 1.96 0.550088 0.241059
-0.595102 -3.75733 1.96 0.534826 0.242259
-0.595102 -3.75733 1.96 0.534826 0.242259
-0.79093 -3.72103 1.96 0.550088 0.241059
-0.626389 -3.95487 2.56 0.53802 0.156087
-0.79093 -3.72103 1.96 0.550088 0.241059
-0.832512 -3.91666 2.56 0.554956 0.153746
-0.626389 -3.95487 2.56 0.53802 0.156087
-0.626389 -3.95487 2.56 0.53802 0.156087
-0.832512 -3.91666 2.56 0.554956 0.153746
-0.657676 -4.1524 3.24 0.542158 0.0446301
-0.832512 -3.91666 2.56 0.554956 0.153746
-0.874095 -4.11229 3.24 0.561286 0.0405176
-0.657676 -4.1524 3.24 0.542158 0.0446301
-0.0209057 -0.296412 -0 0.501751 0.999174
-0.0312869 -0.296412 -0 0.504719 0.998962
-0.0418114 -0.397809 -0 0.506218 0.924605
-0.0312869 -0.296412 -0 0.504719 0.998962
-0.0625738 -0.395075 -0 0.511553 0.926038
-0.0418114 -0.397809 -0 0.506218 0.924605
-0.0418114 -0.397809 -0 0.506218 0.924605
-0.0625738 -0.395075 -0 0.511553 0.926038
-0.0627171 -0.596713 -0 0.508429 0.817704
-0.0625738 -0.395075 -0 0.511553 0.926038
-0.0938607 -0.592613 -0 0.515026 0.819132
-0.0627171 -0.596713 -0 0.508429 0.817704
-0.0627171 -0.596713 -0 0.508429 0.817704
-0.0938607 -0.592613 -0 0.515026 0.819132
-0.0836228 -0.795618 -0 0.509975 0.742944
-0.0938607 -0.592613 -0 0.515026 0.819132
-0.125148 -0.790151 -0 0.517457 0.744292
-0.0836228 -0.795618 -0 0.509975 0.742944
-0.0836228 -0.795618 -0 0.509975 0.742944
-0.125148 -0.790151 -0 0.517457 0.744292
-0.104528 -0.994522 -0 0.511117 0.687724
-0.125148 -0.790151 -0 0.517457 0.744292
-0.156434 -0.987688 -0 0.519254 0.688971
-0.104528 -0.994522 -0 0.511117 0.687724
-0.104528 -0.994522 -0 0.511117 0.687724
-0.156434 -0.987688 -0 0.519254 0.688971
-0.125434 -1.19343 -0 0.511994 0.645269
-0.156434 -0.987688 -0 0.519254 0.688971
-0.187721 -1.18523 -0 0.520636 0.646416
-0.125434 -1.19343 -0 0.511994 0.645269
-0.125434 -1.19343 -0 0.511994 0.645269
-0.187721 -1.18523 -0 0.520636 0.646416
-0.14634 -1.39233 -0 0.51269 0.611611
-0.187721 -1.18523 -0 0.520636 0.646416
-0.219008 -1.38276 -0 0.521733 0.612663
-0.14634 -1.39233 -0 0.51269 0.611611
-0.14634 -1.39233 -0 0.51269 0.611611
-0.219008 -1.38276 -0 0.521733 0.612663
-0.167246 -1.59124 -0 0.513256 0.584273
-0.219008 -1.38276 -0 0.521733 0.612663
-0.250295 -1.5803 -0 0.522624 0.585239
-0.167246 -1.59124 -0 0.513256 0.584273
-0.167246 -1.59124 -0 0.513256 0.584273
-0.250295 -1.5803 -0 0.522624 0.585239
-0.188151 -1.79014 -0 0.513724 0.561628
-0.250295 -1.5803 -0 0.522624 0.585239
-0.281582 -1.77784 -0 0.523362 0.562515
-0.188151 -1.79014 -0 0.513724 0.561628
-0.188151 -1.79014 -0 0.513724 0.561628
-0.281582 -1.77784 -0 0.523362 0.562515
-0.209057 -1.98904 -0 0.514118 0.542562
-0.281582 -1.77784 -0 0.523362 0.562515
-0.312869 -1.97538 -0 0.523984 0.543379
-0.209057 -1.98904 -0 0.514118 0.542562
-0.209057 -1.98904 -0 0.514118 0.542562
-0.312869 -1.97538 -0 0.523984 0.543379
-0.229963 -2.18795 -0 0.514455 0.526289
-0.312869 -1.97538 -0 0.523984 0.543379
-0.344156 -2.17291 -0 0.524514 0.527043
-0.229963 -2.18795 -0 0.514455 0.526289
-0.229963 -2.18795 -0 0.514455 0.526289
-0.344156 -2.17291 -0 0.524514 0.527043
-0.272209 -2.5899 0.04 0.515076 0.495793
-0.344156 -2.17291 -0 0.524514 0.527043
-0.407381 -2.5721 0.04 0.525531 0.496422
-0.272209 -2.5899 0.04 0.515076 0.495793
-0.272209 -2.5899 0.04 0.515076 0.495793
-0.407381 -2.5721 0.04 0.525531 0.496422
-0.293115 -2.7888 0.16 0.515509 0.473507
-0.407381 -2.5721 0.04 0.525531 0.496422
-0.438668 -2.76964 0.16 0.526321 0.474041
-0.293115 -2.7888 0.16 0.515509 0.473507
-0.293115 -2.7888 0.16 0.515509 0.473507
-0.438668 -2.76964 0.16 0.526321 0.474041
-0.314021 -2.98771 0.36 0.516056 0.444881
-0.438668 -2.76964 0.16 0.526321 0.474041
-0.469955 -2.96718 0.36 0.527357 0.445283
-0.314021 -2.98771 0.36 0.516056 0.444881
-0.314021 -2.98771 0.36 0.516056 0.444881
-0.469955 -2.96718 0.36 0.527357 0.445283
-0.334926 -3.18661 0.64 0.516732 0.409185
-0.469955 -2.96718 0.36 0.527357 0.445283
-0.501242 -3.16471 0.64 0.528664 0.409403
-0.334926 -3.18661 0.64 0.516732 0.409185
-0.334926 -3.18661 0.64 0.516732 0.409185
-0.501242 -3.16471 0.64 0.528664 0.409403
-0.355832 -3.38551 1 0.517561 0.365146
-0.501242 -3.16471 0.64 0.528664 0.409403
-0.532528 -3.36225 1 0.530289 0.365108
-0.355832 -3.38551 1 0.517561 0.365146
-0.355832 -3.38551 1 0.517561 0.365146
-0.532528 -3.36225 1 0.530289 0.365108
-0.376738 -3.58442 1.44 0.51858 0.3108
-0.532528 -3.36225 1 0.530289 0.365108
-0.563815 -3.55979 1.44 0.532306 0.310399
-0.376738 -3.58442 1.44 0.51858 0.3108
-0.376738 -3.58442 1.44 0.51858 0.3108
-0.563815 -3.55979 1.44 0.532306 0.310399
-0.397643 -3.78332 1.96 0.519844 0.243185
-0.563815 -3.55979 1.44 0.532306 0.310399
-0.595102 -3.75733 1.96 0.534826 0.242259
-0.397643 -3.78332 1.96 0.519844 0.243185
-0.397643 -3.78332 1.96 0.519844 0.243185
-0.595102 -3.75733 1.96 0.534826 0.242259
-0.418549 -3.98223 2.56 0.521437 0.157794
-0.595102 -3.75733 1.96 0.534826 0.242259
-0.626389 -3.95487 2.56 0.53802 0.156087
-0.418549 -3.98223 2.56 0.521437 0.157794
-0.418549 -3.98223 2.56 0.521437 0.157794
-0.626389 -3.95487 2.56 0.53802 0.156087
-0.439455 -4.18113 3.24 0.523492 0.0475401
-0.626389 -3.95487 2.56 0.53802 0.156087
-0.657676 -4.1524 3.24 0.542158 0.0446301
-0.439455 -4.18113 3.24 0.523492 0.0475401
-0.0104672 -0.296412 -0 0.498765 0.999219
-0.0209057 -0.296412 -0 0.501751 0.999174
-0.0209344 -0.399452 -0 0.500891 0.923889
-0.0209057 -0.296412 -0 0.501751 0.999174
-0.0418114 -0.397809 -0 0.506218 0.924605
-0.0209344 -0.399452 -0 0.500891 0.923889
-0.0209344 -0.399452 -0 0.500891 0.923889
-0.0418114 -0.397809 -0 0.506218 0.924605
-0.0314016 -0.599178 -0 0.50185 0.817005
-0.0418114 -0.397809 -0 0.506218 0.924605
-0.0627171 -0.596713 -0 0.508429 0.817704
-0.0314016 -0.599178 -0 0.50185 0.817005
-0.0314016 -0.599178 -0 0.50185 0.817005
-0.0627171 -0.596713 -0 0.508429 0.817704
-0.0418688 -0.798904 -0 0.50252 0.742299
-0.0627171 -0.596713 -0 0.508429 0.817704
-0.0836228 -0.795618 -0 0.509975 0.742944
-0.0418688 -0.798904 -0 0.50252 0.742299
-0.0418688 -0.798904 -0 0.50252 0.742299
-0.0836228 -0.795618 -0 0.509975 0.742944
-0.052336 -0.99863 -0 0.503015 0.687141
-0.0836228 -0.795618 -0 0.509975 0.742944
-0.104528 -0.994522 -0 0.511117 0.687724
-0.052336 -0.99863 -0 0.503015 0.687141
-0.052336 -0.99863 -0 0.503015 0.687141
-0.104528 -0.994522 -0 0.511117 0.687724
-0.0628031 -1.19836 -0 0.503395 0.644746
-0.104528 -0.994522 -0 0.511117 0.687724
-0.125434 -1.19343 -0 0.511994 0.645269
-0.0628031 -1.19836 -0 0.503395 0.644746
-0.0628031 -1.19836 -0 0.503395 0.644746
-0.125434 -1.19343 -0 0.511994 0.645269
-0.0732703 -1.39808 -0 0.503697 0.611144
-0.125434 -1.19343 -0 0.511994 0.645269
-0.14634 -1.39233 -0 0.51269 0.611611
-0.0732703 -1.39808 -0 0.503697 0.611144
-0.0732703 -1.39808 -0 0.503697 0.611144
-0.14634 -1.39233 -0 0.51269 0.611611
-0.0837375 -1.59781 -0 0.503941 0.583856
-0.14634 -1.39233 -0 0.51269 0.611611
-0.167246 -1.59124 -0 0.513256 0.584273
-0.0837375 -1.59781 -0 0.503941 0.583856
-0.0837375 -1.59781 -0 0.503941 0.583856
-0.167246 -1.59124 -0 0.513256 0.584273
-0.0942047 -1.79753 -0 0.504144 0.561256
-0.167246 -1.59124 -0 0.513256 0.584273
-0.188151 -1.79014 -0 0.513724 0.561628
-0.0942047 -1.79753 -0 0.504144 0.561256
-0.0942047 -1.79753 -0 0.504144 0.561256
-0.188151 -1.79014 -0 0.513724 0.561628
-0.104672 -1.99726 -0 0.504315 0.54223
-0.188151 -1.79014 -0 0.513724 0.561628
-0.209057 -1.98904 -0 0.514118 0.542562
-0.104672 -1.99726 -0 0.504315 0.54223
-0.104672 -1.99726 -0 0.504315 0.54223
-0.209057 -1.98904 -0 0.514118 0.542562
-0.115139 -2.19699 -0 0.504461 0.525994
-0.209057 -1.98904 -0 0.514118 0.542562
-0.229963 -2.18795 -0 0.514455 0.526289
-0.115139 -2.19699 -0 0.504461 0.525994
-0.115139 -2.19699 -0 0.504461 0.525994
-0.229963 -2.18795 -0 0.514455 0.526289
-0.136291 -2.60059 0.04 0.504693 0.49557
-0.229963 -2.18795 -0 0.514455 0.526289
-0.272209 -2.5899 0.04 0.515076 0.495793
-0.136291 -2.60059 0.04 0.504693 0.49557
-0.136291 -2.60059 0.04 0.504693 0.49557
-0.272209 -2.5899 0.04 0.515076 0.495793
-0.146759 -2.80032 0.16 0.504776 0.473339
-0.272209 -2.5899 0.04 0.515076 0.495793
-0.293115 -2.7888 0.16 0.515509 0.473507
-0.146759 -2.80032 0.16 0.504776 0.473339
-0.146759 -2.80032 0.16 0.504776 0.473339
-0.293115 -2.7888 0.16 0.515509 0.473507
-0.157226 -3.00005 0.36 0.504844 0.44479
-0.293115 -2.7888 0.16 0.515509 0.473507
-0.314021 -2.98771 0.36 0.516056 0.444881
-0.157226 -3.00005 0.36 0.504844 0.44479
-0.157226 -3.00005 0.36 0.504844 0.44479
-0.314021 -2.98771 0.36 0.516056 0.444881
-0.167693 -3.19977 0.64 0.504901 0.4092
-0.314021 -2.98771 0.36 0.516056 0.444881
-0.334926 -3.18661 0.64 0.516732 0.409185
-0.167693 -3.19977 0.64 0.504901 0.4092
-0.167693 -3.19977 0.64 0.504901 0.4092
-0.334926 -3.18661 0.64 0.516732 0.409185
-0.17816 -3.3995 1 0.50495 0.365308
-0.334926 -3.18661 0.64 0.516732 0.409185
-0.355832 -3.38551 1 0.517561 0.365146
-0.17816 -3.3995 1 0.50495 0.365308
-0.17816 -3.3995 1 0.50495 0.365308
-0.355832 -3.38551 1 0.517561 0.365146
-0.188627 -3.59922 1.44 0.504993 0.311168
-0.355832 -3.38551 1 0.517561 0.365146
-0.376738 -3.58442 1.44 0.51858 0.3108
-0.188627 -3.59922 1.44 0.504993 0.311168
-0.188627 -3.59922 1.44 0.504993 0.311168
-0.376738 -3.58442 1.44 0.51858 0.3108
-0.199095 -3.79895 1.96 0.505032 0.243849
-0.376738 -3.58442 1.44 0.51858 0.3108
-0.397643 -3.78332 1.96 0.519844 0.243185
-0.199095 -3.79895 1.96 0.505032 0.243849
-0.199095 -3.79895 1.96 0.505032 0.243849
-0.397643 -3.78332 1.96 0.519844 0.243185
-0.209562 -3.99868 2.56 0.505067 0.158894
-0.397643 -3.78332 1.96 0.519844 0.243185
-0.418549 -3.98223 2.56 0.521437 0.157794
-0.209562 -3.99868 2.56 0.505067 0.158894
-0.209562 -3.99868 2.56 0.505067 0.158894
-0.418549 -3.98223 2.56 0.521437 0.157794
-0.220029 -4.1984 3.24 0.5051 0.0493068
-0.418549 -3.98223 2.56 0.521437 0.157794
-0.439455 -4.18113 3.24 0.523492 0.0475401
-0.220029 -4.1984 3.24 0.5051 0.0493068
-1.22465e-17 -0.296412 -0 0.49577 0.999219
-0.0104672 -0.296412 -0 0.498765 0.999219
-2.44929e-17 -0.4 -0 0.495566 0.923886
-0.0104672 -0.296412 -0 0.498765 0.999219
-0.0209344 -0.399452 -0 0.500891 0.923889
-2.44929e-17 -0.4 -0 0.495566 0.923886
-2.44929e-17 -0.4 -0 0.495566 0.923886
-0.0209344 -0.399452 -0 0.500891 0.923889
-3.67394e-17 -0.6 -0 0.495277 0.81703
-0.0209344 -0.399452 -0 0.500891 0.923889
-0.0314016 -0.599178 -0 0.50185 0.817005
-3.67394e-17 -0.6 -0 0.495277 0.81703
-3.67394e-17 -0.6 -0 0.495277 0.81703
-0.0314016 -0.599178 -0 0.50185 0.817005
-4.89859e-17 -0.8 -0 0.495076 0.742351
-0.0314016 -0.599178 -0 0.50185 0.817005
-0.0418688 -0.798904 -0 0.50252 0.742299
-4.89859e-17 -0.8 -0 0.495076 0.742351
-4.89859e-17 -0.8 -0 0.495076 0.742351
-0.0418688 -0.798904 -0 0.50252 0.742299
-6.12323e-17 -1 -0 0.494927 0.687216
-0.0418688 -0.798904 -0 0.50252 0.742299
-0.052336 -0.99863 -0 0.503015 0.687141
-6.12323e-17 -1 -0 0.494927 0.687216
-6.12323e-17 -1 -0 0.494927 0.687216
-0.052336 -0.99863 -0 0.503015 0.687141
-7.34788e-17 -1.2 -0 0.494813 0.644841
-0.052336 -0.99863 -0 0.503015 0.687141
-0.0628031 -1.19836 -0 0.503395 0.644746
-7.34788e-17 -1.2 -0 0.494813 0.644841
-7.34788e-17 -1.2 -0 0.494813 0.644841
-0.0628031 -1.19836 -0 0.503395 0.644746
-8.57253e-17 -1.4 -0 0.494722 0.611256
-0.0628031 -1.19836 -0 0.503395 0.644746
-0.0732703 -1.39808 -0 0.503697 0.611144
-8.57253e-17 -1.4 -0 0.494722 0.611256
-8.57253e-17 -1.4 -0 0.494722 0.611256
-0.0732703 -1.39808 -0 0.503697 0.611144
-9.79717e-17 -1.6 -0 0.494649 0.583983
-0.0732703 -1.39808 -0 0.503697 0.611144
-0.0837375 -1.59781 -0 0.503941 0.583856
-9.79717e-17 -1.6 -0 0.494649 0.583983
-9.79717e-17 -1.6 -0 0.494649 0.583983
-0.0837375 -1.59781 -0 0.503941 0.583856
-1.10218e-16 -1.8 -0 0.494588 0.561395
-0.0837375 -1.59781 -0 0.503941 0.583856
-0.0942047 -1.79753 -0 0.504144 0.561256
-1.10218e-16 -1.8 -0 0.494588 0.561395
-1.10218e-16 -1.8 -0 0.494588 0.561395
-0.0942047 -1.79753 -0 0.504144 0.561256
-1.22465e-16 -2 -0 0.494537 0.54238
-0.0942047 -1.79753 -0 0.504144 0.561256
-0.104672 -1.99726 -0 0.504315 0.54223
-1.22465e-16 -2 -0 0.494537 0.54238
-1.22465e-16 -2 -0 0.494537 0.54238
-0.104672 -1.99726 -0 0.504315 0.54223
-1.34711e-16 -2.2 -0 0.494493 0.526153
-0.104672 -1.99726 -0 0.504315 0.54223
-0.115139 -2.19699 -0 0.504461 0.525994
-1.34711e-16 -2.2 -0 0.494493 0.526153
-1.34711e-16 -2.2 -0 0.494493 0.526153
-0.115139 -2.19699 -0 0.504461 0.525994
-1.59459e-16 -2.60416 0.04 0.494339 0.495748
-0.115139 -2.19699 -0 0.504461 0.525994
-0.136291 -2.60059 0.04 0.504693 0.49557
-1.59459e-16 -2.60416 0.04 0.494339 0.495748
-1.59459e-16 -2.60416 0.04 0.494339 0.495748
-0.136291 -2.60059 0.04 0.504693 0.49557
-1.71705e-16 -2.80416 0.16 0.494074 0.473534
-0.136291 -2.60059 0.04 0.504693 0.49557
-0.146759 -2.80032 0.16 0.504776 0.473339
-1.71705e-16 -2.80416 0.16 0.494074 0.473534
-1.71705e-16 -2.80416 0.16 0.494074 0.473534
-0.146759 -2.80032 0.16 0.504776 0.473339
-1.83952e-16 -3.00416 0.36 0.493666 0.445007
-0.146759 -2.80032 0.16 0.504776 0.473339
-0.157226 -3.00005 0.36 0.504844 0.44479
-1.83952e-16 -3.00416 0.36 0.493666 0.445007
-1.83952e-16 -3.00416 0.36 0.493666 0.445007
-0.157226 -3.00005 0.36 0.504844 0.44479
-1.96198e-16 -3.20416 0.64 0.493109 0.409446
-0.157226 -3.00005 0.36 0.504844 0.44479
-0.167693 -3.19977 0.64 0.504901 0.4092
-1.96198e-16 -3.20416 0.64 0.493109 0.409446
-1.96198e-16 -3.20416 0.64 0.493109 0.409446
-0.167693 -3.19977 0.64 0.504901 0.4092
-2.08445e-16 -3.40416 1 0.492384 0.365593
-0.167693 -3.19977 0.64 0.504901 0.4092
-0.17816 -3.3995 1 0.50495 0.365308
-2.08445e-16 -3.40416 1 0.492384 0.365593
-2.08445e-16 -3.40416 1 0.492384 0.365593
-0.17816 -3.3995 1 0.50495 0.365308
-2.20691e-16 -3.60416 1.44 0.491458 0.311506
-0.17816 -3.3995 1 0.50495 0.365308
-0.188627 -3.59922 1.44 0.504993 0.311168
-2.20691e-16 -3.60416 1.44 0.491458 0.311506
-2.20691e-16 -3.60416 1.44 0.491458 0.311506
-0.188627 -3.59922 1.44 0.504993 0.311168
-2.32938e-16 -3.80416 1.96 0.490282 0.244259
-0.188627 -3.59922 1.44 0.504993 0.311168
-0.199095 -3.79895 1.96 0.505032 0.243849
-2.32938e-16 -3.80416 1.96 0.490282 0.244259
-2.32938e-16 -3.80416 1.96 0.490282 0.244259
-0.199095 -3.79895 1.96 0.505032 0.243849
-2.45184e-16 -4.00416 2.56 0.488773 0.159404
-0.199095 -3.79895 1.96 0.505032 0.243849
-0.209562 -3.99868 2.56 0.505067 0.158894
-2.45184e-16 -4.00416 2.56 0.488773 0.159404
-2.45184e-16 -4.00416 2.56 0.488773 0.159404
-0.209562 -3.99868 2.56 0.505067 0.158894
-2.57431e-16 -4.20416 3.24 0.486806 0.0499634
-0.209562 -3.99868 2.56 0.505067 0.158894
-0.220029 -4.1984 3.24 0.5051 0.0493068
-2.57431e-16 -4.20416 3.24 0.486806 0.0499634
-1.22465e-17 -0.296412 -0 0.49577 0.999219
-2.44929e-17 -0.4 -0 0.495566 0.923886
0.0209344 -0.399452 -0 0.490238 0.924595
0.0209344 -0.399452 -0 0.490238 0.924595
-2.44929e-17 -0.4 -0 0.495566 0.923886
0.0314016 -0.599178 -0 0.488701 0.817779
-2.44929e-17 -0.4 -0 0.495566 0.923886
-3.67394e-17 -0.6 -0 0.495277 0.81703
0.0314016 -0.599178 -0 0.488701 0.817779
0.0314016 -0.599178 -0 0.488701 0.817779
-3.67394e-17 -0.6 -0 0.495277 0.81703
0.0418688 -0.798904 -0 0.487626 0.743099
-3.67394e-17 -0.6 -0 0.495277 0.81703
-4.89859e-17 -0.8 -0 0.495076 0.742351
0.0418688 -0.798904 -0 0.487626 0.743099
0.0418688 -0.798904 -0 0.487626 0.743099
-4.89859e-17 -0.8 -0 0.495076 0.742351
0.052336 -0.99863 -0 0.486832 0.687949
-4.89859e-17 -0.8 -0 0.495076 0.742351
-6.12323e-17 -1 -0 0.494927 0.687216
0.052336 -0.99863 -0 0.486832 0.687949
0.052336 -0.99863 -0 0.486832 0.687949
-6.12323e-17 -1 -0 0.494927 0.687216
0.0628031 -1.19836 -0 0.486222 0.645553
-6.12323e-17 -1 -0 0.494927 0.687216
-7.34788e-17 -1.2 -0 0.494813 0.644841
0.0628031 -1.19836 -0 0.486222 0.645553
0.0628031 -1.19836 -0 0.486222 0.645553
-7.34788e-17 -1.2 -0 0.494813 0.644841
0.0732703 -1.39808 -0 0.485739 0.611946
-7.34788e-17 -1.2 -0 0.494813 0.644841
-8.57253e-17 -1.4 -0 0.494722 0.611256
0.0732703 -1.39808 -0 0.485739 0.611946
0.0732703 -1.39808 -0 0.485739 0.611946
-8.57253e-17 -1.4 -0 0.494722 0.611256
0.0837375 -1.59781 -0 0.485346 0.584652
-8.57253e-17 -1.4 -0 0.494722 0.611256
-9.79717e-17 -1.6 -0 0.494649 0.583983
0.0837375 -1.59781 -0 0.485346 0.584652
0.0837375 -1.59781 -0 0.485346 0.584652
-9.79717e-17 -1.6 -0 0.494649 0.583983
0.0942047 -1.79753 -0 0.48502 0.562044
-9.79717e-17 -1.6 -0 0.494649 0.583983
-1.10218e-16 -1.8 -0 0.494588 0.561395
0.0942047 -1.79753 -0 0.48502 0.562044
0.0942047 -1.79753 -0 0.48502 0.562044
-1.10218e-16 -1.8 -0 0.494588 0.561395
0.104672 -1.99726 -0 0.484746 0.543011
-1.10218e-16 -1.8 -0 0.494588 0.561395
-1.22465e-16 -2 -0 0.494537 0.54238
0.104672 -1.99726 -0 0.484746 0.543011
0.104672 -1.99726 -0 0.484746 0.543011
-1.22465e-16 -2 -0 0.494537 0.54238
0.115139 -2.19699 -0 0.484513 0.526767
-1.22465e-16 -2 -0 0.494537 0.54238
-1.34711e-16 -2.2 -0 0.494493 0.526153
0.115139 -2.19699 -0 0.484513 0.526767
0.115139 -2.19699 -0 0.484513 0.526767
-1.34711e-16 -2.2 -0 0.494493 0.526153
0.136291 -2.60059 0.04 0.483971 0.496329
-1.34711e-16 -2.2 -0 0.494493 0.526153
-1.59459e-16 -2.60416 0.04 0.494339 0.495748
0.136291 -2.60059 0.04 0.483971 0.496329
0.136291 -2.60059 0.04 0.483971 0.496329
-1.59459e-16 -2.60416 0.04 0.494339 0.495748
0.146759 -2.80032 0.16 0.483356 0.474092
-1.59459e-16 -2.60416 0.04 0.494339 0.495748
-1.71705e-16 -2.80416 0.16 0.494074 0.473534
0.146759 -2.80032 0.16 0.483356 0.474092
0.146759 -2.80032 0.16 0.483356 0.474092
-1.71705e-16 -2.80416 0.16 0.494074 0.473534
0.157226 -3.00005 0.36 0.48247 0.445532
-1.71705e-16 -2.80416 0.16 0.494074 0.473534
-1.83952e-16 -3.00416 0.36 0.493666 0.445007
0.157226 -3.00005 0.36 0.48247 0.445532
0.157226 -3.00005 0.36 0.48247 0.445532
-1.83952e-16 -3.00416 0.36 0.493666 0.445007
0.167693 -3.19977 0.64 0.481295 0.409924
-1.83952e-16 -3.00416 0.36 0.493666 0.445007
-1.96198e-16 -3.20416 0.64 0.493109 0.409446
0.167693 -3.19977 0.64 0.481295 0.409924
0.167693 -3.19977 0.64 0.481295 0.409924
-1.96198e-16 -3.20416 0.64 0.493109 0.409446
0.17816 -3.3995 1 0.479791 0.366003
-1.96198e-16 -3.20416 0.64 0.493109 0.409446
-2.08445e-16 -3.40416 1 0.492384 0.365593
0.17816 -3.3995 1 0.479791 0.366003
0.17816 -3.3995 1 0.479791 0.366003
-2.08445e-16 -3.40416 1 0.492384 0.365593
0.188627 -3.59922 1.44 0.477891 0.311816
-2.08445e-16 -3.40416 1 0.492384 0.365593
-2.20691e-16 -3.60416 1.44 0.491458 0.311506
0.188627 -3.59922 1.44 0.477891 0.311816
0.188627 -3.59922 1.44 0.477891 0.311816
-2.20691e-16 -3.60416 1.44 0.491458 0.311506
0.199095 -3.79895 1.96 0.475489 0.244417
-2.20691e-16 -3.60416 1.44 0.491458 0.311506
-2.32938e-16 -3.80416 1.96 0.490282 0.244259
0.199095 -3.79895 1.96 0.475489 0.244417
0.199095 -3.79895 1.96 0.475489 0.244417
-2.32938e-16 -3.80416 1.96 0.490282 0.244259
0.209562 -3.99868 2.56 0.472424 0.15933
-2.32938e-16 -3.80416 1.96 0.490282 0.244259
-2.45184e-16 -4.00416 2.56 0.488773 0.159404
0.209562 -3.99868 2.56 0.472424 0.15933
0.209562 -3.99868 2.56 0.472424 0.15933
-2.45184e-16 -4.00416 2.56 0.488773 0.159404
0.220029 -4.1984 3.24 0.468437 0.0495186
-2.45184e-16 -4.00416 2.56 0.488773 0.159404
-2.57431e-16 -4.20416 3.24 0.486806 0.0499634
0.220029 -4.1984 3.24 0.468437 0.0495186
0.0418114 -0.397809 -0 0.484905 0.92602
0.0209344 -0.399452 -0 0.490238 0.924595
0.0627171 -0.596713 -0 0.48211 0.819256
0.0209344 -0.399452 -0 0.490238 0.924595
0.0314016 -0.599178 -0 0.488701 0.817779
0.0627171 -0.596713 -0 0.48211 0.819256
0.0627171 -0.596713 -0 0.48211 0.819256
0.0314016 -0.599178 -0 0.488701 0.817779
0.0836228 -0.795618 -0 0.480154 0.744548
0.0314016 -0.599178 -0 0.488701 0.817779
0.0418688 -0.798904 -0 0.487626 0.743099
0.0836228 -0.795618 -0 0.480154 0.744548
0.0836228 -0.795618 -0 0.480154 0.744548
0.0418688 -0.798904 -0 0.487626 0.743099
0.104528 -0.994522 -0 0.478709 0.689344
0.0418688 -0.798904 -0 0.487626 0.743099
0.052336 -0.99863 -0 0.486832 0.687949
0.104528 -0.994522 -0 0.478709 0.689344
0.104528 -0.994522 -0 0.478709 0.689344
0.052336 -0.99863 -0 0.486832 0.687949
0.125434 -1.19343 -0 0.477597 0.646887
0.052336 -0.99863 -0 0.486832 0.687949
0.0628031 -1.19836 -0 0.486222 0.645553
0.125434 -1.19343 -0 0.477597 0.646887
0.125434 -1.19343 -0 0.477597 0.646887
0.0628031 -1.19836 -0 0.486222 0.645553
0.14634 -1.39233 -0 0.476716 0.61322
0.0628031 -1.19836 -0 0.486222 0.645553
0.0732703 -1.39808 -0 0.485739 0.611946
0.14634 -1.39233 -0 0.476716 0.61322
0.14634 -1.39233 -0 0.476716 0.61322
0.0732703 -1.39808 -0 0.485739 0.611946
0.167246 -1.59124 -0 0.476 0.585869
0.0732703 -1.39808 -0 0.485739 0.611946
0.0837375 -1.59781 -0 0.485346 0.584652
0.167246 -1.59124 -0 0.476 0.585869
0.167246 -1.59124 -0 0.476 0.585869
0.0837375 -1.59781 -0 0.485346 0.584652
0.188151 -1.79014 -0 0.475407 0.563208
0.0837375 -1.59781 -0 0.485346 0.584652
0.0942047 -1.79753 -0 0.48502 0.562044
0.188151 -1.79014 -0 0.475407 0.563208
0.188151 -1.79014 -0 0.475407 0.563208
0.0942047 -1.79753 -0 0.48502 0.562044
0.209057 -1.98904 -0 0.474907 0.544128
0.0942047 -1.79753 -0 0.48502 0.562044
0.104672 -1.99726 -0 0.484746 0.543011
0.209057 -1.98904 -0 0.474907 0.544128
0.209057 -1.98904 -0 0.474907 0.544128
0.104672 -1.99726 -0 0.484746 0.543011
0.229963 -2.18795 -0 0.474481 0.52784
0.104672 -1.99726 -0 0.484746 0.543011
0.115139 -2.19699 -0 0.484513 0.526767
0.229963 -2.18795 -0 0.474481 0.52784
0.229963 -2.18795 -0 0.474481 0.52784
0.115139 -2.19699 -0 0.484513 0.526767
0.272209 -2.5899 0.04 0.473546 0.497317
0.115139 -2.19699 -0 0.484513 0.526767
0.136291 -2.60059 0.04 0.483971 0.496329
0.272209 -2.5899 0.04 0.473546 0.497317
0.272209 -2.5899 0.04 0.473546 0.497317
0.136291 -2.60059 0.04 0.483971 0.496329
0.293115 -2.7888 0.16 0.472576 0.475017
0.136291 -2.60059 0.04 0.483971 0.496329
0.146759 -2.80032 0.16 0.483356 0.474092
0.293115 -2.7888 0.16 0.472576 0.475017
0.293115 -2.7888 0.16 0.472576 0.475017
0.146759 -2.80032 0.16 0.483356 0.474092
0.314021 -2.98771 0.36 0.471203 0.446369
0.146759 -2.80032 0.16 0.483356 0.474092
0.157226 -3.00005 0.36 0.48247 0.445532
0.314021 -2.98771 0.36 0.471203 0.446369
0.314021 -2.98771 0.36 0.471203 0.446369
0.157226 -3.00005 0.36 0.48247 0.445532
0.334926 -3.18661 0.64 0.469399 0.410638
0.157226 -3.00005 0.36 0.48247 0.445532
0.167693 -3.19977 0.64 0.481295 0.409924
0.334926 -3.18661 0.64 0.469399 0.410638
0.334926 -3.18661 0.64 0.469399 0.410638
0.167693 -3.19977 0.64 0.481295 0.409924
0.355832 -3.38551 1 0.4671 0.366542
0.167693 -3.19977 0.64 0.481295 0.409924
0.17816 -3.3995 1 0.479791 0.366003
0.355832 -3.38551 1 0.4671 0.366542
0.355832 -3.38551 1 0.4671 0.366542
0.17816 -3.3995 1 0.479791 0.366003
0.376738 -3.58442 1.44 0.464204 0.312099
0.17816 -3.3995 1 0.479791 0.366003
0.188627 -3.59922 1.44 0.477891 0.311816
0.376738 -3.58442 1.44 0.464204 0.312099
0.376738 -3.58442 1.44 0.464204 0.312099
0.188627 -3.59922 1.44 0.477891 0.311816
0.397643 -3.78332 1.96 0.460549 0.244324
0.188627 -3.59922 1.44 0.477891 0.311816
0.199095 -3.79895 1.96 0.475489 0.244417
0.397643 -3.78332 1.96 0.460549 0.244324
0.397643 -3.78332 1.96 0.460549 0.244324
0.199095 -3.79895 1.96 0.475489 0.244417
0.418549 -3.98223 2.56 0.455886 0.158666
0.199095 -3.79895 1.96 0.475489 0.244417
0.209562 -3.99868 2.56 0.472424 0.15933
0.418549 -3.98223 2.56 0.455886 0.158666
0.418549 -3.98223 2.56 0.455886 0.158666
0.209562 -3.99868 2.56 0.472424 0.15933
0.439455 -4.18113 3.24 0.449817 0.0479573
0.209562 -3.99868 2.56 0.472424 0.15933
0.220029 -4.1984 3.24 0.468437 0.0495186
0.439455 -4.18113 3.24 0.449817 0.0479573
0.0625738 -0.395075 -0 0.47956 0.928165
0.0418114 -0.397809 -0 0.484905 0.92602
0.0938607 -0.592613 -0 0.475493 0.821468
0.0418114 -0.397809 -0 0.484905 0.92602
0.0627171 -0.596713 -0 0.48211 0.819256
0.0938607 -0.592613 -0 0.475493 0.821468
0.0938607 -0.592613 -0 0.475493 0.821468
0.0627171 -0.596713 -0 0.48211 0.819256
0.125148 -0.790151 -0 0.472643 0.746708
0.0627171 -0.596713 -0 0.48211 0.819256
0.0836228 -0.795618 -0 0.480154 0.744548
0.125148 -0.790151 -0 0.472643 0.746708
0.125148 -0.790151 -0 0.472643 0.746708
0.0836228 -0.795618 -0 0.480154 0.744548
0.156434 -0.987688 -0 0.470535 0.691412
0.0836228 -0.795618 -0 0.480154 0.744548
0.104528 -0.994522 -0 0.478709 0.689344
0.156434 -0.987688 -0 0.470535 0.691412
0.156434 -0.987688 -0 0.470535 0.691412
0.104528 -0.994522 -0 0.478709 0.689344
0.187721 -1.18523 -0 0.468912 0.648854
0.104528 -0.994522 -0 0.478709 0.689344
0.125434 -1.19343 -0 0.477597 0.646887
0.187721 -1.18523 -0 0.468912 0.648854
0.187721 -1.18523 -0 0.468912 0.648854
0.125434 -1.19343 -0 0.477597 0.646887
0.219008 -1.38276 -0 0.467625 0.615088
0.125434 -1.19343 -0 0.477597 0.646887
0.14634 -1.39233 -0 0.476716 0.61322
0.219008 -1.38276 -0 0.467625 0.615088
0.219008 -1.38276 -0 0.467625 0.615088
0.14634 -1.39233 -0 0.476716 0.61322
0.250295 -1.5803 -0 0.466579 0.587644
0.14634 -1.39233 -0 0.476716 0.61322
0.167246 -1.59124 -0 0.476 0.585869
0.250295 -1.5803 -0 0.466579 0.587644
0.250295 -1.5803 -0 0.466579 0.587644
0.167246 -1.59124 -0 0.476 0.585869
0.281582 -1.77784 -0 0.465712 0.564899
0.167246 -1.59124 -0 0.476 0.585869
0.188151 -1.79014 -0 0.475407 0.563208
0.281582 -1.77784 -0 0.465712 0.564899
0.281582 -1.77784 -0 0.465712 0.564899
0.188151 -1.79014 -0 0.475407 0.563208
0.312869 -1.97538 -0 0.464981 0.54574
0.188151 -1.79014 -0 0.475407 0.563208
0.209057 -1.98904 -0 0.474907 0.544128
0.312869 -1.97538 -0 0.464981 0.54574
0.312869 -1.97538 -0 0.464981 0.54574
0.209057 -1.98904 -0 0.474907 0.544128
0.344156 -2.17291 -0 0.464357 0.529383
0.209057 -1.98904 -0 0.474907 0.544128
0.229963 -2.18795 -0 0.474481 0.52784
0.344156 -2.17291 -0 0.464357 0.529383
0.344156 -2.17291 -0 0.464357 0.529383
0.229963 -2.18795 -0 0.474481 0.52784
0.407381 -2.5721 0.04 0.463019 0.498721
0.229963 -2.18795 -0 0.474481 0.52784
0.272209 -2.5899 0.04 0.473546 0.497317
0.407381 -2.5721 0.04 0.463019 0.498721
0.407381 -2.5721 0.04 0.463019 0.498721
0.272209 -2.5899 0.04 0.473546 0.497317
0.438668 -2.76964 0.16 0.461685 0.476318
0.272209 -2.5899 0.04 0.473546 0.497317
0.293115 -2.7888 0.16 0.472576 0.475017
0.438668 -2.76964 0.16 0.461685 0.476318
0.438668 -2.76964 0.16 0.461685 0.476318
0.293115 -2.7888 0.16 0.472576 0.475017
0.469955 -2.96718 0.36 0.459811 0.447528
0.293115 -2.7888 0.16 0.472576 0.475017
0.314021 -2.98771 0.36 0.471203 0.446369
0.469955 -2.96718 0.36 0.459811 0.447528
0.469955 -2.96718 0.36 0.459811 0.447528
0.314021 -2.98771 0.36 0.471203 0.446369
0.501242 -3.16471 0.64 0.457358 0.411596
0.314021 -2.98771 0.36 0.471203 0.446369
0.334926 -3.18661 0.64 0.469399 0.410638
0.501242 -3.16471 0.64 0.457358 0.411596
0.501242 -3.16471 0.64 0.457358 0.411596
0.334926 -3.18661 0.64 0.469399 0.410638
0.532528 -3.36225 1 0.454239 0.367213
0.334926 -3.18661 0.64 0.469399 0.410638
0.355832 -3.38551 1 0.4671 0.366542
0.532528 -3.36225 1 0.454239 0.367213
0.532528 -3.36225 1 0.454239 0.367213
0.355832 -3.38551 1 0.4671 0.366542
0.563815 -3.55979 1.44 0.450311 0.312358
0.355832 -3.38551 1 0.4671 0.366542
0.376738 -3.58442 1.44 0.464204 0.312099
0.563815 -3.55979 1.44 0.450311 0.312358
0.563815 -3.55979 1.44 0.450311 0.312358
0.376738 -3.58442 1.44 0.464204 0.312099
0.595102 -3.75733 1.96 0.445352 0.243975
0.376738 -3.58442 1.44 0.464204 0.312099
0.397643 -3.78332 1.96 0.460549 0.244324
0.595102 -3.75733 1.96 0.445352 0.243975
0.595102 -3.75733 1.96 0.445352 0.243975
0.397643 -3.78332 1.96 0.460549 0.244324
0.626389 -3.95487 2.56 0.439018 0.157394
0.397643 -3.78332 1.96 0.460549 0.244324
0.418549 -3.98223 2.56 0.455886 0.158666
0.626389 -3.95487 2.56 0.439018 0.157394
0.626389 -3.95487 2.56 0.439018 0.157394
0.418549 -3.98223 2.56 0.455886 0.158666
0.657676 -4.1524 3.24 0.430762 0.0452392
0.418549 -3.98223 2.56 0.455886 0.158666
0.439455 -4.18113 3.24 0.449817 0.0479573
0.657676 -4.1524 3.24 0.430762 0.0452392
0.0831647 -0.391259 -0 0.474201 0.931041
0.0625738 -0.395075 -0 0.47956 0.928165
0.124747 -0.586889 -0 0.468839 0.824429
0.0625738 -0.395075 -0 0.47956 0.928165
0.0938607 -0.592613 -0 0.475493 0.821468
0.124747 -0.586889 -0 0.468839 0.824429
0.124747 -0.586889 -0 0.468839 0.824429
0.0938607 -0.592613 -0 0.475493 0.821468
0.166329 -0.782518 -0 0.465075 0.749593
0.0938607 -0.592613 -0 0.475493 0.821468
0.125148 -0.790151 -0 0.472643 0.746708
0.166329 -0.782518 -0 0.465075 0.749593
0.166329 -0.782518 -0 0.465075 0.749593
0.125148 -0.790151 -0 0.472643 0.746708
0.207912 -0.978148 -0 0.462287 0.694169
0.125148 -0.790151 -0 0.472643 0.746708
0.156434 -0.987688 -0 0.470535 0.691412
0.207912 -0.978148 -0 0.462287 0.694169
0.207912 -0.978148 -0 0.462287 0.694169
0.156434 -0.987688 -0 0.470535 0.691412
0.249494 -1.17378 -0 0.46014 0.65147
0.156434 -0.987688 -0 0.470535 0.691412
0.187721 -1.18523 -0 0.468912 0.648854
0.249494 -1.17378 -0 0.46014 0.65147
0.249494 -1.17378 -0 0.46014 0.65147
0.187721 -1.18523 -0 0.468912 0.648854
0.291076 -1.36941 -0 0.458435 0.617567
0.187721 -1.18523 -0 0.468912 0.648854
0.219008 -1.38276 -0 0.467625 0.615088
0.291076 -1.36941 -0 0.458435 0.617567
0.291076 -1.36941 -0 0.458435 0.617567
0.219008 -1.38276 -0 0.467625 0.615088
0.332659 -1.56504 -0 0.457048 0.589994
0.219008 -1.38276 -0 0.467625 0.615088
0.250295 -1.5803 -0 0.466579 0.587644
0.332659 -1.56504 -0 0.457048 0.589994
0.332659 -1.56504 -0 0.457048 0.589994
0.250295 -1.5803 -0 0.466579 0.587644
0.374241 -1.76067 -0 0.455898 0.56713
0.250295 -1.5803 -0 0.466579 0.587644
0.281582 -1.77784 -0 0.465712 0.564899
0.374241 -1.76067 -0 0.455898 0.56713
0.374241 -1.76067 -0 0.455898 0.56713
0.281582 -1.77784 -0 0.465712 0.564899
0.415823 -1.9563 -0 0.454929 0.547864
0.281582 -1.77784 -0 0.465712 0.564899
0.312869 -1.97538 -0 0.464981 0.54574
0.415823 -1.9563 -0 0.454929 0.547864
0.415823 -1.9563 -0 0.454929 0.547864
0.312869 -1.97538 -0 0.464981 0.54574
0.457406 -2.15192 -0 0.454101 0.531409
0.312869 -1.97538 -0 0.464981 0.54574
0.344156 -2.17291 -0 0.464357 0.529383
0.457406 -2.15192 -0 0.454101 0.531409
0.457406 -2.15192 -0 0.454101 0.531409
0.344156 -2.17291 -0 0.464357 0.529383
0.541436 -2.54726 0.04 0.452345 0.500555
0.344156 -2.17291 -0 0.464357 0.529383
0.407381 -2.5721 0.04 0.463019 0.498721
0.541436 -2.54726 0.04 0.452345 0.500555
0.541436 -2.54726 0.04 0.452345 0.500555
0.407381 -2.5721 0.04 0.463019 0.498721
0.583018 -2.74289 0.16 0.450632 0.478009
0.407381 -2.5721 0.04 0.463019 0.498721
0.438668 -2.76964 0.16 0.461685 0.476318
0.583018 -2.74289 0.16 0.450632 0.478009
0.583018 -2.74289 0.16 0.450632 0.478009
0.438668 -2.76964 0.16 0.461685 0.476318
0.624601 -2.93851 0.36 0.448237 0.449019
0.438668 -2.76964 0.16 0.461685 0.476318
0.469955 -2.96718 0.36 0.459811 0.447528
0.624601 -2.93851 0.36 0.448237 0.449019
0.624601 -2.93851 0.36 0.448237 0.449019
0.469955 -2.96718 0.36 0.459811 0.447528
0.666183 -3.13414 0.64 0.445107 0.412806
0.469955 -2.96718 0.36 0.459811 0.447528
0.501242 -3.16471 0.64 0.457358 0.411596
0.666183 -3.13414 0.64 0.445107 0.412806
0.666183 -3.13414 0.64 0.445107 0.412806
0.501242 -3.16471 0.64 0.457358 0.411596
0.707765 -3.32977 1 0.441129 0.368025
0.501242 -3.16471 0.64 0.457358 0.411596
0.532528 -3.36225 1 0.454239 0.367213
0.707765 -3.32977 1 0.441129 0.368025
0.707765 -3.32977 1 0.441129 0.368025
0.532528 -3.36225 1 0.454239 0.367213
0.749348 -3.5254 1.44 0.436116 0.312593
0.532528 -3.36225 1 0.454239 0.367213
0.563815 -3.55979 1.44 0.450311 0.312358
0.749348 -3.5254 1.44 0.436116 0.312593
0.749348 -3.5254 1.44 0.436116 0.312593
0.563815 -3.55979 1.44 0.450311 0.312358
0.79093 -3.72103 1.96 0.429779 0.243358
0.563815 -3.55979 1.44 0.450311 0.312358
0.595102 -3.75733 1.96 0.445352 0.243975
0.79093 -3.72103 1.96 0.429779 0.243358
0.79093 -3.72103 1.96 0.429779 0.243358
0.595102 -3.75733 1.96 0.445352 0.243975
0.832512 -3.91666 2.56 0.42167 0.155485
0.595102 -3.75733 1.96 0.445352 0.243975
0.626389 -3.95487 2.56 0.439018 0.157394
0.832512 -3.91666 2.56 0.42167 0.155485
0.832512 -3.91666 2.56 0.42167 0.155485
0.626389 -3.95487 2.56 0.439018 0.157394
0.874095 -4.11229 3.24 0.41107 0.0412971
0.626389 -3.95487 2.56 0.439018 0.157394
0.657676 -4.1524 3.24 0.430762 0.0452392
0.874095 -4.11229 3.24 0.41107 0.0412971
0.103528 -0.38637 -0 0.468823 0.934659
0.0831647 -0.391259 -0 0.474201 0.931041
0.155291 -0.579556 -0 0.462138 0.828156
0.0831647 -0.391259 -0 0.474201 0.931041
0.124747 -0.586889 -0 0.468839 0.824429
0.155291 -0.579556 -0 0.462138 0.828156
0.155291 -0.579556 -0 0.462138 0.828156
0.124747 -0.586889 -0 0.468839 0.824429
0.207055 -0.772741 -0 0.457434 0.753224
0.124747 -0.586889 -0 0.468839 0.824429
0.166329 -0.782518 -0 0.465075 0.749593
0.207055 -0.772741 -0 0.457434 0.753224
0.207055 -0.772741 -0 0.457434 0.753224
0.166329 -0.782518 -0 0.465075 0.749593
0.258819 -0.965926 -0 0.453944 0.697636
0.166329 -0.782518 -0 0.465075 0.749593
0.207912 -0.978148 -0 0.462287 0.694169
0.258819 -0.965926 -0 0.453944 0.697636
0.258819 -0.965926 -0 0.453944 0.697636
0.207912 -0.978148 -0 0.462287 0.694169
0.310583 -1.15911 -0 0.451253 0.654758
0.207912 -0.978148 -0 0.462287 0.694169
0.249494 -1.17378 -0 0.46014 0.65147
0.310583 -1.15911 -0 0.451253 0.654758
0.310583 -1.15911 -0 0.451253 0.654758
0.249494 -1.17378 -0 0.46014 0.65147
0.362347 -1.3523 -0 0.449113 0.620678
0.249494 -1.17378 -0 0.46014 0.65147
0.291076 -1.36941 -0 0.458435 0.617567
0.362347 -1.3523 -0 0.449113 0.620678
0.362347 -1.3523 -0 0.449113 0.620678
0.291076 -1.36941 -0 0.458435 0.617567
0.41411 -1.54548 -0 0.447372 0.59294
0.291076 -1.36941 -0 0.458435 0.617567
0.332659 -1.56504 -0 0.457048 0.589994
0.41411 -1.54548 -0 0.447372 0.59294
0.41411 -1.54548 -0 0.447372 0.59294
0.332659 -1.56504 -0 0.457048 0.589994
0.465874 -1.73867 -0 0.445927 0.569925
0.332659 -1.56504 -0 0.457048 0.589994
0.374241 -1.76067 -0 0.455898 0.56713
0.465874 -1.73867 -0 0.445927 0.569925
0.465874 -1.73867 -0 0.445927 0.569925
0.374241 -1.76067 -0 0.455898 0.56713
0.517638 -1.93185 -0 0.444709 0.55052
0.374241 -1.76067 -0 0.455898 0.56713
0.415823 -1.9563 -0 0.454929 0.547864
0.517638 -1.93185 -0 0.444709 0.55052
0.517638 -1.93185 -0 0.444709 0.55052
0.415823 -1.9563 -0 0.454929 0.547864
0.569402 -2.12504 -0 0.443668 0.533939
0.415823 -1.9563 -0 0.454929 0.547864
0.457406 -2.15192 -0 0.454101 0.531409
0.569402 -2.12504 -0 0.443668 0.533939
0.569402 -2.12504 -0 0.443668 0.533939
0.457406 -2.15192 -0 0.454101 0.531409
0.674007 -2.51543 0.04 0.441475 0.502838
0.457406 -2.15192 -0 0.454101 0.531409
0.541436 -2.54726 0.04 0.452345 0.500555
0.674007 -2.51543 0.04 0.441475 0.502838
0.674007 -2.51543 0.04 0.441475 0.502838
0.541436 -2.54726 0.04 0.452345 0.500555
0.725771 -2.70861 0.16 0.439364 0.480108
0.541436 -2.54726 0.04 0.452345 0.500555
0.583018 -2.74289 0.16 0.450632 0.478009
0.725771 -2.70861 0.16 0.439364 0.480108
0.725771 -2.70861 0.16 0.439364 0.480108
0.583018 -2.74289 0.16 0.450632 0.478009
0.777535 -2.9018 0.36 0.436421 0.450861
0.583018 -2.74289 0.16 0.450632 0.478009
0.624601 -2.93851 0.36 0.448237 0.449019
0.777535 -2.9018 0.36 0.436421 0.450861
0.777535 -2.9018 0.36 0.436421 0.450861
0.624601 -2.93851 0.36 0.448237 0.449019
0.829298 -3.09498 0.64 0.432576 0.414285
0.624601 -2.93851 0.36 0.448237 0.449019
0.666183 -3.13414 0.64 0.445107 0.412806
0.829298 -3.09498 0.64 0.432576 0.414285
0.829298 -3.09498 0.64 0.432576 0.414285
0.666183 -3.13414 0.64 0.445107 0.412806
0.881062 -3.28817 1 0.427687 0.368987
0.666183 -3.13414 0.64 0.445107 0.412806
0.707765 -3.32977 1 0.441129 0.368025
0.881062 -3.28817 1 0.427687 0.368987
0.881062 -3.28817 1 0.427687 0.368987
0.707765 -3.32977 1 0.441129 0.368025
0.932826 -3.48135 1.44 0.421518 0.312805
0.707765 -3.32977 1 0.441129 0.368025
0.749348 -3.5254 1.44 0.436116 0.312593
0.932826 -3.48135 1.44 0.421518 0.312805
0.932826 -3.48135 1.44 0.421518 0.312805
0.749348 -3.5254 1.44 0.436116 0.312593
0.98459 -3.67454 1.96 0.413705 0.24246
0.749348 -3.5254 1.44 0.436116 0.312593
0.79093 -3.72103 1.96 0.429779 0.243358
0.98459 -3.67454 1.96 0.413705 0.24246
0.98459 -3.67454 1.96 0.413705 0.24246
0.79093 -3.72103 1.96 0.429779 0.243358
1.03635 -3.86772 2.56 0.403677 0.152896
0.79093 -3.72103 1.96 0.429779 0.243358
0.832512 -3.91666 2.56 0.42167 0.155485
1.03635 -3.86772 2.56 0.403677 0.152896
1.03635 -3.86772 2.56 0.403677 0.152896
0.832512 -3.91666 2.56 0.42167 0.155485
1.08812 -4.06091 3.24 0.390519 0.0360325
0.832512 -3.91666 2.56 0.42167 0.155485
0.874095 -4.11229 3.24 0.41107 0.0412971
1.08812 -4.06091 3.24 0.390519 0.0360325
0.123607 -0.380423 -0 0.463421 0.939034
0.103528 -0.38637 -0 0.468823 0.934659
0.18541 -0.570634 -0 0.455376 0.832671
0.103528 -0.38637 -0 0.468823 0.934659
0.155291 -0.579556 -0 0.462138 0.828156
0.18541 -0.570634 -0 0.455376 0.832671
0.18541 -0.570634 -0 0.455376 0.832671
0.155291 -0.579556 -0 0.462138 0.828156
0.247214 -0.760845 -0 0.4497 0.757626
0.155291 -0.579556 -0 0.462138 0.828156
0.207055 -0.772741 -0 0.457434 0.753224
0.247214 -0.760845 -0 0.4497 0.757626
0.247214 -0.760845 -0 0.4497 0.757626
0.207055 -0.772741 -0 0.457434 0.753224
0.309017 -0.951057 -0 0.44548 0.701841
0.207055 -0.772741 -0 0.457434 0.753224
0.258819 -0.965926 -0 0.453944 0.697636
0.309017 -0.951057 -0 0.44548 0.701841
0.309017 -0.951057 -0 0.44548 0.701841
0.258819 -0.965926 -0 0.453944 0.697636
0.37082 -1.14127 -0 0.442221 0.658744
0.258819 -0.965926 -0 0.453944 0.697636
0.310583 -1.15911 -0 0.451253 0.654758
0.37082 -1.14127 -0 0.442221 0.658744
0.37082 -1.14127 -0 0.442221 0.658744
0.310583 -1.15911 -0 0.451253 0.654758
0.432624 -1.33148 -0 0.439627 0.62445
0.310583 -1.15911 -0 0.451253 0.654758
0.362347 -1.3523 -0 0.449113 0.620678
0.432624 -1.33148 -0 0.439627 0.62445
0.432624 -1.33148 -0 0.439627 0.62445
0.362347 -1.3523 -0 0.449113 0.620678
0.494427 -1.52169 -0 0.437513 0.596511
0.362347 -1.3523 -0 0.449113 0.620678
0.41411 -1.54548 -0 0.447372 0.59294
0.494427 -1.52169 -0 0.437513 0.596511
0.494427 -1.52169 -0 0.437513 0.596511
0.41411 -1.54548 -0 0.447372 0.59294
0.556231 -1.7119 -0 0.435759 0.57331
0.41411 -1.54548 -0 0.447372 0.59294
0.465874 -1.73867 -0 0.445927 0.569925
0.556231 -1.7119 -0 0.435759 0.57331
0.556231 -1.7119 -0 0.435759 0.57331
0.465874 -1.73867 -0 0.445927 0.569925
0.618034 -1.90211 -0 0.434278 0.553736
0.465874 -1.73867 -0 0.445927 0.569925
0.517638 -1.93185 -0 0.444709 0.55052
0.618034 -1.90211 -0 0.434278 0.553736
0.618034 -1.90211 -0 0.434278 0.553736
0.517638 -1.93185 -0 0.444709 0.55052
0.679837 -2.09232 -0 0.433012 0.537001
0.517638 -1.93185 -0 0.444709 0.55052
0.569402 -2.12504 -0 0.443668 0.533939
0.679837 -2.09232 -0 0.433012 0.537001
0.679837 -2.09232 -0 0.433012 0.537001
0.569402 -2.12504 -0 0.443668 0.533939
0.804731 -2.47671 0.04 0.430357 0.505596
0.569402 -2.12504 -0 0.443668 0.533939
0.674007 -2.51543 0.04 0.441475 0.502838
0.804731 -2.47671 0.04 0.430357 0.505596
0.804731 -2.47671 0.04 0.430357 0.505596
0.674007 -2.51543 0.04 0.441475 0.502838
0.866534 -2.66692 0.16 0.427823 0.482639
0.674007 -2.51543 0.04 0.441475 0.502838
0.725771 -2.70861 0.16 0.439364 0.480108
0.866534 -2.66692 0.16 0.427823 0.482639
0.866534 -2.66692 0.16 0.427823 0.482639
0.725771 -2.70861 0.16 0.439364 0.480108
0.928337 -2.85713 0.36 0.424296 0.453074
0.725771 -2.70861 0.16 0.439364 0.480108
0.777535 -2.9018 0.36 0.436421 0.450861
0.928337 -2.85713 0.36 0.424296 0.453074
0.928337 -2.85713 0.36 0.424296 0.453074
0.777535 -2.9018 0.36 0.436421 0.450861
0.990141 -3.04734 0.64 0.419688 0.416049
0.777535 -2.9018 0.36 0.436421 0.450861
0.829298 -3.09498 0.64 0.432576 0.414285
0.990141 -3.04734 0.64 0.419688 0.416049
0.990141 -3.04734 0.64 0.419688 0.416049
0.829298 -3.09498 0.64 0.432576 0.414285
1.05194 -3.23755 1 0.413821 0.370109
0.829298 -3.09498 0.64 0.432576 0.414285
0.881062 -3.28817 1 0.427687 0.368987
1.05194 -3.23755 1 0.413821 0.370109
1.05194 -3.23755 1 0.413821 0.370109
0.881062 -3.28817 1 0.427687 0.368987
1.11375 -3.42776 1.44 0.406405 0.312993
0.881062 -3.28817 1 0.427687 0.368987
0.932826 -3.48135 1.44 0.421518 0.312805
1.11375 -3.42776 1.44 0.406405 0.312993
1.11375 -3.42776 1.44 0.406405 0.312993
0.932826 -3.48135 1.44 0.421518 0.312805
1.17555 -3.61797 1.96 0.396985 0.241259
0.932826 -3.48135 1.44 0.421518 0.312805
0.98459 -3.67454 1.96 0.413705 0.24246
1.17555 -3.61797 1.96 0.396985 0.241259
1.17555 -3.61797 1.96 0.396985 0.241259
0.98459 -3.67454 1.96 0.413705 0.24246
1.23735 -3.80819 2.56 0.38485 0.149566
0.98459 -3.67454 1.96 0.413705 0.24246
1.03635 -3.86772 2.56 0.403677 0.152896
1.23735 -3.80819 2.56 0.38485 0.149566
1.23735 -3.80819 2.56 0.38485 0.149566
1.03635 -3.86772 2.56 0.403677 0.152896
1.29916 -3.9984 3.24 0.368848 0.0293097
1.03635 -3.86772 2.56 0.403677 0.152896
1.08812 -4.06091 3.24 0.390519 0.0360325
1.29916 -3.9984 3.24 0.368848 0.0293097
0.143347 -0.373432 -0 0.457992 0.944186
0.123607 -0.380423 -0 0.463421 0.939034
0.215021 -0.560148 -0 0.448543 0.838002
0.123607 -0.380423 -0 0.463421 0.939034
0.18541 -0.570634 -0 0.455376 0.832671
0.215021 -0.560148 -0 0.448543 0.838002
0.215021 -0.560148 -0 0.448543 0.838002
0.18541 -0.570634 -0 0.455376 0.832671
0.286694 -0.746864 -0 0.441854 0.762832
0.18541 -0.570634 -0 0.455376 0.832671
0.247214 -0.760845 -0 0.4497 0.757626
0.286694 -0.746864 -0 0.441854 0.762832
0.286694 -0.746864 -0 0.441854 0.762832
0.247214 -0.760845 -0 0.4497 0.757626
0.358368 -0.93358 -0 0.43687 0.706818
0.247214 -0.760845 -0 0.4497 0.757626
0.309017 -0.951057 -0 0.44548 0.701841
0.358368 -0.93358 -0 0.43687 0.706818
0.358368 -0.93358 -0 0.43687 0.706818
0.309017 -0.951057 -0 0.44548 0.701841
0.430042 -1.1203 -0 0.433013 0.663467
0.309017 -0.951057 -0 0.44548 0.701841
0.37082 -1.14127 -0 0.442221 0.658744
0.430042 -1.1203 -0 0.433013 0.663467
0.430042 -1.1203 -0 0.433013 0.663467
0.37082 -1.14127 -0 0.442221 0.658744
0.501715 -1.30701 -0 0.429939 0.62892
0.37082 -1.14127 -0 0.442221 0.658744
0.432624 -1.33148 -0 0.439627 0.62445
0.501715 -1.30701 -0 0.429939 0.62892
0.501715 -1.30701 -0 0.429939 0.62892
0.432624 -1.33148 -0 0.439627 0.62445
0.573389 -1.49373 -0 0.427431 0.600742
0.432624 -1.33148 -0 0.439627 0.62445
0.494427 -1.52169 -0 0.437513 0.596511
0.573389 -1.49373 -0 0.427431 0.600742
0.573389 -1.49373 -0 0.427431 0.600742
0.494427 -1.52169 -0 0.437513 0.596511
0.645062 -1.68044 -0 0.425347 0.577321
0.494427 -1.52169 -0 0.437513 0.596511
0.556231 -1.7119 -0 0.435759 0.57331
0.645062 -1.68044 -0 0.425347 0.577321
0.645062 -1.68044 -0 0.425347 0.577321
0.556231 -1.7119 -0 0.435759 0.57331
0.716736 -1.86716 -0 0.423588 0.557546
0.556231 -1.7119 -0 0.435759 0.57331
0.618034 -1.90211 -0 0.434278 0.553736
0.716736 -1.86716 -0 0.423588 0.557546
0.716736 -1.86716 -0 0.423588 0.557546
0.618034 -1.90211 -0 0.434278 0.553736
0.788409 -2.05388 -0 0.422082 0.540627
0.618034 -1.90211 -0 0.434278 0.553736
0.679837 -2.09232 -0 0.433012 0.537001
0.788409 -2.05388 -0 0.422082 0.540627
0.788409 -2.05388 -0 0.422082 0.540627
0.679837 -2.09232 -0 0.433012 0.537001
0.933249 -2.4312 0.04 0.418933 0.508859
0.679837 -2.09232 -0 0.433012 0.537001
0.804731 -2.47671 0.04 0.430357 0.505596
0.933249 -2.4312 0.04 0.418933 0.508859
0.933249 -2.4312 0.04 0.418933 0.508859
0.804731 -2.47671 0.04 0.430357 0.505596
1.00492 -2.61791 0.16 0.415947 0.485633
0.804731 -2.47671 0.04 0.430357 0.505596
0.866534 -2.66692 0.16 0.427823 0.482639
1.00492 -2.61791 0.16 0.415947 0.485633
1.00492 -2.61791 0.16 0.415947 0.485633
0.866534 -2.66692 0.16 0.427823 0.482639
1.0766 -2.80463 0.36 0.411792 0.455686
0.866534 -2.66692 0.16 0.427823 0.482639
0.928337 -2.85713 0.36 0.424296 0.453074
1.0766 -2.80463 0.36 0.411792 0.455686
1.0766 -2.80463 0.36 0.411792 0.455686
0.928337 -2.85713 0.36 0.424296 0.453074
1.14827 -2.99134 0.64 0.40636 0.418123
0.928337 -2.85713 0.36 0.424296 0.453074
0.990141 -3.04734 0.64 0.419688 0.416049
1.14827 -2.99134 0.64 0.40636 0.418123
1.14827 -2.99134 0.64 0.40636 0.418123
0.990141 -3.04734 0.64 0.419688 0.416049
1.21994 -3.17806 1 0.399431 0.371408
0.990141 -3.04734 0.64 0.419688 0.416049
1.05194 -3.23755 1 0.413821 0.370109
1.21994 -3.17806 1 0.399431 0.371408
1.21994 -3.17806 1 0.399431 0.371408
1.05194 -3.23755 1 0.413821 0.370109
1.29162 -3.36478 1.44 0.390649 0.313159
1.05194 -3.23755 1 0.413821 0.370109
1.11375 -3.42776 1.44 0.406405 0.312993
1.29162 -3.36478 1.44 0.390649 0.313159
1.29162 -3.36478 1.44 0.390649 0.313159
1.11375 -3.42776 1.44 0.406405 0.312993
1.36329 -3.55149 1.96 0.379456 0.239729
1.11375 -3.42776 1.44 0.406405 0.312993
1.17555 -3.61797 1.96 0.396985 0.241259
1.36329 -3.55149 1.96 0.379456 0.239729
1.36329 -3.55149 1.96 0.379456 0.239729
1.17555 -3.61797 1.96 0.396985 0.241259
1.43496 -3.73821 2.56 0.364971 0.145417
1.17555 -3.61797 1.96 0.396985 0.241259
1.23735 -3.80819 2.56 0.38485 0.149566
1.43496 -3.73821 2.56 0.364971 0.145417
1.43496 -3.73821 2.56 0.364971 0.145417
1.23735 -3.80819 2.56 0.38485 0.149566
1.50664 -3.92492 3.24 0.345752 0.0209471
1.23735 -3.80819 2.56 0.38485 0.149566
1.29916 -3.9984 3.24 0.368848 0.0293097
1.50664 -3.92492 3.24 0.345752 0.0209471
0.162695 -0.365418 -0 0.45253 0.950136
0.143347 -0.373432 -0 0.457992 0.944186
0.244042 -0.548127 -0 0.441626 0.844182
0.143347 -0.373432 -0 0.457992 0.944186
0.215021 -0.560148 -0 0.448543 0.838002
0.244042 -0.548127 -0 0.441626 0.844182
0.244042 -0.548127 -0 0.441626 0.844182
0.215021 -0.560148 -0 0.448543 0.838002
0.325389 -0.730836 -0 0.433877 0.768881
0.215021 -0.560148 -0 0.448543 0.838002
0.286694 -0.746864 -0 0.441854 0.762832
0.325389 -0.730836 -0 0.433877 0.768881
0.325389 -0.730836 -0 0.433877 0.768881
0.286694 -0.746864 -0 0.441854 0.762832
0.406737 -0.913545 -0 0.428086 0.712611
0.286694 -0.746864 -0 0.441854 0.762832
0.358368 -0.93358 -0 0.43687 0.706818
0.406737 -0.913545 -0 0.428086 0.712611
0.406737 -0.913545 -0 0.428086 0.712611
0.358368 -0.93358 -0 0.43687 0.706818
0.488084 -1.09625 -0 0.423594 0.668968
0.358368 -0.93358 -0 0.43687 0.706818
0.430042 -1.1203 -0 0.433013 0.663467
0.488084 -1.09625 -0 0.423594 0.668968
0.488084 -1.09625 -0 0.423594 0.668968
0.430042 -1.1203 -0 0.433013 0.663467
0.569431 -1.27896 -0 0.420009 0.634131
0.430042 -1.1203 -0 0.433013 0.663467
0.501715 -1.30701 -0 0.429939 0.62892
0.569431 -1.27896 -0 0.420009 0.634131
0.569431 -1.27896 -0 0.420009 0.634131
0.501715 -1.30701 -0 0.429939 0.62892
0.650779 -1.46167 -0 0.417081 0.605677
0.501715 -1.30701 -0 0.429939 0.62892
0.573389 -1.49373 -0 0.427431 0.600742
0.650779 -1.46167 -0 0.417081 0.605677
0.650779 -1.46167 -0 0.417081 0.605677
0.573389 -1.49373 -0 0.427431 0.600742
0.732126 -1.64438 -0 0.414645 0.582001
0.573389 -1.49373 -0 0.427431 0.600742
0.645062 -1.68044 -0 0.425347 0.577321
0.732126 -1.64438 -0 0.414645 0.582001
0.732126 -1.64438 -0 0.414645 0.582001
0.645062 -1.68044 -0 0.425347 0.577321
0.813473 -1.82709 -0 0.412585 0.561991
0.645062 -1.68044 -0 0.425347 0.577321
0.716736 -1.86716 -0 0.423588 0.557546
0.813473 -1.82709 -0 0.412585 0.561991
0.813473 -1.82709 -0 0.412585 0.561991
0.716736 -1.86716 -0 0.423588 0.557546
0.894821 -2.0098 -0 0.410822 0.544858
0.716736 -1.86716 -0 0.423588 0.557546
0.788409 -2.05388 -0 0.422082 0.540627
0.894821 -2.0098 -0 0.410822 0.544858
0.894821 -2.0098 -0 0.410822 0.544858
0.788409 -2.05388 -0 0.422082 0.540627
1.05921 -2.37902 0.04 0.40714 0.512668
0.788409 -2.05388 -0 0.422082 0.540627
0.933249 -2.4312 0.04 0.418933 0.508859
1.05921 -2.37902 0.04 0.40714 0.512668
1.05921 -2.37902 0.04 0.40714 0.512668
0.933249 -2.4312 0.04 0.418933 0.508859
1.14056 -2.56173 0.16 0.403665 0.489125
0.933249 -2.4312 0.04 0.418933 0.508859
1.00492 -2.61791 0.16 0.415947 0.485633
1.14056 -2.56173 0.16 0.403665 0.489125
1.14056 -2.56173 0.16 0.403665 0.489125
1.00492 -2.61791 0.16 0.415947 0.485633
1.2219 -2.74444 0.36 0.398828 0.458732
1.00492 -2.61791 0.16 0.415947 0.485633
1.0766 -2.80463 0.36 0.411792 0.455686
1.2219 -2.74444 0.36 0.398828 0.458732
1.2219 -2.74444 0.36 0.398828 0.458732
1.0766 -2.80463 0.36 0.411792 0.455686
1.30325 -2.92715 0.64 0.392495 0.420533
1.0766 -2.80463 0.36 0.411792 0.455686
1.14827 -2.99134 0.64 0.40636 0.418123
1.30325 -2.92715 0.64 0.392495 0.420533
1.30325 -2.92715 0.64 0.392495 0.420533
1.14827 -2.99134 0.64 0.40636 0.418123
1.3846 -3.10986 1 0.384399 0.372901
1.14827 -2.99134 0.64 0.40636 0.418123
1.21994 -3.17806 1 0.399431 0.371408
1.3846 -3.10986 1 0.384399 0.372901
1.3846 -3.10986 1 0.384399 0.372901
1.21994 -3.17806 1 0.399431 0.371408
1.46595 -3.29257 1.44 0.374105 0.313302
1.21994 -3.17806 1 0.399431 0.371408
1.29162 -3.36478 1.44 0.390649 0.313159
1.46595 -3.29257 1.44 0.374105 0.313302
1.46595 -3.29257 1.44 0.374105 0.313302
1.29162 -3.36478 1.44 0.390649 0.313159
1.54729 -3.47528 1.96 0.360928 0.237833
1.29162 -3.36478 1.44 0.390649 0.313159
1.36329 -3.55149 1.96 0.379456 0.239729
1.54729 -3.47528 1.96 0.360928 0.237833
1.54729 -3.47528 1.96 0.360928 0.237833
1.36329 -3.55149 1.96 0.379456 0.239729
1.62864 -3.65798 2.56 0.343779 0.140344
1.36329 -3.55149 1.96 0.379456 0.239729
1.43496 -3.73821 2.56 0.364971 0.145417
1.62864 -3.65798 2.56 0.343779 0.140344
1.62864 -3.65798 2.56 0.343779 0.140344
1.43496 -3.73821 2.56 0.364971 0.145417
1.70999 -3.84069 3.24 0.320856 0.0107038
1.43496 -3.73821 2.56 0.364971 0.145417
1.50664 -3.92492 3.24 0.345752 0.0209471
1.70999 -3.84069 3.24 0.320856 0.0107038
0.181596 -0.356403 -0 0.447031 0.956913
0.162695 -0.365418 -0 0.45253 0.950136
0.272394 -0.534604 -0 0.434611 0.85125
0.162695 -0.365418 -0 0.45253 0.950136
0.244042 -0.548127 -0 0.441626 0.844182
0.272394 -0.534604 -0 0.434611 0.85125
0.272394 -0.534604 -0 0.434611 0.85125
0.244042 -0.548127 -0 0.441626 0.844182
0.363192 -0.712805 -0 0.425745 0.775819
0.244042 -0.548127 -0 0.441626 0.844182
0.325389 -0.730836 -0 0.433877 0.768881
0.363192 -0.712805 -0 0.425745 0.775819
0.363192 -0.712805 -0 0.425745 0.775819
0.325389 -0.730836 -0 0.433877 0.768881
0.453991 -0.891007 -0 0.419097 0.71927
0.325389 -0.730836 -0 0.433877 0.768881
0.406737 -0.913545 -0 0.428086 0.712611
0.453991 -0.891007 -0 0.419097 0.71927
0.453991 -0.891007 -0 0.419097 0.71927
0.406737 -0.913545 -0 0.428086 0.712611
0.544789 -1.06921 -0 0.413929 0.675302
0.406737 -0.913545 -0 0.428086 0.712611
0.488084 -1.09625 -0 0.423594 0.668968
0.544789 -1.06921 -0 0.413929 0.675302
0.544789 -1.06921 -0 0.413929 0.675302
0.488084 -1.09625 -0 0.423594 0.668968
0.635587 -1.24741 -0 0.409795 0.640136
0.488084 -1.09625 -0 0.423594 0.668968
0.569431 -1.27896 -0 0.420009 0.634131
0.635587 -1.24741 -0 0.409795 0.640136
0.635587 -1.24741 -0 0.409795 0.640136
0.569431 -1.27896 -0 0.420009 0.634131
0.726385 -1.42561 -0 0.406414 0.61137
0.569431 -1.27896 -0 0.420009 0.634131
0.650779 -1.46167 -0 0.417081 0.605677
0.726385 -1.42561 -0 0.406414 0.61137
0.726385 -1.42561 -0 0.406414 0.61137
0.650779 -1.46167 -0 0.417081 0.605677
0.817183 -1.60381 -0 0.403597 0.587402
0.650779 -1.46167 -0 0.417081 0.605677
0.732126 -1.64438 -0 0.414645 0.582001
0.817183 -1.60381 -0 0.403597 0.587402
0.817183 -1.60381 -0 0.403597 0.587402
0.732126 -1.64438 -0 0.414645 0.582001
0.907981 -1.78201 -0 0.401213 0.567124
0.732126 -1.64438 -0 0.414645 0.582001
0.813473 -1.82709 -0 0.412585 0.561991
0.907981 -1.78201 -0 0.401213 0.567124
0.907981 -1.78201 -0 0.401213 0.567124
0.813473 -1.82709 -0 0.412585 0.561991
0.998779 -1.96021 -0 0.39917 0.549745
0.813473 -1.82709 -0 0.412585 0.561991
0.894821 -2.0098 -0 0.410822 0.544858
0.998779 -1.96021 -0 0.39917 0.549745
0.998779 -1.96021 -0 0.39917 0.549745
0.894821 -2.0098 -0 0.410822 0.544858
1.18227 -2.32033 0.04 0.394909 0.517068
0.894821 -2.0098 -0 0.410822 0.544858
1.05921 -2.37902 0.04 0.40714 0.512668
1.18227 -2.32033 0.04 0.394909 0.517068
1.18227 -2.32033 0.04 0.394909 0.517068
1.05921 -2.37902 0.04 0.40714 0.512668
1.27306 -2.49853 0.16 0.390898 0.493161
1.05921 -2.37902 0.04 0.40714 0.512668
1.14056 -2.56173 0.16 0.403665 0.489125
1.27306 -2.49853 0.16 0.390898 0.493161
1.27306 -2.49853 0.16 0.390898 0.493161
1.14056 -2.56173 0.16 0.403665 0.489125
1.36386 -2.67673 0.36 0.385313 0.462253
1.14056 -2.56173 0.16 0.403665 0.489125
1.2219 -2.74444 0.36 0.398828 0.458732
1.36386 -2.67673 0.36 0.385313 0.462253
1.36386 -2.67673 0.36 0.385313 0.462253
1.2219 -2.74444 0.36 0.398828 0.458732
1.45466 -2.85493 0.64 0.377986 0.423317
1.2219 -2.74444 0.36 0.398828 0.458732
1.30325 -2.92715 0.64 0.392495 0.420533
1.45466 -2.85493 0.64 0.377986 0.423317
1.45466 -2.85493 0.64 0.377986 0.423317
1.30325 -2.92715 0.64 0.392495 0.420533
1.54546 -3.03313 1 0.368592 0.374611
1.30325 -2.92715 0.64 0.392495 0.420533
1.3846 -3.10986 1 0.384399 0.372901
1.54546 -3.03313 1 0.368592 0.374611
1.54546 -3.03313 1 0.368592 0.374611
1.3846 -3.10986 1 0.384399 0.372901
1.63626 -3.21133 1.44 0.356601 0.31342
1.3846 -3.10986 1 0.384399 0.372901
1.46595 -3.29257 1.44 0.374105 0.313302
1.63626 -3.21133 1.44 0.356601 0.31342
1.63626 -3.21133 1.44 0.356601 0.31342
1.46595 -3.29257 1.44 0.374105 0.313302
1.72705 -3.38953 1.96 0.341173 0.235526
1.46595 -3.29257 1.44 0.374105 0.313302
1.54729 -3.47528 1.96 0.360928 0.237833
1.72705 -3.38953 1.96 0.341173 0.235526
1.72705 -3.38953 1.96 0.341173 0.235526
1.54729 -3.47528 1.96 0.360928 0.237833
1.81785 -3.56774 2.56 0.32096 0.134214
1.54729 -3.47528 1.96 0.360928 0.237833
1.62864 -3.65798 2.56 0.343779 0.140344
1.81785 -3.56774 2.56 0.32096 0.134214
0.2 -0.34641 -0 0.441492 0.964546
0.181596 -0.356403 -0 0.447031 0.956913
0.3 -0.519615 -0 0.427485 0.859251
0.181596 -0.356403 -0 0.447031 0.956913
0.272394 -0.534604 -0 0.434611 0.85125
0.3 -0.519615 -0 0.427485 0.859251
0.3 -0.519615 -0 0.427485 0.859251
0.272394 -0.534604 -0 0.434611 0.85125
0.4 -0.69282 -0 0.417435 0.783703
0.272394 -0.534604 -0 0.434611 0.85125
0.363192 -0.712805 -0 0.425745 0.775819
0.4 -0.69282 -0 0.417435 0.783703
0.4 -0.69282 -0 0.417435 0.783703
0.363192 -0.712805 -0 0.425745 0.775819
0.5 -0.866025 -0 0.409872 0.726856
0.363192 -0.712805 -0 0.425745 0.775819
0.453991 -0.891007 -0 0.419097 0.71927
0.5 -0.866025 -0 0.409872 0.726856
0.5 -0.866025 -0 0.409872 0.726856
0.453991 -0.891007 -0 0.419097 0.71927
0.6 -1.03923 -0 0.403976 0.68253
0.453991 -0.891007 -0 0.419097 0.71927
0.544789 -1.06921 -0 0.413929 0.675302
0.6 -1.03923 -0 0.403976 0.68253
0.6 -1.03923 -0 0.403976 0.68253
0.544789 -1.06921 -0 0.413929 0.675302
0.7 -1.21244 -0 0.399249 0.647
0.544789 -1.06921 -0 0.413929 0.675302
0.635587 -1.24741 -0 0.409795 0.640136
0.7 -1.21244 -0 0.399249 0.647
0.7 -1.21244 -0 0.399249 0.647
0.635587 -1.24741 -0 0.409795 0.640136
0.8 -1.38564 -0 0.395376 0.617883
0.635587 -1.24741 -0 0.409795 0.640136
0.726385 -1.42561 -0 0.406414 0.61137
0.8 -1.38564 -0 0.395376 0.617883
0.8 -1.38564 -0 0.395376 0.617883
0.726385 -1.42561 -0 0.406414 0.61137
0.9 -1.55885 -0 0.392143 0.593587
0.726385 -1.42561 -0 0.406414 0.61137
0.817183 -1.60381 -0 0.403597 0.587402
0.9 -1.55885 -0 0.392143 0.593587
0.9 -1.55885 -0 0.392143 0.593587
0.817183 -1.60381 -0 0.403597 0.587402
1 -1.73205 -0 0.389406 0.573006
0.817183 -1.60381 -0 0.403597 0.587402
0.907981 -1.78201 -0 0.401213 0.567124
1 -1.73205 -0 0.389406 0.573006
1 -1.73205 -0 0.389406 0.573006
0.907981 -1.78201 -0 0.401213 0.567124
1.1 -1.90526 -0 0.387057 0.555349
0.907981 -1.78201 -0 0.401213 0.567124
0.998779 -1.96021 -0 0.39917 0.549745
1.1 -1.90526 -0 0.387057 0.555349
1.1 -1.90526 -0 0.387057 0.555349
0.998779 -1.96021 -0 0.39917 0.549745
1.30208 -2.25527 0.04 0.382158 0.522118
0.998779 -1.96021 -0 0.39917 0.549745
1.18227 -2.32033 0.04 0.394909 0.517068
1.30208 -2.25527 0.04 0.382158 0.522118
1.30208 -2.25527 0.04 0.382158 0.522118
1.18227 -2.32033 0.04 0.394909 0.517068
1.40208 -2.42848 0.16 0.377557 0.497797
1.18227 -2.32033 0.04 0.394909 0.517068
1.27306 -2.49853 0.16 0.390898 0.493161
1.40208 -2.42848 0.16 0.377557 0.497797
1.40208 -2.42848 0.16 0.377557 0.497797
1.27306 -2.49853 0.16 0.390898 0.493161
1.50208 -2.60168 0.36 0.371142 0.466301
1.27306 -2.49853 0.16 0.390898 0.493161
1.36386 -2.67673 0.36 0.385313 0.462253
1.50208 -2.60168 0.36 0.371142 0.466301
1.50208 -2.60168 0.36 0.371142 0.466301
1.36386 -2.67673 0.36 0.385313 0.462253
1.60208 -2.77489 0.64 0.362705 0.426516
1.36386 -2.67673 0.36 0.385313 0.462253
1.45466 -2.85493 0.64 0.377986 0.423317
1.60208 -2.77489 0.64 0.362705 0.426516
1.60208 -2.77489 0.64 0.362705 0.426516
1.45466 -2.85493 0.64 0.377986 0.423317
1.70208 -2.94809 1 0.351851 0.376567
1.45466 -2.85493 0.64 0.377986 0.423317
1.54546 -3.03313 1 0.368592 0.374611
1.70208 -2.94809 1 0.351851 0.376567
1.70208 -2.94809 1 0.351851 0.376567
1.54546 -3.03313 1 0.368592 0.374611
1.80208 -3.1213 1.44 0.337933 0.313513
1.54546 -3.03313 1 0.368592 0.374611
1.63626 -3.21133 1.44 0.356601 0.31342
1.80208 -3.1213 1.44 0.337933 0.313513
1.80208 -3.1213 1.44 0.337933 0.313513
1.63626 -3.21133 1.44 0.356601 0.31342
1.90208 -3.2945 1.96 0.319917 0.232748
1.63626 -3.21133 1.44 0.356601 0.31342
1.72705 -3.38953 1.96 0.341173 0.235526
1.90208 -3.2945 1.96 0.319917 0.232748
1.90208 -3.2945 1.96 0.319917 0.232748
1.72705 -3.38953 1.96 0.341173 0.235526
2.00208 -3.46771 2.56 0.296123 0.12685
1.72705 -3.38953 1.96 0.341173 0.235526
1.81785 -3.56774 2.56 0.32096 0.134214
2.00208 -3.46771 2.56 0.296123 0.12685
0.217856 -0.335468 -0 0.435907 0.973069
0.2 -0.34641 -0 0.441492 0.964546
0.326783 -0.503202 -0 0.420232 0.86824
0.2 -0.34641 -0 0.441492 0.964546
0.3 -0.519615 -0 0.427485 0.859251
0.326783 -0.503202 -0 0.420232 0.86824
0.326783 -0.503202 -0 0.420232 0.86824
0.3 -0.519615 -0 0.427485 0.859251
0.435711 -0.670936 -0 0.408921 0.792596
0.3 -0.519615 -0 0.427485 0.859251
0.4 -0.69282 -0 0.417435 0.783703
0.435711 -0.670936 -0 0.408921 0.792596
0.435711 -0.670936 -0 0.408921 0.792596
0.4 -0.69282 -0 0.417435 0.783703
0.544639 -0.838671 -0 0.400374 0.735438
0.4 -0.69282 -0 0.417435 0.783703
0.5 -0.866025 -0 0.409872 0.726856
0.544639 -0.838671 -0 0.400374 0.735438
0.544639 -0.838671 -0 0.400374 0.735438
0.5 -0.866025 -0 0.409872 0.726856
0.653567 -1.0064 -0 0.393688 0.690728
0.5 -0.866025 -0 0.409872 0.726856
0.6 -1.03923 -0 0.403976 0.68253
0.653567 -1.0064 -0 0.393688 0.690728
0.653567 -1.0064 -0 0.393688 0.690728
0.6 -1.03923 -0 0.403976 0.68253
0.762495 -1.17414 -0 0.388316 0.654798
0.6 -1.03923 -0 0.403976 0.68253
0.7 -1.21244 -0 0.399249 0.647
0.762495 -1.17414 -0 0.388316 0.654798
0.762495 -1.17414 -0 0.388316 0.654798
0.7 -1.21244 -0 0.399249 0.647
0.871422 -1.34187 -0 0.383904 0.625293
0.7 -1.21244 -0 0.399249 0.647
0.8 -1.38564 -0 0.395376 0.617883
0.871422 -1.34187 -0 0.383904 0.625293
0.871422 -1.34187 -0 0.383904 0.625293
0.8 -1.38564 -0 0.395376 0.617883
0.98035 -1.50961 -0 0.380216 0.600632
0.8 -1.38564 -0 0.395376 0.617883
0.9 -1.55885 -0 0.392143 0.593587
0.98035 -1.50961 -0 0.380216 0.600632
0.98035 -1.50961 -0 0.380216 0.600632
0.9 -1.55885 -0 0.392143 0.593587
1.08928 -1.67734 -0 0.377088 0.579711
0.9 -1.55885 -0 0.392143 0.593587
1 -1.73205 -0 0.389406 0.573006
1.08928 -1.67734 -0 0.377088 0.579711
1.08928 -1.67734 -0 0.377088 0.579711
1 -1.73205 -0 0.389406 0.573006
1.19821 -1.84508 -0 0.374401 0.561741
1 -1.73205 -0 0.389406 0.573006
1.1 -1.90526 -0 0.387057 0.555349
1.19821 -1.84508 -0 0.374401 0.561741
1.19821 -1.84508 -0 0.374401 0.561741
1.1 -1.90526 -0 0.387057 0.555349
1.41833 -2.18404 0.04 0.368797 0.527888
1.1 -1.90526 -0 0.387057 0.555349
1.30208 -2.25527 0.04 0.382158 0.522118
1.41833 -2.18404 0.04 0.368797 0.527888
1.41833 -2.18404 0.04 0.368797 0.527888
1.30208 -2.25527 0.04 0.382158 0.522118
1.52726 -2.35177 0.16 0.363538 0.503101
1.30208 -2.25527 0.04 0.382158 0.522118
1.40208 -2.42848 0.16 0.377557 0.497797
1.52726 -2.35177 0.16 0.363538 0.503101
1.52726 -2.35177 0.16 0.363538 0.503101
1.40208 -2.42848 0.16 0.377557 0.497797
1.63618 -2.5195 0.36 0.356193 0.470938
1.40208 -2.42848 0.16 0.377557 0.497797
1.50208 -2.60168 0.36 0.371142 0.466301
1.63618 -2.5195 0.36 0.356193 0.470938
1.63618 -2.5195 0.36 0.356193 0.470938
1.50208 -2.60168 0.36 0.371142 0.466301
1.74511 -2.68724 0.64 0.346505 0.430185
1.50208 -2.60168 0.36 0.371142 0.466301
1.60208 -2.77489 0.64 0.362705 0.426516
1.74511 -2.68724 0.64 0.346505 0.430185
1.74511 -2.68724 0.64 0.346505 0.430185
1.60208 -2.77489 0.64 0.362705 0.426516
1.85404 -2.85497 1 0.333991 0.378803
1.60208 -2.77489 0.64 0.362705 0.426516
1.70208 -2.94809 1 0.351851 0.376567
1.85404 -2.85497 1 0.333991 0.378803
1.85404 -2.85497 1 0.333991 0.378803
1.70208 -2.94809 1 0.351851 0.376567
1.96297 -3.02271 1.44 0.317855 0.313577
1.70208 -2.94809 1 0.351851 0.376567
1.80208 -3.1213 1.44 0.337933 0.313513
1.96297 -3.02271 1.44 0.317855 0.313577
1.96297 -3.02271 1.44 0.317855 0.313577
1.80208 -3.1213 1.44 0.337933 0.313513
2.0719 -3.19044 1.96 0.296819 0.229425
1.80208 -3.1213 1.44 0.337933 0.313513
1.90208 -3.2945 1.96 0.319917 0.232748
2.0719 -3.19044 1.96 0.296819 0.229425
2.0719 -3.19044 1.96 0.296819 0.229425
1.90208 -3.2945 1.96 0.319917 0.232748
2.18082 -3.35817 2.56 0.268774 0.118024
1.90208 -3.2945 1.96 0.319917 0.232748
2.00208 -3.46771 2.56 0.296123 0.12685
2.18082 -3.35817 2.56 0.268774 0.118024
0.235114 -0.323607 -0 0.430272 0.982522
0.217856 -0.335468 -0 0.435907 0.973069
0.352671 -0.48541 -0 0.412837 0.878277
0.217856 -0.335468 -0 0.435907 0.973069
0.326783 -0.503202 -0 0.420232 0.86824
0.352671 -0.48541 -0 0.412837 0.878277
0.352671 -0.48541 -0 0.412837 0.878277
0.326783 -0.503202 -0 0.420232 0.86824
0.470228 -0.647214 -0 0.400175 0.802574
0.326783 -0.503202 -0 0.420232 0.86824
0.435711 -0.670936 -0 0.408921 0.792596
0.470228 -0.647214 -0 0.400175 0.802574
0.470228 -0.647214 -0 0.400175 0.802574
0.435711 -0.670936 -0 0.408921 0.792596
0.587785 -0.809017 -0 0.390563 0.745102
0.435711 -0.670936 -0 0.408921 0.792596
0.544639 -0.838671 -0 0.400374 0.735438
0.587785 -0.809017 -0 0.390563 0.745102
0.587785 -0.809017 -0 0.390563 0.745102
0.544639 -0.838671 -0 0.400374 0.735438
0.705342 -0.97082 -0 0.383017 0.699983
0.544639 -0.838671 -0 0.400374 0.735438
0.653567 -1.0064 -0 0.393688 0.690728
0.705342 -0.97082 -0 0.383017 0.699983
0.705342 -0.97082 -0 0.383017 0.699983
0.653567 -1.0064 -0 0.393688 0.690728
0.822899 -1.13262 -0 0.376935 0.663621
0.653567 -1.0064 -0 0.393688 0.690728
0.762495 -1.17414 -0 0.388316 0.654798
0.822899 -1.13262 -0 0.376935 0.663621
0.822899 -1.13262 -0 0.376935 0.663621
0.762495 -1.17414 -0 0.388316 0.654798
0.940456 -1.29443 -0 0.37193 0.633692
0.762495 -1.17414 -0 0.388316 0.654798
0.871422 -1.34187 -0 0.383904 0.625293
0.940456 -1.29443 -0 0.37193 0.633692
0.940456 -1.29443 -0 0.37193 0.633692
0.871422 -1.34187 -0 0.383904 0.625293
1.05801 -1.45623 -0 0.367738 0.608627
0.871422 -1.34187 -0 0.383904 0.625293
0.98035 -1.50961 -0 0.380216 0.600632
1.05801 -1.45623 -0 0.367738 0.608627
1.05801 -1.45623 -0 0.367738 0.608627
0.98035 -1.50961 -0 0.380216 0.600632
1.17557 -1.61803 -0 0.364176 0.587331
0.98035 -1.50961 -0 0.380216 0.600632
1.08928 -1.67734 -0 0.377088 0.579711
1.17557 -1.61803 -0 0.364176 0.587331
1.17557 -1.61803 -0 0.364176 0.587331
1.08928 -1.67734 -0 0.377088 0.579711
1.29313 -1.77984 -0 0.361112 0.569011
1.08928 -1.67734 -0 0.377088 0.579711
1.19821 -1.84508 -0 0.374401 0.561741
1.29313 -1.77984 -0 0.361112 0.569011
1.29313 -1.77984 -0 0.361112 0.569011
1.19821 -1.84508 -0 0.374401 0.561741
1.53069 -2.10681 0.04 0.354717 0.534462
1.19821 -1.84508 -0 0.374401 0.561741
1.41833 -2.18404 0.04 0.368797 0.527888
1.53069 -2.10681 0.04 0.354717 0.534462
1.53069 -2.10681 0.04 0.354717 0.534462
1.41833 -2.18404 0.04 0.368797 0.527888
1.64825 -2.26862 0.16 0.348719 0.509154
1.41833 -2.18404 0.04 0.368797 0.527888
1.52726 -2.35177 0.16 0.363538 0.503101
1.64825 -2.26862 0.16 0.348719 0.509154
1.64825 -2.26862 0.16 0.348719 0.509154
1.52726 -2.35177 0.16 0.363538 0.503101
1.7658 -2.43042 0.36 0.340323 0.476242
1.52726 -2.35177 0.16 0.363538 0.503101
1.63618 -2.5195 0.36 0.356193 0.470938
1.7658 -2.43042 0.36 0.340323 0.476242
1.7658 -2.43042 0.36 0.340323 0.476242
1.63618 -2.5195 0.36 0.356193 0.470938
1.88336 -2.59222 0.64 0.329209 0.43439
1.63618 -2.5195 0.36 0.356193 0.470938
1.74511 -2.68724 0.64 0.346505 0.430185
1.88336 -2.59222 0.64 0.329209 0.43439
1.88336 -2.59222 0.64 0.329209 0.43439
1.74511 -2.68724 0.64 0.346505 0.430185
2.00092 -2.75403 1 0.314783 0.381363
1.74511 -2.68724 0.64 0.346505 0.430185
1.85404 -2.85497 1 0.333991 0.378803
2.00092 -2.75403 1 0.314783 0.381363
2.00092 -2.75403 1 0.314783 0.381363
1.85404 -2.85497 1 0.333991 0.378803
2.11847 -2.91583 1.44 0.296064 0.313612
1.85404 -2.85497 1 0.333991 0.378803
1.96297 -3.02271 1.44 0.317855 0.313577
2.11847 -2.91583 1.44 0.296064 0.313612
2.11847 -2.91583 1.44 0.296064 0.313612
1.96297 -3.02271 1.44 0.317855 0.313577
2.23603 -3.07763 1.96 0.271454 0.225455
1.96297 -3.02271 1.44 0.317855 0.313577
2.0719 -3.19044 1.96 0.296819 0.229425
2.23603 -3.07763 1.96 0.271454 0.225455
2.23603 -3.07763 1.96 0.271454 0.225455
2.0719 -3.19044 1.96 0.296819 0.229425
2.35359 -3.23944 2.56 0.238275 0.107431
2.0719 -3.19044 1.96 0.296819 0.229425
2.18082 -3.35817 2.56 0.268774 0.118024
2.35359 -3.23944 2.56 0.238275 0.107431
0.251728 -0.310858 -0 0.424582 0.992951
0.235114 -0.323607 -0 0.430272 0.982522
0.377592 -0.466288 -0 0.405282 0.889433
0.235114 -0.323607 -0 0.430272 0.982522
0.352671 -0.48541 -0 0.412837 0.878277
0.377592 -0.466288 -0 0.405282 0.889433
0.377592 -0.466288 -0 0.405282 0.889433
0.352671 -0.48541 -0 0.412837 0.878277
0.503456 -0.621717 -0 0.391167 0.813724
0.352671 -0.48541 -0 0.412837 0.878277
0.470228 -0.647214 -0 0.400175 0.802574
0.503456 -0.621717 -0 0.391167 0.813724
0.503456 -0.621717 -0 0.391167 0.813724
0.470228 -0.647214 -0 0.400175 0.802574
0.62932 -0.777146 -0 0.380394 0.755945
0.470228 -0.647214 -0 0.400175 0.802574
0.587785 -0.809017 -0 0.390563 0.745102
0.62932 -0.777146 -0 0.380394 0.755945
0.62932 -0.777146 -0 0.380394 0.755945
0.587785 -0.809017 -0 0.390563 0.745102
0.755184 -0.932575 -0 0.371903 0.7104
0.587785 -0.809017 -0 0.390563 0.745102
0.705342 -0.97082 -0 0.383017 0.699983
0.755184 -0.932575 -0 0.371903 0.7104
0.755184 -0.932575 -0 0.371903 0.7104
0.705342 -0.97082 -0 0.383017 0.699983
0.881049 -1.088 -0 0.365037 0.673576
0.705342 -0.97082 -0 0.383017 0.699983
0.822899 -1.13262 -0 0.376935 0.663621
0.881049 -1.088 -0 0.365037 0.673576
0.881049 -1.088 -0 0.365037 0.673576
0.822899 -1.13262 -0 0.376935 0.663621
1.00691 -1.24343 -0 0.359372 0.643188
0.822899 -1.13262 -0 0.376935 0.663621
0.940456 -1.29443 -0 0.37193 0.633692
1.00691 -1.24343 -0 0.359372 0.643188
1.00691 -1.24343 -0 0.359372 0.643188
0.940456 -1.29443 -0 0.37193 0.633692
1.13278 -1.39886 -0 0.354616 0.617682
0.940456 -1.29443 -0 0.37193 0.633692
1.05801 -1.45623 -0 0.367738 0.608627
1.13278 -1.39886 -0 0.354616 0.617682
1.13278 -1.39886 -0 0.354616 0.617682
1.05801 -1.45623 -0 0.367738 0.608627
1.25864 -1.55429 -0 0.350568 0.595971
1.05801 -1.45623 -0 0.367738 0.608627
1.17557 -1.61803 -0 0.364176 0.587331
1.25864 -1.55429 -0 0.350568 0.595971
1.25864 -1.55429 -0 0.350568 0.595971
1.17557 -1.61803 -0 0.364176 0.587331
1.3845 -1.70972 -0 0.347081 0.577266
1.17557 -1.61803 -0 0.364176 0.587331
1.29313 -1.77984 -0 0.361112 0.569011
1.3845 -1.70972 -0 0.347081 0.577266
1.3845 -1.70972 -0 0.347081 0.577266
1.29313 -1.77984 -0 0.361112 0.569011
1.63885 -2.02381 0.04 0.339795 0.541944
1.29313 -1.77984 -0 0.361112 0.569011
1.53069 -2.10681 0.04 0.354717 0.534462
1.63885 -2.02381 0.04 0.339795 0.541944
1.63885 -2.02381 0.04 0.339795 0.541944
1.53069 -2.10681 0.04 0.354717 0.534462
1.76472 -2.17924 0.16 0.332956 0.516057
1.53069 -2.10681 0.04 0.354717 0.534462
1.64825 -2.26862 0.16 0.348719 0.509154
1.76472 -2.17924 0.16 0.332956 0.516057
1.76472 -2.17924 0.16 0.332956 0.516057
1.64825 -2.26862 0.16 0.348719 0.509154
1.89058 -2.33467 0.36 0.323358 0.482307
1.64825 -2.26862 0.16 0.348719 0.509154
1.7658 -2.43042 0.36 0.340323 0.476242
1.89058 -2.33467 0.36 0.323358 0.482307
1.89058 -2.33467 0.36 0.323358 0.482307
1.7658 -2.43042 0.36 0.340323 0.476242
2.01645 -2.4901 0.64 0.310602 0.439213
1.7658 -2.43042 0.36 0.340323 0.476242
1.88336 -2.59222 0.64 0.329209 0.43439
2.01645 -2.4901 0.64 0.310602 0.439213
2.01645 -2.4901 0.64 0.310602 0.439213
1.88336 -2.59222 0.64 0.329209 0.43439
2.14231 -2.64553 1 0.293949 0.384301
1.88336 -2.59222 0.64 0.329209 0.43439
2.00092 -2.75403 1 0.314783 0.381363
2.14231 -2.64553 1 0.293949 0.384301
2.14231 -2.64553 1 0.293949 0.384301
2.00092 -2.75403 1 0.314783 0.381363
2.26817 -2.80096 1.44 0.272179 0.313611
2.00092 -2.75403 1 0.314783 0.381363
2.11847 -2.91583 1.44 0.296064 0.313612
2.26817 -2.80096 1.44 0.272179 0.313611
2.26817 -2.80096 1.44 0.272179 0.313611
2.11847 -2.91583 1.44 0.296064 0.313612
2.39404 -2.95639 1.96 0.243274 0.220712
2.11847 -2.91583 1.44 0.296064 0.313612
2.23603 -3.07763 1.96 0.271454 0.225455
2.39404 -2.95639 1.96 0.243274 0.220712
2.39404 -2.95639 1.96 0.243274 0.220712
2.23603 -3.07763 1.96 0.271454 0.225455
2.5199 -3.11182 2.56 0.203783 0.0946622
2.23603 -3.07763 1.96 0.271454 0.225455
2.35359 -3.23944 2.56 0.238275 0.107431
2.5199 -3.11182 2.56 0.203783 0.0946622
0.251728 -0.310858 -0 0.424582 0.992951
0.377592 -0.466288 -0 0.405282 0.889433
0.401478 -0.445887 -0 0.39755 0.901788
0.401478 -0.445887 -0 0.39755 0.901788
0.377592 -0.466288 -0 0.405282 0.889433
0.535304 -0.594516 -0 0.381861 0.826149
0.377592 -0.466288 -0 0.405282 0.889433
0.503456 -0.621717 -0 0.391167 0.813724
0.535304 -0.594516 -0 0.381861 0.826149
0.535304 -0.594516 -0 0.381861 0.826149
0.503456 -0.621717 -0 0.391167 0.813724
0.669131 -0.743145 -0 0.369817 0.768083
0.503456 -0.621717 -0 0.391167 0.813724
0.62932 -0.777146 -0 0.380394 0.755945
0.669131 -0.743145 -0 0.369817 0.768083
0.669131 -0.743145 -0 0.369817 0.768083
0.62932 -0.777146 -0 0.380394 0.755945
0.802957 -0.891774 -0 0.36028 0.722104
0.62932 -0.777146 -0 0.380394 0.755945
0.755184 -0.932575 -0 0.371903 0.7104
0.802957 -0.891774 -0 0.36028 0.722104
0.802957 -0.891774 -0 0.36028 0.722104
0.755184 -0.932575 -0 0.371903 0.7104
0.936783 -1.0404 -0 0.352542 0.684794
0.755184 -0.932575 -0 0.371903 0.7104
0.881049 -1.088 -0 0.365037 0.673576
0.936783 -1.0404 -0 0.352542 0.684794
0.936783 -1.0404 -0 0.352542 0.684794
0.881049 -1.088 -0 0.365037 0.673576
1.07061 -1.18903 -0 0.346136 0.653912
0.881049 -1.088 -0 0.365037 0.673576
1.00691 -1.24343 -0 0.359372 0.643188
1.07061 -1.18903 -0 0.346136 0.653912
1.07061 -1.18903 -0 0.346136 0.653912
1.00691 -1.24343 -0 0.359372 0.643188
1.20444 -1.33766 -0 0.340747 0.627929
1.00691 -1.24343 -0 0.359372 0.643188
1.13278 -1.39886 -0 0.354616 0.617682
1.20444 -1.33766 -0 0.340747 0.627929
1.20444 -1.33766 -0 0.340747 0.627929
1.13278 -1.39886 -0 0.354616 0.617682
1.33826 -1.48629 -0 0.33615 0.605765
1.13278 -1.39886 -0 0.354616 0.617682
1.25864 -1.55429 -0 0.350568 0.595971
1.33826 -1.48629 -0 0.33615 0.605765
1.33826 -1.48629 -0 0.33615 0.605765
1.25864 -1.55429 -0 0.350568 0.595971
1.47209 -1.63492 -0 0.332182 0.586635
1.25864 -1.55429 -0 0.350568 0.595971
1.3845 -1.70972 -0 0.347081 0.577266
1.47209 -1.63492 -0 0.332182 0.586635
1.47209 -1.63492 -0 0.332182 0.586635
1.3845 -1.70972 -0 0.347081 0.577266
1.74253 -1.93527 0.04 0.323879 0.550459
1.3845 -1.70972 -0 0.347081 0.577266
1.63885 -2.02381 0.04 0.339795 0.541944
1.74253 -1.93527 0.04 0.323879 0.550459
1.74253 -1.93527 0.04 0.323879 0.550459
1.63885 -2.02381 0.04 0.339795 0.541944
1.87635 -2.0839 0.16 0.316078 0.523934
1.63885 -2.02381 0.04 0.339795 0.541944
1.76472 -2.17924 0.16 0.332956 0.516057
1.87635 -2.0839 0.16 0.316078 0.523934
1.87635 -2.0839 0.16 0.316078 0.523934
1.76472 -2.17924 0.16 0.332956 0.516057
2.01018 -2.23253 0.36 0.305092 0.48925
1.76472 -2.17924 0.16 0.332956 0.516057
1.89058 -2.33467 0.36 0.323358 0.482307
2.01018 -2.23253 0.36 0.305092 0.48925
2.01018 -2.23253 0.36 0.305092 0.48925
1.89058 -2.33467 0.36 0.323358 0.482307
2.144 -2.38116 0.64 0.29042 0.444756
1.89058 -2.33467 0.36 0.323358 0.482307
2.01645 -2.4901 0.64 0.310602 0.439213
2.144 -2.38116 0.64 0.29042 0.444756
2.144 -2.38116 0.64 0.29042 0.444756
2.01645 -2.4901 0.64 0.310602 0.439213
2.27783 -2.52979 1 0.271142 0.387686
2.01645 -2.4901 0.64 0.310602 0.439213
2.14231 -2.64553 1 0.293949 0.384301
2.27783 -2.52979 1 0.271142 0.387686
2.27783 -2.52979 1 0.271142 0.387686
2.14231 -2.64553 1 0.293949 0.384301
2.41166 -2.67842 1.44 0.245716 0.313572
2.14231 -2.64553 1 0.293949 0.384301
2.26817 -2.80096 1.44 0.272179 0.313611
2.41166 -2.67842 1.44 0.245716 0.313572
2.41166 -2.67842 1.44 0.245716 0.313572
2.26817 -2.80096 1.44 0.272179 0.313611
2.54548 -2.82704 1.96 0.211564 0.215023
2.26817 -2.80096 1.44 0.272179 0.313611
2.39404 -2.95639 1.96 0.243274 0.220712
2.54548 -2.82704 1.96 0.211564 0.215023
2.54548 -2.82704 1.96 0.211564 0.215023
2.39404 -2.95639 1.96 0.243274 0.220712
2.67931 -2.97567 2.56 0.164158 0.0791556
2.39404 -2.95639 1.96 0.243274 0.220712
2.5199 -3.11182 2.56 0.203783 0.0946622
2.67931 -2.97567 2.56 0.164158 0.0791556
0.424264 -0.424264 -0 0.38962 0.915435
0.401478 -0.445887 -0 0.39755 0.901788
0.565685 -0.565685 -0 0.372219 0.839966
0.401478 -0.445887 -0 0.39755 0.901788
0.535304 -0.594516 -0 0.381861 0.826149
0.565685 -0.565685 -0 0.372219 0.839966
0.565685 -0.565685 -0 0.372219 0.839966
0.535304 -0.594516 -0 0.381861 0.826149
0.707107 -0.707107 -0 0.358774 0.781653
0.535304 -0.594516 -0 0.381861 0.826149
0.669131 -0.743145 -0 0.369817 0.768083
0.707107 -0.707107 -0 0.358774 0.781653
0.707107 -0.707107 -0 0.358774 0.781653
0.669131 -0.743145 -0 0.369817 0.768083
0.848528 -0.848528 -0 0.348073 0.735242
0.669131 -0.743145 -0 0.369817 0.768083
0.802957 -0.891774 -0 0.36028 0.722104
0.848528 -0.848528 -0 0.348073 0.735242
0.848528 -0.848528 -0 0.348073 0.735242
0.802957 -0.891774 -0 0.36028 0.722104
0.98995 -0.98995 -0 0.339355 0.697428
0.802957 -0.891774 -0 0.36028 0.722104
0.936783 -1.0404 -0 0.352542 0.684794
0.98995 -0.98995 -0 0.339355 0.697428
0.98995 -0.98995 -0 0.339355 0.697428
0.936783 -1.0404 -0 0.352542 0.684794
1.13137 -1.13137 -0 0.332114 0.666023
0.936783 -1.0404 -0 0.352542 0.684794
1.07061 -1.18903 -0 0.346136 0.653912
1.13137 -1.13137 -0 0.332114 0.666023
1.13137 -1.13137 -0 0.332114 0.666023
1.07061 -1.18903 -0 0.346136 0.653912
1.27279 -1.27279 -0 0.326005 0.639526
1.07061 -1.18903 -0 0.346136 0.653912
1.20444 -1.33766 -0 0.340747 0.627929
1.27279 -1.27279 -0 0.326005 0.639526
1.27279 -1.27279 -0 0.326005 0.639526
1.20444 -1.33766 -0 0.340747 0.627929
1.41421 -1.41421 -0 0.320781 0.61687
1.20444 -1.33766 -0 0.340747 0.627929
1.33826 -1.48629 -0 0.33615 0.605765
1.41421 -1.41421 -0 0.320781 0.61687
1.41421 -1.41421 -0 0.320781 0.61687
1.33826 -1.48629 -0 0.33615 0.605765
1.55563 -1.55563 -0 0.316263 0.597276
1.33826 -1.48629 -0 0.33615 0.605765
1.47209 -1.63492 -0 0.332182 0.586635
1.55563 -1.55563 -0 0.316263 0.597276
1.55563 -1.55563 -0 0.316263 0.597276
1.47209 -1.63492 -0 0.332182 0.586635
1.84142 -1.84142 0.04 0.30679 0.560162
1.47209 -1.63492 -0 0.332182 0.586635
1.74253 -1.93527 0.04 0.323879 0.550459
1.84142 -1.84142 0.04 0.30679 0.560162
1.84142 -1.84142 0.04 0.30679 0.560162
1.74253 -1.93527 0.04 0.323879 0.550459
1.98284 -1.98284 0.16 0.297873 0.532937
1.74253 -1.93527 0.04 0.323879 0.550459
1.87635 -2.0839 0.16 0.316078 0.523934
1.98284 -1.98284 0.16 0.297873 0.532937
1.98284 -1.98284 0.16 0.297873 0.532937
1.87635 -2.0839 0.16 0.316078 0.523934
2.12426 -2.12426 0.36 0.285268 0.49722
1.87635 -2.0839 0.16 0.316078 0.523934
2.01018 -2.23253 0.36 0.305092 0.48925
2.12426 -2.12426 0.36 0.285268 0.49722
2.12426 -2.12426 0.36 0.285268 0.49722
2.01018 -2.23253 0.36 0.305092 0.48925
2.26569 -2.26569 0.64 0.268337 0.45115
2.01018 -2.23253 0.36 0.305092 0.48925
2.144 -2.38116 0.64 0.29042 0.444756
2.26569 -2.26569 0.64 0.268337 0.45115
2.26569 -2.26569 0.64 0.268337 0.45115
2.144 -2.38116 0.64 0.29042 0.444756
2.40711 -2.40711 1 0.245919 0.391608
2.144 -2.38116 0.64 0.29042 0.444756
2.27783 -2.52979 1 0.271142 0.387686
2.40711 -2.40711 1 0.245919 0.391608
2.40711 -2.40711 1 0.245919 0.391608
2.27783 -2.52979 1 0.271142 0.387686
2.54853 -2.54853 1.44 0.216048 0.313485
2.27783 -2.52979 1 0.271142 0.387686
2.41166 -2.67842 1.44 0.245716 0.313572
2.54853 -2.54853 1.44 0.216048 0.313485
2.54853 -2.54853 1.44 0.216048 0.313485
2.41166 -2.67842 1.44 0.245716 0.313572
2.68995 -2.68995 1.96 0.175367 0.208155
2.41166 -2.67842 1.44 0.245716 0.313572
2.54548 -2.82704 1.96 0.211564 0.215023
2.68995 -2.68995 1.96 0.175367 0.208155
2.68995 -2.68995 1.96 0.175367 0.208155
2.54548 -2.82704 1.96 0.211564 0.215023
2.83137 -2.83137 2.56 0.117808 0.0601229
2.54548 -2.82704 1.96 0.211564 0.215023
2.67931 -2.97567 2.56 0.164158 0.0791556
2.83137 -2.83137 2.56 0.117808 0.0601229
0.445887 -0.401478 -0 0.38147 0.930479
0.424264 -0.424264 -0 0.38962 0.915435
0.594516 -0.535304 -0 0.362198 0.855315
0.424264 -0.424264 -0 0.38962 0.915435
0.565685 -0.565685 -0 0.372219 0.839966
0.594516 -0.535304 -0 0.362198 0.855315
0.594516 -0.535304 -0 0.362198 0.855315
0.565685 -0.565685 -0 0.372219 0.839966
0.743145 -0.669131 -0 0.347199 0.796815
0.565685 -0.565685 -0 0.372219 0.839966
0.707107 -0.707107 -0 0.358774 0.781653
0.743145 -0.669131 -0 0.347199 0.796815
0.743145 -0.669131 -0 0.347199 0.796815
0.707107 -0.707107 -0 0.358774 0.781653
0.891774 -0.802957 -0 0.335193 0.749991
0.707107 -0.707107 -0 0.358774 0.781653
0.848528 -0.848528 -0 0.348073 0.735242
0.891774 -0.802957 -0 0.335193 0.749991
0.891774 -0.802957 -0 0.335193 0.749991
0.848528 -0.848528 -0 0.348073 0.735242
1.0404 -0.936783 -0 0.325366 0.711663
0.848528 -0.848528 -0 0.348073 0.735242
0.98995 -0.98995 -0 0.339355 0.697428
1.0404 -0.936783 -0 0.325366 0.711663
1.0404 -0.936783 -0 0.325366 0.711663
0.98995 -0.98995 -0 0.339355 0.697428
1.18903 -1.07061 -0 0.317174 0.679712
0.98995 -0.98995 -0 0.339355 0.697428
1.13137 -1.13137 -0 0.332114 0.666023
1.18903 -1.07061 -0 0.317174 0.679712
1.18903 -1.07061 -0 0.317174 0.679712
1.13137 -1.13137 -0 0.332114 0.666023
1.33766 -1.20444 -0 0.31024 0.652669
1.13137 -1.13137 -0 0.332114 0.666023
1.27279 -1.27279 -0 0.326005 0.639526
1.33766 -1.20444 -0 0.31024 0.652669
1.33766 -1.20444 -0 0.31024 0.652669
1.27279 -1.27279 -0 0.326005 0.639526
1.48629 -1.33826 -0 0.304295 0.629483
1.27279 -1.27279 -0 0.326005 0.639526
1.41421 -1.41421 -0 0.320781 0.61687
1.48629 -1.33826 -0 0.304295 0.629483
1.48629 -1.33826 -0 0.304295 0.629483
1.41421 -1.41421 -0 0.320781 0.61687
1.63492 -1.47209 -0 0.299142 0.609384
1.41421 -1.41421 -0 0.320781 0.61687
1.55563 -1.55563 -0 0.316263 0.597276
1.63492 -1.47209 -0 0.299142 0.609384
1.63492 -1.47209 -0 0.299142 0.609384
1.55563 -1.55563 -0 0.316263 0.597276
1.93527 -1.74253 0.04 0.28831 0.571246
1.55563 -1.55563 -0 0.316263 0.597276
1.84142 -1.84142 0.04 0.30679 0.560162
1.93527 -1.74253 0.04 0.28831 0.571246
1.93527 -1.74253 0.04 0.28831 0.571246
1.84142 -1.84142 0.04 0.30679 0.560162
2.0839 -1.87635 0.16 0.278086 0.543258
1.84142 -1.84142 0.04 0.30679 0.560162
1.98284 -1.98284 0.16 0.297873 0.532937
2.0839 -1.87635 0.16 0.278086 0.543258
2.0839 -1.87635 0.16 0.278086 0.543258
1.98284 -1.98284 0.16 0.297873 0.532937
2.23253 -2.01018 0.36 0.263567 0.506401
1.98284 -1.98284 0.16 0.297873 0.532937
2.12426 -2.12426 0.36 0.285268 0.49722
2.23253 -2.01018 0.36 0.263567 0.506401
2.23253 -2.01018 0.36 0.263567 0.506401
2.12426 -2.12426 0.36 0.285268 0.49722
2.38116 -2.144 0.64 0.243938 0.458562
2.12426 -2.12426 0.36 0.285268 0.49722
2.26569 -2.26569 0.64 0.268337 0.45115
2.38116 -2.144 0.64 0.243938 0.458562
2.38116 -2.144 0.64 0.243938 0.458562
2.26569 -2.26569 0.64 0.268337 0.45115
2.52979 -2.27783 1 0.217711 0.396183
2.26569 -2.26569 0.64 0.268337 0.45115
2.40711 -2.40711 1 0.245919 0.391608
2.52979 -2.27783 1 0.217711 0.396183
2.52979 -2.27783 1 0.217711 0.396183
2.40711 -2.40711 1 0.245919 0.391608
2.67842 -2.41166 1.44 0.18234 0.313342
2.40711 -2.40711 1 0.245919 0.391608
2.54853 -2.54853 1.44 0.216048 0.313485
2.67842 -2.41166 1.44 0.18234 0.313342
2.67842 -2.41166 1.44 0.18234 0.313342
2.54853 -2.54853 1.44 0.216048 0.313485
2.82704 -2.54548 1.96 0.133367 0.199786
2.54853 -2.54853 1.44 0.216048 0.313485
2.68995 -2.68995 1.96 0.175367 0.208155
2.82704 -2.54548 1.96 0.133367 0.199786
2.82704 -2.54548 1.96 0.133367 0.199786
2.68995 -2.68995 1.96 0.175367 0.208155
2.97567 -2.67931 2.56 0.062447 0.0364227
2.68995 -2.68995 1.96 0.175367 0.208155
2.83137 -2.83137 2.56 0.117808 0.0601229
2.97567 -2.67931 2.56 0.062447 0.0364227
0.466288 -0.377592 -0 0.373076 0.947042
0.445887 -0.401478 -0 0.38147 0.930479
0.621717 -0.503456 -0 0.351749 0.872357
0.445887 -0.401478 -0 0.38147 0.930479
0.594516 -0.535304 -0 0.362198 0.855315
0.621717 -0.503456 -0 0.351749 0.872357
0.621717 -0.503456 -0 0.351749 0.872357
0.594516 -0.535304 -0 0.362198 0.855315
0.777146 -0.62932 -0 0.335015 0.813761
0.594516 -0.535304 -0 0.362198 0.855315
0.743145 -0.669131 -0 0.347199 0.796815
0.777146 -0.62932 -0 0.335015 0.813761
0.777146 -0.62932 -0 0.335015 0.813761
0.743145 -0.669131 -0 0.347199 0.796815
0.932575 -0.755184 -0 0.321536 0.76656
0.743145 -0.669131 -0 0.347199 0.796815
0.891774 -0.802957 -0 0.335193 0.749991
0.932575 -0.755184 -0 0.321536 0.76656
0.932575 -0.755184 -0 0.321536 0.76656
0.891774 -0.802957 -0 0.335193 0.749991
1.088 -0.881049 -0 0.310445 0.727724
0.891774 -0.802957 -0 0.335193 0.749991
1.0404 -0.936783 -0 0.325366 0.711663
1.088 -0.881049 -0 0.310445 0.727724
1.088 -0.881049 -0 0.310445 0.727724
1.0404 -0.936783 -0 0.325366 0.711663
1.24343 -1.00691 -0 0.301161 0.695212
1.0404 -0.936783 -0 0.325366 0.711663
1.18903 -1.07061 -0 0.317174 0.679712
1.24343 -1.00691 -0 0.301161 0.695212
1.24343 -1.00691 -0 0.301161 0.695212
1.18903 -1.07061 -0 0.317174 0.679712
1.39886 -1.13278 -0 0.293274 0.667594
1.18903 -1.07061 -0 0.317174 0.679712
1.33766 -1.20444 -0 0.31024 0.652669
1.39886 -1.13278 -0 0.293274 0.667594
1.39886 -1.13278 -0 0.293274 0.667594
1.33766 -1.20444 -0 0.31024 0.652669
1.55429 -1.25864 -0 0.286491 0.643843
1.33766 -1.20444 -0 0.31024 0.652669
1.48629 -1.33826 -0 0.304295 0.629483
1.55429 -1.25864 -0 0.286491 0.643843
1.55429 -1.25864 -0 0.286491 0.643843
1.48629 -1.33826 -0 0.304295 0.629483
1.70972 -1.3845 -0 0.280596 0.6232
1.48629 -1.33826 -0 0.304295 0.629483
1.63492 -1.47209 -0 0.299142 0.609384
1.70972 -1.3845 -0 0.280596 0.6232
1.70972 -1.3845 -0 0.280596 0.6232
1.63492 -1.47209 -0 0.299142 0.609384
2.02381 -1.63885 0.04 0.268166 0.58395
1.63492 -1.47209 -0 0.299142 0.609384
1.93527 -1.74253 0.04 0.28831 0.571246
2.02381 -1.63885 0.04 0.268166 0.58395
2.02381 -1.63885 0.04 0.268166 0.58395
1.93527 -1.74253 0.04 0.28831 0.571246
2.17924 -1.76472 0.16 0.256394 0.555137
1.93527 -1.74253 0.04 0.28831 0.571246
2.0839 -1.87635 0.16 0.278086 0.543258
2.17924 -1.76472 0.16 0.256394 0.555137
2.17924 -1.76472 0.16 0.256394 0.555137
2.0839 -1.87635 0.16 0.278086 0.543258
2.33467 -1.89058 0.36 0.239588 0.51703
2.0839 -1.87635 0.16 0.278086 0.543258
2.23253 -2.01018 0.36 0.263567 0.506401
2.33467 -1.89058 0.36 0.239588 0.51703
2.33467 -1.89058 0.36 0.239588 0.51703
2.23253 -2.01018 0.36 0.263567 0.506401
2.4901 -2.01645 0.64 0.216688 0.467208
2.23253 -2.01018 0.36 0.263567 0.506401
2.38116 -2.144 0.64 0.243938 0.458562
2.4901 -2.01645 0.64 0.216688 0.467208
2.4901 -2.01645 0.64 0.216688 0.467208
2.38116 -2.144 0.64 0.243938 0.458562
2.64553 -2.14231 1 0.185767 0.401566
2.38116 -2.144 0.64 0.243938 0.458562
2.52979 -2.27783 1 0.217711 0.396183
2.64553 -2.14231 1 0.185767 0.401566
2.64553 -2.14231 1 0.185767 0.401566
2.52979 -2.27783 1 0.217711 0.396183
2.80096 -2.26817 1.44 0.14346 0.31313
2.52979 -2.27783 1 0.217711 0.396183
2.67842 -2.41166 1.44 0.18234 0.313342
2.80096 -2.26817 1.44 0.14346 0.31313
2.80096 -2.26817 1.44 0.14346 0.31313
2.67842 -2.41166 1.44 0.18234 0.313342
2.95639 -2.39404 1.96 0.0837062 0.189458
2.67842 -2.41166 1.44 0.18234 0.313342
2.82704 -2.54548 1.96 0.133367 0.199786
2.95639 -2.39404 1.96 0.0837062 0.189458
0.48541 -0.352671 -0 0.364413 0.965261
0.466288 -0.377592 -0 0.373076 0.947042
0.647214 -0.470228 -0 0.340814 0.891281
0.466288 -0.377592 -0 0.373076 0.947042
0.621717 -0.503456 -0 0.351749 0.872357
0.647214 -0.470228 -0 0.340814 0.891281
0.647214 -0.470228 -0 0.340814 0.891281
0.621717 -0.503456 -0 0.351749 0.872357
0.809017 -0.587785 -0 0.322133 0.832717
0.621717 -0.503456 -0 0.351749 0.872357
0.777146 -0.62932 -0 0.335015 0.813761
0.809017 -0.587785 -0 0.322133 0.832717
0.809017 -0.587785 -0 0.322133 0.832717
0.777146 -0.62932 -0 0.335015 0.813761
0.97082 -0.705342 -0 0.306977 0.785204
0.777146 -0.62932 -0 0.335015 0.813761
0.932575 -0.755184 -0 0.321536 0.76656
0.97082 -0.705342 -0 0.306977 0.785204
0.97082 -0.705342 -0 0.306977 0.785204
0.932575 -0.755184 -0 0.321536 0.76656
1.13262 -0.822899 -0 0.294435 0.745885
0.932575 -0.755184 -0 0.321536 0.76656
1.088 -0.881049 -0 0.310445 0.727724
1.13262 -0.822899 -0 0.294435 0.745885
1.13262 -0.822899 -0 0.294435 0.745885
1.088 -0.881049 -0 0.310445 0.727724
1.29443 -0.940456 -0 0.283884 0.712808
1.088 -0.881049 -0 0.310445 0.727724
1.24343 -1.00691 -0 0.301161 0.695212
1.29443 -0.940456 -0 0.283884 0.712808
1.29443 -0.940456 -0 0.283884 0.712808
1.24343 -1.00691 -0 0.301161 0.695212
1.45623 -1.05801 -0 0.274885 0.684596
1.24343 -1.00691 -0 0.301161 0.695212
1.39886 -1.13278 -0 0.293274 0.667594
1.45623 -1.05801 -0 0.274885 0.684596
1.45623 -1.05801 -0 0.274885 0.684596
1.39886 -1.13278 -0 0.293274 0.667594
1.61803 -1.17557 -0 0.267119 0.660249
1.39886 -1.13278 -0 0.293274 0.667594
1.55429 -1.25864 -0 0.286491 0.643843
1.61803 -1.17557 -0 0.267119 0.660249
1.61803 -1.17557 -0 0.267119 0.660249
1.55429 -1.25864 -0 0.286491 0.643843
1.77984 -1.29313 -0 0.260348 0.639024
1.55429 -1.25864 -0 0.286491 0.643843
1.70972 -1.3845 -0 0.280596 0.6232
1.77984 -1.29313 -0 0.260348 0.639024
1.77984 -1.29313 -0 0.260348 0.639024
1.70972 -1.3845 -0 0.280596 0.6232
2.10681 -1.53069 0.04 0.24602 0.59858
1.70972 -1.3845 -0 0.280596 0.6232
2.02381 -1.63885 0.04 0.268166 0.58395
2.10681 -1.53069 0.04 0.24602 0.59858
2.10681 -1.53069 0.04 0.24602 0.59858
2.02381 -1.63885 0.04 0.268166 0.58395
2.26862 -1.64825 0.16 0.232391 0.568884
2.02381 -1.63885 0.04 0.268166 0.58395
2.17924 -1.76472 0.16 0.256394 0.555137
2.26862 -1.64825 0.16 0.232391 0.568884
2.26862 -1.64825 0.16 0.232391 0.568884
2.17924 -1.76472 0.16 0.256394 0.555137
2.43042 -1.7658 0.36 0.212811 0.529415
2.17924 -1.76472 0.16 0.256394 0.555137
2.33467 -1.89058 0.36 0.239588 0.51703
2.43042 -1.7658 0.36 0.212811 0.529415
2.43042 -1.7658 0.36 0.212811 0.529415
2.33467 -1.89058 0.36 0.239588 0.51703
2.59222 -1.88336 0.64 0.185888 0.477376
2.33467 -1.89058 0.36 0.239588 0.51703
2.4901 -2.01645 0.64 0.216688 0.467208
2.59222 -1.88336 0.64 0.185888 0.477376
2.59222 -1.88336 0.64 0.185888 0.477376
2.4901 -2.01645 0.64 0.216688 0.467208
2.75403 -2.00092 1 0.149074 0.407964
2.4901 -2.01645 0.64 0.216688 0.467208
2.64553 -2.14231 1 0.185767 0.401566
2.75403 -2.00092 1 0.149074 0.407964
2.75403 -2.00092 1 0.149074 0.407964
2.64553 -2.14231 1 0.185767 0.401566
2.91583 -2.11847 1.44 0.09783 0.312829
2.64553 -2.14231 1 0.185767 0.401566
2.80096 -2.26817 1.44 0.14346 0.31313
2.91583 -2.11847 1.44 0.09783 0.312829
2.91583 -2.11847 1.44 0.09783 0.312829
2.80096 -2.26817 1.44 0.14346 0.31313
3.07763 -2.23603 1.96 0.0236661 0.176499
2.80096 -2.26817 1.44 0.14346 0.31313
2.95639 -2.39404 1.96 0.0837062 0.189458
3.07763 -2.23603 1.96 0.0236661 0.176499
0.503202 -0.326783 -0 0.355449 0.985296
0.48541 -0.352671 -0 0.364413 0.965261
0.670936 -0.435711 -0 0.32933 0.912309
0.48541 -0.352671 -0 0.364413 0.965261
0.647214 -0.470228 -0 0.340814 0.891281
0.670936 -0.435711 -0 0.32933 0.912309
0.670936 -0.435711 -0 0.32933 0.912309
0.647214 -0.470228 -0 0.340814 0.891281
0.838671 -0.544639 -0 0.308448 0.853954
0.647214 -0.470228 -0 0.340814 0.891281
0.809017 -0.587785 -0 0.322133 0.832717
0.838671 -0.544639 -0 0.308448 0.853954
0.838671 -0.544639 -0 0.308448 0.853954
0.809017 -0.587785 -0 0.322133 0.832717
1.0064 -0.653567 -0 0.291371 0.806233
0.809017 -0.587785 -0 0.322133 0.832717
0.97082 -0.705342 -0 0.306977 0.785204
1.0064 -0.653567 -0 0.291371 0.806233
1.0064 -0.653567 -0 0.291371 0.806233
0.97082 -0.705342 -0 0.306977 0.785204
1.17414 -0.762495 -0 0.277145 0.766482
0.97082 -0.705342 -0 0.306977 0.785204
1.13262 -0.822899 -0 0.294435 0.745885
1.17414 -0.762495 -0 0.277145 0.766482
1.17414 -0.762495 -0 0.277145 0.766482
1.13262 -0.822899 -0 0.294435 0.745885
1.34187 -0.871422 -0 0.265112 0.732857
1.13262 -0.822899 -0 0.294435 0.745885
1.29443 -0.940456 -0 0.283884 0.712808
1.34187 -0.871422 -0 0.265112 0.732857
1.34187 -0.871422 -0 0.265112 0.732857
1.29443 -0.940456 -0 0.283884 0.712808
1.50961 -0.98035 -0 0.254802 0.704045
1.29443 -0.940456 -0 0.283884 0.712808
1.45623 -1.05801 -0 0.274885 0.684596
1.50961 -0.98035 -0 0.254802 0.704045
1.50961 -0.98035 -0 0.254802 0.704045
1.45623 -1.05801 -0 0.274885 0.684596
1.67734 -1.08928 -0 0.245868 0.67908
1.45623 -1.05801 -0 0.274885 0.684596
1.61803 -1.17557 -0 0.267119 0.660249
1.67734 -1.08928 -0 0.245868 0.67908
1.67734 -1.08928 -0 0.245868 0.67908
1.61803 -1.17557 -0 0.267119 0.660249
1.84508 -1.19821 -0 0.238052 0.657241
1.61803 -1.17557 -0 0.267119 0.660249
1.77984 -1.29313 -0 0.260348 0.639024
1.84508 -1.19821 -0 0.238052 0.657241
1.84508 -1.19821 -0 0.238052 0.657241
1.77984 -1.29313 -0 0.260348 0.639024
2.18404 -1.41833 0.04 0.221439 0.615523
1.77984 -1.29313 -0 0.260348 0.639024
2.10681 -1.53069 0.04 0.24602 0.59858
2.18404 -1.41833 0.04 0.221439 0.615523
2.18404 -1.41833 0.04 0.221439 0.615523
2.10681 -1.53069 0.04 0.24602 0.59858
2.35177 -1.52726 0.16 0.205553 0.584898
2.10681 -1.53069 0.04 0.24602 0.59858
2.26862 -1.64825 0.16 0.232391 0.568884
2.35177 -1.52726 0.16 0.205553 0.584898
2.35177 -1.52726 0.16 0.205553 0.584898
2.26862 -1.64825 0.16 0.232391 0.568884
2.5195 -1.63618 0.36 0.182559 0.543962
2.26862 -1.64825 0.16 0.232391 0.568884
2.43042 -1.7658 0.36 0.212811 0.529415
2.5195 -1.63618 0.36 0.182559 0.543962
2.5195 -1.63618 0.36 0.182559 0.543962
2.43042 -1.7658 0.36 0.212811 0.529415
2.68724 -1.74511 0.64 0.150598 0.48945
2.43042 -1.7658 0.36 0.212811 0.529415
2.59222 -1.88336 0.64 0.185888 0.477376
2.68724 -1.74511 0.64 0.150598 0.48945
2.68724 -1.74511 0.64 0.150598 0.48945
2.59222 -1.88336 0.64 0.185888 0.477376
2.85497 -1.85404 1 0.106235 0.41567
2.59222 -1.88336 0.64 0.185888 0.477376
2.75403 -2.00092 1 0.149074 0.407964
2.85497 -1.85404 1 0.106235 0.41567
2.85497 -1.85404 1 0.106235 0.41567
2.75403 -2.00092 1 0.149074 0.407964
3.02271 -1.96297 1.44 0.0431736 0.312412
2.75403 -2.00092 1 0.149074 0.407964
2.91583 -2.11847 1.44 0.09783 0.312829
3.02271 -1.96297 1.44 0.0431736 0.312412
0.503202 -0.326783 -0 0.355449 0.985296
0.670936 -0.435711 -0 0.32933 0.912309
0.69282 -0.4 -0 0.317222 0.935703
0.69282 -0.4 -0 0.317222 0.935703
0.670936 -0.435711 -0 0.32933 0.912309
0.866025 -0.5 -0 0.293835 0.877801
0.670936 -0.435711 -0 0.32933 0.912309
0.838671 -0.544639 -0 0.308448 0.853954
0.866025 -0.5 -0 0.293835 0.877801
0.866025 -0.5 -0 0.293835 0.877801
0.838671 -0.544639 -0 0.308448 0.853954
1.03923 -0.6 -0 0.274537 0.830025
0.838671 -0.544639 -0 0.308448 0.853954
1.0064 -0.653567 -0 0.291371 0.806233
1.03923 -0.6 -0 0.274537 0.830025
1.03923 -0.6 -0 0.274537 0.830025
1.0064 -0.653567 -0 0.291371 0.806233
1.21244 -0.7 -0 0.258342 0.789931
1.0064 -0.653567 -0 0.291371 0.806233
1.17414 -0.762495 -0 0.277145 0.766482
1.21244 -0.7 -0 0.258342 0.789931
1.21244 -0.7 -0 0.258342 0.789931
1.17414 -0.762495 -0 0.277145 0.766482
1.38564 -0.8 -0 0.244557 0.755804
1.17414 -0.762495 -0 0.277145 0.766482
1.34187 -0.871422 -0 0.265112 0.732857
1.38564 -0.8 -0 0.244557 0.755804
1.38564 -0.8 -0 0.244557 0.755804
1.34187 -0.871422 -0 0.265112 0.732857
1.55885 -0.9 -0 0.232682 0.726405
1.34187 -0.871422 -0 0.265112 0.732857
1.50961 -0.98035 -0 0.254802 0.704045
1.55885 -0.9 -0 0.232682 0.726405
1.55885 -0.9 -0 0.232682 0.726405
1.50961 -0.98035 -0 0.254802 0.704045
1.73205 -1 -0 0.222346 0.700815
1.50961 -0.98035 -0 0.254802 0.704045
1.67734 -1.08928 -0 0.245868 0.67908
1.73205 -1 -0 0.222346 0.700815
1.73205 -1 -0 0.222346 0.700815
1.67734 -1.08928 -0 0.245868 0.67908
1.90526 -1.1 -0 0.213267 0.678338
1.67734 -1.08928 -0 0.245868 0.67908
1.84508 -1.19821 -0 0.238052 0.657241
1.90526 -1.1 -0 0.213267 0.678338
1.90526 -1.1 -0 0.213267 0.678338
1.84508 -1.19821 -0 0.238052 0.657241
2.25527 -1.30208 0.04 0.193866 0.635289
1.84508 -1.19821 -0 0.238052 0.657241
2.18404 -1.41833 0.04 0.221439 0.615523
2.25527 -1.30208 0.04 0.193866 0.635289
2.25527 -1.30208 0.04 0.193866 0.635289
2.18404 -1.41833 0.04 0.221439 0.615523
2.42848 -1.40208 0.16 0.175193 0.603707
2.18404 -1.41833 0.04 0.221439 0.615523
2.35177 -1.52726 0.16 0.205553 0.584898
2.42848 -1.40208 0.16 0.175193 0.603707
2.42848 -1.40208 0.16 0.175193 0.603707
2.35177 -1.52726 0.16 0.205553 0.584898
2.60168 -1.50208 0.36 0.147922 0.561216
2.35177 -1.52726 0.16 0.205553 0.584898
2.5195 -1.63618 0.36 0.182559 0.543962
2.60168 -1.50208 0.36 0.147922 0.561216
2.60168 -1.50208 0.36 0.147922 0.561216
2.5195 -1.63618 0.36 0.182559 0.543962
2.77489 -1.60208 0.64 0.109527 0.503964
2.5195 -1.63618 0.36 0.182559 0.543962
2.68724 -1.74511 0.64 0.150598 0.48945
2.77489 -1.60208 0.64 0.109527 0.503964
2.77489 -1.60208 0.64 0.109527 0.503964
2.68724 -1.74511 0.64 0.150598 0.48945
2.94809 -1.70208 1 0.0552571 0.425095
2.68724 -1.74511 0.64 0.150598 0.48945
2.85497 -1.85404 1 0.106235 0.41567
2.94809 -1.70208 1 0.0552571 0.425095
0.712805 -0.363192 -0 0.304403 0.961775
0.69282 -0.4 -0 0.317222 0.935703
0.891007 -0.453991 -0 0.278144 0.904655
0.69282 -0.4 -0 0.317222 0.935703
0.866025 -0.5 -0 0.293835 0.877801
0.891007 -0.453991 -0 0.278144 0.904655
0.891007 -0.453991 -0 0.278144 0.904655
0.866025 -0.5 -0 0.293835 0.877801
1.06921 -0.544789 -0 0.256257 0.857045
0.866025 -0.5 -0 0.293835 0.877801
1.03923 -0.6 -0 0.274537 0.830025
1.06921 -0.544789 -0 0.256257 0.857045
1.06921 -0.544789 -0 0.256257 0.857045
1.03923 -0.6 -0 0.274537 0.830025
1.24741 -0.635587 -0 0.237734 0.816754
1.03923 -0.6 -0 0.274537 0.830025
1.21244 -0.7 -0 0.258342 0.789931
1.24741 -0.635587 -0 0.237734 0.816754
1.24741 -0.635587 -0 0.237734 0.816754
1.21244 -0.7 -0 0.258342 0.789931
1.42561 -0.726385 -0 0.221855 0.782213
1.21244 -0.7 -0 0.258342 0.789931
1.38564 -0.8 -0 0.244557 0.755804
1.42561 -0.726385 -0 0.221855 0.782213
1.42561 -0.726385 -0 0.221855 0.782213
1.38564 -0.8 -0 0.244557 0.755804
1.60381 -0.817183 -0 0.208091 0.752274
1.38564 -0.8 -0 0.244557 0.755804
1.55885 -0.9 -0 0.232682 0.726405
1.60381 -0.817183 -0 0.208091 0.752274
1.60381 -0.817183 -0 0.208091 0.752274
1.55885 -0.9 -0 0.232682 0.726405
1.78201 -0.907981 -0 0.196047 0.726075
1.55885 -0.9 -0 0.232682 0.726405
1.73205 -1 -0 0.222346 0.700815
1.78201 -0.907981 -0 0.196047 0.726075
1.78201 -0.907981 -0 0.196047 0.726075
1.73205 -1 -0 0.222346 0.700815
1.96021 -0.998779 -0 0.185419 0.702956
1.73205 -1 -0 0.222346 0.700815
1.90526 -1.1 -0 0.213267 0.678338
1.96021 -0.998779 -0 0.185419 0.702956
1.96021 -0.998779 -0 0.185419 0.702956
1.90526 -1.1 -0 0.213267 0.678338
2.32033 -1.18227 0.04 0.162563 0.65855
1.90526 -1.1 -0 0.213267 0.678338
2.25527 -1.30208 0.04 0.193866 0.635289
2.32033 -1.18227 0.04 0.162563 0.65855
2.32033 -1.18227 0.04 0.162563 0.65855
2.25527 -1.30208 0.04 0.193866 0.635289
2.49853 -1.27306 0.16 0.140388 0.62602
2.25527 -1.30208 0.04 0.193866 0.635289
2.42848 -1.40208 0.16 0.175193 0.603707
2.49853 -1.27306 0.16 0.140388 0.62602
2.49853 -1.27306 0.16 0.140388 0.62602
2.42848 -1.40208 0.16 0.175193 0.603707
2.67673 -1.36386 0.36 0.107657 0.581925
2.42848 -1.40208 0.16 0.175193 0.603707
2.60168 -1.50208 0.36 0.147922 0.561216
2.67673 -1.36386 0.36 0.107657 0.581925
2.67673 -1.36386 0.36 0.107657 0.581925
2.60168 -1.50208 0.36 0.147922 0.561216
2.85493 -1.45466 0.64 0.0608505 0.521672
2.60168 -1.50208 0.36 0.147922 0.561216
2.77489 -1.60208 0.64 0.109527 0.503964
2.85493 -1.45466 0.64 0.0608505 0.521672
0.730836 -0.325389 -0 0.290768 0.990896
0.712805 -0.363192 -0 0.304403 0.961775
0.913545 -0.406737 -0 0.261193 0.935001
0.712805 -0.363192 -0 0.304403 0.961775
0.891007 -0.453991 -0 0.278144 0.904655
0.913545 -0.406737 -0 0.261193 0.935001
0.913545 -0.406737 -0 0.261193 0.935001
0.891007 -0.453991 -0 0.278144 0.904655
1.09625 -0.488084 -0 0.23626 0.887878
0.891007 -0.453991 -0 0.278144 0.904655
1.06921 -0.544789 -0 0.256257 0.857045
1.09625 -0.488084 -0 0.23626 0.887878
1.09625 -0.488084 -0 0.23626 0.887878
1.06921 -0.544789 -0 0.256257 0.857045
1.27896 -0.569431 -0 0.214955 0.847614
1.06921 -0.544789 -0 0.256257 0.857045
1.24741 -0.635587 -0 0.237734 0.816754
1.27896 -0.569431 -0 0.214955 0.847614
1.27896 -0.569431 -0 0.214955 0.847614
1.24741 -0.635587 -0 0.237734 0.816754
1.46167 -0.650779 -0 0.19654 0.812811
1.24741 -0.635587 -0 0.237734 0.816754
1.42561 -0.726385 -0 0.221855 0.782213
1.46167 -0.650779 -0 0.19654 0.812811
1.46167 -0.650779 -0 0.19654 0.812811
1.42561 -0.726385 -0 0.221855 0.782213
1.64438 -0.732126 -0 0.180465 0.782431
1.42561 -0.726385 -0 0.221855 0.782213
1.60381 -0.817183 -0 0.208091 0.752274
1.64438 -0.732126 -0 0.180465 0.782431
1.64438 -0.732126 -0 0.180465 0.782431
1.60381 -0.817183 -0 0.208091 0.752274
1.82709 -0.813473 -0 0.16631 0.755679
1.60381 -0.817183 -0 0.208091 0.752274
1.78201 -0.907981 -0 0.196047 0.726075
1.82709 -0.813473 -0 0.16631 0.755679
1.82709 -0.813473 -0 0.16631 0.755679
1.78201 -0.907981 -0 0.196047 0.726075
2.0098 -0.894821 -0 0.153751 0.731943
1.78201 -0.907981 -0 0.196047 0.726075
1.96021 -0.998779 -0 0.185419 0.702956
2.0098 -0.894821 -0 0.153751 0.731943
2.0098 -0.894821 -0 0.153751 0.731943
1.96021 -0.998779 -0 0.185419 0.702956
2.37902 -1.05921 0.04 0.126537 0.686215
1.96021 -0.998779 -0 0.185419 0.702956
2.32033 -1.18227 0.04 0.162563 0.65855
2.37902 -1.05921 0.04 0.126537 0.686215
2.37902 -1.05921 0.04 0.126537 0.686215
2.32033 -1.18227 0.04 0.162563 0.65855
2.56173 -1.14056 0.16 0.0998752 0.652816
2.32033 -1.18227 0.04 0.162563 0.65855
2.49853 -1.27306 0.16 0.140388 0.62602
2.56173 -1.14056 0.16 0.0998752 0.652816
2.56173 -1.14056 0.16 0.0998752 0.652816
2.49853 -1.27306 0.16 0.140388 0.62602
2.74444 -1.2219 0.36 0.0600088 0.607151
2.49853 -1.27306 0.16 0.140388 0.62602
2.67673 -1.36386 0.36 0.107657 0.581925
2.74444 -1.2219 0.36 0.0600088 0.607151
2.74444 -1.2219 0.36 0.0600088 0.607151
2.67673 -1.36386 0.36 0.107657 0.581925
2.92715 -1.30325 0.64 0.00189808 0.54368
2.67673 -1.36386 0.36 0.107657 0.581925
2.85493 -1.45466 0.64 0.0608505 0.521672
2.92715 -1.30325 0.64 0.00189808 0.54368
0.730836 -0.325389 -0 0.290768 0.990896
0.913545 -0.406737 -0 0.261193 0.935001
0.93358 -0.358368 -0 0.242761 0.969441
0.93358 -0.358368 -0 0.242761 0.969441
0.913545 -0.406737 -0 0.261193 0.935001
1.1203 -0.430042 -0 0.214206 0.923261
0.913545 -0.406737 -0 0.261193 0.935001
1.09625 -0.488084 -0 0.23626 0.887878
1.1203 -0.430042 -0 0.214206 0.923261
1.1203 -0.430042 -0 0.214206 0.923261
1.09625 -0.488084 -0 0.23626 0.887878
1.30701 -0.501715 -0 0.189536 0.883364
1.09625 -0.488084 -0 0.23626 0.887878
1.27896 -0.569431 -0 0.214955 0.847614
1.30701 -0.501715 -0 0.189536 0.883364
1.30701 -0.501715 -0 0.189536 0.883364
1.27896 -0.569431 -0 0.214955 0.847614
1.49373 -0.573389 -0 0.168009 0.848549
1.27896 -0.569431 -0 0.214955 0.847614
1.46167 -0.650779 -0 0.19654 0.812811
1.49373 -0.573389 -0 0.168009 0.848549
1.49373 -0.573389 -0 0.168009 0.848549
1.46167 -0.650779 -0 0.19654 0.812811
1.68044 -0.645062 -0 0.14906 0.817904
1.46167 -0.650779 -0 0.19654 0.812811
1.64438 -0.732126 -0 0.180465 0.782431
1.68044 -0.645062 -0 0.14906 0.817904
1.68044 -0.645062 -0 0.14906 0.817904
1.64438 -0.732126 -0 0.180465 0.782431
1.86716 -0.716736 -0 0.132252 0.790722
1.64438 -0.732126 -0 0.180465 0.782431
1.82709 -0.813473 -0 0.16631 0.755679
1.86716 -0.716736 -0 0.132252 0.790722
1.86716 -0.716736 -0 0.132252 0.790722
1.82709 -0.813473 -0 0.16631 0.755679
2.05388 -0.788409 -0 0.117242 0.766447
1.82709 -0.813473 -0 0.16631 0.755679
2.0098 -0.894821 -0 0.153751 0.731943
2.05388 -0.788409 -0 0.117242 0.766447
2.05388 -0.788409 -0 0.117242 0.766447
2.0098 -0.894821 -0 0.153751 0.731943
2.4312 -0.933249 0.04 0.0844165 0.719544
2.0098 -0.894821 -0 0.153751 0.731943
2.37902 -1.05921 0.04 0.126537 0.686215
2.4312 -0.933249 0.04 0.0844165 0.719544
2.4312 -0.933249 0.04 0.0844165 0.719544
2.37902 -1.05921 0.04 0.126537 0.686215
2.61791 -1.00492 0.16 0.0518675 0.685477
2.37902 -1.05921 0.04 0.126537 0.686215
2.56173 -1.14056 0.16 0.0998752 0.652816
2.61791 -1.00492 0.16 0.0518675 0.685477
2.61791 -1.00492 0.16 0.0518675 0.685477
2.56173 -1.14056 0.16 0.0998752 0.652816
2.80463 -1.0766 0.36 0.00241856 0.638438
2.56173 -1.14056 0.16 0.0998752 0.652816
2.74444 -1.2219 0.36 0.0600088 0.607151
2.80463 -1.0766 0.36 0.00241856 0.638438
0.93358 -0.358368 -0 0.242761 0.969441
1.1203 -0.430042 -0 0.214206 0.923261
1.14127 -0.37082 -0 0.189661 0.964136
1.14127 -0.37082 -0 0.189661 0.964136
1.1203 -0.430042 -0 0.214206 0.923261
1.33148 -0.432624 -0 0.160865 0.92512
1.1203 -0.430042 -0 0.214206 0.923261
1.30701 -0.501715 -0 0.189536 0.883364
1.33148 -0.432624 -0 0.160865 0.92512
1.33148 -0.432624 -0 0.160865 0.92512
1.30701 -0.501715 -0 0.189536 0.883364
1.52169 -0.494427 -0 0.135456 0.890693
1.30701 -0.501715 -0 0.189536 0.883364
1.49373 -0.573389 -0 0.168009 0.848549
1.52169 -0.494427 -0 0.135456 0.890693
1.52169 -0.494427 -0 0.135456 0.890693
1.49373 -0.573389 -0 0.168009 0.848549
1.7119 -0.556231 -0 0.11287 0.860091
1.49373 -0.573389 -0 0.168009 0.848549
1.68044 -0.645062 -0 0.14906 0.817904
1.7119 -0.556231 -0 0.11287 0.860091
1.7119 -0.556231 -0 0.11287 0.860091
1.68044 -0.645062 -0 0.14906 0.817904
1.90211 -0.618034 -0 0.0926612 0.83271
1.68044 -0.645062 -0 0.14906 0.817904
1.86716 -0.716736 -0 0.132252 0.790722
1.90211 -0.618034 -0 0.0926612 0.83271
1.90211 -0.618034 -0 0.0926612 0.83271
1.86716 -0.716736 -0 0.132252 0.790722
2.09232 -0.679837 -0 0.0744733 0.808067
1.86716 -0.716736 -0 0.132252 0.790722
2.05388 -0.788409 -0 0.117242 0.766447
2.09232 -0.679837 -0 0.0744733 0.808067
2.09232 -0.679837 -0 0.0744733 0.808067
2.05388 -0.788409 -0 0.117242 0.766447
2.47671 -0.804731 0.04 0.0342479 0.760336
2.05388 -0.788409 -0 0.117242 0.766447
2.4312 -0.933249 0.04 0.0844165 0.719544
2.47671 -0.804731 0.04 0.0342479 0.760336
1.14127 -0.37082 -0 0.189661 0.964136
1.33148 -0.432624 -0 0.160865 0.92512
1.3523 -0.362347 -0 0.128129 0.974369
1.3523 -0.362347 -0 0.128129 0.974369
1.33148 -0.432624 -0 0.160865 0.92512
1.54548 -0.41411 -0 0.0977909 0.940966
1.33148 -0.432624 -0 0.160865 0.92512
1.52169 -0.494427 -0 0.135456 0.890693
1.54548 -0.41411 -0 0.0977909 0.940966
1.54548 -0.41411 -0 0.0977909 0.940966
1.52169 -0.494427 -0 0.135456 0.890693
1.73867 -0.465874 -0 0.0705063 0.910926
1.52169 -0.494427 -0 0.135456 0.890693
1.7119 -0.556231 -0 0.11287 0.860091
1.73867 -0.465874 -0 0.0705063 0.910926
1.73867 -0.465874 -0 0.0705063 0.910926
1.7119 -0.556231 -0 0.11287 0.860091
1.93185 -0.517638 -0 0.0458365 0.883764
1.7119 -0.556231 -0 0.11287 0.860091
1.90211 -0.618034 -0 0.0926612 0.83271
1.93185 -0.517638 -0 0.0458365 0.883764
1.93185 -0.517638 -0 0.0458365 0.883764
1.90211 -0.618034 -0 0.0926612 0.83271
2.12504 -0.569402 -0 0.0234226 0.859086
1.90211 -0.618034 -0 0.0926612 0.83271
2.09232 -0.679837 -0 0.0744733 0.808067
2.12504 -0.569402 -0 0.0234226 0.859086
1.54548 -0.41411 -0 0.0977909 0.940966
1.73867 -0.465874 -0 0.0705063 0.910926
1.76067 -0.374241 -0 0.0199883 0.973171
