0.567584 -0.193185 -0 0.583836 0.994557
0.567584 -0.19563 -0 0.583836 0.994557
0.567584 -0.38637 -0 0.636004 0.981911
0.567584 -0.19563 -0 0.583836 0.994557
0.567584 -0.391259 -0 0.637166 0.981546
0.567584 -0.38637 -0 0.636004 0.981911
0.567584 -0.38637 -0 0.636004 0.981911
0.567584 -0.391259 -0 0.637166 0.981546
0.567584 -0.579556 -0 0.684437 0.963535
0.567584 -0.391259 -0 0.637166 0.981546
0.567584 -0.586889 -0 0.68547 0.96307
0.567584 -0.579556 -0 0.684437 0.963535
0.567584 -0.579556 -0 0.684437 0.963535
0.567584 -0.586889 -0 0.68547 0.96307
0.567584 -0.772741 -0 0.726643 0.942892
0.567584 -0.586889 -0 0.68547 0.96307
0.567584 -0.782518 -0 0.728432 0.941851
0.567584 -0.772741 -0 0.726643 0.942892
0.567584 -0.772741 -0 0.726643 0.942892
0.567584 -0.782518 -0 0.728432 0.941851
0.567584 -0.965926 -0 0.763186 0.919527
0.567584 -0.782518 -0 0.728432 0.941851
0.567584 -0.978148 -0 0.76547 0.917914
0.567584 -0.965926 -0 0.763186 0.919527
0.567584 -0.965926 -0 0.763186 0.919527
0.567584 -0.978148 -0 0.76547 0.917914
0.567584 -1.15911 -0 0.794864 0.895442
0.567584 -0.978148 -0 0.76547 0.917914
0.567584 -1.17378 -0 0.797425 0.893328
0.567584 -1.15911 -0 0.794864 0.895442
0.567584 -1.15911 -0 0.794864 0.895442
0.567584 -1.17378 -0 0.797425 0.893328
0.567584 -1.3523 -0 0.821739 0.872778
0.567584 -1.17378 -0 0.797425 0.893328
0.567584 -1.36941 -0 0.823884 0.870764
0.567584 -1.3523 -0 0.821739 0.872778
0.567584 -1.3523 -0 0.821739 0.872778
0.567584 -1.36941 -0 0.823884 0.870764
0.567584 -1.54548 -0 0.844535 0.850311
0.567584 -1.36941 -0 0.823884 0.870764
0.567584 -1.56504 -0 0.846335 0.848432
0.567584 -1.54548 -0 0.844535 0.850311
0.567584 -1.54548 -0 0.844535 0.850311
0.567584 -1.56504 -0 0.846335 0.848432
0.567584 -1.73867 -0 0.863696 0.829476
0.567584 -1.56504 -0 0.846335 0.848432
0.567584 -1.76067 -0 0.865963 0.826884
0.567584 -1.73867 -0 0.863696 0.829476
0.567584 -1.73867 -0 0.863696 0.829476
0.567584 -1.76067 -0 0.865963 0.826884
0.567584 -1.93185 -0 0.880209 0.809943
0.567584 -1.76067 -0 0.865963 0.826884
0.567584 -1.9563 -0 0.882125 0.807575
0.567584 -1.93185 -0 0.880209 0.809943
0.567584 -1.93185 -0 0.880209 0.809943
0.567584 -1.9563 -0 0.882125 0.807575
0.569402 -2.12504 -0 0.894205 0.792131
0.567584 -1.9563 -0 0.882125 0.807575
0.567584 -2.15192 -0 0.895881 0.79064
0.569402 -2.12504 -0 0.894205 0.792131
0.569402 -2.12504 -0 0.894205 0.792131
0.567584 -2.15192 -0 0.895881 0.79064
0.674007 -2.51543 0.04 0.91378 0.736957
0.567584 -2.15192 -0 0.895881 0.79064
0.567584 -2.54726 0.04 0.922068 0.752777
0.674007 -2.51543 0.04 0.91378 0.736957
0.674007 -2.51543 0.04 0.91378 0.736957
0.567584 -2.54726 0.04 0.922068 0.752777
0.725771 -2.70861 0.16 0.928896 0.697204
0.567584 -0.190211 -0 0.582578 0.994774
0.567584 -0.193185 -0 0.583836 0.994557
0.567584 -0.380423 -0 0.63484 0.982272
0.567584 -0.193185 -0 0.583836 0.994557
0.567584 -0.38637 -0 0.636004 0.981911
0.567584 -0.380423 -0 0.63484 0.982272
0.567584 -0.380423 -0 0.63484 0.982272
0.567584 -0.38637 -0 0.636004 0.981911
0.567584 -0.570634 -0 0.68236 0.96446
0.567584 -0.38637 -0 0.636004 0.981911
0.567584 -0.579556 -0 0.684437 0.963535
0.567584 -0.570634 -0 0.68236 0.96446
0.567584 -0.570634 -0 0.68236 0.96446
0.567584 -0.579556 -0 0.684437 0.963535
0.567584 -0.760845 -0 0.723938 0.944446
0.567584 -0.579556 -0 0.684437 0.963535
0.567584 -0.772741 -0 0.726643 0.942892
0.567584 -0.760845 -0 0.723938 0.944446
0.567584 -0.760845 -0 0.723938 0.944446
0.567584 -0.772741 -0 0.726643 0.942892
0.567584 -0.951057 -0 0.760876 0.921139
0.567584 -0.772741 -0 0.726643 0.942892
0.567584 -0.965926 -0 0.763186 0.919527
0.567584 -0.951057 -0 0.760876 0.921139
0.567584 -0.951057 -0 0.760876 0.921139
0.567584 -0.965926 -0 0.763186 0.919527
0.567584 -1.14127 -0 0.792264 0.897563
0.567584 -0.965926 -0 0.763186 0.919527
0.567584 -1.15911 -0 0.794864 0.895442
0.567584 -1.14127 -0 0.792264 0.897563
0.567584 -1.14127 -0 0.792264 0.897563
0.567584 -1.15911 -0 0.794864 0.895442
0.567584 -1.33148 -0 0.81901 0.87531
0.567584 -1.15911 -0 0.794864 0.895442
0.567584 -1.3523 -0 0.821739 0.872778
0.567584 -1.33148 -0 0.81901 0.87531
0.567584 -1.33148 -0 0.81901 0.87531
0.567584 -1.3523 -0 0.821739 0.872778
0.567584 -1.52169 -0 0.841783 0.853152
0.567584 -1.3523 -0 0.821739 0.872778
0.567584 -1.54548 -0 0.844535 0.850311
0.567584 -1.52169 -0 0.841783 0.853152
0.567584 -1.52169 -0 0.841783 0.853152
0.567584 -1.54548 -0 0.844535 0.850311
0.567584 -1.7119 -0 0.861378 0.832098
0.567584 -1.54548 -0 0.844535 0.850311
0.567584 -1.73867 -0 0.863696 0.829476
0.567584 -1.7119 -0 0.861378 0.832098
0.567584 -1.7119 -0 0.861378 0.832098
0.567584 -1.73867 -0 0.863696 0.829476
0.618034 -1.90211 -0 0.874647 0.802223
0.567584 -1.73867 -0 0.863696 0.829476
0.567584 -1.93185 -0 0.880209 0.809943
0.618034 -1.90211 -0 0.874647 0.802223
0.618034 -1.90211 -0 0.874647 0.802223
0.567584 -1.93185 -0 0.880209 0.809943
0.679837 -2.09232 -0 0.884555 0.773425
0.567584 -1.93185 -0 0.880209 0.809943
0.569402 -2.12504 -0 0.894205 0.792131
0.679837 -2.09232 -0 0.884555 0.773425
0.679837 -2.09232 -0 0.884555 0.773425
0.569402 -2.12504 -0 0.894205 0.792131
0.804731 -2.47671 0.04 0.903129 0.717389
0.569402 -2.12504 -0 0.894205 0.792131
0.674007 -2.51543 0.04 0.91378 0.736957
0.804731 -2.47671 0.04 0.903129 0.717389
0.804731 -2.47671 0.04 0.903129 0.717389
0.674007 -2.51543 0.04 0.91378 0.736957
0.866534 -2.66692 0.16 0.917667 0.677353
0.674007 -2.51543 0.04 0.91378 0.736957
0.725771 -2.70861 0.16 0.928896 0.697204
0.866534 -2.66692 0.16 0.917667 0.677353
0.866534 -2.66692 0.16 0.917667 0.677353
0.725771 -2.70861 0.16 0.928896 0.697204
0.928337 -2.85713 0.36 0.93498 0.625125
0.567584 -0.186716 -0 0.581319 0.994987
0.567584 -0.190211 -0 0.582578 0.994774
0.567584 -0.373432 -0 0.632504 0.982986
0.567584 -0.190211 -0 0.582578 0.994774
0.567584 -0.380423 -0 0.63484 0.982272
0.567584 -0.373432 -0 0.632504 0.982986
0.567584 -0.373432 -0 0.632504 0.982986
0.567584 -0.380423 -0 0.63484 0.982272
0.567584 -0.560148 -0 0.679221 0.965834
0.567584 -0.380423 -0 0.63484 0.982272
0.567584 -0.570634 -0 0.68236 0.96446
0.567584 -0.560148 -0 0.679221 0.965834
0.567584 -0.560148 -0 0.679221 0.965834
0.567584 -0.570634 -0 0.68236 0.96446
0.567584 -0.746864 -0 0.721204 0.945992
0.567584 -0.570634 -0 0.68236 0.96446
0.567584 -0.760845 -0 0.723938 0.944446
0.567584 -0.746864 -0 0.721204 0.945992
0.567584 -0.746864 -0 0.721204 0.945992
0.567584 -0.760845 -0 0.723938 0.944446
0.567584 -0.93358 -0 0.757757 0.923287
0.567584 -0.760845 -0 0.723938 0.944446
0.567584 -0.951057 -0 0.760876 0.921139
0.567584 -0.93358 -0 0.757757 0.923287
0.567584 -0.93358 -0 0.757757 0.923287
0.567584 -0.951057 -0 0.760876 0.921139
0.567584 -1.1203 -0 0.788956 0.900222
0.567584 -0.951057 -0 0.760876 0.921139
0.567584 -1.14127 -0 0.792264 0.897563
0.567584 -1.1203 -0 0.788956 0.900222
0.567584 -1.1203 -0 0.788956 0.900222
0.567584 -1.14127 -0 0.792264 0.897563
0.567584 -1.30701 -0 0.815985 0.877207
0.567584 -1.14127 -0 0.792264 0.897563
0.567584 -1.33148 -0 0.81901 0.87531
0.567584 -1.30701 -0 0.815985 0.877207
0.567584 -1.30701 -0 0.815985 0.877207
0.567584 -1.33148 -0 0.81901 0.87531
0.573389 -1.49373 -0 0.838139 0.855178
0.567584 -1.33148 -0 0.81901 0.87531
0.567584 -1.52169 -0 0.841783 0.853152
0.573389 -1.49373 -0 0.838139 0.855178
0.573389 -1.49373 -0 0.838139 0.855178
0.567584 -1.52169 -0 0.841783 0.853152
0.645062 -1.68044 -0 0.853205 0.817756
0.567584 -1.52169 -0 0.841783 0.853152
0.567584 -1.7119 -0 0.861378 0.832098
0.645062 -1.68044 -0 0.853205 0.817756
0.645062 -1.68044 -0 0.853205 0.817756
0.567584 -1.7119 -0 0.861378 0.832098
0.716736 -1.86716 -0 0.865009 0.784513
0.567584 -1.7119 -0 0.861378 0.832098
0.618034 -1.90211 -0 0.874647 0.802223
0.716736 -1.86716 -0 0.865009 0.784513
0.716736 -1.86716 -0 0.865009 0.784513
0.618034 -1.90211 -0 0.874647 0.802223
0.788409 -2.05388 -0 0.874359 0.755475
0.618034 -1.90211 -0 0.874647 0.802223
0.679837 -2.09232 -0 0.884555 0.773425
0.788409 -2.05388 -0 0.874359 0.755475
0.788409 -2.05388 -0 0.874359 0.755475
0.679837 -2.09232 -0 0.884555 0.773425
0.933249 -2.4312 0.04 0.892035 0.699325
0.679837 -2.09232 -0 0.884555 0.773425
0.804731 -2.47671 0.04 0.903129 0.717389
0.933249 -2.4312 0.04 0.892035 0.699325
0.933249 -2.4312 0.04 0.892035 0.699325
0.804731 -2.47671 0.04 0.903129 0.717389
1.00492 -2.61791 0.16 0.905536 0.658864
0.804731 -2.47671 0.04 0.903129 0.717389
0.866534 -2.66692 0.16 0.917667 0.677353
1.00492 -2.61791 0.16 0.905536 0.658864
1.00492 -2.61791 0.16 0.905536 0.658864
0.866534 -2.66692 0.16 0.917667 0.677353
1.0766 -2.80463 0.36 0.922131 0.606294
0.866534 -2.66692 0.16 0.917667 0.677353
0.928337 -2.85713 0.36 0.93498 0.625125
1.0766 -2.80463 0.36 0.922131 0.606294
1.0766 -2.80463 0.36 0.922131 0.606294
0.928337 -2.85713 0.36 0.93498 0.625125
1.14827 -2.99134 0.64 0.939847 0.540841
0.567584 -0.182709 -0 0.580058 0.995196
0.567584 -0.186716 -0 0.581319 0.994987
0.567584 -0.365418 -0 0.630158 0.983688
0.567584 -0.186716 -0 0.581319 0.994987
0.567584 -0.373432 -0 0.632504 0.982986
0.567584 -0.365418 -0 0.630158 0.983688
0.567584 -0.365418 -0 0.630158 0.983688
0.567584 -0.373432 -0 0.632504 0.982986
0.567584 -0.548127 -0 0.676056 0.967192
0.567584 -0.373432 -0 0.632504 0.982986
0.567584 -0.560148 -0 0.679221 0.965834
0.567584 -0.548127 -0 0.676056 0.967192
0.567584 -0.548127 -0 0.676056 0.967192
0.567584 -0.560148 -0 0.679221 0.965834
0.567584 -0.730836 -0 0.717515 0.948041
0.567584 -0.560148 -0 0.679221 0.965834
0.567584 -0.746864 -0 0.721204 0.945992
0.567584 -0.730836 -0 0.717515 0.948041
0.567584 -0.730836 -0 0.717515 0.948041
0.567584 -0.746864 -0 0.721204 0.945992
0.567584 -0.913545 -0 0.753791 0.925968
0.567584 -0.746864 -0 0.721204 0.945992
0.567584 -0.93358 -0 0.757757 0.923287
0.567584 -0.913545 -0 0.753791 0.925968
0.567584 -0.913545 -0 0.753791 0.925968
0.567584 -0.93358 -0 0.757757 0.923287
0.567584 -1.09625 -0 0.785585 0.902889
0.567584 -0.93358 -0 0.757757 0.923287
0.567584 -1.1203 -0 0.788956 0.900222
0.567584 -1.09625 -0 0.785585 0.902889
0.567584 -1.09625 -0 0.785585 0.902889
0.567584 -1.1203 -0 0.788956 0.900222
0.569431 -1.27896 -0 0.811986 0.880801
0.567584 -1.1203 -0 0.788956 0.900222
0.567584 -1.30701 -0 0.815985 0.877207
0.569431 -1.27896 -0 0.811986 0.880801
0.569431 -1.27896 -0 0.811986 0.880801
0.567584 -1.30701 -0 0.815985 0.877207
0.650779 -1.46167 -0 0.82969 0.838759
0.567584 -1.30701 -0 0.815985 0.877207
0.573389 -1.49373 -0 0.838139 0.855178
0.650779 -1.46167 -0 0.82969 0.838759
0.650779 -1.46167 -0 0.82969 0.838759
0.573389 -1.49373 -0 0.838139 0.855178
0.732126 -1.64438 -0 0.843438 0.801497
0.573389 -1.49373 -0 0.838139 0.855178
0.645062 -1.68044 -0 0.853205 0.817756
0.732126 -1.64438 -0 0.843438 0.801497
0.732126 -1.64438 -0 0.843438 0.801497
0.645062 -1.68044 -0 0.853205 0.817756
0.813473 -1.82709 -0 0.854852 0.767723
0.645062 -1.68044 -0 0.853205 0.817756
0.716736 -1.86716 -0 0.865009 0.784513
0.813473 -1.82709 -0 0.854852 0.767723
0.813473 -1.82709 -0 0.854852 0.767723
0.716736 -1.86716 -0 0.865009 0.784513
0.894821 -2.0098 -0 0.86374 0.738461
0.716736 -1.86716 -0 0.865009 0.784513
0.788409 -2.05388 -0 0.874359 0.755475
0.894821 -2.0098 -0 0.86374 0.738461
0.894821 -2.0098 -0 0.86374 0.738461
0.788409 -2.05388 -0 0.874359 0.755475
1.05921 -2.37902 0.04 0.880396 0.681227
0.788409 -2.05388 -0 0.874359 0.755475
0.933249 -2.4312 0.04 0.892035 0.699325
1.05921 -2.37902 0.04 0.880396 0.681227
1.05921 -2.37902 0.04 0.880396 0.681227
0.933249 -2.4312 0.04 0.892035 0.699325
1.14056 -2.56173 0.16 0.893013 0.640961
0.933249 -2.4312 0.04 0.892035 0.699325
1.00492 -2.61791 0.16 0.905536 0.658864
1.14056 -2.56173 0.16 0.893013 0.640961
1.14056 -2.56173 0.16 0.893013 0.640961
1.00492 -2.61791 0.16 0.905536 0.658864
1.2219 -2.74444 0.36 0.908665 0.587843
1.00492 -2.61791 0.16 0.905536 0.658864
1.0766 -2.80463 0.36 0.922131 0.606294
1.2219 -2.74444 0.36 0.908665 0.587843
1.2219 -2.74444 0.36 0.908665 0.587843
1.0766 -2.80463 0.36 0.922131 0.606294
1.30325 -2.92715 0.64 0.925365 0.523643
1.0766 -2.80463 0.36 0.922131 0.606294
1.14827 -2.99134 0.64 0.939847 0.540841
1.30325 -2.92715 0.64 0.925365 0.523643
1.30325 -2.92715 0.64 0.925365 0.523643
1.14827 -2.99134 0.64 0.939847 0.540841
1.3846 -3.10986 1 0.941161 0.446068
0.567584 -0.178201 -0 0.578795 0.995402
0.567584 -0.182709 -0 0.580058 0.995196
0.567584 -0.356403 -0 0.627802 0.984379
0.567584 -0.182709 -0 0.580058 0.995196
0.567584 -0.365418 -0 0.630158 0.983688
0.567584 -0.356403 -0 0.627802 0.984379
0.567584 -0.356403 -0 0.627802 0.984379
0.567584 -0.365418 -0 0.630158 0.983688
0.567584 -0.534604 -0 0.672863 0.968531
0.567584 -0.365418 -0 0.630158 0.983688
0.567584 -0.548127 -0 0.676056 0.967192
0.567584 -0.534604 -0 0.672863 0.968531
0.567584 -0.534604 -0 0.672863 0.968531
0.567584 -0.548127 -0 0.676056 0.967192
0.567584 -0.712805 -0 0.713777 0.950074
0.567584 -0.548127 -0 0.676056 0.967192
0.567584 -0.730836 -0 0.717515 0.948041
0.567584 -0.712805 -0 0.713777 0.950074
0.567584 -0.712805 -0 0.713777 0.950074
0.567584 -0.730836 -0 0.717515 0.948041
0.567584 -0.891007 -0 0.749753 0.928642
0.567584 -0.730836 -0 0.717515 0.948041
0.567584 -0.913545 -0 0.753791 0.925968
0.567584 -0.891007 -0 0.749753 0.928642
0.567584 -0.891007 -0 0.749753 0.928642
0.567584 -0.913545 -0 0.753791 0.925968
0.567584 -1.06921 -0 0.780755 0.906634
0.567584 -0.913545 -0 0.753791 0.925968
0.567584 -1.09625 -0 0.785585 0.902889
0.567584 -1.06921 -0 0.780755 0.906634
0.567584 -1.06921 -0 0.780755 0.906634
0.567584 -1.09625 -0 0.785585 0.902889
0.635587 -1.24741 -0 0.803068 0.866853
0.567584 -1.09625 -0 0.785585 0.902889
0.569431 -1.27896 -0 0.811986 0.880801
0.635587 -1.24741 -0 0.803068 0.866853
0.635587 -1.24741 -0 0.803068 0.866853
0.569431 -1.27896 -0 0.811986 0.880801
0.726385 -1.42561 -0 0.819635 0.824611
0.569431 -1.27896 -0 0.811986 0.880801
0.650779 -1.46167 -0 0.82969 0.838759
0.726385 -1.42561 -0 0.819635 0.824611
0.726385 -1.42561 -0 0.819635 0.824611
0.650779 -1.46167 -0 0.82969 0.838759
0.817183 -1.60381 -0 0.833603 0.78504
0.650779 -1.46167 -0 0.82969 0.838759
0.732126 -1.64438 -0 0.843438 0.801497
0.817183 -1.60381 -0 0.833603 0.78504
0.817183 -1.60381 -0 0.833603 0.78504
0.732126 -1.64438 -0 0.843438 0.801497
0.907981 -1.78201 -0 0.843834 0.751504
0.732126 -1.64438 -0 0.843438 0.801497
0.813473 -1.82709 -0 0.854852 0.767723
0.907981 -1.78201 -0 0.843834 0.751504
0.907981 -1.78201 -0 0.843834 0.751504
0.813473 -1.82709 -0 0.854852 0.767723
0.998779 -1.96021 -0 0.852529 0.72194
0.813473 -1.82709 -0 0.854852 0.767723
0.894821 -2.0098 -0 0.86374 0.738461
0.998779 -1.96021 -0 0.852529 0.72194
0.998779 -1.96021 -0 0.852529 0.72194
0.894821 -2.0098 -0 0.86374 0.738461
1.18227 -2.32033 0.04 0.867788 0.66527
0.894821 -2.0098 -0 0.86374 0.738461
1.05921 -2.37902 0.04 0.880396 0.681227
1.18227 -2.32033 0.04 0.867788 0.66527
1.18227 -2.32033 0.04 0.867788 0.66527
1.05921 -2.37902 0.04 0.880396 0.681227
1.27306 -2.49853 0.16 0.880188 0.623224
1.05921 -2.37902 0.04 0.880396 0.681227
1.14056 -2.56173 0.16 0.893013 0.640961
1.27306 -2.49853 0.16 0.880188 0.623224
1.27306 -2.49853 0.16 0.880188 0.623224
1.14056 -2.56173 0.16 0.893013 0.640961
1.36386 -2.67673 0.36 0.894984 0.570869
1.14056 -2.56173 0.16 0.893013 0.640961
1.2219 -2.74444 0.36 0.908665 0.587843
1.36386 -2.67673 0.36 0.894984 0.570869
1.36386 -2.67673 0.36 0.894984 0.570869
1.2219 -2.74444 0.36 0.908665 0.587843
1.45466 -2.85493 0.64 0.910391 0.505729
1.2219 -2.74444 0.36 0.908665 0.587843
1.30325 -2.92715 0.64 0.925365 0.523643
1.45466 -2.85493 0.64 0.910391 0.505729
1.45466 -2.85493 0.64 0.910391 0.505729
1.30325 -2.92715 0.64 0.925365 0.523643
1.54546 -3.03313 1 0.925261 0.429516
1.30325 -2.92715 0.64 0.925365 0.523643
1.3846 -3.10986 1 0.941161 0.446068
1.54546 -3.03313 1 0.925261 0.429516
1.54546 -3.03313 1 0.925261 0.429516
1.3846 -3.10986 1 0.941161 0.446068
1.63626 -3.21133 1.44 0.936613 0.341493
0.567584 -0.173205 -0 0.577531 0.995603
0.567584 -0.178201 -0 0.578795 0.995402
0.567584 -0.34641 -0 0.625435 0.985057
0.567584 -0.178201 -0 0.578795 0.995402
0.567584 -0.356403 -0 0.627802 0.984379
0.567584 -0.34641 -0 0.625435 0.985057
0.567584 -0.34641 -0 0.625435 0.985057
0.567584 -0.356403 -0 0.627802 0.984379
0.567584 -0.519615 -0 0.669642 0.969853
0.567584 -0.356403 -0 0.627802 0.984379
0.567584 -0.534604 -0 0.672863 0.968531
0.567584 -0.519615 -0 0.669642 0.969853
0.567584 -0.519615 -0 0.669642 0.969853
0.567584 -0.534604 -0 0.672863 0.968531
0.567584 -0.69282 -0 0.709034 0.952591
0.567584 -0.534604 -0 0.672863 0.968531
0.567584 -0.712805 -0 0.713777 0.950074
0.567584 -0.69282 -0 0.709034 0.952591
0.567584 -0.69282 -0 0.709034 0.952591
0.567584 -0.712805 -0 0.713777 0.950074
0.567584 -0.866025 -0 0.744808 0.93184
0.567584 -0.712805 -0 0.713777 0.950074
0.567584 -0.891007 -0 0.749753 0.928642
0.567584 -0.866025 -0 0.744808 0.93184
0.567584 -0.866025 -0 0.744808 0.93184
0.567584 -0.891007 -0 0.749753 0.928642
0.6 -1.03923 -0 0.773995 0.900262
0.567584 -0.891007 -0 0.749753 0.928642
0.567584 -1.06921 -0 0.780755 0.906634
0.6 -1.03923 -0 0.773995 0.900262
0.6 -1.03923 -0 0.773995 0.900262
0.567584 -1.06921 -0 0.780755 0.906634
0.7 -1.21244 -0 0.794336 0.852522
0.567584 -1.06921 -0 0.780755 0.906634
0.635587 -1.24741 -0 0.803068 0.866853
0.7 -1.21244 -0 0.794336 0.852522
0.7 -1.21244 -0 0.794336 0.852522
0.635587 -1.24741 -0 0.803068 0.866853
0.8 -1.38564 -0 0.809986 0.809889
0.635587 -1.24741 -0 0.803068 0.866853
0.726385 -1.42561 -0 0.819635 0.824611
0.8 -1.38564 -0 0.809986 0.809889
0.8 -1.38564 -0 0.809986 0.809889
0.726385 -1.42561 -0 0.819635 0.824611
0.9 -1.55885 -0 0.822462 0.770591
0.726385 -1.42561 -0 0.819635 0.824611
0.817183 -1.60381 -0 0.833603 0.78504
0.9 -1.55885 -0 0.822462 0.770591
0.9 -1.55885 -0 0.822462 0.770591
0.817183 -1.60381 -0 0.833603 0.78504
1 -1.73205 -0 0.832341 0.736773
0.817183 -1.60381 -0 0.833603 0.78504
0.907981 -1.78201 -0 0.843834 0.751504
1 -1.73205 -0 0.832341 0.736773
1 -1.73205 -0 0.832341 0.736773
0.907981 -1.78201 -0 0.843834 0.751504
1.1 -1.90526 -0 0.840952 0.705604
0.907981 -1.78201 -0 0.843834 0.751504
0.998779 -1.96021 -0 0.852529 0.72194
1.1 -1.90526 -0 0.840952 0.705604
1.1 -1.90526 -0 0.840952 0.705604
0.998779 -1.96021 -0 0.852529 0.72194
1.30208 -2.25527 0.04 0.855381 0.647816
0.998779 -1.96021 -0 0.852529 0.72194
1.18227 -2.32033 0.04 0.867788 0.66527
1.30208 -2.25527 0.04 0.855381 0.647816
1.30208 -2.25527 0.04 0.855381 0.647816
1.18227 -2.32033 0.04 0.867788 0.66527
1.40208 -2.42848 0.16 0.866799 0.607565
1.18227 -2.32033 0.04 0.867788 0.66527
1.27306 -2.49853 0.16 0.880188 0.623224
1.40208 -2.42848 0.16 0.866799 0.607565
1.40208 -2.42848 0.16 0.866799 0.607565
1.27306 -2.49853 0.16 0.880188 0.623224
1.50208 -2.60168 0.36 0.880485 0.554623
1.27306 -2.49853 0.16 0.880188 0.623224
1.36386 -2.67673 0.36 0.894984 0.570869
1.50208 -2.60168 0.36 0.880485 0.554623
1.50208 -2.60168 0.36 0.880485 0.554623
1.36386 -2.67673 0.36 0.894984 0.570869
1.60208 -2.77489 0.64 0.89521 0.49022
1.36386 -2.67673 0.36 0.894984 0.570869
1.45466 -2.85493 0.64 0.910391 0.505729
1.60208 -2.77489 0.64 0.89521 0.49022
1.60208 -2.77489 0.64 0.89521 0.49022
1.45466 -2.85493 0.64 0.910391 0.505729
1.70208 -2.94809 1 0.90869 0.412669
1.45466 -2.85493 0.64 0.910391 0.505729
1.54546 -3.03313 1 0.925261 0.429516
1.70208 -2.94809 1 0.90869 0.412669
1.70208 -2.94809 1 0.90869 0.412669
1.54546 -3.03313 1 0.925261 0.429516
1.80208 -3.1213 1.44 0.919027 0.325799
1.54546 -3.03313 1 0.925261 0.429516
1.63626 -3.21133 1.44 0.936613 0.341493
1.80208 -3.1213 1.44 0.919027 0.325799
0.567584 -0.167734 -0 0.576266 0.995801
0.567584 -0.173205 -0 0.577531 0.995603
0.567584 -0.335468 -0 0.621867 0.986051
0.567584 -0.173205 -0 0.577531 0.995603
0.567584 -0.34641 -0 0.625435 0.985057
0.567584 -0.335468 -0 0.621867 0.986051
0.567584 -0.335468 -0 0.621867 0.986051
0.567584 -0.34641 -0 0.625435 0.985057
0.567584 -0.503202 -0 0.665307 0.971585
0.567584 -0.34641 -0 0.625435 0.985057
0.567584 -0.519615 -0 0.669642 0.969853
0.567584 -0.503202 -0 0.665307 0.971585
0.567584 -0.503202 -0 0.665307 0.971585
0.567584 -0.519615 -0 0.669642 0.969853
0.567584 -0.670936 -0 0.704212 0.955078
0.567584 -0.519615 -0 0.669642 0.969853
0.567584 -0.69282 -0 0.709034 0.952591
0.567584 -0.670936 -0 0.704212 0.955078
0.567584 -0.670936 -0 0.704212 0.955078
0.567584 -0.69282 -0 0.709034 0.952591
0.567584 -0.838671 -0 0.739756 0.935024
0.567584 -0.69282 -0 0.709034 0.952591
0.567584 -0.866025 -0 0.744808 0.93184
0.567584 -0.838671 -0 0.739756 0.935024
0.567584 -0.838671 -0 0.739756 0.935024
0.567584 -0.866025 -0 0.744808 0.93184
0.653567 -1.0064 -0 0.765126 0.888867
0.567584 -0.866025 -0 0.744808 0.93184
0.6 -1.03923 -0 0.773995 0.900262
0.653567 -1.0064 -0 0.765126 0.888867
0.653567 -1.0064 -0 0.765126 0.888867
0.6 -1.03923 -0 0.773995 0.900262
0.762495 -1.17414 -0 0.783949 0.839883
0.6 -1.03923 -0 0.773995 0.900262
0.7 -1.21244 -0 0.794336 0.852522
0.762495 -1.17414 -0 0.783949 0.839883
0.762495 -1.17414 -0 0.783949 0.839883
0.7 -1.21244 -0 0.794336 0.852522
0.871422 -1.34187 -0 0.799494 0.795055
0.7 -1.21244 -0 0.794336 0.852522
0.8 -1.38564 -0 0.809986 0.809889
0.871422 -1.34187 -0 0.799494 0.795055
0.871422 -1.34187 -0 0.799494 0.795055
0.8 -1.38564 -0 0.809986 0.809889
0.98035 -1.50961 -0 0.811171 0.757003
0.8 -1.38564 -0 0.809986 0.809889
0.9 -1.55885 -0 0.822462 0.770591
0.98035 -1.50961 -0 0.811171 0.757003
0.98035 -1.50961 -0 0.811171 0.757003
0.9 -1.55885 -0 0.822462 0.770591
1.08928 -1.67734 -0 0.820796 0.721517
0.9 -1.55885 -0 0.822462 0.770591
1 -1.73205 -0 0.832341 0.736773
1.08928 -1.67734 -0 0.820796 0.721517
1.08928 -1.67734 -0 0.820796 0.721517
1 -1.73205 -0 0.832341 0.736773
1.19821 -1.84508 -0 0.828318 0.690947
1 -1.73205 -0 0.832341 0.736773
1.1 -1.90526 -0 0.840952 0.705604
1.19821 -1.84508 -0 0.828318 0.690947
1.19821 -1.84508 -0 0.828318 0.690947
1.1 -1.90526 -0 0.840952 0.705604
1.41833 -2.18404 0.04 0.841468 0.634156
1.1 -1.90526 -0 0.840952 0.705604
1.30208 -2.25527 0.04 0.855381 0.647816
1.41833 -2.18404 0.04 0.841468 0.634156
1.41833 -2.18404 0.04 0.841468 0.634156
1.30208 -2.25527 0.04 0.855381 0.647816
1.52726 -2.35177 0.16 0.852354 0.592224
1.30208 -2.25527 0.04 0.855381 0.647816
1.40208 -2.42848 0.16 0.866799 0.607565
1.52726 -2.35177 0.16 0.852354 0.592224
1.52726 -2.35177 0.16 0.852354 0.592224
1.40208 -2.42848 0.16 0.866799 0.607565
1.63618 -2.5195 0.36 0.865574 0.538515
1.40208 -2.42848 0.16 0.866799 0.607565
1.50208 -2.60168 0.36 0.880485 0.554623
1.63618 -2.5195 0.36 0.865574 0.538515
1.63618 -2.5195 0.36 0.865574 0.538515
1.50208 -2.60168 0.36 0.880485 0.554623
1.74511 -2.68724 0.64 0.87912 0.473799
1.50208 -2.60168 0.36 0.880485 0.554623
1.60208 -2.77489 0.64 0.89521 0.49022
1.74511 -2.68724 0.64 0.87912 0.473799
1.74511 -2.68724 0.64 0.87912 0.473799
1.60208 -2.77489 0.64 0.89521 0.49022
1.85404 -2.85497 1 0.891969 0.397805
1.60208 -2.77489 0.64 0.89521 0.49022
1.70208 -2.94809 1 0.90869 0.412669
1.85404 -2.85497 1 0.891969 0.397805
1.85404 -2.85497 1 0.891969 0.397805
1.70208 -2.94809 1 0.90869 0.412669
1.96297 -3.02271 1.44 0.901549 0.311994
1.70208 -2.94809 1 0.90869 0.412669
1.80208 -3.1213 1.44 0.919027 0.325799
1.96297 -3.02271 1.44 0.901549 0.311994
1.96297 -3.02271 1.44 0.901549 0.311994
1.80208 -3.1213 1.44 0.919027 0.325799
2.0719 -3.19044 1.96 0.90602 0.220183
0.567584 -0.161803 -0 0.574998 0.995994
0.567584 -0.167734 -0 0.576266 0.995801
0.567584 -0.323607 -0 0.619477 0.986698
0.567584 -0.167734 -0 0.576266 0.995801
0.567584 -0.335468 -0 0.621867 0.986051
0.567584 -0.323607 -0 0.619477 0.986698
0.567584 -0.323607 -0 0.619477 0.986698
0.567584 -0.335468 -0 0.621867 0.986051
0.567584 -0.48541 -0 0.660924 0.973282
0.567584 -0.335468 -0 0.621867 0.986051
0.567584 -0.503202 -0 0.665307 0.971585
0.567584 -0.48541 -0 0.660924 0.973282
0.567584 -0.48541 -0 0.660924 0.973282
0.567584 -0.503202 -0 0.665307 0.971585
0.567584 -0.647214 -0 0.699312 0.957532
0.567584 -0.503202 -0 0.665307 0.971585
0.567584 -0.670936 -0 0.704212 0.955078
0.567584 -0.647214 -0 0.699312 0.957532
0.567584 -0.647214 -0 0.699312 0.957532
0.567584 -0.670936 -0 0.704212 0.955078
0.587785 -0.809017 -0 0.732827 0.931344
0.567584 -0.670936 -0 0.704212 0.955078
0.567584 -0.838671 -0 0.739756 0.935024
0.587785 -0.809017 -0 0.732827 0.931344
0.587785 -0.809017 -0 0.732827 0.931344
0.567584 -0.838671 -0 0.739756 0.935024
0.705342 -0.97082 -0 0.755599 0.876756
0.567584 -0.838671 -0 0.739756 0.935024
0.653567 -1.0064 -0 0.765126 0.888867
0.705342 -0.97082 -0 0.755599 0.876756
0.705342 -0.97082 -0 0.755599 0.876756
0.653567 -1.0064 -0 0.765126 0.888867
0.822899 -1.13262 -0 0.773818 0.826925
0.653567 -1.0064 -0 0.765126 0.888867
0.762495 -1.17414 -0 0.783949 0.839883
0.822899 -1.13262 -0 0.773818 0.826925
0.822899 -1.13262 -0 0.773818 0.826925
0.762495 -1.17414 -0 0.783949 0.839883
0.940456 -1.29443 -0 0.787972 0.782144
0.762495 -1.17414 -0 0.783949 0.839883
0.871422 -1.34187 -0 0.799494 0.795055
0.940456 -1.29443 -0 0.787972 0.782144
0.940456 -1.29443 -0 0.787972 0.782144
0.871422 -1.34187 -0 0.799494 0.795055
1.05801 -1.45623 -0 0.799019 0.744113
0.871422 -1.34187 -0 0.799494 0.795055
0.98035 -1.50961 -0 0.811171 0.757003
1.05801 -1.45623 -0 0.799019 0.744113
1.05801 -1.45623 -0 0.799019 0.744113
0.98035 -1.50961 -0 0.811171 0.757003
1.17557 -1.61803 -0 0.808014 0.708844
0.98035 -1.50961 -0 0.811171 0.757003
1.08928 -1.67734 -0 0.820796 0.721517
1.17557 -1.61803 -0 0.808014 0.708844
1.17557 -1.61803 -0 0.808014 0.708844
1.08928 -1.67734 -0 0.820796 0.721517
1.29313 -1.77984 -0 0.814915 0.678801
1.08928 -1.67734 -0 0.820796 0.721517
1.19821 -1.84508 -0 0.828318 0.690947
1.29313 -1.77984 -0 0.814915 0.678801
1.29313 -1.77984 -0 0.814915 0.678801
1.19821 -1.84508 -0 0.828318 0.690947
1.53069 -2.10681 0.04 0.828046 0.619195
1.19821 -1.84508 -0 0.828318 0.690947
1.41833 -2.18404 0.04 0.841468 0.634156
1.53069 -2.10681 0.04 0.828046 0.619195
1.53069 -2.10681 0.04 0.828046 0.619195
1.41833 -2.18404 0.04 0.841468 0.634156
1.64825 -2.26862 0.16 0.837805 0.577667
1.41833 -2.18404 0.04 0.841468 0.634156
1.52726 -2.35177 0.16 0.852354 0.592224
1.64825 -2.26862 0.16 0.837805 0.577667
1.64825 -2.26862 0.16 0.837805 0.577667
1.52726 -2.35177 0.16 0.852354 0.592224
1.7658 -2.43042 0.36 0.850052 0.525414
1.52726 -2.35177 0.16 0.852354 0.592224
1.63618 -2.5195 0.36 0.865574 0.538515
1.7658 -2.43042 0.36 0.850052 0.525414
1.7658 -2.43042 0.36 0.850052 0.525414
1.63618 -2.5195 0.36 0.865574 0.538515
1.88336 -2.59222 0.64 0.862993 0.458924
1.63618 -2.5195 0.36 0.865574 0.538515
1.74511 -2.68724 0.64 0.87912 0.473799
1.88336 -2.59222 0.64 0.862993 0.458924
1.88336 -2.59222 0.64 0.862993 0.458924
1.74511 -2.68724 0.64 0.87912 0.473799
2.00092 -2.75403 1 0.874896 0.384039
1.74511 -2.68724 0.64 0.87912 0.473799
1.85404 -2.85497 1 0.891969 0.397805
2.00092 -2.75403 1 0.874896 0.384039
2.00092 -2.75403 1 0.874896 0.384039
1.85404 -2.85497 1 0.891969 0.397805
2.11847 -2.91583 1.44 0.88348 0.298829
1.85404 -2.85497 1 0.891969 0.397805
1.96297 -3.02271 1.44 0.901549 0.311994
2.11847 -2.91583 1.44 0.88348 0.298829
2.11847 -2.91583 1.44 0.88348 0.298829
1.96297 -3.02271 1.44 0.901549 0.311994
2.23603 -3.07763 1.96 0.887373 0.208266
1.96297 -3.02271 1.44 0.901549 0.311994
2.0719 -3.19044 1.96 0.90602 0.220183
2.23603 -3.07763 1.96 0.887373 0.208266
0.567584 -0.155429 -0 0.57246 0.99637
0.567584 -0.161803 -0 0.574998 0.995994
0.567584 -0.310858 -0 0.615873 0.987645
0.567584 -0.161803 -0 0.574998 0.995994
0.567584 -0.323607 -0 0.619477 0.986698
0.567584 -0.310858 -0 0.615873 0.987645
0.567584 -0.310858 -0 0.615873 0.987645
0.567584 -0.323607 -0 0.619477 0.986698
0.567584 -0.466288 -0 0.656494 0.974941
0.567584 -0.323607 -0 0.619477 0.986698
0.567584 -0.48541 -0 0.660924 0.973282
0.567584 -0.466288 -0 0.656494 0.974941
0.567584 -0.466288 -0 0.656494 0.974941
0.567584 -0.48541 -0 0.660924 0.973282
0.567584 -0.621717 -0 0.693629 0.959287
0.567584 -0.48541 -0 0.660924 0.973282
0.567584 -0.647214 -0 0.699312 0.957532
0.567584 -0.621717 -0 0.693629 0.959287
0.567584 -0.621717 -0 0.693629 0.959287
0.567584 -0.647214 -0 0.699312 0.957532
0.62932 -0.777146 -0 0.724599 0.921323
0.567584 -0.647214 -0 0.699312 0.957532
0.587785 -0.809017 -0 0.732827 0.931344
0.62932 -0.777146 -0 0.724599 0.921323
0.62932 -0.777146 -0 0.724599 0.921323
0.587785 -0.809017 -0 0.732827 0.931344
0.755184 -0.932575 -0 0.745691 0.866424
0.587785 -0.809017 -0 0.732827 0.931344
0.705342 -0.97082 -0 0.755599 0.876756
0.755184 -0.932575 -0 0.745691 0.866424
0.755184 -0.932575 -0 0.745691 0.866424
0.705342 -0.97082 -0 0.755599 0.876756
0.881049 -1.088 -0 0.763138 0.816202
0.705342 -0.97082 -0 0.755599 0.876756
0.822899 -1.13262 -0 0.773818 0.826925
0.881049 -1.088 -0 0.763138 0.816202
0.881049 -1.088 -0 0.763138 0.816202
0.822899 -1.13262 -0 0.773818 0.826925
1.00691 -1.24343 -0 0.776768 0.769626
0.822899 -1.13262 -0 0.773818 0.826925
0.940456 -1.29443 -0 0.787972 0.782144
1.00691 -1.24343 -0 0.776768 0.769626
1.00691 -1.24343 -0 0.776768 0.769626
0.940456 -1.29443 -0 0.787972 0.782144
1.13278 -1.39886 -0 0.78727 0.73006
0.940456 -1.29443 -0 0.787972 0.782144
1.05801 -1.45623 -0 0.799019 0.744113
1.13278 -1.39886 -0 0.78727 0.73006
1.13278 -1.39886 -0 0.78727 0.73006
1.05801 -1.45623 -0 0.799019 0.744113
1.25864 -1.55429 -0 0.795445 0.695272
1.05801 -1.45623 -0 0.799019 0.744113
1.17557 -1.61803 -0 0.808014 0.708844
1.25864 -1.55429 -0 0.795445 0.695272
1.25864 -1.55429 -0 0.795445 0.695272
1.17557 -1.61803 -0 0.808014 0.708844
1.3845 -1.70972 -0 0.801749 0.664003
1.17557 -1.61803 -0 0.808014 0.708844
1.29313 -1.77984 -0 0.814915 0.678801
1.3845 -1.70972 -0 0.801749 0.664003
1.3845 -1.70972 -0 0.801749 0.664003
1.29313 -1.77984 -0 0.814915 0.678801
1.63885 -2.02381 0.04 0.81361 0.606025
1.29313 -1.77984 -0 0.814915 0.678801
1.53069 -2.10681 0.04 0.828046 0.619195
1.63885 -2.02381 0.04 0.81361 0.606025
1.63885 -2.02381 0.04 0.81361 0.606025
1.53069 -2.10681 0.04 0.828046 0.619195
1.76472 -2.17924 0.16 0.823257 0.564802
1.53069 -2.10681 0.04 0.828046 0.619195
1.64825 -2.26862 0.16 0.837805 0.577667
1.76472 -2.17924 0.16 0.823257 0.564802
1.76472 -2.17924 0.16 0.823257 0.564802
1.64825 -2.26862 0.16 0.837805 0.577667
1.89058 -2.33467 0.36 0.834686 0.510406
1.64825 -2.26862 0.16 0.837805 0.577667
1.7658 -2.43042 0.36 0.850052 0.525414
1.89058 -2.33467 0.36 0.834686 0.510406
1.89058 -2.33467 0.36 0.834686 0.510406
1.7658 -2.43042 0.36 0.850052 0.525414
2.01645 -2.4901 0.64 0.84642 0.446394
1.7658 -2.43042 0.36 0.850052 0.525414
1.88336 -2.59222 0.64 0.862993 0.458924
2.01645 -2.4901 0.64 0.84642 0.446394
2.01645 -2.4901 0.64 0.84642 0.446394
1.88336 -2.59222 0.64 0.862993 0.458924
2.14231 -2.64553 1 0.857208 0.369974
1.88336 -2.59222 0.64 0.862993 0.458924
2.00092 -2.75403 1 0.874896 0.384039
2.14231 -2.64553 1 0.857208 0.369974
2.14231 -2.64553 1 0.857208 0.369974
2.00092 -2.75403 1 0.874896 0.384039
2.26817 -2.80096 1.44 0.864878 0.286017
2.00092 -2.75403 1 0.874896 0.384039
2.11847 -2.91583 1.44 0.88348 0.298829
2.26817 -2.80096 1.44 0.864878 0.286017
2.26817 -2.80096 1.44 0.864878 0.286017
2.11847 -2.91583 1.44 0.88348 0.298829
2.39404 -2.95639 1.96 0.868559 0.196803
2.11847 -2.91583 1.44 0.88348 0.298829
2.23603 -3.07763 1.96 0.887373 0.208266
2.39404 -2.95639 1.96 0.868559 0.196803
2.39404 -2.95639 1.96 0.868559 0.196803
2.23603 -3.07763 1.96 0.887373 0.208266
2.5199 -3.11182 2.56 0.866504 0.106611
0.567584 -0.148629 -0 0.571188 0.996552
0.567584 -0.155429 -0 0.57246 0.99637
0.567584 -0.297258 -0 0.612248 0.988562
0.567584 -0.155429 -0 0.57246 0.99637
0.567584 -0.310858 -0 0.615873 0.987645
0.567584 -0.297258 -0 0.612248 0.988562
0.567584 -0.297258 -0 0.612248 0.988562
0.567584 -0.310858 -0 0.615873 0.987645
0.567584 -0.445887 -0 0.650893 0.976962
0.567584 -0.310858 -0 0.615873 0.987645
0.567584 -0.466288 -0 0.656494 0.974941
0.567584 -0.445887 -0 0.650893 0.976962
0.567584 -0.445887 -0 0.650893 0.976962
0.567584 -0.466288 -0 0.656494 0.974941
0.567584 -0.594516 -0 0.687529 0.962134
0.567584 -0.466288 -0 0.656494 0.974941
0.567584 -0.621717 -0 0.693629 0.959287
0.567584 -0.594516 -0 0.687529 0.962134
0.567584 -0.594516 -0 0.687529 0.962134
0.567584 -0.621717 -0 0.693629 0.959287
0.669131 -0.743145 -0 0.714891 0.912833
0.567584 -0.621717 -0 0.693629 0.959287
0.62932 -0.777146 -0 0.724599 0.921323
0.669131 -0.743145 -0 0.714891 0.912833
0.669131 -0.743145 -0 0.714891 0.912833
0.62932 -0.777146 -0 0.724599 0.921323
0.802957 -0.891774 -0 0.735337 0.855861
0.62932 -0.777146 -0 0.724599 0.921323
0.755184 -0.932575 -0 0.745691 0.866424
0.802957 -0.891774 -0 0.735337 0.855861
0.802957 -0.891774 -0 0.735337 0.855861
0.755184 -0.932575 -0 0.745691 0.866424
0.936783 -1.0404 -0 0.752155 0.80365
0.755184 -0.932575 -0 0.745691 0.866424
0.881049 -1.088 -0 0.763138 0.816202
0.936783 -1.0404 -0 0.752155 0.80365
0.936783 -1.0404 -0 0.752155 0.80365
0.881049 -1.088 -0 0.763138 0.816202
1.07061 -1.18903 -0 0.764507 0.758904
0.881049 -1.088 -0 0.763138 0.816202
1.00691 -1.24343 -0 0.776768 0.769626
1.07061 -1.18903 -0 0.764507 0.758904
1.07061 -1.18903 -0 0.764507 0.758904
1.00691 -1.24343 -0 0.776768 0.769626
1.20444 -1.33766 -0 0.774332 0.71788
1.00691 -1.24343 -0 0.776768 0.769626
1.13278 -1.39886 -0 0.78727 0.73006
1.20444 -1.33766 -0 0.774332 0.71788
1.20444 -1.33766 -0 0.774332 0.71788
1.13278 -1.39886 -0 0.78727 0.73006
1.33826 -1.48629 -0 0.781583 0.683832
1.13278 -1.39886 -0 0.78727 0.73006
1.25864 -1.55429 -0 0.795445 0.695272
1.33826 -1.48629 -0 0.781583 0.683832
1.33826 -1.48629 -0 0.781583 0.683832
1.25864 -1.55429 -0 0.795445 0.695272
1.47209 -1.63492 -0 0.788017 0.651071
1.25864 -1.55429 -0 0.795445 0.695272
1.3845 -1.70972 -0 0.801749 0.664003
1.47209 -1.63492 -0 0.788017 0.651071
1.47209 -1.63492 -0 0.788017 0.651071
1.3845 -1.70972 -0 0.801749 0.664003
1.74253 -1.93527 0.04 0.798512 0.59307
1.3845 -1.70972 -0 0.801749 0.664003
1.63885 -2.02381 0.04 0.81361 0.606025
1.74253 -1.93527 0.04 0.798512 0.59307
1.74253 -1.93527 0.04 0.798512 0.59307
1.63885 -2.02381 0.04 0.81361 0.606025
1.87635 -2.0839 0.16 0.808014 0.550236
1.63885 -2.02381 0.04 0.81361 0.606025
1.76472 -2.17924 0.16 0.823257 0.564802
1.87635 -2.0839 0.16 0.808014 0.550236
1.87635 -2.0839 0.16 0.808014 0.550236
1.76472 -2.17924 0.16 0.823257 0.564802
2.01018 -2.23253 0.36 0.818171 0.497942
1.76472 -2.17924 0.16 0.823257 0.564802
1.89058 -2.33467 0.36 0.834686 0.510406
2.01018 -2.23253 0.36 0.818171 0.497942
2.01018 -2.23253 0.36 0.818171 0.497942
1.89058 -2.33467 0.36 0.834686 0.510406
2.144 -2.38116 0.64 0.829358 0.432938
1.89058 -2.33467 0.36 0.834686 0.510406
2.01645 -2.4901 0.64 0.84642 0.446394
2.144 -2.38116 0.64 0.829358 0.432938
2.144 -2.38116 0.64 0.829358 0.432938
2.01645 -2.4901 0.64 0.84642 0.446394
2.27783 -2.52979 1 0.839452 0.357708
2.01645 -2.4901 0.64 0.84642 0.446394
2.14231 -2.64553 1 0.857208 0.369974
2.27783 -2.52979 1 0.839452 0.357708
2.27783 -2.52979 1 0.839452 0.357708
2.14231 -2.64553 1 0.857208 0.369974
2.41166 -2.67842 1.44 0.846174 0.273573
2.14231 -2.64553 1 0.857208 0.369974
2.26817 -2.80096 1.44 0.864878 0.286017
2.41166 -2.67842 1.44 0.846174 0.273573
2.41166 -2.67842 1.44 0.846174 0.273573
2.26817 -2.80096 1.44 0.864878 0.286017
2.54548 -2.82704 1.96 0.849023 0.185595
2.26817 -2.80096 1.44 0.864878 0.286017
2.39404 -2.95639 1.96 0.868559 0.196803
2.54548 -2.82704 1.96 0.849023 0.185595
2.54548 -2.82704 1.96 0.849023 0.185595
2.39404 -2.95639 1.96 0.868559 0.196803
2.67931 -2.97567 2.56 0.846969 0.0969031
2.39404 -2.95639 1.96 0.868559 0.196803
2.5199 -3.11182 2.56 0.866504 0.106611
2.67931 -2.97567 2.56 0.846969 0.0969031
0.567584 -0.141421 -0 0.568641 0.996904
0.567584 -0.148629 -0 0.571188 0.996552
0.567584 -0.282843 -0 0.608603 0.98945
0.567584 -0.148629 -0 0.571188 0.996552
0.567584 -0.297258 -0 0.612248 0.988562
0.567584 -0.282843 -0 0.608603 0.98945
0.567584 -0.282843 -0 0.608603 0.98945
0.567584 -0.297258 -0 0.612248 0.988562
0.567584 -0.424264 -0 0.645221 0.978919
0.567584 -0.297258 -0 0.612248 0.988562
0.567584 -0.445887 -0 0.650893 0.976962
0.567584 -0.424264 -0 0.645221 0.978919
0.567584 -0.424264 -0 0.645221 0.978919
0.567584 -0.445887 -0 0.650893 0.976962
0.567584 -0.565685 -0 0.680271 0.965378
0.567584 -0.445887 -0 0.650893 0.976962
0.567584 -0.594516 -0 0.687529 0.962134
0.567584 -0.565685 -0 0.680271 0.965378
0.567584 -0.565685 -0 0.680271 0.965378
0.567584 -0.594516 -0 0.687529 0.962134
0.707107 -0.707107 -0 0.705012 0.904244
0.567584 -0.594516 -0 0.687529 0.962134
0.669131 -0.743145 -0 0.714891 0.912833
0.707107 -0.707107 -0 0.705012 0.904244
0.707107 -0.707107 -0 0.705012 0.904244
0.669131 -0.743145 -0 0.714891 0.912833
0.848528 -0.848528 -0 0.724311 0.84684
0.669131 -0.743145 -0 0.714891 0.912833
0.802957 -0.891774 -0 0.735337 0.855861
0.848528 -0.848528 -0 0.724311 0.84684
0.848528 -0.848528 -0 0.724311 0.84684
0.802957 -0.891774 -0 0.735337 0.855861
0.98995 -0.98995 -0 0.740038 0.794668
0.802957 -0.891774 -0 0.735337 0.855861
0.936783 -1.0404 -0 0.752155 0.80365
0.98995 -0.98995 -0 0.740038 0.794668
0.98995 -0.98995 -0 0.740038 0.794668
0.936783 -1.0404 -0 0.752155 0.80365
1.13137 -1.13137 -0 0.751563 0.748447
0.936783 -1.0404 -0 0.752155 0.80365
1.07061 -1.18903 -0 0.764507 0.758904
1.13137 -1.13137 -0 0.751563 0.748447
1.13137 -1.13137 -0 0.751563 0.748447
1.07061 -1.18903 -0 0.764507 0.758904
1.27279 -1.27279 -0 0.76128 0.707694
1.07061 -1.18903 -0 0.764507 0.758904
1.20444 -1.33766 -0 0.774332 0.71788
1.27279 -1.27279 -0 0.76128 0.707694
1.27279 -1.27279 -0 0.76128 0.707694
1.20444 -1.33766 -0 0.774332 0.71788
1.41421 -1.41421 -0 0.767677 0.672543
1.20444 -1.33766 -0 0.774332 0.71788
1.33826 -1.48629 -0 0.781583 0.683832
1.41421 -1.41421 -0 0.767677 0.672543
1.41421 -1.41421 -0 0.767677 0.672543
1.33826 -1.48629 -0 0.781583 0.683832
1.55563 -1.55563 -0 0.774053 0.640609
1.33826 -1.48629 -0 0.781583 0.683832
1.47209 -1.63492 -0 0.788017 0.651071
1.55563 -1.55563 -0 0.774053 0.640609
1.55563 -1.55563 -0 0.774053 0.640609
1.47209 -1.63492 -0 0.788017 0.651071
1.84142 -1.84142 0.04 0.783927 0.580493
1.47209 -1.63492 -0 0.788017 0.651071
1.74253 -1.93527 0.04 0.798512 0.59307
1.84142 -1.84142 0.04 0.783927 0.580493
1.84142 -1.84142 0.04 0.783927 0.580493
1.74253 -1.93527 0.04 0.798512 0.59307
1.98284 -1.98284 0.16 0.792196 0.538553
1.74253 -1.93527 0.04 0.798512 0.59307
1.87635 -2.0839 0.16 0.808014 0.550236
1.98284 -1.98284 0.16 0.792196 0.538553
1.98284 -1.98284 0.16 0.792196 0.538553
1.87635 -2.0839 0.16 0.808014 0.550236
2.12426 -2.12426 0.36 0.801531 0.486499
1.87635 -2.0839 0.16 0.808014 0.550236
2.01018 -2.23253 0.36 0.818171 0.497942
2.12426 -2.12426 0.36 0.801531 0.486499
2.12426 -2.12426 0.36 0.801531 0.486499
2.01018 -2.23253 0.36 0.818171 0.497942
2.26569 -2.26569 0.64 0.811779 0.420751
2.01018 -2.23253 0.36 0.818171 0.497942
2.144 -2.38116 0.64 0.829358 0.432938
2.26569 -2.26569 0.64 0.811779 0.420751
2.26569 -2.26569 0.64 0.811779 0.420751
2.144 -2.38116 0.64 0.829358 0.432938
2.40711 -2.40711 1 0.821328 0.347395
2.144 -2.38116 0.64 0.829358 0.432938
2.27783 -2.52979 1 0.839452 0.357708
2.40711 -2.40711 1 0.821328 0.347395
2.40711 -2.40711 1 0.821328 0.347395
2.27783 -2.52979 1 0.839452 0.357708
2.54853 -2.54853 1.44 0.827242 0.262477
2.27783 -2.52979 1 0.839452 0.357708
2.41166 -2.67842 1.44 0.846174 0.273573
2.54853 -2.54853 1.44 0.827242 0.262477
2.54853 -2.54853 1.44 0.827242 0.262477
2.41166 -2.67842 1.44 0.846174 0.273573
2.68995 -2.68995 1.96 0.830022 0.176072
2.41166 -2.67842 1.44 0.846174 0.273573
2.54548 -2.82704 1.96 0.849023 0.185595
2.68995 -2.68995 1.96 0.830022 0.176072
2.68995 -2.68995 1.96 0.830022 0.176072
2.54548 -2.82704 1.96 0.849023 0.185595
2.83137 -2.83137 2.56 0.827285 0.0883376
2.54548 -2.82704 1.96 0.849023 0.185595
2.67931 -2.97567 2.56 0.846969 0.0969031
2.83137 -2.83137 2.56 0.827285 0.0883376
0.567584 -0.133826 -0 0.567366 0.997074
0.567584 -0.141421 -0 0.568641 0.996904
0.567584 -0.267652 -0 0.603713 0.990585
0.567584 -0.141421 -0 0.568641 0.996904
0.567584 -0.282843 -0 0.608603 0.98945
0.567584 -0.267652 -0 0.603713 0.990585
0.567584 -0.267652 -0 0.603713 0.990585
0.567584 -0.282843 -0 0.608603 0.98945
0.567584 -0.401478 -0 0.639481 0.98081
0.567584 -0.282843 -0 0.608603 0.98945
0.567584 -0.424264 -0 0.645221 0.978919
0.567584 -0.401478 -0 0.639481 0.98081
0.567584 -0.401478 -0 0.639481 0.98081
0.567584 -0.424264 -0 0.645221 0.978919
0.594516 -0.535304 -0 0.672119 0.959448
0.567584 -0.424264 -0 0.645221 0.978919
0.567584 -0.565685 -0 0.680271 0.965378
0.594516 -0.535304 -0 0.672119 0.959448
0.594516 -0.535304 -0 0.672119 0.959448
0.567584 -0.565685 -0 0.680271 0.965378
0.743145 -0.669131 -0 0.695075 0.895678
0.567584 -0.565685 -0 0.680271 0.965378
0.707107 -0.707107 -0 0.705012 0.904244
0.743145 -0.669131 -0 0.695075 0.895678
0.743145 -0.669131 -0 0.695075 0.895678
0.707107 -0.707107 -0 0.705012 0.904244
0.891774 -0.802957 -0 0.713358 0.836296
0.707107 -0.707107 -0 0.705012 0.904244
0.848528 -0.848528 -0 0.724311 0.84684
0.891774 -0.802957 -0 0.713358 0.836296
0.891774 -0.802957 -0 0.713358 0.836296
0.848528 -0.848528 -0 0.724311 0.84684
1.0404 -0.936783 -0 0.727813 0.784179
0.848528 -0.848528 -0 0.724311 0.84684
0.98995 -0.98995 -0 0.740038 0.794668
1.0404 -0.936783 -0 0.727813 0.784179
1.0404 -0.936783 -0 0.727813 0.784179
0.98995 -0.98995 -0 0.740038 0.794668
1.18903 -1.07061 -0 0.739125 0.738044
0.98995 -0.98995 -0 0.740038 0.794668
1.13137 -1.13137 -0 0.751563 0.748447
1.18903 -1.07061 -0 0.739125 0.738044
1.18903 -1.07061 -0 0.739125 0.738044
1.13137 -1.13137 -0 0.751563 0.748447
1.33766 -1.20444 -0 0.74683 0.696398
1.13137 -1.13137 -0 0.751563 0.748447
1.27279 -1.27279 -0 0.76128 0.707694
1.33766 -1.20444 -0 0.74683 0.696398
1.33766 -1.20444 -0 0.74683 0.696398
1.27279 -1.27279 -0 0.76128 0.707694
1.48629 -1.33826 -0 0.754081 0.661704
1.27279 -1.27279 -0 0.76128 0.707694
1.41421 -1.41421 -0 0.767677 0.672543
1.48629 -1.33826 -0 0.754081 0.661704
1.48629 -1.33826 -0 0.754081 0.661704
1.41421 -1.41421 -0 0.767677 0.672543
1.63492 -1.47209 -0 0.758524 0.629076
1.41421 -1.41421 -0 0.767677 0.672543
1.55563 -1.55563 -0 0.774053 0.640609
1.63492 -1.47209 -0 0.758524 0.629076
1.63492 -1.47209 -0 0.758524 0.629076
1.55563 -1.55563 -0 0.774053 0.640609
1.93527 -1.74253 0.04 0.768424 0.571352
1.55563 -1.55563 -0 0.774053 0.640609
1.84142 -1.84142 0.04 0.783927 0.580493
1.93527 -1.74253 0.04 0.768424 0.571352
1.93527 -1.74253 0.04 0.768424 0.571352
1.84142 -1.84142 0.04 0.783927 0.580493
2.0839 -1.87635 0.16 0.775273 0.528088
1.84142 -1.84142 0.04 0.783927 0.580493
1.98284 -1.98284 0.16 0.792196 0.538553
2.0839 -1.87635 0.16 0.775273 0.528088
2.0839 -1.87635 0.16 0.775273 0.528088
1.98284 -1.98284 0.16 0.792196 0.538553
2.23253 -2.01018 0.36 0.784414 0.474143
1.98284 -1.98284 0.16 0.792196 0.538553
2.12426 -2.12426 0.36 0.801531 0.486499
2.23253 -2.01018 0.36 0.784414 0.474143
2.23253 -2.01018 0.36 0.784414 0.474143
2.12426 -2.12426 0.36 0.801531 0.486499
2.38116 -2.144 0.64 0.794201 0.410312
2.12426 -2.12426 0.36 0.801531 0.486499
2.26569 -2.26569 0.64 0.811779 0.420751
2.38116 -2.144 0.64 0.794201 0.410312
2.38116 -2.144 0.64 0.794201 0.410312
2.26569 -2.26569 0.64 0.811779 0.420751
2.52979 -2.27783 1 0.802341 0.335293
2.26569 -2.26569 0.64 0.811779 0.420751
2.40711 -2.40711 1 0.821328 0.347395
2.52979 -2.27783 1 0.802341 0.335293
2.52979 -2.27783 1 0.802341 0.335293
2.40711 -2.40711 1 0.821328 0.347395
2.67842 -2.41166 1.44 0.808369 0.252843
2.40711 -2.40711 1 0.821328 0.347395
2.54853 -2.54853 1.44 0.827242 0.262477
2.67842 -2.41166 1.44 0.808369 0.252843
2.67842 -2.41166 1.44 0.808369 0.252843
2.54853 -2.54853 1.44 0.827242 0.262477
2.82704 -2.54548 1.96 0.810237 0.166347
2.54853 -2.54853 1.44 0.827242 0.262477
2.68995 -2.68995 1.96 0.830022 0.176072
2.82704 -2.54548 1.96 0.810237 0.166347
2.82704 -2.54548 1.96 0.810237 0.166347
2.68995 -2.68995 1.96 0.830022 0.176072
2.97567 -2.67931 2.56 0.807621 0.0805082
2.68995 -2.68995 1.96 0.830022 0.176072
2.83137 -2.83137 2.56 0.827285 0.0883376
2.97567 -2.67931 2.56 0.807621 0.0805082
0.567584 -0.125864 -0 0.564811 0.997402
0.567584 -0.133826 -0 0.567366 0.997074
0.567584 -0.251728 -0 0.600024 0.9914
0.567584 -0.133826 -0 0.567366 0.997074
0.567584 -0.267652 -0 0.603713 0.990585
0.567584 -0.251728 -0 0.600024 0.9914
0.567584 -0.251728 -0 0.600024 0.9914
0.567584 -0.267652 -0 0.603713 0.990585
0.567584 -0.377592 -0 0.633674 0.982631
0.567584 -0.267652 -0 0.603713 0.990585
0.567584 -0.401478 -0 0.639481 0.98081
0.567584 -0.377592 -0 0.633674 0.982631
0.567584 -0.377592 -0 0.633674 0.982631
0.567584 -0.401478 -0 0.639481 0.98081
0.621717 -0.503456 -0 0.663454 0.952959
0.567584 -0.401478 -0 0.639481 0.98081
0.594516 -0.535304 -0 0.672119 0.959448
0.621717 -0.503456 -0 0.663454 0.952959
0.621717 -0.503456 -0 0.663454 0.952959
0.594516 -0.535304 -0 0.672119 0.959448
0.777146 -0.62932 -0 0.685212 0.887283
0.594516 -0.535304 -0 0.672119 0.959448
0.743145 -0.669131 -0 0.695075 0.895678
0.777146 -0.62932 -0 0.685212 0.887283
0.777146 -0.62932 -0 0.685212 0.887283
0.743145 -0.669131 -0 0.695075 0.895678
0.932575 -0.755184 -0 0.702009 0.827779
0.743145 -0.669131 -0 0.695075 0.895678
0.891774 -0.802957 -0 0.713358 0.836296
0.932575 -0.755184 -0 0.702009 0.827779
0.932575 -0.755184 -0 0.702009 0.827779
0.891774 -0.802957 -0 0.713358 0.836296
1.088 -0.881049 -0 0.715055 0.776139
0.891774 -0.802957 -0 0.713358 0.836296
1.0404 -0.936783 -0 0.727813 0.784179
1.088 -0.881049 -0 0.715055 0.776139
1.088 -0.881049 -0 0.715055 0.776139
1.0404 -0.936783 -0 0.727813 0.784179
1.24343 -1.00691 -0 0.725268 0.728747
1.0404 -0.936783 -0 0.727813 0.784179
1.18903 -1.07061 -0 0.739125 0.738044
1.24343 -1.00691 -0 0.725268 0.728747
1.24343 -1.00691 -0 0.725268 0.728747
1.18903 -1.07061 -0 0.739125 0.738044
1.39886 -1.13278 -0 0.732716 0.687783
1.18903 -1.07061 -0 0.739125 0.738044
1.33766 -1.20444 -0 0.74683 0.696398
1.39886 -1.13278 -0 0.732716 0.687783
1.39886 -1.13278 -0 0.732716 0.687783
1.33766 -1.20444 -0 0.74683 0.696398
1.55429 -1.25864 -0 0.739125 0.649836
1.33766 -1.20444 -0 0.74683 0.696398
1.48629 -1.33826 -0 0.754081 0.661704
1.55429 -1.25864 -0 0.739125 0.649836
1.55429 -1.25864 -0 0.739125 0.649836
1.48629 -1.33826 -0 0.754081 0.661704
1.70972 -1.3845 -0 0.743222 0.620765
1.48629 -1.33826 -0 0.754081 0.661704
1.63492 -1.47209 -0 0.758524 0.629076
1.70972 -1.3845 -0 0.743222 0.620765
1.70972 -1.3845 -0 0.743222 0.620765
1.63492 -1.47209 -0 0.758524 0.629076
2.02381 -1.63885 0.04 0.752335 0.561281
1.63492 -1.47209 -0 0.758524 0.629076
1.93527 -1.74253 0.04 0.768424 0.571352
2.02381 -1.63885 0.04 0.752335 0.561281
2.02381 -1.63885 0.04 0.752335 0.561281
1.93527 -1.74253 0.04 0.768424 0.571352
2.17924 -1.76472 0.16 0.759454 0.51908
1.93527 -1.74253 0.04 0.768424 0.571352
2.0839 -1.87635 0.16 0.775273 0.528088
2.17924 -1.76472 0.16 0.759454 0.51908
2.17924 -1.76472 0.16 0.759454 0.51908
2.0839 -1.87635 0.16 0.775273 0.528088
2.33467 -1.89058 0.36 0.767215 0.463398
2.0839 -1.87635 0.16 0.775273 0.528088
2.23253 -2.01018 0.36 0.784414 0.474143
2.33467 -1.89058 0.36 0.767215 0.463398
2.33467 -1.89058 0.36 0.767215 0.463398
2.23253 -2.01018 0.36 0.784414 0.474143
2.4901 -2.01645 0.64 0.776188 0.399592
2.23253 -2.01018 0.36 0.784414 0.474143
2.38116 -2.144 0.64 0.794201 0.410312
2.4901 -2.01645 0.64 0.776188 0.399592
2.4901 -2.01645 0.64 0.776188 0.399592
2.38116 -2.144 0.64 0.794201 0.410312
2.64553 -2.14231 1 0.783382 0.325561
2.38116 -2.144 0.64 0.794201 0.410312
2.52979 -2.27783 1 0.802341 0.335293
2.64553 -2.14231 1 0.783382 0.325561
2.64553 -2.14231 1 0.783382 0.325561
2.52979 -2.27783 1 0.802341 0.335293
2.80096 -2.26817 1.44 0.788891 0.244176
2.52979 -2.27783 1 0.802341 0.335293
2.67842 -2.41166 1.44 0.808369 0.252843
2.80096 -2.26817 1.44 0.788891 0.244176
2.80096 -2.26817 1.44 0.788891 0.244176
2.67842 -2.41166 1.44 0.808369 0.252843
2.95639 -2.39404 1.96 0.79012 0.15752
2.67842 -2.41166 1.44 0.808369 0.252843
2.82704 -2.54548 1.96 0.810237 0.166347
2.95639 -2.39404 1.96 0.79012 0.15752
2.95639 -2.39404 1.96 0.79012 0.15752
2.82704 -2.54548 1.96 0.810237 0.166347
3.11182 -2.5199 2.56 0.787501 0.0726786
2.82704 -2.54548 1.96 0.810237 0.166347
2.97567 -2.67931 2.56 0.807621 0.0805082
3.11182 -2.5199 2.56 0.787501 0.0726786
0.567584 -0.117557 -0 0.562251 0.997714
0.567584 -0.125864 -0 0.564811 0.997402
0.567584 -0.235114 -0 0.595077 0.992438
0.567584 -0.125864 -0 0.564811 0.997402
0.567584 -0.251728 -0 0.600024 0.9914
0.567584 -0.235114 -0 0.595077 0.992438
0.567584 -0.235114 -0 0.595077 0.992438
0.567584 -0.251728 -0 0.600024 0.9914
0.567584 -0.352671 -0 0.62662 0.984719
0.567584 -0.251728 -0 0.600024 0.9914
0.567584 -0.377592 -0 0.633674 0.982631
0.567584 -0.352671 -0 0.62662 0.984719
0.567584 -0.352671 -0 0.62662 0.984719
0.567584 -0.377592 -0 0.633674 0.982631
0.647214 -0.470228 -0 0.654239 0.945848
0.567584 -0.377592 -0 0.633674 0.982631
0.621717 -0.503456 -0 0.663454 0.952959
0.647214 -0.470228 -0 0.654239 0.945848
0.647214 -0.470228 -0 0.654239 0.945848
0.621717 -0.503456 -0 0.663454 0.952959
0.809017 -0.587785 -0 0.674074 0.88126
0.621717 -0.503456 -0 0.663454 0.952959
0.777146 -0.62932 -0 0.685212 0.887283
0.809017 -0.587785 -0 0.674074 0.88126
0.809017 -0.587785 -0 0.674074 0.88126
0.777146 -0.62932 -0 0.685212 0.887283
0.97082 -0.705342 -0 0.690738 0.81983
0.777146 -0.62932 -0 0.685212 0.887283
0.932575 -0.755184 -0 0.702009 0.827779
0.97082 -0.705342 -0 0.690738 0.81983
0.97082 -0.705342 -0 0.690738 0.81983
0.932575 -0.755184 -0 0.702009 0.827779
1.13262 -0.822899 -0 0.702483 0.766841
0.932575 -0.755184 -0 0.702009 0.827779
1.088 -0.881049 -0 0.715055 0.776139
1.13262 -0.822899 -0 0.702483 0.766841
1.13262 -0.822899 -0 0.702483 0.766841
1.088 -0.881049 -0 0.715055 0.776139
1.29443 -0.940456 -0 0.711174 0.720363
1.088 -0.881049 -0 0.715055 0.776139
1.24343 -1.00691 -0 0.725268 0.728747
1.29443 -0.940456 -0 0.711174 0.720363
1.29443 -0.940456 -0 0.711174 0.720363
1.24343 -1.00691 -0 0.725268 0.728747
1.45623 -1.05801 -0 0.718573 0.678017
1.24343 -1.00691 -0 0.725268 0.728747
1.39886 -1.13278 -0 0.732716 0.687783
1.45623 -1.05801 -0 0.718573 0.678017
1.45623 -1.05801 -0 0.718573 0.678017
1.39886 -1.13278 -0 0.732716 0.687783
1.61803 -1.17557 -0 0.723598 0.641503
1.39886 -1.13278 -0 0.732716 0.687783
1.55429 -1.25864 -0 0.739125 0.649836
1.61803 -1.17557 -0 0.723598 0.641503
1.61803 -1.17557 -0 0.723598 0.641503
1.55429 -1.25864 -0 0.739125 0.649836
1.77984 -1.29313 -0 0.727694 0.611493
1.55429 -1.25864 -0 0.739125 0.649836
1.70972 -1.3845 -0 0.743222 0.620765
1.77984 -1.29313 -0 0.727694 0.611493
1.77984 -1.29313 -0 0.727694 0.611493
1.70972 -1.3845 -0 0.743222 0.620765
2.10681 -1.53069 0.04 0.735805 0.550308
1.70972 -1.3845 -0 0.743222 0.620765
2.02381 -1.63885 0.04 0.752335 0.561281
2.10681 -1.53069 0.04 0.735805 0.550308
2.10681 -1.53069 0.04 0.735805 0.550308
2.02381 -1.63885 0.04 0.752335 0.561281
2.26862 -1.64825 0.16 0.742079 0.509436
2.02381 -1.63885 0.04 0.752335 0.561281
2.17924 -1.76472 0.16 0.759454 0.51908
2.26862 -1.64825 0.16 0.742079 0.509436
2.26862 -1.64825 0.16 0.742079 0.509436
2.17924 -1.76472 0.16 0.759454 0.51908
2.43042 -1.7658 0.36 0.749292 0.454539
2.17924 -1.76472 0.16 0.759454 0.51908
2.33467 -1.89058 0.36 0.767215 0.463398
2.43042 -1.7658 0.36 0.749292 0.454539
2.43042 -1.7658 0.36 0.749292 0.454539
2.33467 -1.89058 0.36 0.767215 0.463398
2.59222 -1.88336 0.64 0.757227 0.390862
2.33467 -1.89058 0.36 0.767215 0.463398
2.4901 -2.01645 0.64 0.776188 0.399592
2.59222 -1.88336 0.64 0.757227 0.390862
2.59222 -1.88336 0.64 0.757227 0.390862
2.4901 -2.01645 0.64 0.776188 0.399592
2.75403 -2.00092 1 0.763907 0.31616
2.4901 -2.01645 0.64 0.776188 0.399592
2.64553 -2.14231 1 0.783382 0.325561
2.75403 -2.00092 1 0.763907 0.31616
2.75403 -2.00092 1 0.763907 0.31616
2.64553 -2.14231 1 0.783382 0.325561
2.91583 -2.11847 1.44 0.76901 0.234931
2.64553 -2.14231 1 0.783382 0.325561
2.80096 -2.26817 1.44 0.788891 0.244176
2.91583 -2.11847 1.44 0.76901 0.234931
2.91583 -2.11847 1.44 0.76901 0.234931
2.80096 -2.26817 1.44 0.788891 0.244176
3.07763 -2.23603 1.96 0.769696 0.149338
2.80096 -2.26817 1.44 0.788891 0.244176
2.95639 -2.39404 1.96 0.79012 0.15752
3.07763 -2.23603 1.96 0.769696 0.149338
3.07763 -2.23603 1.96 0.769696 0.149338
2.95639 -2.39404 1.96 0.79012 0.15752
3.23944 -2.35359 2.56 0.767331 0.0660369
2.95639 -2.39404 1.96 0.79012 0.15752
3.11182 -2.5199 2.56 0.787501 0.0726786
3.23944 -2.35359 2.56 0.767331 0.0660369
0.567584 -0.108928 -0 0.559686 0.99801
0.567584 -0.117557 -0 0.562251 0.997714
0.567584 -0.217856 -0 0.590099 0.993417
0.567584 -0.117557 -0 0.562251 0.997714
0.567584 -0.235114 -0 0.595077 0.992438
0.567584 -0.217856 -0 0.590099 0.993417
0.567584 -0.217856 -0 0.590099 0.993417
0.567584 -0.235114 -0 0.595077 0.992438
0.567584 -0.326783 -0 0.620673 0.986377
0.567584 -0.235114 -0 0.595077 0.992438
0.567584 -0.352671 -0 0.62662 0.984719
0.567584 -0.326783 -0 0.620673 0.986377
0.567584 -0.326783 -0 0.620673 0.986377
0.567584 -0.352671 -0 0.62662 0.984719
0.670936 -0.435711 -0 0.645179 0.940321
0.567584 -0.352671 -0 0.62662 0.984719
0.647214 -0.470228 -0 0.654239 0.945848
0.670936 -0.435711 -0 0.645179 0.940321
0.670936 -0.435711 -0 0.645179 0.940321
0.647214 -0.470228 -0 0.654239 0.945848
0.838671 -0.544639 -0 0.663496 0.874169
0.647214 -0.470228 -0 0.654239 0.945848
0.809017 -0.587785 -0 0.674074 0.88126
0.838671 -0.544639 -0 0.663496 0.874169
0.838671 -0.544639 -0 0.663496 0.874169
0.809017 -0.587785 -0 0.674074 0.88126
1.0064 -0.653567 -0 0.677134 0.813467
0.809017 -0.587785 -0 0.674074 0.88126
0.97082 -0.705342 -0 0.690738 0.81983
1.0064 -0.653567 -0 0.677134 0.813467
1.0064 -0.653567 -0 0.677134 0.813467
0.97082 -0.705342 -0 0.690738 0.81983
1.17414 -0.762495 -0 0.68871 0.758813
0.97082 -0.705342 -0 0.690738 0.81983
1.13262 -0.822899 -0 0.702483 0.766841
1.17414 -0.762495 -0 0.68871 0.758813
1.17414 -0.762495 -0 0.68871 0.758813
1.13262 -0.822899 -0 0.702483 0.766841
1.34187 -0.871422 -0 0.697258 0.71082
1.13262 -0.822899 -0 0.702483 0.766841
1.29443 -0.940456 -0 0.711174 0.720363
1.34187 -0.871422 -0 0.697258 0.71082
1.34187 -0.871422 -0 0.697258 0.71082
1.29443 -0.940456 -0 0.711174 0.720363
1.50961 -0.98035 -0 0.704395 0.66955
1.29443 -0.940456 -0 0.711174 0.720363
1.45623 -1.05801 -0 0.718573 0.678017
1.50961 -0.98035 -0 0.704395 0.66955
1.50961 -0.98035 -0 0.704395 0.66955
1.45623 -1.05801 -0 0.718573 0.678017
1.67734 -1.08928 -0 0.70934 0.631967
1.45623 -1.05801 -0 0.718573 0.678017
1.61803 -1.17557 -0 0.723598 0.641503
1.67734 -1.08928 -0 0.70934 0.631967
1.67734 -1.08928 -0 0.70934 0.631967
1.61803 -1.17557 -0 0.723598 0.641503
1.84508 -1.19821 -0 0.712121 0.601288
1.61803 -1.17557 -0 0.723598 0.641503
1.77984 -1.29313 -0 0.727694 0.611493
1.84508 -1.19821 -0 0.712121 0.601288
1.84508 -1.19821 -0 0.712121 0.601288
1.77984 -1.29313 -0 0.727694 0.611493
2.18404 -1.41833 0.04 0.718978 0.541101
1.77984 -1.29313 -0 0.727694 0.611493
2.10681 -1.53069 0.04 0.735805 0.550308
2.18404 -1.41833 0.04 0.718978 0.541101
2.18404 -1.41833 0.04 0.718978 0.541101
2.10681 -1.53069 0.04 0.735805 0.550308
2.35177 -1.52726 0.16 0.725508 0.499174
2.10681 -1.53069 0.04 0.735805 0.550308
2.26862 -1.64825 0.16 0.742079 0.509436
2.35177 -1.52726 0.16 0.725508 0.499174
2.35177 -1.52726 0.16 0.725508 0.499174
2.26862 -1.64825 0.16 0.742079 0.509436
2.5195 -1.63618 0.36 0.731967 0.445428
2.26862 -1.64825 0.16 0.742079 0.509436
2.43042 -1.7658 0.36 0.749292 0.454539
2.5195 -1.63618 0.36 0.731967 0.445428
2.5195 -1.63618 0.36 0.731967 0.445428
2.43042 -1.7658 0.36 0.749292 0.454539
2.68724 -1.74511 0.64 0.738476 0.382253
2.43042 -1.7658 0.36 0.749292 0.454539
2.59222 -1.88336 0.64 0.757227 0.390862
2.68724 -1.74511 0.64 0.738476 0.382253
2.68724 -1.74511 0.64 0.738476 0.382253
2.59222 -1.88336 0.64 0.757227 0.390862
2.85497 -1.85404 1 0.744319 0.307262
2.59222 -1.88336 0.64 0.757227 0.390862
2.75403 -2.00092 1 0.763907 0.31616
2.85497 -1.85404 1 0.744319 0.307262
2.85497 -1.85404 1 0.744319 0.307262
2.75403 -2.00092 1 0.763907 0.31616
3.02271 -1.96297 1.44 0.748629 0.226576
2.75403 -2.00092 1 0.763907 0.31616
2.91583 -2.11847 1.44 0.76901 0.234931
3.02271 -1.96297 1.44 0.748629 0.226576
3.02271 -1.96297 1.44 0.748629 0.226576
2.91583 -2.11847 1.44 0.76901 0.234931
3.19044 -2.0719 1.96 0.749692 0.141976
2.91583 -2.11847 1.44 0.76901 0.234931
3.07763 -2.23603 1.96 0.769696 0.149338
3.19044 -2.0719 1.96 0.749692 0.141976
3.19044 -2.0719 1.96 0.749692 0.141976
3.07763 -2.23603 1.96 0.769696 0.149338
3.35817 -2.18082 2.56 0.746944 0.0591714
3.07763 -2.23603 1.96 0.769696 0.149338
3.23944 -2.35359 2.56 0.767331 0.0660369
3.35817 -2.18082 2.56 0.746944 0.0591714
0.567584 -0.1 -0 0.557117 0.998289
0.567584 -0.108928 -0 0.559686 0.99801
0.567584 -0.2 -0 0.585092 0.994337
0.567584 -0.108928 -0 0.559686 0.99801
0.567584 -0.217856 -0 0.590099 0.993417
0.567584 -0.2 -0 0.585092 0.994337
0.567584 -0.2 -0 0.585092 0.994337
0.567584 -0.217856 -0 0.590099 0.993417
0.567584 -0.3 -0 0.613459 0.98826
0.567584 -0.217856 -0 0.590099 0.993417
0.567584 -0.326783 -0 0.620673 0.986377
0.567584 -0.3 -0 0.613459 0.98826
0.567584 -0.3 -0 0.613459 0.98826
0.567584 -0.326783 -0 0.620673 0.986377
0.69282 -0.4 -0 0.635424 0.935657
0.567584 -0.326783 -0 0.620673 0.986377
0.670936 -0.435711 -0 0.645179 0.940321
0.69282 -0.4 -0 0.635424 0.935657
0.69282 -0.4 -0 0.635424 0.935657
0.670936 -0.435711 -0 0.645179 0.940321
0.866025 -0.5 -0 0.652038 0.868118
0.670936 -0.435711 -0 0.645179 0.940321
0.838671 -0.544639 -0 0.663496 0.874169
0.866025 -0.5 -0 0.652038 0.868118
0.866025 -0.5 -0 0.652038 0.868118
0.838671 -0.544639 -0 0.663496 0.874169
1.03923 -0.6 -0 0.665098 0.807598
0.838671 -0.544639 -0 0.663496 0.874169
1.0064 -0.653567 -0 0.677134 0.813467
1.03923 -0.6 -0 0.665098 0.807598
1.03923 -0.6 -0 0.665098 0.807598
1.0064 -0.653567 -0 0.677134 0.813467
1.21244 -0.7 -0 0.675115 0.751862
1.0064 -0.653567 -0 0.677134 0.813467
1.17414 -0.762495 -0 0.68871 0.758813
1.21244 -0.7 -0 0.675115 0.751862
1.21244 -0.7 -0 0.675115 0.751862
1.17414 -0.762495 -0 0.68871 0.758813
1.38564 -0.8 -0 0.683319 0.704917
1.17414 -0.762495 -0 0.68871 0.758813
1.34187 -0.871422 -0 0.697258 0.71082
1.38564 -0.8 -0 0.683319 0.704917
1.38564 -0.8 -0 0.683319 0.704917
1.34187 -0.871422 -0 0.697258 0.71082
1.55885 -0.9 -0 0.689043 0.662895
1.34187 -0.871422 -0 0.697258 0.71082
1.50961 -0.98035 -0 0.704395 0.66955
1.55885 -0.9 -0 0.689043 0.662895
1.55885 -0.9 -0 0.689043 0.662895
1.50961 -0.98035 -0 0.704395 0.66955
1.73205 -1 -0 0.692551 0.624525
1.50961 -0.98035 -0 0.704395 0.66955
1.67734 -1.08928 -0 0.70934 0.631967
1.73205 -1 -0 0.692551 0.624525
1.73205 -1 -0 0.692551 0.624525
1.67734 -1.08928 -0 0.70934 0.631967
1.90526 -1.1 -0 0.696614 0.59284
1.67734 -1.08928 -0 0.70934 0.631967
1.84508 -1.19821 -0 0.712121 0.601288
1.90526 -1.1 -0 0.696614 0.59284
1.90526 -1.1 -0 0.696614 0.59284
1.84508 -1.19821 -0 0.712121 0.601288
2.25527 -1.30208 0.04 0.702108 0.533944
1.84508 -1.19821 -0 0.712121 0.601288
2.18404 -1.41833 0.04 0.718978 0.541101
2.25527 -1.30208 0.04 0.702108 0.533944
2.25527 -1.30208 0.04 0.702108 0.533944
2.18404 -1.41833 0.04 0.718978 0.541101
2.42848 -1.40208 0.16 0.707607 0.491037
2.18404 -1.41833 0.04 0.718978 0.541101
2.35177 -1.52726 0.16 0.725508 0.499174
2.42848 -1.40208 0.16 0.707607 0.491037
2.42848 -1.40208 0.16 0.707607 0.491037
2.35177 -1.52726 0.16 0.725508 0.499174
2.60168 -1.50208 0.36 0.713246 0.438542
2.35177 -1.52726 0.16 0.725508 0.499174
2.5195 -1.63618 0.36 0.731967 0.445428
2.60168 -1.50208 0.36 0.713246 0.438542
2.60168 -1.50208 0.36 0.713246 0.438542
2.5195 -1.63618 0.36 0.731967 0.445428
2.77489 -1.60208 0.64 0.719197 0.37365
2.5195 -1.63618 0.36 0.731967 0.445428
2.68724 -1.74511 0.64 0.738476 0.382253
2.77489 -1.60208 0.64 0.719197 0.37365
2.77489 -1.60208 0.64 0.719197 0.37365
2.68724 -1.74511 0.64 0.738476 0.382253
2.94809 -1.70208 1 0.725307 0.301239
2.68724 -1.74511 0.64 0.738476 0.382253
2.85497 -1.85404 1 0.744319 0.307262
2.94809 -1.70208 1 0.725307 0.301239
2.94809 -1.70208 1 0.725307 0.301239
2.85497 -1.85404 1 0.744319 0.307262
3.1213 -1.80208 1.44 0.728147 0.219289
2.85497 -1.85404 1 0.744319 0.307262
3.02271 -1.96297 1.44 0.748629 0.226576
3.1213 -1.80208 1.44 0.728147 0.219289
3.1213 -1.80208 1.44 0.728147 0.219289
3.02271 -1.96297 1.44 0.748629 0.226576
3.2945 -1.90208 1.96 0.729294 0.135982
3.02271 -1.96297 1.44 0.748629 0.226576
3.19044 -2.0719 1.96 0.749692 0.141976
3.2945 -1.90208 1.96 0.729294 0.135982
3.2945 -1.90208 1.96 0.729294 0.135982
3.19044 -2.0719 1.96 0.749692 0.141976
3.46771 -2.00208 2.56 0.726453 0.0543492
3.19044 -2.0719 1.96 0.749692 0.141976
3.35817 -2.18082 2.56 0.746944 0.0591714
3.46771 -2.00208 2.56 0.726453 0.0543492
0.567584 -0.0907981 -0 0.554543 0.998552
0.567584 -0.1 -0 0.557117 0.998289
0.567584 -0.181596 -0 0.580058 0.995196
0.567584 -0.1 -0 0.557117 0.998289
0.567584 -0.2 -0 0.585092 0.994337
0.567584 -0.181596 -0 0.580058 0.995196
0.567584 -0.181596 -0 0.580058 0.995196
0.567584 -0.2 -0 0.585092 0.994337
0.567584 -0.272394 -0 0.604939 0.990307
0.567584 -0.2 -0 0.585092 0.994337
0.567584 -0.3 -0 0.613459 0.98826
0.567584 -0.272394 -0 0.604939 0.990307
0.567584 -0.272394 -0 0.604939 0.990307
0.567584 -0.3 -0 0.613459 0.98826
0.712805 -0.363192 -0 0.625214 0.930533
0.567584 -0.3 -0 0.613459 0.98826
0.69282 -0.4 -0 0.635424 0.935657
0.712805 -0.363192 -0 0.625214 0.930533
0.712805 -0.363192 -0 0.625214 0.930533
0.69282 -0.4 -0 0.635424 0.935657
0.891007 -0.453991 -0 0.639731 0.863213
0.69282 -0.4 -0 0.635424 0.935657
0.866025 -0.5 -0 0.652038 0.868118
0.891007 -0.453991 -0 0.639731 0.863213
0.891007 -0.453991 -0 0.639731 0.863213
0.866025 -0.5 -0 0.652038 0.868118
1.06921 -0.544789 -0 0.652406 0.80117
0.866025 -0.5 -0 0.652038 0.868118
1.03923 -0.6 -0 0.665098 0.807598
1.06921 -0.544789 -0 0.652406 0.80117
1.06921 -0.544789 -0 0.652406 0.80117
1.03923 -0.6 -0 0.665098 0.807598
1.24741 -0.635587 -0 0.660489 0.746536
1.03923 -0.6 -0 0.665098 0.807598
1.21244 -0.7 -0 0.675115 0.751862
1.24741 -0.635587 -0 0.660489 0.746536
1.24741 -0.635587 -0 0.660489 0.746536
1.21244 -0.7 -0 0.675115 0.751862
1.42561 -0.726385 -0 0.668545 0.698481
1.21244 -0.7 -0 0.675115 0.751862
1.38564 -0.8 -0 0.683319 0.704917
1.42561 -0.726385 -0 0.668545 0.698481
1.42561 -0.726385 -0 0.668545 0.698481
1.38564 -0.8 -0 0.683319 0.704917
1.60381 -0.817183 -0 0.67268 0.655659
1.38564 -0.8 -0 0.683319 0.704917
1.55885 -0.9 -0 0.689043 0.662895
1.60381 -0.817183 -0 0.67268 0.655659
1.60381 -0.817183 -0 0.67268 0.655659
1.55885 -0.9 -0 0.689043 0.662895
1.78201 -0.907981 -0 0.677367 0.618765
1.55885 -0.9 -0 0.689043 0.662895
1.73205 -1 -0 0.692551 0.624525
1.78201 -0.907981 -0 0.677367 0.618765
1.78201 -0.907981 -0 0.677367 0.618765
1.73205 -1 -0 0.692551 0.624525
1.96021 -0.998779 -0 0.679986 0.586544
1.73205 -1 -0 0.692551 0.624525
1.90526 -1.1 -0 0.696614 0.59284
1.96021 -0.998779 -0 0.679986 0.586544
1.96021 -0.998779 -0 0.679986 0.586544
1.90526 -1.1 -0 0.696614 0.59284
2.32033 -1.18227 0.04 0.685486 0.526347
1.90526 -1.1 -0 0.696614 0.59284
2.25527 -1.30208 0.04 0.702108 0.533944
2.32033 -1.18227 0.04 0.685486 0.526347
2.32033 -1.18227 0.04 0.685486 0.526347
2.25527 -1.30208 0.04 0.702108 0.533944
2.49853 -1.27306 0.16 0.689783 0.48528
2.25527 -1.30208 0.04 0.702108 0.533944
2.42848 -1.40208 0.16 0.707607 0.491037
2.49853 -1.27306 0.16 0.689783 0.48528
2.49853 -1.27306 0.16 0.689783 0.48528
2.42848 -1.40208 0.16 0.707607 0.491037
2.67673 -1.36386 0.36 0.695784 0.431693
2.42848 -1.40208 0.16 0.707607 0.491037
2.60168 -1.50208 0.36 0.713246 0.438542
2.67673 -1.36386 0.36 0.695784 0.431693
2.67673 -1.36386 0.36 0.695784 0.431693
2.60168 -1.50208 0.36 0.713246 0.438542
2.85493 -1.45466 0.64 0.701108 0.367899
2.60168 -1.50208 0.36 0.713246 0.438542
2.77489 -1.60208 0.64 0.719197 0.37365
2.85493 -1.45466 0.64 0.701108 0.367899
2.85493 -1.45466 0.64 0.701108 0.367899
2.77489 -1.60208 0.64 0.719197 0.37365
3.03313 -1.54546 1 0.705671 0.293425
2.77489 -1.60208 0.64 0.719197 0.37365
2.94809 -1.70208 1 0.725307 0.301239
3.03313 -1.54546 1 0.705671 0.293425
3.03313 -1.54546 1 0.705671 0.293425
2.94809 -1.70208 1 0.725307 0.301239
3.21133 -1.63626 1.44 0.708026 0.213192
2.94809 -1.70208 1 0.725307 0.301239
3.1213 -1.80208 1.44 0.728147 0.219289
3.21133 -1.63626 1.44 0.708026 0.213192
3.21133 -1.63626 1.44 0.708026 0.213192
3.1213 -1.80208 1.44 0.728147 0.219289
3.38953 -1.72705 1.96 0.708558 0.129976
3.1213 -1.80208 1.44 0.728147 0.219289
3.2945 -1.90208 1.96 0.729294 0.135982
3.38953 -1.72705 1.96 0.708558 0.129976
3.38953 -1.72705 1.96 0.708558 0.129976
3.2945 -1.90208 1.96 0.729294 0.135982
3.56774 -1.81785 2.56 0.705397 0.0483786
3.2945 -1.90208 1.96 0.729294 0.135982
3.46771 -2.00208 2.56 0.726453 0.0543492
3.56774 -1.81785 2.56 0.705397 0.0483786
0.567584 -0.0813473 -0 0.551966 0.998799
0.567584 -0.0907981 -0 0.554543 0.998552
0.567584 -0.162695 -0 0.574998 0.995994
0.567584 -0.0907981 -0 0.554543 0.998552
0.567584 -0.181596 -0 0.580058 0.995196
0.567584 -0.162695 -0 0.574998 0.995994
0.567584 -0.162695 -0 0.574998 0.995994
0.567584 -0.181596 -0 0.580058 0.995196
0.567584 -0.244042 -0 0.597554 0.991926
0.567584 -0.181596 -0 0.580058 0.995196
0.567584 -0.272394 -0 0.604939 0.990307
0.567584 -0.244042 -0 0.597554 0.991926
0.567584 -0.244042 -0 0.597554 0.991926
0.567584 -0.272394 -0 0.604939 0.990307
0.730836 -0.325389 -0 0.614347 0.926351
0.567584 -0.272394 -0 0.604939 0.990307
0.712805 -0.363192 -0 0.625214 0.930533
0.730836 -0.325389 -0 0.614347 0.926351
0.730836 -0.325389 -0 0.614347 0.926351
0.712805 -0.363192 -0 0.625214 0.930533
0.913545 -0.406737 -0 0.628244 0.857429
0.712805 -0.363192 -0 0.625214 0.930533
0.891007 -0.453991 -0 0.639731 0.863213
0.913545 -0.406737 -0 0.628244 0.857429
0.913545 -0.406737 -0 0.628244 0.857429
0.891007 -0.453991 -0 0.639731 0.863213
1.09625 -0.488084 -0 0.638849 0.796236
0.891007 -0.453991 -0 0.639731 0.863213
1.06921 -0.544789 -0 0.652406 0.80117
1.09625 -0.488084 -0 0.638849 0.796236
1.09625 -0.488084 -0 0.638849 0.796236
1.06921 -0.544789 -0 0.652406 0.80117
1.27896 -0.569431 -0 0.646562 0.740356
1.06921 -0.544789 -0 0.652406 0.80117
1.24741 -0.635587 -0 0.660489 0.746536
1.27896 -0.569431 -0 0.646562 0.740356
1.27896 -0.569431 -0 0.646562 0.740356
1.24741 -0.635587 -0 0.660489 0.746536
1.46167 -0.650779 -0 0.652928 0.691481
1.24741 -0.635587 -0 0.660489 0.746536
1.42561 -0.726385 -0 0.668545 0.698481
1.46167 -0.650779 -0 0.652928 0.691481
1.46167 -0.650779 -0 0.652928 0.691481
1.42561 -0.726385 -0 0.668545 0.698481
1.64438 -0.732126 -0 0.656702 0.650244
1.42561 -0.726385 -0 0.668545 0.698481
1.60381 -0.817183 -0 0.67268 0.655659
1.64438 -0.732126 -0 0.656702 0.650244
1.64438 -0.732126 -0 0.656702 0.650244
1.60381 -0.817183 -0 0.67268 0.655659
1.82709 -0.813473 -0 0.66133 0.612597
1.60381 -0.817183 -0 0.67268 0.655659
1.78201 -0.907981 -0 0.677367 0.618765
1.82709 -0.813473 -0 0.66133 0.612597
1.82709 -0.813473 -0 0.66133 0.612597
1.78201 -0.907981 -0 0.677367 0.618765
2.0098 -0.894821 -0 0.663868 0.579713
1.78201 -0.907981 -0 0.677367 0.618765
1.96021 -0.998779 -0 0.679986 0.586544
2.0098 -0.894821 -0 0.663868 0.579713
2.0098 -0.894821 -0 0.663868 0.579713
1.96021 -0.998779 -0 0.679986 0.586544
2.37902 -1.05921 0.04 0.667829 0.52119
1.96021 -0.998779 -0 0.679986 0.586544
2.32033 -1.18227 0.04 0.685486 0.526347
2.37902 -1.05921 0.04 0.667829 0.52119
2.37902 -1.05921 0.04 0.667829 0.52119
2.32033 -1.18227 0.04 0.685486 0.526347
2.56173 -1.14056 0.16 0.672291 0.479349
2.32033 -1.18227 0.04 0.685486 0.526347
2.49853 -1.27306 0.16 0.689783 0.48528
2.56173 -1.14056 0.16 0.672291 0.479349
2.56173 -1.14056 0.16 0.672291 0.479349
2.49853 -1.27306 0.16 0.689783 0.48528
2.74444 -1.2219 0.36 0.675715 0.424574
2.49853 -1.27306 0.16 0.689783 0.48528
2.67673 -1.36386 0.36 0.695784 0.431693
2.74444 -1.2219 0.36 0.675715 0.424574
2.74444 -1.2219 0.36 0.675715 0.424574
2.67673 -1.36386 0.36 0.695784 0.431693
2.92715 -1.30325 0.64 0.68176 0.362182
2.67673 -1.36386 0.36 0.695784 0.431693
2.85493 -1.45466 0.64 0.701108 0.367899
2.92715 -1.30325 0.64 0.68176 0.362182
2.92715 -1.30325 0.64 0.68176 0.362182
2.85493 -1.45466 0.64 0.701108 0.367899
3.10986 -1.3846 1 0.684739 0.288079
2.85493 -1.45466 0.64 0.701108 0.367899
3.03313 -1.54546 1 0.705671 0.293425
3.10986 -1.3846 1 0.684739 0.288079
3.10986 -1.3846 1 0.684739 0.288079
3.03313 -1.54546 1 0.705671 0.293425
3.29257 -1.46595 1.44 0.687488 0.207929
3.03313 -1.54546 1 0.705671 0.293425
3.21133 -1.63626 1.44 0.708026 0.213192
3.29257 -1.46595 1.44 0.687488 0.207929
3.29257 -1.46595 1.44 0.687488 0.207929
3.21133 -1.63626 1.44 0.708026 0.213192
3.47528 -1.54729 1.96 0.68707 0.125062
3.21133 -1.63626 1.44 0.708026 0.213192
3.38953 -1.72705 1.96 0.708558 0.129976
3.47528 -1.54729 1.96 0.68707 0.125062
3.47528 -1.54729 1.96 0.68707 0.125062
3.38953 -1.72705 1.96 0.708558 0.129976
3.65798 -1.62864 2.56 0.684291 0.04412
3.38953 -1.72705 1.96 0.708558 0.129976
3.56774 -1.81785 2.56 0.705397 0.0483786
3.65798 -1.62864 2.56 0.684291 0.04412
0.567584 -0.0716736 -0 0.549385 0.999029
0.567584 -0.0813473 -0 0.551966 0.998799
0.567584 -0.143347 -0 0.569915 0.99673
0.567584 -0.0813473 -0 0.551966 0.998799
0.567584 -0.162695 -0 0.574998 0.995994
0.567584 -0.143347 -0 0.569915 0.99673
0.567584 -0.143347 -0 0.569915 0.99673
0.567584 -0.162695 -0 0.574998 0.995994
0.567584 -0.215021 -0 0.590099 0.993417
0.567584 -0.162695 -0 0.574998 0.995994
0.567584 -0.244042 -0 0.597554 0.991926
0.567584 -0.215021 -0 0.590099 0.993417
0.567584 -0.215021 -0 0.590099 0.993417
0.567584 -0.244042 -0 0.597554 0.991926
0.746864 -0.286694 -0 0.604245 0.922904
0.567584 -0.244042 -0 0.597554 0.991926
0.730836 -0.325389 -0 0.614347 0.926351
0.746864 -0.286694 -0 0.604245 0.922904
0.746864 -0.286694 -0 0.604245 0.922904
0.730836 -0.325389 -0 0.614347 0.926351
0.93358 -0.358368 -0 0.615882 0.85479
0.730836 -0.325389 -0 0.614347 0.926351
0.913545 -0.406737 -0 0.628244 0.857429
0.93358 -0.358368 -0 0.615882 0.85479
0.93358 -0.358368 -0 0.615882 0.85479
0.913545 -0.406737 -0 0.628244 0.857429
1.1203 -0.430042 -0 0.626183 0.790489
0.913545 -0.406737 -0 0.628244 0.857429
1.09625 -0.488084 -0 0.638849 0.796236
1.1203 -0.430042 -0 0.626183 0.790489
1.1203 -0.430042 -0 0.626183 0.790489
1.09625 -0.488084 -0 0.638849 0.796236
1.30701 -0.501715 -0 0.631802 0.736017
1.09625 -0.488084 -0 0.638849 0.796236
1.27896 -0.569431 -0 0.646562 0.740356
1.30701 -0.501715 -0 0.631802 0.736017
1.30701 -0.501715 -0 0.631802 0.736017
1.27896 -0.569431 -0 0.646562 0.740356
1.49373 -0.573389 -0 0.637918 0.686232
1.27896 -0.569431 -0 0.646562 0.740356
1.46167 -0.650779 -0 0.652928 0.691481
1.49373 -0.573389 -0 0.637918 0.686232
1.49373 -0.573389 -0 0.637918 0.686232
1.46167 -0.650779 -0 0.652928 0.691481
1.68044 -0.645062 -0 0.641491 0.644204
1.46167 -0.650779 -0 0.652928 0.691481
1.64438 -0.732126 -0 0.656702 0.650244
1.68044 -0.645062 -0 0.641491 0.644204
1.68044 -0.645062 -0 0.641491 0.644204
1.64438 -0.732126 -0 0.656702 0.650244
1.86716 -0.716736 -0 0.644453 0.606015
1.64438 -0.732126 -0 0.656702 0.650244
1.82709 -0.813473 -0 0.66133 0.612597
1.86716 -0.716736 -0 0.644453 0.606015
1.86716 -0.716736 -0 0.644453 0.606015
1.82709 -0.813473 -0 0.66133 0.612597
2.05388 -0.788409 -0 0.646844 0.575306
1.82709 -0.813473 -0 0.66133 0.612597
2.0098 -0.894821 -0 0.663868 0.579713
2.05388 -0.788409 -0 0.646844 0.575306
2.05388 -0.788409 -0 0.646844 0.575306
2.0098 -0.894821 -0 0.663868 0.579713
2.4312 -0.933249 0.04 0.650781 0.515786
2.0098 -0.894821 -0 0.663868 0.579713
2.37902 -1.05921 0.04 0.667829 0.52119
2.4312 -0.933249 0.04 0.650781 0.515786
2.4312 -0.933249 0.04 0.650781 0.515786
2.37902 -1.05921 0.04 0.667829 0.52119
2.61791 -1.00492 0.16 0.653819 0.473247
2.37902 -1.05921 0.04 0.667829 0.52119
2.56173 -1.14056 0.16 0.672291 0.479349
2.61791 -1.00492 0.16 0.653819 0.473247
2.61791 -1.00492 0.16 0.653819 0.473247
2.56173 -1.14056 0.16 0.672291 0.479349
2.80463 -1.0766 0.36 0.657533 0.42037
2.56173 -1.14056 0.16 0.672291 0.479349
2.74444 -1.2219 0.36 0.675715 0.424574
2.80463 -1.0766 0.36 0.657533 0.42037
2.80463 -1.0766 0.36 0.657533 0.42037
2.74444 -1.2219 0.36 0.675715 0.424574
2.99134 -1.14827 0.64 0.661165 0.356575
2.74444 -1.2219 0.36 0.675715 0.424574
2.92715 -1.30325 0.64 0.68176 0.362182
2.99134 -1.14827 0.64 0.661165 0.356575
2.99134 -1.14827 0.64 0.661165 0.356575
2.92715 -1.30325 0.64 0.68176 0.362182
3.17806 -1.21994 1 0.665179 0.283695
2.92715 -1.30325 0.64 0.68176 0.362182
3.10986 -1.3846 1 0.684739 0.288079
3.17806 -1.21994 1 0.665179 0.283695
3.17806 -1.21994 1 0.665179 0.283695
3.10986 -1.3846 1 0.684739 0.288079
3.36478 -1.29162 1.44 0.666782 0.203579
3.10986 -1.3846 1 0.684739 0.288079
3.29257 -1.46595 1.44 0.687488 0.207929
3.36478 -1.29162 1.44 0.666782 0.203579
3.36478 -1.29162 1.44 0.666782 0.203579
3.29257 -1.46595 1.44 0.687488 0.207929
3.55149 -1.36329 1.96 0.666015 0.120217
3.29257 -1.46595 1.44 0.687488 0.207929
3.47528 -1.54729 1.96 0.68707 0.125062
3.55149 -1.36329 1.96 0.666015 0.120217
3.55149 -1.36329 1.96 0.666015 0.120217
3.47528 -1.54729 1.96 0.68707 0.125062
3.73821 -1.43496 2.56 0.663228 0.0404976
3.47528 -1.54729 1.96 0.68707 0.125062
3.65798 -1.62864 2.56 0.684291 0.04412
3.73821 -1.43496 2.56 0.663228 0.0404976
0.567584 -0.0618034 -0 0.546801 0.999242
0.567584 -0.0716736 -0 0.549385 0.999029
0.567584 -0.123607 -0 0.563531 0.99756
0.567584 -0.0716736 -0 0.549385 0.999029
0.567584 -0.143347 -0 0.569915 0.99673
0.567584 -0.123607 -0 0.563531 0.99756
0.567584 -0.123607 -0 0.563531 0.99756
0.567584 -0.143347 -0 0.569915 0.99673
0.570634 -0.18541 -0 0.581451 0.993905
0.567584 -0.143347 -0 0.569915 0.99673
0.567584 -0.215021 -0 0.590099 0.993417
0.570634 -0.18541 -0 0.581451 0.993905
0.570634 -0.18541 -0 0.581451 0.993905
0.567584 -0.215021 -0 0.590099 0.993417
0.760845 -0.247214 -0 0.593818 0.919101
0.567584 -0.215021 -0 0.590099 0.993417
0.746864 -0.286694 -0 0.604245 0.922904
0.760845 -0.247214 -0 0.593818 0.919101
0.760845 -0.247214 -0 0.593818 0.919101
0.746864 -0.286694 -0 0.604245 0.922904
0.951057 -0.309017 -0 0.60476 0.849633
0.746864 -0.286694 -0 0.604245 0.922904
0.93358 -0.358368 -0 0.615882 0.85479
0.951057 -0.309017 -0 0.60476 0.849633
0.951057 -0.309017 -0 0.60476 0.849633
0.93358 -0.358368 -0 0.615882 0.85479
1.14127 -0.37082 -0 0.61128 0.786684
0.93358 -0.358368 -0 0.615882 0.85479
1.1203 -0.430042 -0 0.626183 0.790489
1.14127 -0.37082 -0 0.61128 0.786684
1.14127 -0.37082 -0 0.61128 0.786684
1.1203 -0.430042 -0 0.626183 0.790489
1.33148 -0.432624 -0 0.618031 0.730993
1.1203 -0.430042 -0 0.626183 0.790489
1.30701 -0.501715 -0 0.631802 0.736017
1.33148 -0.432624 -0 0.618031 0.730993
1.33148 -0.432624 -0 0.618031 0.730993
1.30701 -0.501715 -0 0.631802 0.736017
1.52169 -0.494427 -0 0.622138 0.683144
1.30701 -0.501715 -0 0.631802 0.736017
1.49373 -0.573389 -0 0.637918 0.686232
1.52169 -0.494427 -0 0.622138 0.683144
1.52169 -0.494427 -0 0.622138 0.683144
1.49373 -0.573389 -0 0.637918 0.686232
1.7119 -0.556231 -0 0.625517 0.640478
1.49373 -0.573389 -0 0.637918 0.686232
1.68044 -0.645062 -0 0.641491 0.644204
1.7119 -0.556231 -0 0.625517 0.640478
1.7119 -0.556231 -0 0.625517 0.640478
1.68044 -0.645062 -0 0.641491 0.644204
1.90211 -0.618034 -0 0.628355 0.601709
1.68044 -0.645062 -0 0.641491 0.644204
1.86716 -0.716736 -0 0.644453 0.606015
1.90211 -0.618034 -0 0.628355 0.601709
1.90211 -0.618034 -0 0.628355 0.601709
1.86716 -0.716736 -0 0.644453 0.606015
2.09232 -0.679837 -0 0.629028 0.570624
1.86716 -0.716736 -0 0.644453 0.606015
2.05388 -0.788409 -0 0.646844 0.575306
2.09232 -0.679837 -0 0.629028 0.570624
2.09232 -0.679837 -0 0.629028 0.570624
2.05388 -0.788409 -0 0.646844 0.575306
2.47671 -0.804731 0.04 0.632937 0.510191
2.05388 -0.788409 -0 0.646844 0.575306
2.4312 -0.933249 0.04 0.650781 0.515786
2.47671 -0.804731 0.04 0.632937 0.510191
2.47671 -0.804731 0.04 0.632937 0.510191
2.4312 -0.933249 0.04 0.650781 0.515786
2.66692 -0.866534 0.16 0.636086 0.469921
2.4312 -0.933249 0.04 0.650781 0.515786
2.61791 -1.00492 0.16 0.653819 0.473247
2.66692 -0.866534 0.16 0.636086 0.469921
2.66692 -0.866534 0.16 0.636086 0.469921
2.61791 -1.00492 0.16 0.653819 0.473247
2.85713 -0.928337 0.36 0.638433 0.416203
2.61791 -1.00492 0.16 0.653819 0.473247
2.80463 -1.0766 0.36 0.657533 0.42037
2.85713 -0.928337 0.36 0.638433 0.416203
2.85713 -0.928337 0.36 0.638433 0.416203
2.80463 -1.0766 0.36 0.657533 0.42037
3.04734 -0.990141 0.64 0.642541 0.351544
2.80463 -1.0766 0.36 0.657533 0.42037
2.99134 -1.14827 0.64 0.661165 0.356575
3.04734 -0.990141 0.64 0.642541 0.351544
3.04734 -0.990141 0.64 0.642541 0.351544
2.99134 -1.14827 0.64 0.661165 0.356575
3.23755 -1.05194 1 0.644492 0.279681
2.99134 -1.14827 0.64 0.661165 0.356575
3.17806 -1.21994 1 0.665179 0.283695
3.23755 -1.05194 1 0.644492 0.279681
3.23755 -1.05194 1 0.644492 0.279681
3.17806 -1.21994 1 0.665179 0.283695
3.42776 -1.11375 1.44 0.645967 0.198172
3.17806 -1.21994 1 0.665179 0.283695
3.36478 -1.29162 1.44 0.666782 0.203579
3.42776 -1.11375 1.44 0.645967 0.198172
3.42776 -1.11375 1.44 0.645967 0.198172
3.36478 -1.29162 1.44 0.666782 0.203579
3.61797 -1.17555 1.96 0.644861 0.116552
3.36478 -1.29162 1.44 0.666782 0.203579
3.55149 -1.36329 1.96 0.666015 0.120217
3.61797 -1.17555 1.96 0.644861 0.116552
3.61797 -1.17555 1.96 0.644861 0.116552
3.55149 -1.36329 1.96 0.666015 0.120217
3.80819 -1.23735 2.56 0.642665 0.0374671
3.55149 -1.36329 1.96 0.666015 0.120217
3.73821 -1.43496 2.56 0.663228 0.0404976
3.80819 -1.23735 2.56 0.642665 0.0374671
0.567584 -0.0517638 -0 0.542918 0.999531
0.567584 -0.0618034 -0 0.546801 0.999242
0.567584 -0.103528 -0 0.558402 0.998151
0.567584 -0.0618034 -0 0.546801 0.999242
0.567584 -0.123607 -0 0.563531 0.99756
0.567584 -0.103528 -0 0.558402 0.998151
0.567584 -0.103528 -0 0.558402 0.998151
0.567584 -0.123607 -0 0.563531 0.99756
0.579556 -0.155291 -0 0.572921 0.992022
0.567584 -0.123607 -0 0.563531 0.99756
0.570634 -0.18541 -0 0.581451 0.993905
0.579556 -0.155291 -0 0.572921 0.992022
0.579556 -0.155291 -0 0.572921 0.992022
0.570634 -0.18541 -0 0.581451 0.993905
0.772741 -0.207055 -0 0.5828 0.917956
0.570634 -0.18541 -0 0.581451 0.993905
0.760845 -0.247214 -0 0.593818 0.919101
0.772741 -0.207055 -0 0.5828 0.917956
0.772741 -0.207055 -0 0.5828 0.917956
0.760845 -0.247214 -0 0.593818 0.919101
0.965926 -0.258819 -0 0.591448 0.848077
0.760845 -0.247214 -0 0.593818 0.919101
0.951057 -0.309017 -0 0.60476 0.849633
0.965926 -0.258819 -0 0.591448 0.848077
0.965926 -0.258819 -0 0.591448 0.848077
0.951057 -0.309017 -0 0.60476 0.849633
1.15911 -0.310583 -0 0.597307 0.784383
0.951057 -0.309017 -0 0.60476 0.849633
1.14127 -0.37082 -0 0.61128 0.786684
1.15911 -0.310583 -0 0.597307 0.784383
1.15911 -0.310583 -0 0.597307 0.784383
1.14127 -0.37082 -0 0.61128 0.786684
1.3523 -0.362347 -0 0.601997 0.728207
1.14127 -0.37082 -0 0.61128 0.786684
1.33148 -0.432624 -0 0.618031 0.730993
1.3523 -0.362347 -0 0.601997 0.728207
1.3523 -0.362347 -0 0.601997 0.728207
1.33148 -0.432624 -0 0.618031 0.730993
1.54548 -0.41411 -0 0.605778 0.679696
1.33148 -0.432624 -0 0.618031 0.730993
1.52169 -0.494427 -0 0.622138 0.683144
1.54548 -0.41411 -0 0.605778 0.679696
1.54548 -0.41411 -0 0.605778 0.679696
1.52169 -0.494427 -0 0.622138 0.683144
1.73867 -0.465874 -0 0.608942 0.636432
1.52169 -0.494427 -0 0.622138 0.683144
1.7119 -0.556231 -0 0.625517 0.640478
1.73867 -0.465874 -0 0.608942 0.636432
1.73867 -0.465874 -0 0.608942 0.636432
1.7119 -0.556231 -0 0.625517 0.640478
1.93185 -0.517638 -0 0.611583 0.599964
1.7119 -0.556231 -0 0.625517 0.640478
1.90211 -0.618034 -0 0.628355 0.601709
1.93185 -0.517638 -0 0.611583 0.599964
1.93185 -0.517638 -0 0.611583 0.599964
1.90211 -0.618034 -0 0.628355 0.601709
2.12504 -0.569402 -0 0.612155 0.568495
1.90211 -0.618034 -0 0.628355 0.601709
2.09232 -0.679837 -0 0.629028 0.570624
2.12504 -0.569402 -0 0.612155 0.568495
2.12504 -0.569402 -0 0.612155 0.568495
2.09232 -0.679837 -0 0.629028 0.570624
2.51543 -0.674007 0.04 0.614352 0.50735
2.09232 -0.679837 -0 0.629028 0.570624
2.47671 -0.804731 0.04 0.632937 0.510191
2.51543 -0.674007 0.04 0.614352 0.50735
2.51543 -0.674007 0.04 0.614352 0.50735
2.47671 -0.804731 0.04 0.632937 0.510191
2.70861 -0.725771 0.16 0.617594 0.463671
2.47671 -0.804731 0.04 0.632937 0.510191
2.66692 -0.866534 0.16 0.636086 0.469921
2.70861 -0.725771 0.16 0.617594 0.463671
2.70861 -0.725771 0.16 0.617594 0.463671
2.66692 -0.866534 0.16 0.636086 0.469921
2.9018 -0.777535 0.36 0.620167 0.41222
2.66692 -0.866534 0.16 0.636086 0.469921
2.85713 -0.928337 0.36 0.638433 0.416203
2.9018 -0.777535 0.36 0.620167 0.41222
2.9018 -0.777535 0.36 0.620167 0.41222
2.85713 -0.928337 0.36 0.638433 0.416203
3.09498 -0.829298 0.64 0.621455 0.346536
2.85713 -0.928337 0.36 0.638433 0.416203
3.04734 -0.990141 0.64 0.642541 0.351544
3.09498 -0.829298 0.64 0.621455 0.346536
3.09498 -0.829298 0.64 0.621455 0.346536
3.04734 -0.990141 0.64 0.642541 0.351544
3.28817 -0.881062 1 0.624185 0.273972
3.04734 -0.990141 0.64 0.642541 0.351544
3.23755 -1.05194 1 0.644492 0.279681
3.28817 -0.881062 1 0.624185 0.273972
3.28817 -0.881062 1 0.624185 0.273972
3.23755 -1.05194 1 0.644492 0.279681
3.48135 -0.932826 1.44 0.624283 0.195423
3.23755 -1.05194 1 0.644492 0.279681
3.42776 -1.11375 1.44 0.645967 0.198172
3.48135 -0.932826 1.44 0.624283 0.195423
3.48135 -0.932826 1.44 0.624283 0.195423
3.42776 -1.11375 1.44 0.645967 0.198172
3.67454 -0.98459 1.96 0.623863 0.114094
3.42776 -1.11375 1.44 0.645967 0.198172
3.61797 -1.17555 1.96 0.644861 0.116552
3.67454 -0.98459 1.96 0.623863 0.114094
3.67454 -0.98459 1.96 0.623863 0.114094
3.61797 -1.17555 1.96 0.644861 0.116552
3.86772 -1.03635 2.56 0.621851 0.0345842
3.61797 -1.17555 1.96 0.644861 0.116552
3.80819 -1.23735 2.56 0.642665 0.0374671
3.86772 -1.03635 2.56 0.621851 0.0345842
0.567584 -0.0415823 -0 0.540326 0.999702
0.567584 -0.0517638 -0 0.542918 0.999531
0.567584 -0.0831647 -0 0.551966 0.998799
0.567584 -0.0517638 -0 0.542918 0.999531
0.567584 -0.103528 -0 0.558402 0.998151
0.567584 -0.0831647 -0 0.551966 0.998799
0.567584 -0.0831647 -0 0.551966 0.998799
0.567584 -0.103528 -0 0.558402 0.998151
0.586889 -0.124747 -0 0.564218 0.989909
0.567584 -0.103528 -0 0.558402 0.998151
0.579556 -0.155291 -0 0.572921 0.992022
0.586889 -0.124747 -0 0.564218 0.989909
0.586889 -0.124747 -0 0.564218 0.989909
0.579556 -0.155291 -0 0.572921 0.992022
0.782518 -0.166329 -0 0.571668 0.914983
0.579556 -0.155291 -0 0.572921 0.992022
0.772741 -0.207055 -0 0.5828 0.917956
0.782518 -0.166329 -0 0.571668 0.914983
0.782518 -0.166329 -0 0.571668 0.914983
0.772741 -0.207055 -0 0.5828 0.917956
0.978148 -0.207912 -0 0.579476 0.84403
0.772741 -0.207055 -0 0.5828 0.917956
0.965926 -0.258819 -0 0.591448 0.848077
0.978148 -0.207912 -0 0.579476 0.84403
0.978148 -0.207912 -0 0.579476 0.84403
0.965926 -0.258819 -0 0.591448 0.848077
1.17378 -0.249494 -0 0.584589 0.781524
0.965926 -0.258819 -0 0.591448 0.848077
1.15911 -0.310583 -0 0.597307 0.784383
1.17378 -0.249494 -0 0.584589 0.781524
1.17378 -0.249494 -0 0.584589 0.781524
1.15911 -0.310583 -0 0.597307 0.784383
1.36941 -0.291076 -0 0.587156 0.724845
1.15911 -0.310583 -0 0.597307 0.784383
1.3523 -0.362347 -0 0.601997 0.728207
1.36941 -0.291076 -0 0.587156 0.724845
1.36941 -0.291076 -0 0.587156 0.724845
1.3523 -0.362347 -0 0.601997 0.728207
1.56504 -0.332659 -0 0.590616 0.67574
1.3523 -0.362347 -0 0.601997 0.728207
1.54548 -0.41411 -0 0.605778 0.679696
1.56504 -0.332659 -0 0.590616 0.67574
1.56504 -0.332659 -0 0.590616 0.67574
1.54548 -0.41411 -0 0.605778 0.679696
1.76067 -0.374241 -0 0.591819 0.632062
1.54548 -0.41411 -0 0.605778 0.679696
1.73867 -0.465874 -0 0.608942 0.636432
1.76067 -0.374241 -0 0.591819 0.632062
1.76067 -0.374241 -0 0.591819 0.632062
1.73867 -0.465874 -0 0.608942 0.636432
1.9563 -0.415823 -0 0.594324 0.595146
1.73867 -0.465874 -0 0.608942 0.636432
1.93185 -0.517638 -0 0.611583 0.599964
1.9563 -0.415823 -0 0.594324 0.595146
1.9563 -0.415823 -0 0.594324 0.595146
1.93185 -0.517638 -0 0.611583 0.599964
2.15192 -0.457406 -0 0.594775 0.56329
1.93185 -0.517638 -0 0.611583 0.599964
2.12504 -0.569402 -0 0.612155 0.568495
2.15192 -0.457406 -0 0.594775 0.56329
2.15192 -0.457406 -0 0.594775 0.56329
2.12504 -0.569402 -0 0.612155 0.568495
2.54726 -0.541436 0.04 0.596882 0.504435
2.12504 -0.569402 -0 0.612155 0.568495
2.51543 -0.674007 0.04 0.614352 0.50735
2.54726 -0.541436 0.04 0.596882 0.504435
2.54726 -0.541436 0.04 0.596882 0.504435
2.51543 -0.674007 0.04 0.614352 0.50735
2.74289 -0.583018 0.16 0.598493 0.463225
2.51543 -0.674007 0.04 0.614352 0.50735
2.70861 -0.725771 0.16 0.617594 0.463671
2.74289 -0.583018 0.16 0.598493 0.463225
2.74289 -0.583018 0.16 0.598493 0.463225
2.70861 -0.725771 0.16 0.617594 0.463671
2.93851 -0.624601 0.36 0.599511 0.40825
2.70861 -0.725771 0.16 0.617594 0.463671
2.9018 -0.777535 0.36 0.620167 0.41222
2.93851 -0.624601 0.36 0.599511 0.40825
2.93851 -0.624601 0.36 0.599511 0.40825
2.9018 -0.777535 0.36 0.620167 0.41222
3.13414 -0.666183 0.64 0.601315 0.344664
2.9018 -0.777535 0.36 0.620167 0.41222
3.09498 -0.829298 0.64 0.621455 0.346536
3.13414 -0.666183 0.64 0.601315 0.344664
3.13414 -0.666183 0.64 0.601315 0.344664
3.09498 -0.829298 0.64 0.621455 0.346536
3.32977 -0.707765 1 0.603228 0.271121
3.09498 -0.829298 0.64 0.621455 0.346536
3.28817 -0.881062 1 0.624185 0.273972
3.32977 -0.707765 1 0.603228 0.271121
3.32977 -0.707765 1 0.603228 0.271121
3.28817 -0.881062 1 0.624185 0.273972
3.5254 -0.749348 1.44 0.603141 0.193702
3.28817 -0.881062 1 0.624185 0.273972
3.48135 -0.932826 1.44 0.624283 0.195423
3.5254 -0.749348 1.44 0.603141 0.193702
3.5254 -0.749348 1.44 0.603141 0.193702
3.48135 -0.932826 1.44 0.624283 0.195423
3.72103 -0.79093 1.96 0.60328 0.112823
3.48135 -0.932826 1.44 0.624283 0.195423
3.67454 -0.98459 1.96 0.623863 0.114094
3.72103 -0.79093 1.96 0.60328 0.112823
3.72103 -0.79093 1.96 0.60328 0.112823
3.67454 -0.98459 1.96 0.623863 0.114094
3.91666 -0.832512 2.56 0.600006 0.0327323
3.67454 -0.98459 1.96 0.623863 0.114094
3.86772 -1.03635 2.56 0.621851 0.0345842
3.91666 -0.832512 2.56 0.600006 0.0327323
0.567584 -0.0312869 -0 0.537732 0.999857
0.567584 -0.0415823 -0 0.540326 0.999702
0.567584 -0.0625738 -0 0.546801 0.999242
0.567584 -0.0415823 -0 0.540326 0.999702
0.567584 -0.0831647 -0 0.551966 0.998799
0.567584 -0.0625738 -0 0.546801 0.999242
0.567584 -0.0625738 -0 0.546801 0.999242
0.567584 -0.0831647 -0 0.551966 0.998799
0.592613 -0.0938607 -0 0.555267 0.988683
0.567584 -0.0831647 -0 0.551966 0.998799
0.586889 -0.124747 -0 0.564218 0.989909
0.592613 -0.0938607 -0 0.555267 0.988683
0.592613 -0.0938607 -0 0.555267 0.988683
0.586889 -0.124747 -0 0.564218 0.989909
0.790151 -0.125148 -0 0.56166 0.91306
0.586889 -0.124747 -0 0.564218 0.989909
0.782518 -0.166329 -0 0.571668 0.914983
0.790151 -0.125148 -0 0.56166 0.91306
0.790151 -0.125148 -0 0.56166 0.91306
0.782518 -0.166329 -0 0.571668 0.914983
0.987688 -0.156434 -0 0.565429 0.843639
0.782518 -0.166329 -0 0.571668 0.914983
0.978148 -0.207912 -0 0.579476 0.84403
0.987688 -0.156434 -0 0.565429 0.843639
0.987688 -0.156434 -0 0.565429 0.843639
0.978148 -0.207912 -0 0.579476 0.84403
1.18523 -0.187721 -0 0.56992 0.778491
0.978148 -0.207912 -0 0.579476 0.84403
1.17378 -0.249494 -0 0.584589 0.781524
1.18523 -0.187721 -0 0.56992 0.778491
1.18523 -0.187721 -0 0.56992 0.778491
1.17378 -0.249494 -0 0.584589 0.781524
1.38276 -0.219008 -0 0.571864 0.723631
1.17378 -0.249494 -0 0.584589 0.781524
1.36941 -0.291076 -0 0.587156 0.724845
1.38276 -0.219008 -0 0.571864 0.723631
1.38276 -0.219008 -0 0.571864 0.723631
1.36941 -0.291076 -0 0.587156 0.724845
1.5803 -0.250295 -0 0.574997 0.674153
1.36941 -0.291076 -0 0.587156 0.724845
1.56504 -0.332659 -0 0.590616 0.67574
1.5803 -0.250295 -0 0.574997 0.674153
1.5803 -0.250295 -0 0.574997 0.674153
1.56504 -0.332659 -0 0.590616 0.67574
1.77784 -0.281582 -0 0.575952 0.630107
1.56504 -0.332659 -0 0.590616 0.67574
1.76067 -0.374241 -0 0.591819 0.632062
1.77784 -0.281582 -0 0.575952 0.630107
1.77784 -0.281582 -0 0.575952 0.630107
1.76067 -0.374241 -0 0.591819 0.632062
1.97538 -0.312869 -0 0.576537 0.592959
1.76067 -0.374241 -0 0.591819 0.632062
1.9563 -0.415823 -0 0.594324 0.595146
1.97538 -0.312869 -0 0.576537 0.592959
1.97538 -0.312869 -0 0.576537 0.592959
1.9563 -0.415823 -0 0.594324 0.595146
2.17291 -0.344156 -0 0.576882 0.560816
1.9563 -0.415823 -0 0.594324 0.595146
2.15192 -0.457406 -0 0.594775 0.56329
2.17291 -0.344156 -0 0.576882 0.560816
2.17291 -0.344156 -0 0.576882 0.560816
2.15192 -0.457406 -0 0.594775 0.56329
2.5721 -0.407381 0.04 0.57894 0.501467
2.15192 -0.457406 -0 0.594775 0.56329
2.54726 -0.541436 0.04 0.596882 0.504435
2.5721 -0.407381 0.04 0.57894 0.501467
2.5721 -0.407381 0.04 0.57894 0.501467
2.54726 -0.541436 0.04 0.596882 0.504435
2.76964 -0.438668 0.16 0.578798 0.459906
2.54726 -0.541436 0.04 0.596882 0.504435
2.74289 -0.583018 0.16 0.598493 0.463225
2.76964 -0.438668 0.16 0.578798 0.459906
2.76964 -0.438668 0.16 0.578798 0.459906
2.74289 -0.583018 0.16 0.598493 0.463225
2.96718 -0.469955 0.36 0.580042 0.407398
2.74289 -0.583018 0.16 0.598493 0.463225
2.93851 -0.624601 0.36 0.599511 0.40825
2.96718 -0.469955 0.36 0.580042 0.407398
2.96718 -0.469955 0.36 0.580042 0.407398
2.93851 -0.624601 0.36 0.599511 0.40825
3.16471 -0.501242 0.64 0.582281 0.343262
2.93851 -0.624601 0.36 0.599511 0.40825
3.13414 -0.666183 0.64 0.601315 0.344664
3.16471 -0.501242 0.64 0.582281 0.343262
3.16471 -0.501242 0.64 0.582281 0.343262
3.13414 -0.666183 0.64 0.601315 0.344664
3.36225 -0.532528 1 0.581664 0.27126
3.13414 -0.666183 0.64 0.601315 0.344664
3.32977 -0.707765 1 0.603228 0.271121
3.36225 -0.532528 1 0.581664 0.27126
3.36225 -0.532528 1 0.581664 0.27126
3.32977 -0.707765 1 0.603228 0.271121
3.55979 -0.563815 1.44 0.582704 0.190887
3.32977 -0.707765 1 0.603228 0.271121
3.5254 -0.749348 1.44 0.603141 0.193702
3.55979 -0.563815 1.44 0.582704 0.190887
3.55979 -0.563815 1.44 0.582704 0.190887
3.5254 -0.749348 1.44 0.603141 0.193702
3.75733 -0.595102 1.96 0.581759 0.110843
3.5254 -0.749348 1.44 0.603141 0.193702
3.72103 -0.79093 1.96 0.60328 0.112823
3.75733 -0.595102 1.96 0.581759 0.110843
3.75733 -0.595102 1.96 0.581759 0.110843
3.72103 -0.79093 1.96 0.60328 0.112823
3.95487 -0.626389 2.56 0.578533 0.0322635
3.72103 -0.79093 1.96 0.60328 0.112823
3.91666 -0.832512 2.56 0.600006 0.0327323
3.95487 -0.626389 2.56 0.578533 0.0322635
0.567584 -0.0209057 -0 0.535135 0.999995
0.567584 -0.0312869 -0 0.537732 0.999857
0.567584 -0.0418114 -0 0.540326 0.999702
0.567584 -0.0312869 -0 0.537732 0.999857
0.567584 -0.0625738 -0 0.546801 0.999242
0.567584 -0.0418114 -0 0.540326 0.999702
0.567584 -0.0418114 -0 0.540326 0.999702
0.567584 -0.0625738 -0 0.546801 0.999242
0.596713 -0.0627171 -0 0.546191 0.987236
0.567584 -0.0625738 -0 0.546801 0.999242
0.592613 -0.0938607 -0 0.555267 0.988683
0.596713 -0.0627171 -0 0.546191 0.987236
0.596713 -0.0627171 -0 0.546191 0.987236
0.592613 -0.0938607 -0 0.555267 0.988683
0.795618 -0.0836228 -0 0.549937 0.912555
0.592613 -0.0938607 -0 0.555267 0.988683
0.790151 -0.125148 -0 0.56166 0.91306
0.795618 -0.0836228 -0 0.549937 0.912555
0.795618 -0.0836228 -0 0.549937 0.912555
0.790151 -0.125148 -0 0.56166 0.91306
0.994522 -0.104528 -0 0.552764 0.842753
0.790151 -0.125148 -0 0.56166 0.91306
0.987688 -0.156434 -0 0.565429 0.843639
0.994522 -0.104528 -0 0.552764 0.842753
0.994522 -0.104528 -0 0.552764 0.842753
0.987688 -0.156434 -0 0.565429 0.843639
1.19343 -0.125434 -0 0.554879 0.777336
0.987688 -0.156434 -0 0.565429 0.843639
1.18523 -0.187721 -0 0.56992 0.778491
1.19343 -0.125434 -0 0.554879 0.777336
1.19343 -0.125434 -0 0.554879 0.777336
1.18523 -0.187721 -0 0.56992 0.778491
1.39233 -0.14634 -0 0.556292 0.722094
1.18523 -0.187721 -0 0.56992 0.778491
1.38276 -0.219008 -0 0.571864 0.723631
1.39233 -0.14634 -0 0.556292 0.722094
1.39233 -0.14634 -0 0.556292 0.722094
1.38276 -0.219008 -0 0.571864 0.723631
1.59124 -0.167246 -0 0.559077 0.672294
1.38276 -0.219008 -0 0.571864 0.723631
1.5803 -0.250295 -0 0.574997 0.674153
1.59124 -0.167246 -0 0.559077 0.672294
1.59124 -0.167246 -0 0.559077 0.672294
1.5803 -0.250295 -0 0.574997 0.674153
1.79014 -0.188151 -0 0.559738 0.630762
1.5803 -0.250295 -0 0.574997 0.674153
1.77784 -0.281582 -0 0.575952 0.630107
1.79014 -0.188151 -0 0.559738 0.630762
1.79014 -0.188151 -0 0.559738 0.630762
1.77784 -0.281582 -0 0.575952 0.630107
1.98904 -0.209057 -0 0.560174 0.593436
1.77784 -0.281582 -0 0.575952 0.630107
1.97538 -0.312869 -0 0.576537 0.592959
1.98904 -0.209057 -0 0.560174 0.593436
1.98904 -0.209057 -0 0.560174 0.593436
1.97538 -0.312869 -0 0.576537 0.592959
2.18795 -0.229963 -0 0.560432 0.561128
1.97538 -0.312869 -0 0.576537 0.592959
2.17291 -0.344156 -0 0.576882 0.560816
2.18795 -0.229963 -0 0.560432 0.561128
2.18795 -0.229963 -0 0.560432 0.561128
2.17291 -0.344156 -0 0.576882 0.560816
2.5899 -0.272209 0.04 0.560613 0.501456
2.17291 -0.344156 -0 0.576882 0.560816
2.5721 -0.407381 0.04 0.57894 0.501467
2.5899 -0.272209 0.04 0.560613 0.501456
2.5899 -0.272209 0.04 0.560613 0.501456
2.5721 -0.407381 0.04 0.57894 0.501467
2.7888 -0.293115 0.16 0.560512 0.459641
2.5721 -0.407381 0.04 0.57894 0.501467
2.76964 -0.438668 0.16 0.578798 0.459906
2.7888 -0.293115 0.16 0.560512 0.459641
2.7888 -0.293115 0.16 0.560512 0.459641
2.76964 -0.438668 0.16 0.578798 0.459906
2.98771 -0.314021 0.36 0.561912 0.403919
2.76964 -0.438668 0.16 0.578798 0.459906
2.96718 -0.469955 0.36 0.580042 0.407398
2.98771 -0.314021 0.36 0.561912 0.403919
2.98771 -0.314021 0.36 0.561912 0.403919
2.96718 -0.469955 0.36 0.580042 0.407398
3.18661 -0.334926 0.64 0.561016 0.342115
2.96718 -0.469955 0.36 0.580042 0.407398
3.16471 -0.501242 0.64 0.582281 0.343262
3.18661 -0.334926 0.64 0.561016 0.342115
3.18661 -0.334926 0.64 0.561016 0.342115
3.16471 -0.501242 0.64 0.582281 0.343262
3.38551 -0.355832 1 0.561145 0.269705
3.16471 -0.501242 0.64 0.582281 0.343262
3.36225 -0.532528 1 0.581664 0.27126
3.38551 -0.355832 1 0.561145 0.269705
3.38551 -0.355832 1 0.561145 0.269705
3.36225 -0.532528 1 0.581664 0.27126
3.58442 -0.376738 1.44 0.560234 0.190723
3.36225 -0.532528 1 0.581664 0.27126
3.55979 -0.563815 1.44 0.582704 0.190887
3.58442 -0.376738 1.44 0.560234 0.190723
3.58442 -0.376738 1.44 0.560234 0.190723
3.55979 -0.563815 1.44 0.582704 0.190887
3.78332 -0.397643 1.96 0.559636 0.10985
3.55979 -0.563815 1.44 0.582704 0.190887
3.75733 -0.595102 1.96 0.581759 0.110843
3.78332 -0.397643 1.96 0.559636 0.10985
3.78332 -0.397643 1.96 0.559636 0.10985
3.75733 -0.595102 1.96 0.581759 0.110843
3.98223 -0.418549 2.56 0.55749 0.0307283
3.75733 -0.595102 1.96 0.581759 0.110843
3.95487 -0.626389 2.56 0.578533 0.0322635
3.98223 -0.418549 2.56 0.55749 0.0307283
0.567584 -0.0104672 -0 0.531236 1.00017
0.567584 -0.0209057 -0 0.535135 0.999995
0.567584 -0.0209344 -0 0.535135 0.999995
0.567584 -0.0209057 -0 0.535135 0.999995
0.567584 -0.0418114 -0 0.540326 0.999702
0.567584 -0.0209344 -0 0.535135 0.999995
0.567584 -0.0209344 -0 0.535135 0.999995
0.567584 -0.0418114 -0 0.540326 0.999702
0.599178 -0.0314016 -0 0.536912 0.987838
0.567584 -0.0418114 -0 0.540326 0.999702
0.596713 -0.0627171 -0 0.546191 0.987236
0.599178 -0.0314016 -0 0.536912 0.987838
0.599178 -0.0314016 -0 0.536912 0.987838
0.596713 -0.0627171 -0 0.546191 0.987236
0.798904 -0.0418688 -0 0.539583 0.911664
0.596713 -0.0627171 -0 0.546191 0.987236
0.795618 -0.0836228 -0 0.549937 0.912555
0.798904 -0.0418688 -0 0.539583 0.911664
0.798904 -0.0418688 -0 0.539583 0.911664
0.795618 -0.0836228 -0 0.549937 0.912555
0.99863 -0.052336 -0 0.53995 0.841551
0.795618 -0.0836228 -0 0.549937 0.912555
0.994522 -0.104528 -0 0.552764 0.842753
0.99863 -0.052336 -0 0.53995 0.841551
0.99863 -0.052336 -0 0.53995 0.841551
0.994522 -0.104528 -0 0.552764 0.842753
1.19836 -0.0628031 -0 0.541298 0.778031
0.994522 -0.104528 -0 0.552764 0.842753
1.19343 -0.125434 -0 0.554879 0.777336
1.19836 -0.0628031 -0 0.541298 0.778031
1.19836 -0.0628031 -0 0.541298 0.778031
1.19343 -0.125434 -0 0.554879 0.777336
1.39808 -0.0732703 -0 0.542269 0.72017
1.19343 -0.125434 -0 0.554879 0.777336
1.39233 -0.14634 -0 0.556292 0.722094
1.39808 -0.0732703 -0 0.542269 0.72017
1.39808 -0.0732703 -0 0.542269 0.72017
1.39233 -0.14634 -0 0.556292 0.722094
1.59781 -0.0837375 -0 0.54289 0.672874
1.39233 -0.14634 -0 0.556292 0.722094
1.59124 -0.167246 -0 0.559077 0.672294
1.59781 -0.0837375 -0 0.54289 0.672874
1.59781 -0.0837375 -0 0.54289 0.672874
1.59124 -0.167246 -0 0.559077 0.672294
1.79753 -0.0942047 -0 0.541499 0.628417
1.59124 -0.167246 -0 0.559077 0.672294
1.79014 -0.188151 -0 0.559738 0.630762
1.79753 -0.0942047 -0 0.541499 0.628417
1.79753 -0.0942047 -0 0.541499 0.628417
1.79014 -0.188151 -0 0.559738 0.630762
1.99726 -0.104672 -0 0.541754 0.590874
1.79014 -0.188151 -0 0.559738 0.630762
1.98904 -0.209057 -0 0.560174 0.593436
1.99726 -0.104672 -0 0.541754 0.590874
1.99726 -0.104672 -0 0.541754 0.590874
1.98904 -0.209057 -0 0.560174 0.593436
2.19699 -0.115139 -0 0.541892 0.561365
1.98904 -0.209057 -0 0.560174 0.593436
2.18795 -0.229963 -0 0.560432 0.561128
2.19699 -0.115139 -0 0.541892 0.561365
2.19699 -0.115139 -0 0.541892 0.561365
2.18795 -0.229963 -0 0.560432 0.561128
2.60059 -0.136291 0.04 0.542003 0.501452
2.18795 -0.229963 -0 0.560432 0.561128
2.5899 -0.272209 0.04 0.560613 0.501456
2.60059 -0.136291 0.04 0.542003 0.501452
2.60059 -0.136291 0.04 0.542003 0.501452
2.5899 -0.272209 0.04 0.560613 0.501456
2.80032 -0.146759 0.16 0.541946 0.459467
2.5899 -0.272209 0.04 0.560613 0.501456
2.7888 -0.293115 0.16 0.560512 0.459641
2.80032 -0.146759 0.16 0.541946 0.459467
2.80032 -0.146759 0.16 0.541946 0.459467
2.7888 -0.293115 0.16 0.560512 0.459641
3.00005 -0.157226 0.36 0.541697 0.403479
2.7888 -0.293115 0.16 0.560512 0.459641
2.98771 -0.314021 0.36 0.561912 0.403919
3.00005 -0.157226 0.36 0.541697 0.403479
3.00005 -0.157226 0.36 0.541697 0.403479
2.98771 -0.314021 0.36 0.561912 0.403919
3.19977 -0.167693 0.64 0.541191 0.341442
2.98771 -0.314021 0.36 0.561912 0.403919
3.18661 -0.334926 0.64 0.561016 0.342115
3.19977 -0.167693 0.64 0.541191 0.341442
3.19977 -0.167693 0.64 0.541191 0.341442
3.18661 -0.334926 0.64 0.561016 0.342115
3.3995 -0.17816 1 0.540287 0.268717
3.18661 -0.334926 0.64 0.561016 0.342115
3.38551 -0.355832 1 0.561145 0.269705
3.3995 -0.17816 1 0.540287 0.268717
3.3995 -0.17816 1 0.540287 0.268717
3.38551 -0.355832 1 0.561145 0.269705
3.59922 -0.188627 1.44 0.538905 0.189457
3.38551 -0.355832 1 0.561145 0.269705
3.58442 -0.376738 1.44 0.560234 0.190723
3.59922 -0.188627 1.44 0.538905 0.189457
3.59922 -0.188627 1.44 0.538905 0.189457
3.58442 -0.376738 1.44 0.560234 0.190723
3.79895 -0.199095 1.96 0.538584 0.109987
3.58442 -0.376738 1.44 0.560234 0.190723
3.78332 -0.397643 1.96 0.559636 0.10985
3.79895 -0.199095 1.96 0.538584 0.109987
3.79895 -0.199095 1.96 0.538584 0.109987
3.78332 -0.397643 1.96 0.559636 0.10985
3.99868 -0.209562 2.56 0.536108 0.0314723
3.78332 -0.397643 1.96 0.559636 0.10985
3.98223 -0.418549 2.56 0.55749 0.0307283
3.99868 -0.209562 2.56 0.536108 0.0314723
0.567584 -1.22465e-17 -0 0.528635 1.00026
0.567584 -0.0104672 -0 0.531236 1.00017
0.567584 -2.44929e-17 -0 0.528635 1.00026
0.567584 -0.0104672 -0 0.531236 1.00017
0.567584 -0.0209344 -0 0.535135 0.999995
0.567584 -2.44929e-17 -0 0.528635 1.00026
0.567584 -2.44929e-17 -0 0.528635 1.00026
0.567584 -0.0209344 -0 0.535135 0.999995
0.6 -3.67394e-17 -0 0.528963 0.987049
0.567584 -0.0209344 -0 0.535135 0.999995
0.599178 -0.0314016 -0 0.536912 0.987838
0.6 -3.67394e-17 -0 0.528963 0.987049
0.6 -3.67394e-17 -0 0.528963 0.987049
0.599178 -0.0314016 -0 0.536912 0.987838
0.8 -4.89859e-17 -0 0.527619 0.912139
0.599178 -0.0314016 -0 0.536912 0.987838
0.798904 -0.0418688 -0 0.539583 0.911664
0.8 -4.89859e-17 -0 0.527619 0.912139
0.8 -4.89859e-17 -0 0.527619 0.912139
0.798904 -0.0418688 -0 0.539583 0.911664
1 -6.12323e-17 -0 0.526999 0.841989
0.798904 -0.0418688 -0 0.539583 0.911664
0.99863 -0.052336 -0 0.53995 0.841551
1 -6.12323e-17 -0 0.526999 0.841989
1 -6.12323e-17 -0 0.526999 0.841989
0.99863 -0.052336 -0 0.53995 0.841551
1.2 -7.34788e-17 -0 0.527636 0.778438
0.99863 -0.052336 -0 0.53995 0.841551
1.19836 -0.0628031 -0 0.541298 0.778031
1.2 -7.34788e-17 -0 0.527636 0.778438
1.2 -7.34788e-17 -0 0.527636 0.778438
1.19836 -0.0628031 -0 0.541298 0.778031
1.4 -8.57253e-17 -0 0.526321 0.720551
1.19836 -0.0628031 -0 0.541298 0.778031
1.39808 -0.0732703 -0 0.542269 0.72017
1.4 -8.57253e-17 -0 0.526321 0.720551
1.4 -8.57253e-17 -0 0.526321 0.720551
1.39808 -0.0732703 -0 0.542269 0.72017
1.6 -9.79717e-17 -0 0.526575 0.673193
1.39808 -0.0732703 -0 0.542269 0.72017
1.59781 -0.0837375 -0 0.54289 0.672874
1.6 -9.79717e-17 -0 0.526575 0.673193
1.6 -9.79717e-17 -0 0.526575 0.673193
1.59781 -0.0837375 -0 0.54289 0.672874
1.8 -1.10218e-16 -0 0.524912 0.628642
1.59781 -0.0837375 -0 0.54289 0.672874
1.79753 -0.0942047 -0 0.541499 0.628417
1.8 -1.10218e-16 -0 0.524912 0.628642
1.8 -1.10218e-16 -0 0.524912 0.628642
1.79753 -0.0942047 -0 0.541499 0.628417
2 -1.22465e-16 -0 0.525008 0.591038
1.79753 -0.0942047 -0 0.541499 0.628417
1.99726 -0.104672 -0 0.541754 0.590874
2 -1.22465e-16 -0 0.525008 0.591038
2 -1.22465e-16 -0 0.525008 0.591038
1.99726 -0.104672 -0 0.541754 0.590874
2.2 -1.34711e-16 -0 0.52506 0.561477
1.99726 -0.104672 -0 0.541754 0.590874
2.19699 -0.115139 -0 0.541892 0.561365
2.2 -1.34711e-16 -0 0.52506 0.561477
2.2 -1.34711e-16 -0 0.52506 0.561477
2.19699 -0.115139 -0 0.541892 0.561365
2.60416 -1.59459e-16 0.04 0.523225 0.501454
2.19699 -0.115139 -0 0.541892 0.561365
2.60059 -0.136291 0.04 0.542003 0.501452
2.60416 -1.59459e-16 0.04 0.523225 0.501454
2.60416 -1.59459e-16 0.04 0.523225 0.501454
2.60059 -0.136291 0.04 0.542003 0.501452
2.80416 -1.71705e-16 0.16 0.523212 0.459389
2.60059 -0.136291 0.04 0.542003 0.501452
2.80032 -0.146759 0.16 0.541946 0.459467
2.80416 -1.71705e-16 0.16 0.523212 0.459389
2.80416 -1.71705e-16 0.16 0.523212 0.459389
2.80032 -0.146759 0.16 0.541946 0.459467
3.00416 -1.83952e-16 0.36 0.521291 0.406197
2.80032 -0.146759 0.16 0.541946 0.459467
3.00005 -0.157226 0.36 0.541697 0.403479
3.00416 -1.83952e-16 0.36 0.521291 0.406197
3.00416 -1.83952e-16 0.36 0.521291 0.406197
3.00005 -0.157226 0.36 0.541697 0.403479
3.20416 -1.96198e-16 0.64 0.521186 0.34115
3.00005 -0.157226 0.36 0.541697 0.403479
3.19977 -0.167693 0.64 0.541191 0.341442
3.20416 -1.96198e-16 0.64 0.521186 0.34115
3.20416 -1.96198e-16 0.64 0.521186 0.34115
3.19977 -0.167693 0.64 0.541191 0.341442
3.40416 -2.08445e-16 1 0.519243 0.268323
3.19977 -0.167693 0.64 0.541191 0.341442
3.3995 -0.17816 1 0.540287 0.268717
3.40416 -2.08445e-16 1 0.519243 0.268323
3.40416 -2.08445e-16 1 0.519243 0.268323
3.3995 -0.17816 1 0.540287 0.268717
3.60416 -2.20691e-16 1.44 0.519061 0.191082
3.3995 -0.17816 1 0.540287 0.268717
3.59922 -0.188627 1.44 0.538905 0.189457
3.60416 -2.20691e-16 1.44 0.519061 0.191082
3.60416 -2.20691e-16 1.44 0.519061 0.191082
3.59922 -0.188627 1.44 0.538905 0.189457
3.80416 -2.32938e-16 1.96 0.517278 0.109443
3.59922 -0.188627 1.44 0.538905 0.189457
3.79895 -0.199095 1.96 0.538584 0.109987
3.80416 -2.32938e-16 1.96 0.517278 0.109443
3.80416 -2.32938e-16 1.96 0.517278 0.109443
3.79895 -0.199095 1.96 0.538584 0.109987
4.00416 -2.45184e-16 2.56 0.514405 0.0321716
3.79895 -0.199095 1.96 0.538584 0.109987
3.99868 -0.209562 2.56 0.536108 0.0314723
4.00416 -2.45184e-16 2.56 0.514405 0.0321716
0.567584 0.0104672 -0 0.526032 1.00034
0.567584 -1.22465e-17 -0 0.528635 1.00026
0.567584 0.0209344 -0 0.522126 1.00043
0.567584 -1.22465e-17 -0 0.528635 1.00026
0.567584 -2.44929e-17 -0 0.528635 1.00026
0.567584 0.0209344 -0 0.522126 1.00043
0.567584 0.0209344 -0 0.522126 1.00043
0.567584 -2.44929e-17 -0 0.528635 1.00026
0.599178 0.0314016 -0 0.519613 0.988388
0.567584 -2.44929e-17 -0 0.528635 1.00026
0.6 -3.67394e-17 -0 0.528963 0.987049
0.599178 0.0314016 -0 0.519613 0.988388
0.599178 0.0314016 -0 0.519613 0.988388
0.6 -3.67394e-17 -0 0.528963 0.987049
0.798904 0.0418688 -0 0.517127 0.912299
0.6 -3.67394e-17 -0 0.528963 0.987049
0.8 -4.89859e-17 -0 0.527619 0.912139
0.798904 0.0418688 -0 0.517127 0.912299
0.798904 0.0418688 -0 0.517127 0.912299
0.8 -4.89859e-17 -0 0.527619 0.912139
0.99863 0.052336 -0 0.514015 0.842113
0.8 -4.89859e-17 -0 0.527619 0.912139
1 -6.12323e-17 -0 0.526999 0.841989
0.99863 0.052336 -0 0.514015 0.842113
0.99863 0.052336 -0 0.514015 0.842113
1 -6.12323e-17 -0 0.526999 0.841989
1.19836 0.0628031 -0 0.512222 0.778548
1 -6.12323e-17 -0 0.526999 0.841989
1.2 -7.34788e-17 -0 0.527636 0.778438
1.19836 0.0628031 -0 0.512222 0.778548
1.19836 0.0628031 -0 0.512222 0.778548
1.2 -7.34788e-17 -0 0.527636 0.778438
1.39808 0.0732703 -0 0.510332 0.723148
1.2 -7.34788e-17 -0 0.527636 0.778438
1.4 -8.57253e-17 -0 0.526321 0.720551
1.39808 0.0732703 -0 0.510332 0.723148
1.39808 0.0732703 -0 0.510332 0.723148
1.4 -8.57253e-17 -0 0.526321 0.720551
1.59781 0.0837375 -0 0.510208 0.673245
1.4 -8.57253e-17 -0 0.526321 0.720551
1.6 -9.79717e-17 -0 0.526575 0.673193
1.59781 0.0837375 -0 0.510208 0.673245
1.59781 0.0837375 -0 0.510208 0.673245
1.6 -9.79717e-17 -0 0.526575 0.673193
1.79753 0.0942047 -0 0.508285 0.631507
1.6 -9.79717e-17 -0 0.526575 0.673193
1.8 -1.10218e-16 -0 0.524912 0.628642
1.79753 0.0942047 -0 0.508285 0.631507
1.79753 0.0942047 -0 0.508285 0.631507
1.8 -1.10218e-16 -0 0.524912 0.628642
1.99726 0.104672 -0 0.508218 0.593983
1.8 -1.10218e-16 -0 0.524912 0.628642
2 -1.22465e-16 -0 0.525008 0.591038
1.99726 0.104672 -0 0.508218 0.593983
1.99726 0.104672 -0 0.508218 0.593983
2 -1.22465e-16 -0 0.525008 0.591038
2.19699 0.115139 -0 0.506305 0.561485
2 -1.22465e-16 -0 0.525008 0.591038
2.2 -1.34711e-16 -0 0.52506 0.561477
2.19699 0.115139 -0 0.506305 0.561485
2.19699 0.115139 -0 0.506305 0.561485
2.2 -1.34711e-16 -0 0.52506 0.561477
2.60059 0.136291 0.04 0.504396 0.501464
2.2 -1.34711e-16 -0 0.52506 0.561477
2.60416 -1.59459e-16 0.04 0.523225 0.501454
2.60059 0.136291 0.04 0.504396 0.501464
2.60059 0.136291 0.04 0.504396 0.501464
2.60416 -1.59459e-16 0.04 0.523225 0.501454
2.80032 0.146759 0.16 0.50443 0.459407
2.60416 -1.59459e-16 0.04 0.523225 0.501454
2.80416 -1.71705e-16 0.16 0.523212 0.459389
2.80032 0.146759 0.16 0.50443 0.459407
2.80032 0.146759 0.16 0.50443 0.459407
2.80416 -1.71705e-16 0.16 0.523212 0.459389
3.00005 0.157226 0.36 0.502683 0.406246
2.80416 -1.71705e-16 0.16 0.523212 0.459389
3.00416 -1.83952e-16 0.36 0.521291 0.406197
3.00005 0.157226 0.36 0.502683 0.406246
3.00005 0.157226 0.36 0.502683 0.406246
3.00416 -1.83952e-16 0.36 0.521291 0.406197
3.19977 0.167693 0.64 0.501125 0.343986
3.00416 -1.83952e-16 0.36 0.521291 0.406197
3.20416 -1.96198e-16 0.64 0.521186 0.34115
3.19977 0.167693 0.64 0.501125 0.343986
3.19977 0.167693 0.64 0.501125 0.343986
3.20416 -1.96198e-16 0.64 0.521186 0.34115
3.3995 0.17816 1 0.498145 0.270995
3.20416 -1.96198e-16 0.64 0.521186 0.34115
3.40416 -2.08445e-16 1 0.519243 0.268323
3.3995 0.17816 1 0.498145 0.270995
3.3995 0.17816 1 0.498145 0.270995
3.40416 -2.08445e-16 1 0.519243 0.268323
3.59922 0.188627 1.44 0.497496 0.191374
3.40416 -2.08445e-16 1 0.519243 0.268323
3.60416 -2.20691e-16 1.44 0.519061 0.191082
3.59922 0.188627 1.44 0.497496 0.191374
3.59922 0.188627 1.44 0.497496 0.191374
3.60416 -2.20691e-16 1.44 0.519061 0.191082
3.79895 0.199095 1.96 0.49592 0.111509
3.60416 -2.20691e-16 1.44 0.519061 0.191082
3.80416 -2.32938e-16 1.96 0.517278 0.109443
3.79895 0.199095 1.96 0.49592 0.111509
3.79895 0.199095 1.96 0.49592 0.111509
3.80416 -2.32938e-16 1.96 0.517278 0.109443
3.99868 0.209562 2.56 0.494025 0.032755
3.80416 -2.32938e-16 1.96 0.517278 0.109443
4.00416 -2.45184e-16 2.56 0.514405 0.0321716
3.99868 0.209562 2.56 0.494025 0.032755
0.567584 0.0209057 -0 0.522126 1.00043
0.567584 0.0104672 -0 0.526032 1.00034
0.567584 0.0418114 -0 0.516916 1.00048
0.567584 0.0104672 -0 0.526032 1.00034
0.567584 0.0209344 -0 0.522126 1.00043
0.567584 0.0418114 -0 0.516916 1.00048
0.567584 0.0418114 -0 0.516916 1.00048
0.567584 0.0209344 -0 0.522126 1.00043
0.596713 0.0627171 -0 0.510286 0.988377
0.567584 0.0209344 -0 0.522126 1.00043
0.599178 0.0314016 -0 0.519613 0.988388
0.596713 0.0627171 -0 0.510286 0.988377
0.596713 0.0627171 -0 0.510286 0.988377
0.599178 0.0314016 -0 0.519613 0.988388
0.795618 0.0836228 -0 0.505155 0.913746
0.599178 0.0314016 -0 0.519613 0.988388
0.798904 0.0418688 -0 0.517127 0.912299
0.795618 0.0836228 -0 0.505155 0.913746
0.795618 0.0836228 -0 0.505155 0.913746
0.798904 0.0418688 -0 0.517127 0.912299
0.994522 0.104528 -0 0.501063 0.843873
0.798904 0.0418688 -0 0.517127 0.912299
0.99863 0.052336 -0 0.514015 0.842113
0.994522 0.104528 -0 0.501063 0.843873
0.994522 0.104528 -0 0.501063 0.843873
0.99863 0.052336 -0 0.514015 0.842113
1.19343 0.125434 -0 0.498559 0.780611
0.99863 0.052336 -0 0.514015 0.842113
1.19836 0.0628031 -0 0.512222 0.778548
1.19343 0.125434 -0 0.498559 0.780611
1.19343 0.125434 -0 0.498559 0.780611
1.19836 0.0628031 -0 0.512222 0.778548
1.39233 0.14634 -0 0.496151 0.72293
1.19836 0.0628031 -0 0.512222 0.778548
1.39808 0.0732703 -0 0.510332 0.723148
1.39233 0.14634 -0 0.496151 0.72293
1.39233 0.14634 -0 0.496151 0.72293
1.39808 0.0732703 -0 0.510332 0.723148
1.59124 0.167246 -0 0.493892 0.675739
1.39808 0.0732703 -0 0.510332 0.723148
1.59781 0.0837375 -0 0.510208 0.673245
1.59124 0.167246 -0 0.493892 0.675739
1.59124 0.167246 -0 0.493892 0.675739
1.59781 0.0837375 -0 0.510208 0.673245
1.79014 0.188151 -0 0.491704 0.631315
1.59781 0.0837375 -0 0.510208 0.673245
1.79753 0.0942047 -0 0.508285 0.631507
1.79014 0.188151 -0 0.491704 0.631315
1.79014 0.188151 -0 0.491704 0.631315
1.79753 0.0942047 -0 0.508285 0.631507
1.98904 0.209057 -0 0.489617 0.593822
1.79753 0.0942047 -0 0.508285 0.631507
1.99726 0.104672 -0 0.508218 0.593983
1.98904 0.209057 -0 0.489617 0.593822
1.98904 0.209057 -0 0.489617 0.593822
1.99726 0.104672 -0 0.508218 0.593983
2.18795 0.229963 -0 0.489484 0.564359
1.99726 0.104672 -0 0.508218 0.593983
2.19699 0.115139 -0 0.506305 0.561485
2.18795 0.229963 -0 0.489484 0.564359
2.18795 0.229963 -0 0.489484 0.564359
2.19699 0.115139 -0 0.506305 0.561485
2.5899 0.272209 0.04 0.48751 0.504483
2.19699 0.115139 -0 0.506305 0.561485
2.60059 0.136291 0.04 0.504396 0.501464
2.5899 0.272209 0.04 0.48751 0.504483
2.5899 0.272209 0.04 0.48751 0.504483
2.60059 0.136291 0.04 0.504396 0.501464
2.7888 0.293115 0.16 0.485711 0.462506
2.60059 0.136291 0.04 0.504396 0.501464
2.80032 0.146759 0.16 0.50443 0.459407
2.7888 0.293115 0.16 0.485711 0.462506
2.7888 0.293115 0.16 0.485711 0.462506
2.80032 0.146759 0.16 0.50443 0.459407
2.98771 0.314021 0.36 0.482289 0.409441
2.80032 0.146759 0.16 0.50443 0.459407
3.00005 0.157226 0.36 0.502683 0.406246
2.98771 0.314021 0.36 0.482289 0.409441
2.98771 0.314021 0.36 0.482289 0.409441
3.00005 0.157226 0.36 0.502683 0.406246
3.18661 0.334926 0.64 0.481163 0.344464
3.00005 0.157226 0.36 0.502683 0.406246
3.19977 0.167693 0.64 0.501125 0.343986
3.18661 0.334926 0.64 0.481163 0.344464
3.18661 0.334926 0.64 0.481163 0.344464
3.19977 0.167693 0.64 0.501125 0.343986
3.38551 0.355832 1 0.478915 0.271711
3.19977 0.167693 0.64 0.501125 0.343986
3.3995 0.17816 1 0.498145 0.270995
3.38551 0.355832 1 0.478915 0.271711
3.38551 0.355832 1 0.478915 0.271711
3.3995 0.17816 1 0.498145 0.270995
3.58442 0.376738 1.44 0.476002 0.194561
3.3995 0.17816 1 0.498145 0.270995
3.59922 0.188627 1.44 0.497496 0.191374
3.58442 0.376738 1.44 0.476002 0.194561
3.58442 0.376738 1.44 0.476002 0.194561
3.59922 0.188627 1.44 0.497496 0.191374
3.78332 0.397643 1.96 0.473198 0.113026
3.59922 0.188627 1.44 0.497496 0.191374
3.79895 0.199095 1.96 0.49592 0.111509
3.78332 0.397643 1.96 0.473198 0.113026
3.78332 0.397643 1.96 0.473198 0.113026
3.79895 0.199095 1.96 0.49592 0.111509
3.98223 0.418549 2.56 0.472442 0.0344808
3.79895 0.199095 1.96 0.49592 0.111509
3.99868 0.209562 2.56 0.494025 0.032755
3.98223 0.418549 2.56 0.472442 0.0344808
0.567584 0.0312869 -0 0.519521 1.00046
0.567584 0.0209057 -0 0.522126 1.00043
0.567584 0.0625738 -0 0.510403 1.00045
0.567584 0.0209057 -0 0.522126 1.00043
0.567584 0.0418114 -0 0.516916 1.00048
0.567584 0.0625738 -0 0.510403 1.00045
0.567584 0.0625738 -0 0.510403 1.00045
0.567584 0.0418114 -0 0.516916 1.00048
0.592613 0.0938607 -0 0.50235 0.990447
0.567584 0.0418114 -0 0.516916 1.00048
0.596713 0.0627171 -0 0.510286 0.988377
0.592613 0.0938607 -0 0.50235 0.990447
0.592613 0.0938607 -0 0.50235 0.990447
0.596713 0.0627171 -0 0.510286 0.988377
0.790151 0.125148 -0 0.494744 0.914942
0.596713 0.0627171 -0 0.510286 0.988377
0.795618 0.0836228 -0 0.505155 0.913746
0.790151 0.125148 -0 0.494744 0.914942
0.790151 0.125148 -0 0.494744 0.914942
0.795618 0.0836228 -0 0.505155 0.913746
0.987688 0.156434 -0 0.488202 0.845307
0.795618 0.0836228 -0 0.505155 0.913746
0.994522 0.104528 -0 0.501063 0.843873
0.987688 0.156434 -0 0.488202 0.845307
0.987688 0.156434 -0 0.488202 0.845307
0.994522 0.104528 -0 0.501063 0.843873
1.18523 0.187721 -0 0.483303 0.782285
0.994522 0.104528 -0 0.501063 0.843873
1.19343 0.125434 -0 0.498559 0.780611
1.18523 0.187721 -0 0.483303 0.782285
1.18523 0.187721 -0 0.483303 0.782285
1.19343 0.125434 -0 0.498559 0.780611
1.38276 0.219008 -0 0.48033 0.724903
1.19343 0.125434 -0 0.498559 0.780611
1.39233 0.14634 -0 0.496151 0.72293
1.38276 0.219008 -0 0.48033 0.724903
1.38276 0.219008 -0 0.48033 0.724903
1.39233 0.14634 -0 0.496151 0.72293
1.5803 0.250295 -0 0.477716 0.677948
1.39233 0.14634 -0 0.496151 0.72293
1.59124 0.167246 -0 0.493892 0.675739
1.5803 0.250295 -0 0.477716 0.677948
1.5803 0.250295 -0 0.477716 0.677948
1.59124 0.167246 -0 0.493892 0.675739
1.77784 0.281582 -0 0.475275 0.633743
1.59124 0.167246 -0 0.493892 0.675739
1.79014 0.188151 -0 0.491704 0.631315
1.77784 0.281582 -0 0.475275 0.633743
1.77784 0.281582 -0 0.475275 0.633743
1.79014 0.188151 -0 0.491704 0.631315
1.97538 0.312869 -0 0.47304 0.596427
1.79014 0.188151 -0 0.491704 0.631315
1.98904 0.209057 -0 0.489617 0.593822
1.97538 0.312869 -0 0.47304 0.596427
1.97538 0.312869 -0 0.47304 0.596427
1.98904 0.209057 -0 0.489617 0.593822
2.17291 0.344156 -0 0.47097 0.56708
1.98904 0.209057 -0 0.489617 0.593822
2.18795 0.229963 -0 0.489484 0.564359
2.17291 0.344156 -0 0.47097 0.56708
2.17291 0.344156 -0 0.47097 0.56708
2.18795 0.229963 -0 0.489484 0.564359
2.5721 0.407381 0.04 0.468923 0.507484
2.18795 0.229963 -0 0.489484 0.564359
2.5899 0.272209 0.04 0.48751 0.504483
2.5721 0.407381 0.04 0.468923 0.507484
2.5721 0.407381 0.04 0.468923 0.507484
2.5899 0.272209 0.04 0.48751 0.504483
2.76964 0.438668 0.16 0.467186 0.462701
2.5899 0.272209 0.04 0.48751 0.504483
2.7888 0.293115 0.16 0.485711 0.462506
2.76964 0.438668 0.16 0.467186 0.462701
2.76964 0.438668 0.16 0.467186 0.462701
2.7888 0.293115 0.16 0.485711 0.462506
2.96718 0.469955 0.36 0.463972 0.409902
2.7888 0.293115 0.16 0.485711 0.462506
2.98771 0.314021 0.36 0.482289 0.409441
2.96718 0.469955 0.36 0.463972 0.409902
2.96718 0.469955 0.36 0.463972 0.409902
2.98771 0.314021 0.36 0.482289 0.409441
3.16471 0.501242 0.64 0.459608 0.348133
2.98771 0.314021 0.36 0.482289 0.409441
3.18661 0.334926 0.64 0.481163 0.344464
3.16471 0.501242 0.64 0.459608 0.348133
3.16471 0.501242 0.64 0.459608 0.348133
3.18661 0.334926 0.64 0.481163 0.344464
3.36225 0.532528 1 0.458124 0.275502
3.18661 0.334926 0.64 0.481163 0.344464
3.38551 0.355832 1 0.478915 0.271711
3.36225 0.532528 1 0.458124 0.275502
3.36225 0.532528 1 0.458124 0.275502
3.38551 0.355832 1 0.478915 0.271711
3.55979 0.563815 1.44 0.454845 0.196434
3.38551 0.355832 1 0.478915 0.271711
3.58442 0.376738 1.44 0.476002 0.194561
3.55979 0.563815 1.44 0.454845 0.196434
3.55979 0.563815 1.44 0.454845 0.196434
3.58442 0.376738 1.44 0.476002 0.194561
3.75733 0.595102 1.96 0.452306 0.115397
3.58442 0.376738 1.44 0.476002 0.194561
3.78332 0.397643 1.96 0.473198 0.113026
3.75733 0.595102 1.96 0.452306 0.115397
3.75733 0.595102 1.96 0.452306 0.115397
3.78332 0.397643 1.96 0.473198 0.113026
3.95487 0.626389 2.56 0.451169 0.0373047
3.78332 0.397643 1.96 0.473198 0.113026
3.98223 0.418549 2.56 0.472442 0.0344808
3.95487 0.626389 2.56 0.451169 0.0373047
0.567584 0.0415823 -0 0.516916 1.00048
0.567584 0.0312869 -0 0.519521 1.00046
0.567584 0.0831647 -0 0.505174 0.999284
0.567584 0.0312869 -0 0.519521 1.00046
0.567584 0.0625738 -0 0.510403 1.00045
0.567584 0.0831647 -0 0.505174 0.999284
0.567584 0.0831647 -0 0.505174 0.999284
0.567584 0.0625738 -0 0.510403 1.00045
0.586889 0.124747 -0 0.493177 0.992267
0.567584 0.0625738 -0 0.510403 1.00045
0.592613 0.0938607 -0 0.50235 0.990447
0.586889 0.124747 -0 0.493177 0.992267
0.586889 0.124747 -0 0.493177 0.992267
0.592613 0.0938607 -0 0.50235 0.990447
0.782518 0.166329 -0 0.483 0.917324
0.592613 0.0938607 -0 0.50235 0.990447
0.790151 0.125148 -0 0.494744 0.914942
0.782518 0.166329 -0 0.483 0.917324
0.782518 0.166329 -0 0.483 0.917324
0.790151 0.125148 -0 0.494744 0.914942
0.978148 0.207912 -0 0.475539 0.848339
0.790151 0.125148 -0 0.494744 0.914942
0.987688 0.156434 -0 0.488202 0.845307
0.978148 0.207912 -0 0.475539 0.848339
0.978148 0.207912 -0 0.475539 0.848339
0.987688 0.156434 -0 0.488202 0.845307
1.17378 0.249494 -0 0.469975 0.785943
0.987688 0.156434 -0 0.488202 0.845307
1.18523 0.187721 -0 0.483303 0.782285
1.17378 0.249494 -0 0.469975 0.785943
1.17378 0.249494 -0 0.469975 0.785943
1.18523 0.187721 -0 0.483303 0.782285
1.36941 0.291076 -0 0.464779 0.729032
1.18523 0.187721 -0 0.483303 0.782285
1.38276 0.219008 -0 0.48033 0.724903
1.36941 0.291076 -0 0.464779 0.729032
1.36941 0.291076 -0 0.464779 0.729032
1.38276 0.219008 -0 0.48033 0.724903
1.56504 0.332659 -0 0.461752 0.679871
1.38276 0.219008 -0 0.48033 0.724903
1.5803 0.250295 -0 0.477716 0.677948
1.56504 0.332659 -0 0.461752 0.679871
1.56504 0.332659 -0 0.461752 0.679871
1.5803 0.250295 -0 0.477716 0.677948
1.76067 0.374241 -0 0.459122 0.63874
1.5803 0.250295 -0 0.477716 0.677948
1.77784 0.281582 -0 0.475275 0.633743
1.76067 0.374241 -0 0.459122 0.63874
1.76067 0.374241 -0 0.459122 0.63874
1.77784 0.281582 -0 0.475275 0.633743
1.9563 0.415823 -0 0.456735 0.60174
1.77784 0.281582 -0 0.475275 0.633743
1.97538 0.312869 -0 0.47304 0.596427
1.9563 0.415823 -0 0.456735 0.60174
1.9563 0.415823 -0 0.456735 0.60174
1.97538 0.312869 -0 0.47304 0.596427
2.15192 0.457406 -0 0.45456 0.569687
1.97538 0.312869 -0 0.47304 0.596427
2.17291 0.344156 -0 0.47097 0.56708
2.15192 0.457406 -0 0.45456 0.569687
2.15192 0.457406 -0 0.45456 0.569687
2.17291 0.344156 -0 0.47097 0.56708
2.54726 0.541436 0.04 0.450632 0.510447
2.17291 0.344156 -0 0.47097 0.56708
2.5721 0.407381 0.04 0.468923 0.507484
2.54726 0.541436 0.04 0.450632 0.510447
2.54726 0.541436 0.04 0.450632 0.510447
2.5721 0.407381 0.04 0.468923 0.507484
2.74289 0.583018 0.16 0.447143 0.465965
2.5721 0.407381 0.04 0.468923 0.507484
2.76964 0.438668 0.16 0.467186 0.462701
2.74289 0.583018 0.16 0.447143 0.465965
2.74289 0.583018 0.16 0.447143 0.465965
2.76964 0.438668 0.16 0.467186 0.462701
2.93851 0.624601 0.36 0.44414 0.413494
2.76964 0.438668 0.16 0.467186 0.462701
2.96718 0.469955 0.36 0.463972 0.409902
2.93851 0.624601 0.36 0.44414 0.413494
2.93851 0.624601 0.36 0.44414 0.413494
2.96718 0.469955 0.36 0.463972 0.409902
3.13414 0.666183 0.64 0.440204 0.352058
2.96718 0.469955 0.36 0.463972 0.409902
3.16471 0.501242 0.64 0.459608 0.348133
3.13414 0.666183 0.64 0.440204 0.352058
3.13414 0.666183 0.64 0.440204 0.352058
3.16471 0.501242 0.64 0.459608 0.348133
3.32977 0.707765 1 0.436031 0.279995
3.16471 0.501242 0.64 0.459608 0.348133
3.36225 0.532528 1 0.458124 0.275502
3.32977 0.707765 1 0.436031 0.279995
3.32977 0.707765 1 0.436031 0.279995
3.36225 0.532528 1 0.458124 0.275502
3.5254 0.749348 1.44 0.434142 0.199035
3.36225 0.532528 1 0.458124 0.275502
3.55979 0.563815 1.44 0.454845 0.196434
3.5254 0.749348 1.44 0.434142 0.199035
3.5254 0.749348 1.44 0.434142 0.199035
3.55979 0.563815 1.44 0.454845 0.196434
3.72103 0.79093 1.96 0.430418 0.118894
3.55979 0.563815 1.44 0.454845 0.196434
3.75733 0.595102 1.96 0.452306 0.115397
3.72103 0.79093 1.96 0.430418 0.118894
3.72103 0.79093 1.96 0.430418 0.118894
3.75733 0.595102 1.96 0.452306 0.115397
3.91666 0.832512 2.56 0.430516 0.0399481
3.75733 0.595102 1.96 0.452306 0.115397
3.95487 0.626389 2.56 0.451169 0.0373047
3.91666 0.832512 2.56 0.430516 0.0399481
0.567584 0.0517638 -0 0.514311 1.00048
0.567584 0.0415823 -0 0.516916 1.00048
0.567584 0.103528 -0 0.498657 0.999062
0.567584 0.0415823 -0 0.516916 1.00048
0.567584 0.0831647 -0 0.505174 0.999284
0.567584 0.103528 -0 0.498657 0.999062
0.567584 0.103528 -0 0.498657 0.999062
0.567584 0.0831647 -0 0.505174 0.999284
0.579556 0.155291 -0 0.484107 0.993856
0.567584 0.0831647 -0 0.505174 0.999284
0.586889 0.124747 -0 0.493177 0.992267
0.579556 0.155291 -0 0.484107 0.993856
0.579556 0.155291 -0 0.484107 0.993856
0.586889 0.124747 -0 0.493177 0.992267
0.772741 0.207055 -0 0.472969 0.921021
0.586889 0.124747 -0 0.493177 0.992267
0.782518 0.166329 -0 0.483 0.917324
0.772741 0.207055 -0 0.472969 0.921021
0.772741 0.207055 -0 0.472969 0.921021
0.782518 0.166329 -0 0.483 0.917324
0.965926 0.258819 -0 0.463079 0.851024
0.782518 0.166329 -0 0.483 0.917324
0.978148 0.207912 -0 0.475539 0.848339
0.965926 0.258819 -0 0.463079 0.851024
0.965926 0.258819 -0 0.463079 0.851024
0.978148 0.207912 -0 0.475539 0.848339
1.15911 0.310583 -0 0.455229 0.789104
0.978148 0.207912 -0 0.475539 0.848339
1.17378 0.249494 -0 0.469975 0.785943
1.15911 0.310583 -0 0.455229 0.789104
1.15911 0.310583 -0 0.455229 0.789104
1.17378 0.249494 -0 0.469975 0.785943
1.3523 0.362347 -0 0.44953 0.732785
1.17378 0.249494 -0 0.469975 0.785943
1.36941 0.291076 -0 0.464779 0.729032
1.3523 0.362347 -0 0.44953 0.732785
1.3523 0.362347 -0 0.44953 0.732785
1.36941 0.291076 -0 0.464779 0.729032
1.54548 0.41411 -0 0.446146 0.684158
1.36941 0.291076 -0 0.464779 0.729032
1.56504 0.332659 -0 0.461752 0.679871
1.54548 0.41411 -0 0.446146 0.684158
1.54548 0.41411 -0 0.446146 0.684158
1.56504 0.332659 -0 0.461752 0.679871
1.73867 0.465874 -0 0.441473 0.640579
1.56504 0.332659 -0 0.461752 0.679871
1.76067 0.374241 -0 0.459122 0.63874
1.73867 0.465874 -0 0.441473 0.640579
1.73867 0.465874 -0 0.441473 0.640579
1.76067 0.374241 -0 0.459122 0.63874
1.93185 0.517638 -0 0.438942 0.603883
1.76067 0.374241 -0 0.459122 0.63874
1.9563 0.415823 -0 0.456735 0.60174
1.93185 0.517638 -0 0.438942 0.603883
1.93185 0.517638 -0 0.438942 0.603883
1.9563 0.415823 -0 0.456735 0.60174
2.12504 0.569402 -0 0.436692 0.572099
1.9563 0.415823 -0 0.456735 0.60174
2.15192 0.457406 -0 0.45456 0.569687
2.12504 0.569402 -0 0.436692 0.572099
2.12504 0.569402 -0 0.436692 0.572099
2.15192 0.457406 -0 0.45456 0.569687
2.51543 0.674007 0.04 0.432737 0.513354
2.15192 0.457406 -0 0.45456 0.569687
2.54726 0.541436 0.04 0.450632 0.510447
2.51543 0.674007 0.04 0.432737 0.513354
2.51543 0.674007 0.04 0.432737 0.513354
2.54726 0.541436 0.04 0.450632 0.510447
2.70861 0.725771 0.16 0.429318 0.472166
2.54726 0.541436 0.04 0.450632 0.510447
2.74289 0.583018 0.16 0.447143 0.465965
2.70861 0.725771 0.16 0.429318 0.472166
2.70861 0.725771 0.16 0.429318 0.472166
2.74289 0.583018 0.16 0.447143 0.465965
2.9018 0.777535 0.36 0.424734 0.420098
2.74289 0.583018 0.16 0.447143 0.465965
2.93851 0.624601 0.36 0.44414 0.413494
2.9018 0.777535 0.36 0.424734 0.420098
2.9018 0.777535 0.36 0.424734 0.420098
2.93851 0.624601 0.36 0.44414 0.413494
3.09498 0.829298 0.64 0.421263 0.356256
2.93851 0.624601 0.36 0.44414 0.413494
3.13414 0.666183 0.64 0.440204 0.352058
3.09498 0.829298 0.64 0.421263 0.356256
3.09498 0.829298 0.64 0.421263 0.356256
3.13414 0.666183 0.64 0.440204 0.352058
3.28817 0.881062 1 0.416299 0.282367
3.13414 0.666183 0.64 0.440204 0.352058
3.32977 0.707765 1 0.436031 0.279995
3.28817 0.881062 1 0.416299 0.282367
3.28817 0.881062 1 0.416299 0.282367
3.32977 0.707765 1 0.436031 0.279995
3.48135 0.932826 1.44 0.412328 0.204656
3.32977 0.707765 1 0.436031 0.279995
3.5254 0.749348 1.44 0.434142 0.199035
3.48135 0.932826 1.44 0.412328 0.204656
3.48135 0.932826 1.44 0.412328 0.204656
3.5254 0.749348 1.44 0.434142 0.199035
3.67454 0.98459 1.96 0.409188 0.123293
3.5254 0.749348 1.44 0.434142 0.199035
3.72103 0.79093 1.96 0.430418 0.118894
3.67454 0.98459 1.96 0.409188 0.123293
3.67454 0.98459 1.96 0.409188 0.123293
3.72103 0.79093 1.96 0.430418 0.118894
3.86772 1.03635 2.56 0.409265 0.0438543
3.72103 0.79093 1.96 0.430418 0.118894
3.91666 0.832512 2.56 0.430516 0.0399481
3.86772 1.03635 2.56 0.409265 0.0438543
0.567584 0.0618034 -0 0.510403 1.00045
0.567584 0.0517638 -0 0.514311 1.00048
0.567584 0.123607 -0 0.49345 0.998807
0.567584 0.0517638 -0 0.514311 1.00048
0.567584 0.103528 -0 0.498657 0.999062
0.567584 0.123607 -0 0.49345 0.998807
0.567584 0.123607 -0 0.49345 0.998807
0.567584 0.103528 -0 0.498657 0.999062
0.570634 0.18541 -0 0.475233 0.996306
0.567584 0.103528 -0 0.498657 0.999062
0.579556 0.155291 -0 0.484107 0.993856
0.570634 0.18541 -0 0.475233 0.996306
0.570634 0.18541 -0 0.475233 0.996306
0.579556 0.155291 -0 0.484107 0.993856
0.760845 0.247214 -0 0.461693 0.924251
0.579556 0.155291 -0 0.484107 0.993856
0.772741 0.207055 -0 0.472969 0.921021
0.760845 0.247214 -0 0.461693 0.924251
0.760845 0.247214 -0 0.461693 0.924251
0.772741 0.207055 -0 0.472969 0.921021
0.951057 0.309017 -0 0.450971 0.855236
0.772741 0.207055 -0 0.472969 0.921021
0.965926 0.258819 -0 0.463079 0.851024
0.951057 0.309017 -0 0.450971 0.855236
0.951057 0.309017 -0 0.450971 0.855236
0.965926 0.258819 -0 0.463079 0.851024
1.14127 0.37082 -0 0.442419 0.79206
0.965926 0.258819 -0 0.463079 0.851024
1.15911 0.310583 -0 0.455229 0.789104
1.14127 0.37082 -0 0.442419 0.79206
1.14127 0.37082 -0 0.442419 0.79206
1.15911 0.310583 -0 0.455229 0.789104
1.33148 0.432624 -0 0.434635 0.736166
1.15911 0.310583 -0 0.455229 0.789104
1.3523 0.362347 -0 0.44953 0.732785
1.33148 0.432624 -0 0.434635 0.736166
1.33148 0.432624 -0 0.434635 0.736166
1.3523 0.362347 -0 0.44953 0.732785
1.52169 0.494427 -0 0.429223 0.687954
1.3523 0.362347 -0 0.44953 0.732785
1.54548 0.41411 -0 0.446146 0.684158
1.52169 0.494427 -0 0.429223 0.687954
1.52169 0.494427 -0 0.429223 0.687954
1.54548 0.41411 -0 0.446146 0.684158
1.7119 0.556231 -0 0.426054 0.645014
1.54548 0.41411 -0 0.446146 0.684158
1.73867 0.465874 -0 0.441473 0.640579
1.7119 0.556231 -0 0.426054 0.645014
1.7119 0.556231 -0 0.426054 0.645014
1.73867 0.465874 -0 0.441473 0.640579
1.90211 0.618034 -0 0.421671 0.608629
1.73867 0.465874 -0 0.441473 0.640579
1.93185 0.517638 -0 0.438942 0.603883
1.90211 0.618034 -0 0.421671 0.608629
1.90211 0.618034 -0 0.421671 0.608629
1.93185 0.517638 -0 0.438942 0.603883
2.09232 0.679837 -0 0.419339 0.577216
1.93185 0.517638 -0 0.438942 0.603883
2.12504 0.569402 -0 0.436692 0.572099
2.09232 0.679837 -0 0.419339 0.577216
2.09232 0.679837 -0 0.419339 0.577216
2.12504 0.569402 -0 0.436692 0.572099
2.47671 0.804731 0.04 0.415334 0.51911
2.12504 0.569402 -0 0.436692 0.572099
2.51543 0.674007 0.04 0.432737 0.513354
2.47671 0.804731 0.04 0.415334 0.51911
2.47671 0.804731 0.04 0.415334 0.51911
2.51543 0.674007 0.04 0.432737 0.513354
2.66692 0.866534 0.16 0.410298 0.475444
2.51543 0.674007 0.04 0.432737 0.513354
2.70861 0.725771 0.16 0.429318 0.472166
2.66692 0.866534 0.16 0.410298 0.475444
2.66692 0.866534 0.16 0.410298 0.475444
2.70861 0.725771 0.16 0.429318 0.472166
2.85713 0.928337 0.36 0.405962 0.423929
2.70861 0.725771 0.16 0.429318 0.472166
2.9018 0.777535 0.36 0.424734 0.420098
2.85713 0.928337 0.36 0.405962 0.423929
2.85713 0.928337 0.36 0.405962 0.423929
2.9018 0.777535 0.36 0.424734 0.420098
3.04734 0.990141 0.64 0.401256 0.360846
2.9018 0.777535 0.36 0.424734 0.420098
3.09498 0.829298 0.64 0.421263 0.356256
3.04734 0.990141 0.64 0.401256 0.360846
3.04734 0.990141 0.64 0.401256 0.360846
3.09498 0.829298 0.64 0.421263 0.356256
3.23755 1.05194 1 0.395522 0.28784
3.09498 0.829298 0.64 0.421263 0.356256
3.28817 0.881062 1 0.416299 0.282367
3.23755 1.05194 1 0.395522 0.28784
3.23755 1.05194 1 0.395522 0.28784
3.28817 0.881062 1 0.416299 0.282367
3.42776 1.11375 1.44 0.391471 0.208863
3.28817 0.881062 1 0.416299 0.282367
3.48135 0.932826 1.44 0.412328 0.204656
3.42776 1.11375 1.44 0.391471 0.208863
3.42776 1.11375 1.44 0.391471 0.208863
3.48135 0.932826 1.44 0.412328 0.204656
3.61797 1.17555 1.96 0.388737 0.128487
3.48135 0.932826 1.44 0.412328 0.204656
3.67454 0.98459 1.96 0.409188 0.123293
3.61797 1.17555 1.96 0.388737 0.128487
3.61797 1.17555 1.96 0.388737 0.128487
3.67454 0.98459 1.96 0.409188 0.123293
3.80819 1.23735 2.56 0.387655 0.049075
3.67454 0.98459 1.96 0.409188 0.123293
3.86772 1.03635 2.56 0.409265 0.0438543
3.80819 1.23735 2.56 0.387655 0.049075
0.567584 0.0716736 -0 0.507799 1.00041
0.567584 0.0618034 -0 0.510403 1.00045
0.567584 0.143347 -0 0.486956 0.998394
0.567584 0.0618034 -0 0.510403 1.00045
0.567584 0.123607 -0 0.49345 0.998807
0.567584 0.143347 -0 0.486956 0.998394
0.567584 0.143347 -0 0.486956 0.998394
0.567584 0.123607 -0 0.49345 0.998807
0.567584 0.215021 -0 0.4676 0.996527
0.567584 0.123607 -0 0.49345 0.998807
0.570634 0.18541 -0 0.475233 0.996306
0.567584 0.215021 -0 0.4676 0.996527
0.567584 0.215021 -0 0.4676 0.996527
0.570634 0.18541 -0 0.475233 0.996306
0.746864 0.286694 -0 0.452078 0.927335
0.570634 0.18541 -0 0.475233 0.996306
0.760845 0.247214 -0 0.461693 0.924251
0.746864 0.286694 -0 0.452078 0.927335
0.746864 0.286694 -0 0.452078 0.927335
0.760845 0.247214 -0 0.461693 0.924251
0.93358 0.358368 -0 0.43916 0.85907
0.760845 0.247214 -0 0.461693 0.924251
0.951057 0.309017 -0 0.450971 0.855236
0.93358 0.358368 -0 0.43916 0.85907
0.93358 0.358368 -0 0.43916 0.85907
0.951057 0.309017 -0 0.450971 0.855236
1.1203 0.430042 -0 0.428466 0.796615
0.951057 0.309017 -0 0.450971 0.855236
1.14127 0.37082 -0 0.442419 0.79206
1.1203 0.430042 -0 0.428466 0.796615
1.1203 0.430042 -0 0.428466 0.796615
1.14127 0.37082 -0 0.442419 0.79206
1.30701 0.501715 -0 0.420274 0.741577
1.14127 0.37082 -0 0.442419 0.79206
1.33148 0.432624 -0 0.434635 0.736166
1.30701 0.501715 -0 0.420274 0.741577
1.30701 0.501715 -0 0.420274 0.741577
1.33148 0.432624 -0 0.434635 0.736166
1.49373 0.573389 -0 0.414575 0.694122
1.33148 0.432624 -0 0.434635 0.736166
1.52169 0.494427 -0 0.429223 0.687954
1.49373 0.573389 -0 0.414575 0.694122
1.49373 0.573389 -0 0.414575 0.694122
1.52169 0.494427 -0 0.429223 0.687954
1.68044 0.645062 -0 0.409516 0.651702
1.52169 0.494427 -0 0.429223 0.687954
1.7119 0.556231 -0 0.426054 0.645014
1.68044 0.645062 -0 0.409516 0.651702
1.68044 0.645062 -0 0.409516 0.651702
1.7119 0.556231 -0 0.426054 0.645014
1.86716 0.716736 -0 0.405032 0.615865
1.7119 0.556231 -0 0.426054 0.645014
1.90211 0.618034 -0 0.421671 0.608629
1.86716 0.716736 -0 0.405032 0.615865
1.86716 0.716736 -0 0.405032 0.615865
1.90211 0.618034 -0 0.421671 0.608629
2.05388 0.788409 -0 0.402605 0.584921
1.90211 0.618034 -0 0.421671 0.608629
2.09232 0.679837 -0 0.419339 0.577216
2.05388 0.788409 -0 0.402605 0.584921
2.05388 0.788409 -0 0.402605 0.584921
2.09232 0.679837 -0 0.419339 0.577216
2.4312 0.933249 0.04 0.396838 0.524689
2.09232 0.679837 -0 0.419339 0.577216
2.47671 0.804731 0.04 0.415334 0.51911
2.4312 0.933249 0.04 0.396838 0.524689
2.4312 0.933249 0.04 0.396838 0.524689
2.47671 0.804731 0.04 0.415334 0.51911
2.61791 1.00492 0.16 0.391937 0.481569
2.47671 0.804731 0.04 0.415334 0.51911
2.66692 0.866534 0.16 0.410298 0.475444
2.61791 1.00492 0.16 0.391937 0.481569
2.61791 1.00492 0.16 0.391937 0.481569
2.66692 0.866534 0.16 0.410298 0.475444
2.80463 1.0766 0.36 0.386198 0.430734
2.66692 0.866534 0.16 0.410298 0.475444
2.85713 0.928337 0.36 0.405962 0.423929
2.80463 1.0766 0.36 0.386198 0.430734
2.80463 1.0766 0.36 0.386198 0.430734
2.85713 0.928337 0.36 0.405962 0.423929
2.99134 1.14827 0.64 0.38047 0.365832
2.85713 0.928337 0.36 0.405962 0.423929
3.04734 0.990141 0.64 0.401256 0.360846
2.99134 1.14827 0.64 0.38047 0.365832
2.99134 1.14827 0.64 0.38047 0.365832
3.04734 0.990141 0.64 0.401256 0.360846
3.17806 1.21994 1 0.375596 0.293692
3.04734 0.990141 0.64 0.401256 0.360846
3.23755 1.05194 1 0.395522 0.28784
3.17806 1.21994 1 0.375596 0.293692
3.17806 1.21994 1 0.375596 0.293692
3.23755 1.05194 1 0.395522 0.28784
3.36478 1.29162 1.44 0.369918 0.216061
3.23755 1.05194 1 0.395522 0.28784
3.42776 1.11375 1.44 0.391471 0.208863
3.36478 1.29162 1.44 0.369918 0.216061
3.36478 1.29162 1.44 0.369918 0.216061
3.42776 1.11375 1.44 0.391471 0.208863
3.55149 1.36329 1.96 0.368146 0.133125
3.42776 1.11375 1.44 0.391471 0.208863
3.61797 1.17555 1.96 0.388737 0.128487
3.55149 1.36329 1.96 0.368146 0.133125
3.55149 1.36329 1.96 0.368146 0.133125
3.61797 1.17555 1.96 0.388737 0.128487
3.73821 1.43496 2.56 0.366476 0.0531779
3.61797 1.17555 1.96 0.388737 0.128487
3.80819 1.23735 2.56 0.387655 0.049075
3.73821 1.43496 2.56 0.366476 0.0531779
0.567584 0.0813473 -0 0.505195 1.00035
0.567584 0.0716736 -0 0.507799 1.00041
0.567584 0.162695 -0 0.481774 0.997987
0.567584 0.0716736 -0 0.507799 1.00041
0.567584 0.143347 -0 0.486956 0.998394
0.567584 0.162695 -0 0.481774 0.997987
0.567584 0.162695 -0 0.481774 0.997987
0.567584 0.143347 -0 0.486956 0.998394
0.567584 0.244042 -0 0.458654 0.995342
0.567584 0.143347 -0 0.486956 0.998394
0.567584 0.215021 -0 0.4676 0.996527
0.567584 0.244042 -0 0.458654 0.995342
0.567584 0.244042 -0 0.458654 0.995342
0.567584 0.215021 -0 0.4676 0.996527
0.730836 0.325389 -0 0.441434 0.931344
0.567584 0.215021 -0 0.4676 0.996527
0.746864 0.286694 -0 0.452078 0.927335
0.730836 0.325389 -0 0.441434 0.931344
0.730836 0.325389 -0 0.441434 0.931344
0.746864 0.286694 -0 0.452078 0.927335
0.913545 0.406737 -0 0.426352 0.86407
0.746864 0.286694 -0 0.452078 0.927335
0.93358 0.358368 -0 0.43916 0.85907
0.913545 0.406737 -0 0.426352 0.86407
0.913545 0.406737 -0 0.426352 0.86407
0.93358 0.358368 -0 0.43916 0.85907
1.09625 0.488084 -0 0.415115 0.802832
0.93358 0.358368 -0 0.43916 0.85907
1.1203 0.430042 -0 0.428466 0.796615
1.09625 0.488084 -0 0.415115 0.802832
1.09625 0.488084 -0 0.415115 0.802832
1.1203 0.430042 -0 0.428466 0.796615
1.27896 0.569431 -0 0.406543 0.748901
1.1203 0.430042 -0 0.428466 0.796615
1.30701 0.501715 -0 0.420274 0.741577
1.27896 0.569431 -0 0.406543 0.748901
1.27896 0.569431 -0 0.406543 0.748901
1.30701 0.501715 -0 0.420274 0.741577
1.46167 0.650779 -0 0.398836 0.699669
1.30701 0.501715 -0 0.420274 0.741577
1.49373 0.573389 -0 0.414575 0.694122
1.46167 0.650779 -0 0.398836 0.699669
1.46167 0.650779 -0 0.398836 0.699669
1.49373 0.573389 -0 0.414575 0.694122
1.64438 0.732126 -0 0.393599 0.657967
1.49373 0.573389 -0 0.414575 0.694122
1.68044 0.645062 -0 0.409516 0.651702
1.64438 0.732126 -0 0.393599 0.657967
1.64438 0.732126 -0 0.393599 0.657967
1.68044 0.645062 -0 0.409516 0.651702
1.82709 0.813473 -0 0.389027 0.622718
1.68044 0.645062 -0 0.409516 0.651702
1.86716 0.716736 -0 0.405032 0.615865
1.82709 0.813473 -0 0.389027 0.622718
1.82709 0.813473 -0 0.389027 0.622718
1.86716 0.716736 -0 0.405032 0.615865
2.0098 0.894821 -0 0.386437 0.589499
1.86716 0.716736 -0 0.405032 0.615865
2.05388 0.788409 -0 0.402605 0.584921
2.0098 0.894821 -0 0.386437 0.589499
2.0098 0.894821 -0 0.386437 0.589499
2.05388 0.788409 -0 0.402605 0.584921
2.37902 1.05921 0.04 0.379092 0.530073
2.05388 0.788409 -0 0.402605 0.584921
2.4312 0.933249 0.04 0.396838 0.524689
2.37902 1.05921 0.04 0.379092 0.530073
2.37902 1.05921 0.04 0.379092 0.530073
2.4312 0.933249 0.04 0.396838 0.524689
2.56173 1.14056 0.16 0.374312 0.490396
2.4312 0.933249 0.04 0.396838 0.524689
2.61791 1.00492 0.16 0.391937 0.481569
2.56173 1.14056 0.16 0.374312 0.490396
2.56173 1.14056 0.16 0.374312 0.490396
2.61791 1.00492 0.16 0.391937 0.481569
2.74444 1.2219 0.36 0.368843 0.437406
2.61791 1.00492 0.16 0.391937 0.481569
2.80463 1.0766 0.36 0.386198 0.430734
2.74444 1.2219 0.36 0.368843 0.437406
2.74444 1.2219 0.36 0.368843 0.437406
2.80463 1.0766 0.36 0.386198 0.430734
2.92715 1.30325 0.64 0.362042 0.373419
2.80463 1.0766 0.36 0.386198 0.430734
2.99134 1.14827 0.64 0.38047 0.365832
2.92715 1.30325 0.64 0.362042 0.373419
2.92715 1.30325 0.64 0.362042 0.373419
2.99134 1.14827 0.64 0.38047 0.365832
3.10986 1.3846 1 0.355196 0.300135
2.99134 1.14827 0.64 0.38047 0.365832
3.17806 1.21994 1 0.375596 0.293692
3.10986 1.3846 1 0.355196 0.300135
3.10986 1.3846 1 0.355196 0.300135
3.17806 1.21994 1 0.375596 0.293692
3.29257 1.46595 1.44 0.349707 0.221707
3.17806 1.21994 1 0.375596 0.293692
3.36478 1.29162 1.44 0.369918 0.216061
3.29257 1.46595 1.44 0.349707 0.221707
3.29257 1.46595 1.44 0.349707 0.221707
3.36478 1.29162 1.44 0.369918 0.216061
3.47528 1.54729 1.96 0.346278 0.139308
3.36478 1.29162 1.44 0.369918 0.216061
3.55149 1.36329 1.96 0.368146 0.133125
3.47528 1.54729 1.96 0.346278 0.139308
3.47528 1.54729 1.96 0.346278 0.139308
3.55149 1.36329 1.96 0.368146 0.133125
3.65798 1.62864 2.56 0.346303 0.0592951
3.55149 1.36329 1.96 0.368146 0.133125
3.73821 1.43496 2.56 0.366476 0.0531779
3.65798 1.62864 2.56 0.346303 0.0592951
0.567584 0.0907981 -0 0.502566 0.999208
0.567584 0.0813473 -0 0.505195 1.00035
0.567584 0.181596 -0 0.476605 0.997514
0.567584 0.0813473 -0 0.505195 1.00035
0.567584 0.162695 -0 0.481774 0.997987
0.567584 0.181596 -0 0.476605 0.997514
0.567584 0.181596 -0 0.476605 0.997514
0.567584 0.162695 -0 0.481774 0.997987
0.567584 0.272394 -0 0.451042 0.994172
0.567584 0.162695 -0 0.481774 0.997987
0.567584 0.244042 -0 0.458654 0.995342
0.567584 0.272394 -0 0.451042 0.994172
0.567584 0.272394 -0 0.451042 0.994172
0.567584 0.244042 -0 0.458654 0.995342
0.712805 0.363192 -0 0.431266 0.936379
0.567584 0.244042 -0 0.458654 0.995342
0.730836 0.325389 -0 0.441434 0.931344
0.712805 0.363192 -0 0.431266 0.936379
0.712805 0.363192 -0 0.431266 0.936379
0.730836 0.325389 -0 0.441434 0.931344
0.891007 0.453991 -0 0.415421 0.86889
0.730836 0.325389 -0 0.441434 0.931344
0.913545 0.406737 -0 0.426352 0.86407
0.891007 0.453991 -0 0.415421 0.86889
0.891007 0.453991 -0 0.415421 0.86889
0.913545 0.406737 -0 0.426352 0.86407
1.06921 0.544789 -0 0.402262 0.808547
0.913545 0.406737 -0 0.426352 0.86407
1.09625 0.488084 -0 0.415115 0.802832
1.06921 0.544789 -0 0.402262 0.808547
1.06921 0.544789 -0 0.402262 0.808547
1.09625 0.488084 -0 0.415115 0.802832
1.24741 0.635587 -0 0.391835 0.755437
1.09625 0.488084 -0 0.415115 0.802832
1.27896 0.569431 -0 0.406543 0.748901
1.24741 0.635587 -0 0.391835 0.755437
1.24741 0.635587 -0 0.391835 0.755437
1.27896 0.569431 -0 0.406543 0.748901
1.42561 0.726385 -0 0.383891 0.70723
1.27896 0.569431 -0 0.406543 0.748901
1.46167 0.650779 -0 0.398836 0.699669
1.42561 0.726385 -0 0.383891 0.70723
1.42561 0.726385 -0 0.383891 0.70723
1.46167 0.650779 -0 0.398836 0.699669
1.60381 0.817183 -0 0.378474 0.666402
1.46167 0.650779 -0 0.398836 0.699669
1.64438 0.732126 -0 0.393599 0.657967
1.60381 0.817183 -0 0.378474 0.666402
1.60381 0.817183 -0 0.378474 0.666402
1.64438 0.732126 -0 0.393599 0.657967
1.78201 0.907981 -0 0.373694 0.629184
1.64438 0.732126 -0 0.393599 0.657967
1.82709 0.813473 -0 0.389027 0.622718
1.78201 0.907981 -0 0.373694 0.629184
1.78201 0.907981 -0 0.373694 0.629184
1.82709 0.813473 -0 0.389027 0.622718
1.96021 0.998779 -0 0.369475 0.596424
1.82709 0.813473 -0 0.389027 0.622718
2.0098 0.894821 -0 0.386437 0.589499
1.96021 0.998779 -0 0.369475 0.596424
1.96021 0.998779 -0 0.369475 0.596424
2.0098 0.894821 -0 0.386437 0.589499
2.32033 1.18227 0.04 0.362179 0.538027
2.0098 0.894821 -0 0.386437 0.589499
2.37902 1.05921 0.04 0.379092 0.530073
2.32033 1.18227 0.04 0.362179 0.538027
2.32033 1.18227 0.04 0.362179 0.538027
2.37902 1.05921 0.04 0.379092 0.530073
2.49853 1.27306 0.16 0.356022 0.496211
2.37902 1.05921 0.04 0.379092 0.530073
2.56173 1.14056 0.16 0.374312 0.490396
2.49853 1.27306 0.16 0.356022 0.496211
2.49853 1.27306 0.16 0.356022 0.496211
2.56173 1.14056 0.16 0.374312 0.490396
2.67673 1.36386 0.36 0.349372 0.444191
2.56173 1.14056 0.16 0.374312 0.490396
2.74444 1.2219 0.36 0.368843 0.437406
2.67673 1.36386 0.36 0.349372 0.444191
2.67673 1.36386 0.36 0.349372 0.444191
2.74444 1.2219 0.36 0.368843 0.437406
2.85493 1.45466 0.64 0.341721 0.381428
2.74444 1.2219 0.36 0.368843 0.437406
2.92715 1.30325 0.64 0.362042 0.373419
2.85493 1.45466 0.64 0.341721 0.381428
2.85493 1.45466 0.64 0.341721 0.381428
2.92715 1.30325 0.64 0.362042 0.373419
3.03313 1.54546 1 0.334431 0.309481
2.92715 1.30325 0.64 0.362042 0.373419
3.10986 1.3846 1 0.355196 0.300135
3.03313 1.54546 1 0.334431 0.309481
3.03313 1.54546 1 0.334431 0.309481
3.10986 1.3846 1 0.355196 0.300135
3.21133 1.63626 1.44 0.329458 0.228168
3.10986 1.3846 1 0.355196 0.300135
3.29257 1.46595 1.44 0.349707 0.221707
3.21133 1.63626 1.44 0.329458 0.228168
3.21133 1.63626 1.44 0.329458 0.228168
3.29257 1.46595 1.44 0.349707 0.221707
3.38953 1.72705 1.96 0.325852 0.146109
3.29257 1.46595 1.44 0.349707 0.221707
3.47528 1.54729 1.96 0.346278 0.139308
3.38953 1.72705 1.96 0.325852 0.146109
3.38953 1.72705 1.96 0.325852 0.146109
3.47528 1.54729 1.96 0.346278 0.139308
3.56774 1.81785 2.56 0.325046 0.0651139
3.47528 1.54729 1.96 0.346278 0.139308
3.65798 1.62864 2.56 0.346303 0.0592951
3.56774 1.81785 2.56 0.325046 0.0651139
0.567584 0.1 -0 0.499959 0.999115
0.567584 0.0907981 -0 0.502566 0.999208
0.567584 0.2 -0 0.471453 0.996974
0.567584 0.0907981 -0 0.502566 0.999208
0.567584 0.181596 -0 0.476605 0.997514
0.567584 0.2 -0 0.471453 0.996974
0.567584 0.2 -0 0.471453 0.996974
0.567584 0.181596 -0 0.476605 0.997514
0.567584 0.3 -0 0.443487 0.992863
0.567584 0.181596 -0 0.476605 0.997514
0.567584 0.272394 -0 0.451042 0.994172
0.567584 0.3 -0 0.443487 0.992863
0.567584 0.3 -0 0.443487 0.992863
0.567584 0.272394 -0 0.451042 0.994172
0.69282 0.4 -0 0.421447 0.941004
0.567584 0.272394 -0 0.451042 0.994172
0.712805 0.363192 -0 0.431266 0.936379
0.69282 0.4 -0 0.421447 0.941004
0.69282 0.4 -0 0.421447 0.941004
0.712805 0.363192 -0 0.431266 0.936379
0.866025 0.5 -0 0.40388 0.876399
0.712805 0.363192 -0 0.431266 0.936379
0.891007 0.453991 -0 0.415421 0.86889
0.866025 0.5 -0 0.40388 0.876399
0.866025 0.5 -0 0.40388 0.876399
0.891007 0.453991 -0 0.415421 0.86889
1.03923 0.6 -0 0.388693 0.815446
0.891007 0.453991 -0 0.415421 0.86889
1.06921 0.544789 -0 0.402262 0.808547
1.03923 0.6 -0 0.388693 0.815446
1.03923 0.6 -0 0.388693 0.815446
1.06921 0.544789 -0 0.402262 0.808547
1.21244 0.7 -0 0.377785 0.761424
1.06921 0.544789 -0 0.402262 0.808547
1.24741 0.635587 -0 0.391835 0.755437
1.21244 0.7 -0 0.377785 0.761424
1.21244 0.7 -0 0.377785 0.761424
1.24741 0.635587 -0 0.391835 0.755437
1.38564 0.8 -0 0.369638 0.714253
1.24741 0.635587 -0 0.391835 0.755437
1.42561 0.726385 -0 0.383891 0.70723
1.38564 0.8 -0 0.369638 0.714253
1.38564 0.8 -0 0.369638 0.714253
1.42561 0.726385 -0 0.383891 0.70723
1.55885 0.9 -0 0.362447 0.671546
1.42561 0.726385 -0 0.383891 0.70723
1.60381 0.817183 -0 0.378474 0.666402
1.55885 0.9 -0 0.362447 0.671546
1.55885 0.9 -0 0.362447 0.671546
1.60381 0.817183 -0 0.378474 0.666402
1.73205 1 -0 0.357719 0.637682
1.60381 0.817183 -0 0.378474 0.666402
1.78201 0.907981 -0 0.373694 0.629184
1.73205 1 -0 0.357719 0.637682
1.73205 1 -0 0.357719 0.637682
1.78201 0.907981 -0 0.373694 0.629184
1.90526 1.1 -0 0.353455 0.605622
1.78201 0.907981 -0 0.373694 0.629184
1.96021 0.998779 -0 0.369475 0.596424
1.90526 1.1 -0 0.353455 0.605622
1.90526 1.1 -0 0.353455 0.605622
1.96021 0.998779 -0 0.369475 0.596424
2.25527 1.30208 0.04 0.344686 0.545582
1.96021 0.998779 -0 0.369475 0.596424
2.32033 1.18227 0.04 0.362179 0.538027
2.25527 1.30208 0.04 0.344686 0.545582
2.25527 1.30208 0.04 0.344686 0.545582
2.32033 1.18227 0.04 0.362179 0.538027
2.42848 1.40208 0.16 0.338719 0.504548
2.32033 1.18227 0.04 0.362179 0.538027
2.49853 1.27306 0.16 0.356022 0.496211
2.42848 1.40208 0.16 0.338719 0.504548
2.42848 1.40208 0.16 0.338719 0.504548
2.49853 1.27306 0.16 0.356022 0.496211
2.60168 1.50208 0.36 0.330986 0.453509
2.49853 1.27306 0.16 0.356022 0.496211
2.67673 1.36386 0.36 0.349372 0.444191
2.60168 1.50208 0.36 0.330986 0.453509
2.60168 1.50208 0.36 0.330986 0.453509
2.67673 1.36386 0.36 0.349372 0.444191
2.77489 1.60208 0.64 0.322669 0.389397
2.67673 1.36386 0.36 0.349372 0.444191
2.85493 1.45466 0.64 0.341721 0.381428
2.77489 1.60208 0.64 0.322669 0.389397
2.77489 1.60208 0.64 0.322669 0.389397
2.85493 1.45466 0.64 0.341721 0.381428
2.94809 1.70208 1 0.315205 0.316593
2.85493 1.45466 0.64 0.341721 0.381428
3.03313 1.54546 1 0.334431 0.309481
2.94809 1.70208 1 0.315205 0.316593
2.94809 1.70208 1 0.315205 0.316593
3.03313 1.54546 1 0.334431 0.309481
3.1213 1.80208 1.44 0.309167 0.23737
3.03313 1.54546 1 0.334431 0.309481
3.21133 1.63626 1.44 0.329458 0.228168
3.1213 1.80208 1.44 0.309167 0.23737
3.1213 1.80208 1.44 0.309167 0.23737
3.21133 1.63626 1.44 0.329458 0.228168
3.2945 1.90208 1.96 0.305831 0.153853
3.21133 1.63626 1.44 0.329458 0.228168
3.38953 1.72705 1.96 0.325852 0.146109
3.2945 1.90208 1.96 0.305831 0.153853
3.2945 1.90208 1.96 0.305831 0.153853
3.38953 1.72705 1.96 0.325852 0.146109
3.46771 2.00208 2.56 0.304594 0.072065
3.38953 1.72705 1.96 0.325852 0.146109
3.56774 1.81785 2.56 0.325046 0.0651139
3.46771 2.00208 2.56 0.304594 0.072065
0.567584 0.108928 -0 0.497354 0.999005
0.567584 0.1 -0 0.499959 0.999115
0.567584 0.217856 -0 0.466318 0.99637
0.567584 0.1 -0 0.499959 0.999115
0.567584 0.2 -0 0.471453 0.996974
0.567584 0.217856 -0 0.466318 0.99637
0.567584 0.217856 -0 0.466318 0.99637
0.567584 0.2 -0 0.471453 0.996974
0.567584 0.326783 -0 0.435996 0.99142
0.567584 0.2 -0 0.471453 0.996974
0.567584 0.3 -0 0.443487 0.992863
0.567584 0.326783 -0 0.435996 0.99142
0.567584 0.326783 -0 0.435996 0.99142
0.567584 0.3 -0 0.443487 0.992863
0.670936 0.435711 -0 0.411095 0.94756
0.567584 0.3 -0 0.443487 0.992863
0.69282 0.4 -0 0.421447 0.941004
0.670936 0.435711 -0 0.411095 0.94756
0.670936 0.435711 -0 0.411095 0.94756
0.69282 0.4 -0 0.421447 0.941004
0.838671 0.544639 -0 0.391297 0.881298
0.69282 0.4 -0 0.421447 0.941004
0.866025 0.5 -0 0.40388 0.876399
0.838671 0.544639 -0 0.391297 0.881298
0.838671 0.544639 -0 0.391297 0.881298
0.866025 0.5 -0 0.40388 0.876399
1.0064 0.653567 -0 0.375777 0.821734
0.866025 0.5 -0 0.40388 0.876399
1.03923 0.6 -0 0.388693 0.815446
1.0064 0.653567 -0 0.375777 0.821734
1.0064 0.653567 -0 0.375777 0.821734
1.03923 0.6 -0 0.388693 0.815446
1.17414 0.762495 -0 0.364616 0.76906
1.03923 0.6 -0 0.388693 0.815446
1.21244 0.7 -0 0.377785 0.761424
1.17414 0.762495 -0 0.364616 0.76906
1.17414 0.762495 -0 0.364616 0.76906
1.21244 0.7 -0 0.377785 0.761424
1.34187 0.871422 -0 0.354886 0.72278
1.21244 0.7 -0 0.377785 0.761424
1.38564 0.8 -0 0.369638 0.714253
1.34187 0.871422 -0 0.354886 0.72278
1.34187 0.871422 -0 0.354886 0.72278
1.38564 0.8 -0 0.369638 0.714253
1.50961 0.98035 -0 0.347583 0.681177
1.38564 0.8 -0 0.369638 0.714253
1.55885 0.9 -0 0.362447 0.671546
1.50961 0.98035 -0 0.347583 0.681177
1.50961 0.98035 -0 0.347583 0.681177
1.55885 0.9 -0 0.362447 0.671546
1.67734 1.08928 -0 0.341238 0.645408
1.55885 0.9 -0 0.362447 0.671546
1.73205 1 -0 0.357719 0.637682
1.67734 1.08928 -0 0.341238 0.645408
1.67734 1.08928 -0 0.341238 0.645408
1.73205 1 -0 0.357719 0.637682
1.84508 1.19821 -0 0.336944 0.614115
1.73205 1 -0 0.357719 0.637682
1.90526 1.1 -0 0.353455 0.605622
1.84508 1.19821 -0 0.336944 0.614115
1.84508 1.19821 -0 0.336944 0.614115
1.90526 1.1 -0 0.353455 0.605622
2.18404 1.41833 0.04 0.32827 0.555417
1.90526 1.1 -0 0.353455 0.605622
2.25527 1.30208 0.04 0.344686 0.545582
2.18404 1.41833 0.04 0.32827 0.555417
2.18404 1.41833 0.04 0.32827 0.555417
2.25527 1.30208 0.04 0.344686 0.545582
2.35177 1.52726 0.16 0.321129 0.515198
2.25527 1.30208 0.04 0.344686 0.545582
2.42848 1.40208 0.16 0.338719 0.504548
2.35177 1.52726 0.16 0.321129 0.515198
2.35177 1.52726 0.16 0.321129 0.515198
2.42848 1.40208 0.16 0.338719 0.504548
2.5195 1.63618 0.36 0.313763 0.462535
2.42848 1.40208 0.16 0.338719 0.504548
2.60168 1.50208 0.36 0.330986 0.453509
2.5195 1.63618 0.36 0.313763 0.462535
2.5195 1.63618 0.36 0.313763 0.462535
2.60168 1.50208 0.36 0.330986 0.453509
2.68724 1.74511 0.64 0.304893 0.397249
2.60168 1.50208 0.36 0.330986 0.453509
2.77489 1.60208 0.64 0.322669 0.389397
2.68724 1.74511 0.64 0.304893 0.397249
2.68724 1.74511 0.64 0.304893 0.397249
2.77489 1.60208 0.64 0.322669 0.389397
2.85497 1.85404 1 0.295991 0.32636
2.77489 1.60208 0.64 0.322669 0.389397
2.94809 1.70208 1 0.315205 0.316593
2.85497 1.85404 1 0.295991 0.32636
2.85497 1.85404 1 0.295991 0.32636
2.94809 1.70208 1 0.315205 0.316593
3.02271 1.96297 1.44 0.289609 0.245193
2.94809 1.70208 1 0.315205 0.316593
3.1213 1.80208 1.44 0.309167 0.23737
3.02271 1.96297 1.44 0.289609 0.245193
3.02271 1.96297 1.44 0.289609 0.245193
3.1213 1.80208 1.44 0.309167 0.23737
3.19044 2.0719 1.96 0.284859 0.161867
3.1213 1.80208 1.44 0.309167 0.23737
3.2945 1.90208 1.96 0.305831 0.153853
3.19044 2.0719 1.96 0.284859 0.161867
3.19044 2.0719 1.96 0.284859 0.161867
3.2945 1.90208 1.96 0.305831 0.153853
3.35817 2.18082 2.56 0.284581 0.0793373
3.2945 1.90208 1.96 0.305831 0.153853
3.46771 2.00208 2.56 0.304594 0.072065
3.35817 2.18082 2.56 0.284581 0.0793373
0.567584 0.117557 -0 0.494751 0.998877
0.567584 0.108928 -0 0.497354 0.999005
0.567584 0.235114 -0 0.461203 0.9957
0.567584 0.108928 -0 0.497354 0.999005
0.567584 0.217856 -0 0.466318 0.99637
0.567584 0.235114 -0 0.461203 0.9957
0.567584 0.235114 -0 0.461203 0.9957
0.567584 0.217856 -0 0.466318 0.99637
0.567584 0.352671 -0 0.429806 0.990117
0.567584 0.217856 -0 0.466318 0.99637
0.567584 0.326783 -0 0.435996 0.99142
0.567584 0.352671 -0 0.429806 0.990117
0.567584 0.352671 -0 0.429806 0.990117
0.567584 0.326783 -0 0.435996 0.99142
0.647214 0.470228 -0 0.402465 0.953906
0.567584 0.326783 -0 0.435996 0.99142
0.670936 0.435711 -0 0.411095 0.94756
0.647214 0.470228 -0 0.402465 0.953906
0.647214 0.470228 -0 0.402465 0.953906
0.670936 0.435711 -0 0.411095 0.94756
0.809017 0.587785 -0 0.381075 0.889266
0.670936 0.435711 -0 0.411095 0.94756
0.838671 0.544639 -0 0.391297 0.881298
0.809017 0.587785 -0 0.381075 0.889266
0.809017 0.587785 -0 0.381075 0.889266
0.838671 0.544639 -0 0.391297 0.881298
0.97082 0.705342 -0 0.364003 0.831202
0.838671 0.544639 -0 0.391297 0.881298
1.0064 0.653567 -0 0.375777 0.821734
0.97082 0.705342 -0 0.364003 0.831202
0.97082 0.705342 -0 0.364003 0.831202
1.0064 0.653567 -0 0.375777 0.821734
1.13262 0.822899 -0 0.351049 0.777814
1.0064 0.653567 -0 0.375777 0.821734
1.17414 0.762495 -0 0.364616 0.76906
1.13262 0.822899 -0 0.351049 0.777814
1.13262 0.822899 -0 0.351049 0.777814
1.17414 0.762495 -0 0.364616 0.76906
1.29443 0.940456 -0 0.340992 0.730636
1.17414 0.762495 -0 0.364616 0.76906
1.34187 0.871422 -0 0.354886 0.72278
1.29443 0.940456 -0 0.340992 0.730636
1.29443 0.940456 -0 0.340992 0.730636
1.34187 0.871422 -0 0.354886 0.72278
1.45623 1.05801 -0 0.332291 0.689835
1.34187 0.871422 -0 0.354886 0.72278
1.50961 0.98035 -0 0.347583 0.681177
1.45623 1.05801 -0 0.332291 0.689835
1.45623 1.05801 -0 0.332291 0.689835
1.50961 0.98035 -0 0.347583 0.681177
1.61803 1.17557 -0 0.325936 0.655027
1.50961 0.98035 -0 0.347583 0.681177
1.67734 1.08928 -0 0.341238 0.645408
1.61803 1.17557 -0 0.325936 0.655027
1.61803 1.17557 -0 0.325936 0.655027
1.67734 1.08928 -0 0.341238 0.645408
1.77984 1.29313 -0 0.321597 0.624578
1.67734 1.08928 -0 0.341238 0.645408
1.84508 1.19821 -0 0.336944 0.614115
1.77984 1.29313 -0 0.321597 0.624578
1.77984 1.29313 -0 0.321597 0.624578
1.84508 1.19821 -0 0.336944 0.614115
2.10681 1.53069 0.04 0.311636 0.564626
1.84508 1.19821 -0 0.336944 0.614115
2.18404 1.41833 0.04 0.32827 0.555417
2.10681 1.53069 0.04 0.311636 0.564626
2.10681 1.53069 0.04 0.311636 0.564626
2.18404 1.41833 0.04 0.32827 0.555417
2.26862 1.64825 0.16 0.304716 0.522738
2.18404 1.41833 0.04 0.32827 0.555417
2.35177 1.52726 0.16 0.321129 0.515198
2.26862 1.64825 0.16 0.304716 0.522738
2.26862 1.64825 0.16 0.304716 0.522738
2.35177 1.52726 0.16 0.321129 0.515198
2.43042 1.7658 0.36 0.295337 0.471357
2.35177 1.52726 0.16 0.321129 0.515198
2.5195 1.63618 0.36 0.313763 0.462535
2.43042 1.7658 0.36 0.295337 0.471357
2.43042 1.7658 0.36 0.295337 0.471357
2.5195 1.63618 0.36 0.313763 0.462535
2.59222 1.88336 0.64 0.286022 0.407741
2.5195 1.63618 0.36 0.313763 0.462535
2.68724 1.74511 0.64 0.304893 0.397249
2.59222 1.88336 0.64 0.286022 0.407741
2.59222 1.88336 0.64 0.286022 0.407741
2.68724 1.74511 0.64 0.304893 0.397249
2.75403 2.00092 1 0.276401 0.334411
2.68724 1.74511 0.64 0.304893 0.397249
2.85497 1.85404 1 0.295991 0.32636
2.75403 2.00092 1 0.276401 0.334411
2.75403 2.00092 1 0.276401 0.334411
2.85497 1.85404 1 0.295991 0.32636
2.91583 2.11847 1.44 0.269782 0.253983
2.85497 1.85404 1 0.295991 0.32636
3.02271 1.96297 1.44 0.289609 0.245193
2.91583 2.11847 1.44 0.269782 0.253983
2.91583 2.11847 1.44 0.269782 0.253983
3.02271 1.96297 1.44 0.289609 0.245193
3.07763 2.23603 1.96 0.265009 0.170629
3.02271 1.96297 1.44 0.289609 0.245193
3.19044 2.0719 1.96 0.284859 0.161867
3.07763 2.23603 1.96 0.265009 0.170629
3.07763 2.23603 1.96 0.265009 0.170629
3.19044 2.0719 1.96 0.284859 0.161867
3.23944 2.35359 2.56 0.263843 0.0878956
3.19044 2.0719 1.96 0.284859 0.161867
3.35817 2.18082 2.56 0.284581 0.0793373
3.23944 2.35359 2.56 0.263843 0.0878956
0.567584 0.125864 -0 0.49215 0.998733
0.567584 0.117557 -0 0.494751 0.998877
0.567584 0.251728 -0 0.457382 0.995157
0.567584 0.117557 -0 0.494751 0.998877
0.567584 0.235114 -0 0.461203 0.9957
0.567584 0.251728 -0 0.457382 0.995157
0.567584 0.251728 -0 0.457382 0.995157
0.567584 0.235114 -0 0.461203 0.9957
0.567584 0.377592 -0 0.422446 0.988437
0.567584 0.235114 -0 0.461203 0.9957
0.567584 0.352671 -0 0.429806 0.990117
0.567584 0.377592 -0 0.422446 0.988437
0.567584 0.377592 -0 0.422446 0.988437
0.567584 0.352671 -0 0.429806 0.990117
0.621717 0.503456 -0 0.393248 0.960639
0.567584 0.352671 -0 0.429806 0.990117
0.647214 0.470228 -0 0.402465 0.953906
0.621717 0.503456 -0 0.393248 0.960639
0.621717 0.503456 -0 0.393248 0.960639
0.647214 0.470228 -0 0.402465 0.953906
0.777146 0.62932 -0 0.370401 0.897732
0.647214 0.470228 -0 0.402465 0.953906
0.809017 0.587785 -0 0.381075 0.889266
0.777146 0.62932 -0 0.370401 0.897732
0.777146 0.62932 -0 0.370401 0.897732
0.809017 0.587785 -0 0.381075 0.889266
0.932575 0.755184 -0 0.352924 0.839908
0.809017 0.587785 -0 0.381075 0.889266
0.97082 0.705342 -0 0.364003 0.831202
0.932575 0.755184 -0 0.352924 0.839908
0.932575 0.755184 -0 0.352924 0.839908
0.97082 0.705342 -0 0.364003 0.831202
1.088 0.881049 -0 0.338569 0.787846
0.97082 0.705342 -0 0.364003 0.831202
1.13262 0.822899 -0 0.351049 0.777814
1.088 0.881049 -0 0.338569 0.787846
1.088 0.881049 -0 0.338569 0.787846
1.13262 0.822899 -0 0.351049 0.777814
1.24343 1.00691 -0 0.327149 0.741862
1.13262 0.822899 -0 0.351049 0.777814
1.29443 0.940456 -0 0.340992 0.730636
1.24343 1.00691 -0 0.327149 0.741862
1.24343 1.00691 -0 0.327149 0.741862
1.29443 0.940456 -0 0.340992 0.730636
1.39886 1.13278 -0 0.318213 0.700105
1.29443 0.940456 -0 0.340992 0.730636
1.45623 1.05801 -0 0.332291 0.689835
1.39886 1.13278 -0 0.318213 0.700105
1.39886 1.13278 -0 0.318213 0.700105
1.45623 1.05801 -0 0.332291 0.689835
1.55429 1.25864 -0 0.311662 0.663953
1.45623 1.05801 -0 0.332291 0.689835
1.61803 1.17557 -0 0.325936 0.655027
1.55429 1.25864 -0 0.311662 0.663953
1.55429 1.25864 -0 0.311662 0.663953
1.61803 1.17557 -0 0.325936 0.655027
1.70972 1.3845 -0 0.30608 0.634115
1.61803 1.17557 -0 0.325936 0.655027
1.77984 1.29313 -0 0.321597 0.624578
1.70972 1.3845 -0 0.30608 0.634115
1.70972 1.3845 -0 0.30608 0.634115
1.77984 1.29313 -0 0.321597 0.624578
2.02381 1.63885 0.04 0.296264 0.575791
1.77984 1.29313 -0 0.321597 0.624578
2.10681 1.53069 0.04 0.311636 0.564626
2.02381 1.63885 0.04 0.296264 0.575791
2.02381 1.63885 0.04 0.296264 0.575791
2.10681 1.53069 0.04 0.311636 0.564626
2.17924 1.76472 0.16 0.28838 0.534875
2.10681 1.53069 0.04 0.311636 0.564626
2.26862 1.64825 0.16 0.304716 0.522738
2.17924 1.76472 0.16 0.28838 0.534875
2.17924 1.76472 0.16 0.28838 0.534875
2.26862 1.64825 0.16 0.304716 0.522738
2.33467 1.89058 0.36 0.278352 0.482239
2.26862 1.64825 0.16 0.304716 0.522738
2.43042 1.7658 0.36 0.295337 0.471357
2.33467 1.89058 0.36 0.278352 0.482239
2.33467 1.89058 0.36 0.278352 0.482239
2.43042 1.7658 0.36 0.295337 0.471357
2.4901 2.01645 0.64 0.267717 0.418018
2.43042 1.7658 0.36 0.295337 0.471357
2.59222 1.88336 0.64 0.286022 0.407741
2.4901 2.01645 0.64 0.267717 0.418018
2.4901 2.01645 0.64 0.267717 0.418018
2.59222 1.88336 0.64 0.286022 0.407741
2.64553 2.14231 1 0.257459 0.344794
2.59222 1.88336 0.64 0.286022 0.407741
2.75403 2.00092 1 0.276401 0.334411
2.64553 2.14231 1 0.257459 0.344794
2.64553 2.14231 1 0.257459 0.344794
2.75403 2.00092 1 0.276401 0.334411
2.80096 2.26817 1.44 0.249861 0.265462
2.75403 2.00092 1 0.276401 0.334411
2.91583 2.11847 1.44 0.269782 0.253983
2.80096 2.26817 1.44 0.249861 0.265462
2.80096 2.26817 1.44 0.249861 0.265462
2.91583 2.11847 1.44 0.269782 0.253983
2.95639 2.39404 1.96 0.245175 0.179467
2.91583 2.11847 1.44 0.269782 0.253983
3.07763 2.23603 1.96 0.265009 0.170629
2.95639 2.39404 1.96 0.245175 0.179467
2.95639 2.39404 1.96 0.245175 0.179467
3.07763 2.23603 1.96 0.265009 0.170629
3.11182 2.5199 2.56 0.244097 0.0959257
3.07763 2.23603 1.96 0.265009 0.170629
3.23944 2.35359 2.56 0.263843 0.0878956
3.11182 2.5199 2.56 0.244097 0.0959257
0.567584 0.133826 -0 0.490851 0.998655
0.567584 0.125864 -0 0.49215 0.998733
0.567584 0.267652 -0 0.452307 0.994377
0.567584 0.125864 -0 0.49215 0.998733
0.567584 0.251728 -0 0.457382 0.995157
0.567584 0.267652 -0 0.452307 0.994377
0.567584 0.267652 -0 0.452307 0.994377
0.567584 0.251728 -0 0.457382 0.995157
0.567584 0.401478 -0 0.416372 0.986943
0.567584 0.251728 -0 0.457382 0.995157
0.567584 0.377592 -0 0.422446 0.988437
0.567584 0.401478 -0 0.416372 0.986943
0.567584 0.401478 -0 0.416372 0.986943
0.567584 0.377592 -0 0.422446 0.988437
0.594516 0.535304 -0 0.383589 0.967604
0.567584 0.377592 -0 0.422446 0.988437
0.621717 0.503456 -0 0.393248 0.960639
0.594516 0.535304 -0 0.383589 0.967604
0.594516 0.535304 -0 0.383589 0.967604
0.621717 0.503456 -0 0.393248 0.960639
0.743145 0.669131 -0 0.360362 0.905471
0.621717 0.503456 -0 0.393248 0.960639
0.777146 0.62932 -0 0.370401 0.897732
0.743145 0.669131 -0 0.360362 0.905471
0.743145 0.669131 -0 0.360362 0.905471
0.777146 0.62932 -0 0.370401 0.897732
0.891774 0.802957 -0 0.340389 0.848743
0.777146 0.62932 -0 0.370401 0.897732
0.932575 0.755184 -0 0.352924 0.839908
0.891774 0.802957 -0 0.340389 0.848743
0.891774 0.802957 -0 0.340389 0.848743
0.932575 0.755184 -0 0.352924 0.839908
1.0404 0.936783 -0 0.325726 0.796619
0.932575 0.755184 -0 0.352924 0.839908
1.088 0.881049 -0 0.338569 0.787846
1.0404 0.936783 -0 0.325726 0.796619
1.0404 0.936783 -0 0.325726 0.796619
1.088 0.881049 -0 0.338569 0.787846
1.18903 1.07061 -0 0.313136 0.751756
1.088 0.881049 -0 0.338569 0.787846
1.24343 1.00691 -0 0.327149 0.741862
1.18903 1.07061 -0 0.313136 0.751756
1.18903 1.07061 -0 0.313136 0.751756
1.24343 1.00691 -0 0.327149 0.741862
1.33766 1.20444 -0 0.304197 0.711441
1.24343 1.00691 -0 0.327149 0.741862
1.39886 1.13278 -0 0.318213 0.700105
1.33766 1.20444 -0 0.304197 0.711441
1.33766 1.20444 -0 0.304197 0.711441
1.39886 1.13278 -0 0.318213 0.700105
1.48629 1.33826 -0 0.296474 0.676225
1.39886 1.13278 -0 0.318213 0.700105
1.55429 1.25864 -0 0.311662 0.663953
1.48629 1.33826 -0 0.296474 0.676225
1.48629 1.33826 -0 0.296474 0.676225
1.55429 1.25864 -0 0.311662 0.663953
1.63492 1.47209 -0 0.290757 0.645049
1.55429 1.25864 -0 0.311662 0.663953
1.70972 1.3845 -0 0.30608 0.634115
1.63492 1.47209 -0 0.290757 0.645049
1.63492 1.47209 -0 0.290757 0.645049
1.70972 1.3845 -0 0.30608 0.634115
1.93527 1.74253 0.04 0.279881 0.58594
1.70972 1.3845 -0 0.30608 0.634115
2.02381 1.63885 0.04 0.296264 0.575791
1.93527 1.74253 0.04 0.279881 0.58594
1.93527 1.74253 0.04 0.279881 0.58594
2.02381 1.63885 0.04 0.296264 0.575791
2.0839 1.87635 0.16 0.271272 0.546124
2.02381 1.63885 0.04 0.296264 0.575791
2.17924 1.76472 0.16 0.28838 0.534875
2.0839 1.87635 0.16 0.271272 0.546124
2.0839 1.87635 0.16 0.271272 0.546124
2.17924 1.76472 0.16 0.28838 0.534875
2.23253 2.01018 0.36 0.260813 0.49259
2.17924 1.76472 0.16 0.28838 0.534875
2.33467 1.89058 0.36 0.278352 0.482239
2.23253 2.01018 0.36 0.260813 0.49259
2.23253 2.01018 0.36 0.260813 0.49259
2.33467 1.89058 0.36 0.278352 0.482239
2.38116 2.144 0.64 0.250066 0.430274
2.33467 1.89058 0.36 0.278352 0.482239
2.4901 2.01645 0.64 0.267717 0.418018
2.38116 2.144 0.64 0.250066 0.430274
2.38116 2.144 0.64 0.250066 0.430274
2.4901 2.01645 0.64 0.267717 0.418018
2.52979 2.27783 1 0.239339 0.357206
2.4901 2.01645 0.64 0.267717 0.418018
2.64553 2.14231 1 0.257459 0.344794
2.52979 2.27783 1 0.239339 0.357206
2.52979 2.27783 1 0.239339 0.357206
2.64553 2.14231 1 0.257459 0.344794
2.67842 2.41166 1.44 0.230773 0.275641
2.64553 2.14231 1 0.257459 0.344794
2.80096 2.26817 1.44 0.249861 0.265462
2.67842 2.41166 1.44 0.230773 0.275641
2.67842 2.41166 1.44 0.230773 0.275641
2.80096 2.26817 1.44 0.249861 0.265462
2.82704 2.54548 1.96 0.225576 0.189721
2.80096 2.26817 1.44 0.249861 0.265462
2.95639 2.39404 1.96 0.245175 0.179467
2.82704 2.54548 1.96 0.225576 0.189721
2.82704 2.54548 1.96 0.225576 0.189721
2.95639 2.39404 1.96 0.245175 0.179467
2.97567 2.67931 2.56 0.224197 0.105444
2.95639 2.39404 1.96 0.245175 0.179467
3.11182 2.5199 2.56 0.244097 0.0959257
2.97567 2.67931 2.56 0.224197 0.105444
0.567584 0.141421 -0 0.488254 0.998485
0.567584 0.133826 -0 0.490851 0.998655
0.567584 0.282843 -0 0.448517 0.993751
0.567584 0.133826 -0 0.490851 0.998655
0.567584 0.267652 -0 0.452307 0.994377
0.567584 0.282843 -0 0.448517 0.993751
0.567584 0.282843 -0 0.448517 0.993751
0.567584 0.267652 -0 0.452307 0.994377
0.567584 0.424264 -0 0.410356 0.985367
0.567584 0.267652 -0 0.452307 0.994377
0.567584 0.401478 -0 0.416372 0.986943
0.567584 0.424264 -0 0.410356 0.985367
0.567584 0.424264 -0 0.410356 0.985367
0.567584 0.401478 -0 0.416372 0.986943
0.567584 0.565685 -0 0.375601 0.97435
0.567584 0.401478 -0 0.416372 0.986943
0.594516 0.535304 -0 0.383589 0.967604
0.567584 0.565685 -0 0.375601 0.97435
0.567584 0.565685 -0 0.375601 0.97435
0.594516 0.535304 -0 0.383589 0.967604
0.707107 0.707107 -0 0.350067 0.913504
0.594516 0.535304 -0 0.383589 0.967604
0.743145 0.669131 -0 0.360362 0.905471
0.707107 0.707107 -0 0.350067 0.913504
0.707107 0.707107 -0 0.350067 0.913504
0.743145 0.669131 -0 0.360362 0.905471
0.848528 0.848528 -0 0.330167 0.858846
0.743145 0.669131 -0 0.360362 0.905471
0.891774 0.802957 -0 0.340389 0.848743
0.848528 0.848528 -0 0.330167 0.858846
0.848528 0.848528 -0 0.330167 0.858846
0.891774 0.802957 -0 0.340389 0.848743
0.98995 0.98995 -0 0.313241 0.80785
0.891774 0.802957 -0 0.340389 0.848743
1.0404 0.936783 -0 0.325726 0.796619
0.98995 0.98995 -0 0.313241 0.80785
0.98995 0.98995 -0 0.313241 0.80785
1.0404 0.936783 -0 0.325726 0.796619
1.13137 1.13137 -0 0.300473 0.762754
1.0404 0.936783 -0 0.325726 0.796619
1.18903 1.07061 -0 0.313136 0.751756
1.13137 1.13137 -0 0.300473 0.762754
1.13137 1.13137 -0 0.300473 0.762754
1.18903 1.07061 -0 0.313136 0.751756
1.27279 1.27279 -0 0.290217 0.721443
1.18903 1.07061 -0 0.313136 0.751756
1.33766 1.20444 -0 0.304197 0.711441
1.27279 1.27279 -0 0.290217 0.721443
1.27279 1.27279 -0 0.290217 0.721443
1.33766 1.20444 -0 0.304197 0.711441
1.41421 1.41421 -0 0.282576 0.687462
1.33766 1.20444 -0 0.304197 0.711441
1.48629 1.33826 -0 0.296474 0.676225
1.41421 1.41421 -0 0.282576 0.687462
1.41421 1.41421 -0 0.282576 0.687462
1.48629 1.33826 -0 0.296474 0.676225
1.55563 1.55563 -0 0.276884 0.657382
1.48629 1.33826 -0 0.296474 0.676225
1.63492 1.47209 -0 0.290757 0.645049
1.55563 1.55563 -0 0.276884 0.657382
1.55563 1.55563 -0 0.276884 0.657382
1.63492 1.47209 -0 0.290757 0.645049
1.84142 1.84142 0.04 0.265145 0.600012
1.63492 1.47209 -0 0.290757 0.645049
1.93527 1.74253 0.04 0.279881 0.58594
1.84142 1.84142 0.04 0.265145 0.600012
1.84142 1.84142 0.04 0.265145 0.600012
1.93527 1.74253 0.04 0.279881 0.58594
1.98284 1.98284 0.16 0.2558 0.558919
1.93527 1.74253 0.04 0.279881 0.58594
2.0839 1.87635 0.16 0.271272 0.546124
1.98284 1.98284 0.16 0.2558 0.558919
1.98284 1.98284 0.16 0.2558 0.558919
2.0839 1.87635 0.16 0.271272 0.546124
2.12426 2.12426 0.36 0.244051 0.50459
2.0839 1.87635 0.16 0.271272 0.546124
2.23253 2.01018 0.36 0.260813 0.49259
2.12426 2.12426 0.36 0.244051 0.50459
2.12426 2.12426 0.36 0.244051 0.50459
2.23253 2.01018 0.36 0.260813 0.49259
2.26569 2.26569 0.64 0.232515 0.442105
2.23253 2.01018 0.36 0.260813 0.49259
2.38116 2.144 0.64 0.250066 0.430274
2.26569 2.26569 0.64 0.232515 0.442105
2.26569 2.26569 0.64 0.232515 0.442105
2.38116 2.144 0.64 0.250066 0.430274
2.40711 2.40711 1 0.220871 0.369829
2.38116 2.144 0.64 0.250066 0.430274
2.52979 2.27783 1 0.239339 0.357206
2.40711 2.40711 1 0.220871 0.369829
2.40711 2.40711 1 0.220871 0.369829
2.52979 2.27783 1 0.239339 0.357206
2.54853 2.54853 1.44 0.211235 0.287029
2.52979 2.27783 1 0.239339 0.357206
2.67842 2.41166 1.44 0.230773 0.275641
2.54853 2.54853 1.44 0.211235 0.287029
2.54853 2.54853 1.44 0.211235 0.287029
2.67842 2.41166 1.44 0.230773 0.275641
2.68995 2.68995 1.96 0.205497 0.202044
2.67842 2.41166 1.44 0.230773 0.275641
2.82704 2.54548 1.96 0.225576 0.189721
2.68995 2.68995 1.96 0.205497 0.202044
2.68995 2.68995 1.96 0.205497 0.202044
2.82704 2.54548 1.96 0.225576 0.189721
2.83137 2.83137 2.56 0.204635 0.115569
2.82704 2.54548 1.96 0.225576 0.189721
2.97567 2.67931 2.56 0.224197 0.105444
2.83137 2.83137 2.56 0.204635 0.115569
0.567584 0.148629 -0 0.485659 0.998298
0.567584 0.141421 -0 0.488254 0.998485
0.567584 0.297258 -0 0.444742 0.993091
0.567584 0.141421 -0 0.488254 0.998485
0.567584 0.282843 -0 0.448517 0.993751
0.567584 0.297258 -0 0.444742 0.993091
0.567584 0.297258 -0 0.444742 0.993091
0.567584 0.282843 -0 0.448517 0.993751
0.567584 0.445887 -0 0.405587 0.984049
0.567584 0.282843 -0 0.448517 0.993751
0.567584 0.424264 -0 0.410356 0.985367
0.567584 0.445887 -0 0.405587 0.984049
0.567584 0.445887 -0 0.405587 0.984049
0.567584 0.424264 -0 0.410356 0.985367
0.567584 0.594516 -0 0.368948 0.971861
0.567584 0.424264 -0 0.410356 0.985367
0.567584 0.565685 -0 0.375601 0.97435
0.567584 0.594516 -0 0.368948 0.971861
0.567584 0.594516 -0 0.368948 0.971861
0.567584 0.565685 -0 0.375601 0.97435
0.669131 0.743145 -0 0.339966 0.923015
0.567584 0.565685 -0 0.375601 0.97435
0.707107 0.707107 -0 0.350067 0.913504
0.669131 0.743145 -0 0.339966 0.923015
0.669131 0.743145 -0 0.339966 0.923015
0.707107 0.707107 -0 0.350067 0.913504
0.802957 0.891774 -0 0.318831 0.868675
0.707107 0.707107 -0 0.350067 0.913504
0.848528 0.848528 -0 0.330167 0.858846
0.802957 0.891774 -0 0.318831 0.868675
0.802957 0.891774 -0 0.318831 0.868675
0.848528 0.848528 -0 0.330167 0.858846
0.936783 1.0404 -0 0.30178 0.818015
0.848528 0.848528 -0 0.330167 0.858846
0.98995 0.98995 -0 0.313241 0.80785
0.936783 1.0404 -0 0.30178 0.818015
0.936783 1.0404 -0 0.30178 0.818015
0.98995 0.98995 -0 0.313241 0.80785
1.07061 1.18903 -0 0.288094 0.77424
0.98995 0.98995 -0 0.313241 0.80785
1.13137 1.13137 -0 0.300473 0.762754
1.07061 1.18903 -0 0.288094 0.77424
1.07061 1.18903 -0 0.288094 0.77424
1.13137 1.13137 -0 0.300473 0.762754
1.20444 1.33766 -0 0.277919 0.734602
1.13137 1.13137 -0 0.300473 0.762754
1.27279 1.27279 -0 0.290217 0.721443
1.20444 1.33766 -0 0.277919 0.734602
1.20444 1.33766 -0 0.277919 0.734602
1.27279 1.27279 -0 0.290217 0.721443
1.33826 1.48629 -0 0.269118 0.699501
1.27279 1.27279 -0 0.290217 0.721443
1.41421 1.41421 -0 0.282576 0.687462
1.33826 1.48629 -0 0.269118 0.699501
1.33826 1.48629 -0 0.269118 0.699501
1.41421 1.41421 -0 0.282576 0.687462
1.47209 1.63492 -0 0.262498 0.670275
1.41421 1.41421 -0 0.282576 0.687462
1.55563 1.55563 -0 0.276884 0.657382
1.47209 1.63492 -0 0.262498 0.670275
1.47209 1.63492 -0 0.262498 0.670275
1.55563 1.55563 -0 0.276884 0.657382
1.74253 1.93527 0.04 0.249958 0.612587
1.55563 1.55563 -0 0.276884 0.657382
1.84142 1.84142 0.04 0.265145 0.600012
1.74253 1.93527 0.04 0.249958 0.612587
1.74253 1.93527 0.04 0.249958 0.612587
1.84142 1.84142 0.04 0.265145 0.600012
1.87635 2.0839 0.16 0.240075 0.570504
1.84142 1.84142 0.04 0.265145 0.600012
1.98284 1.98284 0.16 0.2558 0.558919
1.87635 2.0839 0.16 0.240075 0.570504
1.87635 2.0839 0.16 0.240075 0.570504
1.98284 1.98284 0.16 0.2558 0.558919
2.01018 2.23253 0.36 0.228219 0.517928
1.98284 1.98284 0.16 0.2558 0.558919
2.12426 2.12426 0.36 0.244051 0.50459
2.01018 2.23253 0.36 0.228219 0.517928
2.01018 2.23253 0.36 0.228219 0.517928
2.12426 2.12426 0.36 0.244051 0.50459
2.144 2.38116 0.64 0.21536 0.455485
2.12426 2.12426 0.36 0.244051 0.50459
2.26569 2.26569 0.64 0.232515 0.442105
2.144 2.38116 0.64 0.21536 0.455485
2.144 2.38116 0.64 0.21536 0.455485
2.26569 2.26569 0.64 0.232515 0.442105
2.27783 2.52979 1 0.202646 0.3824
2.26569 2.26569 0.64 0.232515 0.442105
2.40711 2.40711 1 0.220871 0.369829
2.27783 2.52979 1 0.202646 0.3824
2.27783 2.52979 1 0.202646 0.3824
2.40711 2.40711 1 0.220871 0.369829
2.41166 2.67842 1.44 0.192878 0.300201
2.40711 2.40711 1 0.220871 0.369829
2.54853 2.54853 1.44 0.211235 0.287029
2.41166 2.67842 1.44 0.192878 0.300201
2.41166 2.67842 1.44 0.192878 0.300201
2.54853 2.54853 1.44 0.211235 0.287029
2.54548 2.82704 1.96 0.186812 0.212797
2.54853 2.54853 1.44 0.211235 0.287029
2.68995 2.68995 1.96 0.205497 0.202044
2.54548 2.82704 1.96 0.186812 0.212797
2.54548 2.82704 1.96 0.186812 0.212797
2.68995 2.68995 1.96 0.205497 0.202044
2.67931 2.97567 2.56 0.185389 0.125397
2.68995 2.68995 1.96 0.205497 0.202044
2.83137 2.83137 2.56 0.204635 0.115569
2.67931 2.97567 2.56 0.185389 0.125397
0.567584 0.155429 -0 0.484363 0.998199
0.567584 0.148629 -0 0.485659 0.998298
0.567584 0.310858 -0 0.440983 0.992397
0.567584 0.148629 -0 0.485659 0.998298
0.567584 0.297258 -0 0.444742 0.993091
0.567584 0.310858 -0 0.440983 0.992397
0.567584 0.310858 -0 0.440983 0.992397
0.567584 0.297258 -0 0.444742 0.993091
0.567584 0.466288 -0 0.399681 0.982333
0.567584 0.297258 -0 0.444742 0.993091
0.567584 0.445887 -0 0.405587 0.984049
0.567584 0.466288 -0 0.399681 0.982333
0.567584 0.466288 -0 0.399681 0.982333
0.567584 0.445887 -0 0.405587 0.984049
0.567584 0.621717 -0 0.362402 0.969291
0.567584 0.445887 -0 0.405587 0.984049
0.567584 0.594516 -0 0.368948 0.971861
0.567584 0.621717 -0 0.362402 0.969291
0.567584 0.621717 -0 0.362402 0.969291
0.567584 0.594516 -0 0.368948 0.971861
0.62932 0.777146 -0 0.330942 0.932873
0.567584 0.594516 -0 0.368948 0.971861
0.669131 0.743145 -0 0.339966 0.923015
0.62932 0.777146 -0 0.330942 0.932873
0.62932 0.777146 -0 0.330942 0.932873
0.669131 0.743145 -0 0.339966 0.923015
0.755184 0.932575 -0 0.30873 0.87902
0.669131 0.743145 -0 0.339966 0.923015
0.802957 0.891774 -0 0.318831 0.868675
0.755184 0.932575 -0 0.30873 0.87902
0.755184 0.932575 -0 0.30873 0.87902
0.802957 0.891774 -0 0.318831 0.868675
0.881049 1.088 -0 0.290888 0.830096
0.802957 0.891774 -0 0.318831 0.868675
0.936783 1.0404 -0 0.30178 0.818015
0.881049 1.088 -0 0.290888 0.830096
0.881049 1.088 -0 0.290888 0.830096
0.936783 1.0404 -0 0.30178 0.818015
1.00691 1.24343 -0 0.276148 0.785994
0.936783 1.0404 -0 0.30178 0.818015
1.07061 1.18903 -0 0.288094 0.77424
1.00691 1.24343 -0 0.276148 0.785994
1.00691 1.24343 -0 0.276148 0.785994
1.07061 1.18903 -0 0.288094 0.77424
1.13278 1.39886 -0 0.265154 0.747665
1.07061 1.18903 -0 0.288094 0.77424
1.20444 1.33766 -0 0.277919 0.734602
1.13278 1.39886 -0 0.265154 0.747665
1.13278 1.39886 -0 0.265154 0.747665
1.20444 1.33766 -0 0.277919 0.734602
1.25864 1.55429 -0 0.255358 0.711704
1.20444 1.33766 -0 0.277919 0.734602
1.33826 1.48629 -0 0.269118 0.699501
1.25864 1.55429 -0 0.255358 0.711704
1.25864 1.55429 -0 0.255358 0.711704
1.33826 1.48629 -0 0.269118 0.699501
1.3845 1.70972 -0 0.248657 0.681653
1.33826 1.48629 -0 0.269118 0.699501
1.47209 1.63492 -0 0.262498 0.670275
1.3845 1.70972 -0 0.248657 0.681653
1.3845 1.70972 -0 0.248657 0.681653
1.47209 1.63492 -0 0.262498 0.670275
1.63885 2.02381 0.04 0.235644 0.625974
1.47209 1.63492 -0 0.262498 0.670275
1.74253 1.93527 0.04 0.249958 0.612587
1.63885 2.02381 0.04 0.235644 0.625974
1.63885 2.02381 0.04 0.235644 0.625974
1.74253 1.93527 0.04 0.249958 0.612587
1.76472 2.17924 0.16 0.224649 0.5851
1.74253 1.93527 0.04 0.249958 0.612587
1.87635 2.0839 0.16 0.240075 0.570504
1.76472 2.17924 0.16 0.224649 0.5851
1.76472 2.17924 0.16 0.224649 0.5851
1.87635 2.0839 0.16 0.240075 0.570504
1.89058 2.33467 0.36 0.21202 0.532183
1.87635 2.0839 0.16 0.240075 0.570504
2.01018 2.23253 0.36 0.228219 0.517928
1.89058 2.33467 0.36 0.21202 0.532183
1.89058 2.33467 0.36 0.21202 0.532183
2.01018 2.23253 0.36 0.228219 0.517928
2.01645 2.4901 0.64 0.198303 0.470081
2.01018 2.23253 0.36 0.228219 0.517928
2.144 2.38116 0.64 0.21536 0.455485
2.01645 2.4901 0.64 0.198303 0.470081
2.01645 2.4901 0.64 0.198303 0.470081
2.144 2.38116 0.64 0.21536 0.455485
2.14231 2.64553 1 0.184998 0.396523
2.144 2.38116 0.64 0.21536 0.455485
2.27783 2.52979 1 0.202646 0.3824
2.14231 2.64553 1 0.184998 0.396523
2.14231 2.64553 1 0.184998 0.396523
2.27783 2.52979 1 0.202646 0.3824
2.26817 2.80096 1.44 0.174345 0.312869
2.27783 2.52979 1 0.202646 0.3824
2.41166 2.67842 1.44 0.192878 0.300201
2.26817 2.80096 1.44 0.174345 0.312869
2.26817 2.80096 1.44 0.174345 0.312869
2.41166 2.67842 1.44 0.192878 0.300201
2.39404 2.95639 1.96 0.167876 0.224883
2.41166 2.67842 1.44 0.192878 0.300201
2.54548 2.82704 1.96 0.186812 0.212797
2.39404 2.95639 1.96 0.167876 0.224883
2.39404 2.95639 1.96 0.167876 0.224883
2.54548 2.82704 1.96 0.186812 0.212797
2.5199 3.11182 2.56 0.166049 0.136871
2.54548 2.82704 1.96 0.186812 0.212797
2.67931 2.97567 2.56 0.185389 0.125397
2.5199 3.11182 2.56 0.166049 0.136871
0.567584 0.161803 -0 0.481774 0.997987
0.567584 0.155429 -0 0.484363 0.998199
0.567584 0.323607 -0 0.43724 0.99167
0.567584 0.155429 -0 0.484363 0.998199
0.567584 0.310858 -0 0.440983 0.992397
0.567584 0.323607 -0 0.43724 0.99167
0.567584 0.323607 -0 0.43724 0.99167
0.567584 0.310858 -0 0.440983 0.992397
0.567584 0.48541 -0 0.395002 0.980906
0.567584 0.310858 -0 0.440983 0.992397
0.567584 0.466288 -0 0.399681 0.982333
0.567584 0.48541 -0 0.395002 0.980906
0.567584 0.48541 -0 0.395002 0.980906
0.567584 0.466288 -0 0.399681 0.982333
0.567584 0.647214 -0 0.357029 0.96709
0.567584 0.466288 -0 0.399681 0.982333
0.567584 0.621717 -0 0.362402 0.969291
0.567584 0.647214 -0 0.357029 0.96709
0.567584 0.647214 -0 0.357029 0.96709
0.567584 0.621717 -0 0.362402 0.969291
0.587785 0.809017 -0 0.323261 0.944197
0.567584 0.621717 -0 0.362402 0.969291
0.62932 0.777146 -0 0.330942 0.932873
0.587785 0.809017 -0 0.323261 0.944197
0.587785 0.809017 -0 0.323261 0.944197
0.62932 0.777146 -0 0.330942 0.932873
0.705342 0.97082 -0 0.299174 0.890669
0.62932 0.777146 -0 0.330942 0.932873
0.755184 0.932575 -0 0.30873 0.87902
0.705342 0.97082 -0 0.299174 0.890669
0.705342 0.97082 -0 0.299174 0.890669
0.755184 0.932575 -0 0.30873 0.87902
0.822899 1.13262 -0 0.279477 0.841551
0.755184 0.932575 -0 0.30873 0.87902
0.881049 1.088 -0 0.290888 0.830096
0.822899 1.13262 -0 0.279477 0.841551
0.822899 1.13262 -0 0.279477 0.841551
0.881049 1.088 -0 0.290888 0.830096
0.940456 1.29443 -0 0.265058 0.799545
0.881049 1.088 -0 0.290888 0.830096
1.00691 1.24343 -0 0.276148 0.785994
0.940456 1.29443 -0 0.265058 0.799545
0.940456 1.29443 -0 0.265058 0.799545
1.00691 1.24343 -0 0.276148 0.785994
1.05801 1.45623 -0 0.25226 0.760352
1.00691 1.24343 -0 0.276148 0.785994
1.13278 1.39886 -0 0.265154 0.747665
1.05801 1.45623 -0 0.25226 0.760352
1.05801 1.45623 -0 0.25226 0.760352
1.13278 1.39886 -0 0.265154 0.747665
1.17557 1.61803 -0 0.24271 0.726091
1.13278 1.39886 -0 0.265154 0.747665
1.25864 1.55429 -0 0.255358 0.711704
1.17557 1.61803 -0 0.24271 0.726091
1.17557 1.61803 -0 0.24271 0.726091
1.25864 1.55429 -0 0.255358 0.711704
1.29313 1.77984 -0 0.235312 0.697117
1.25864 1.55429 -0 0.255358 0.711704
1.3845 1.70972 -0 0.248657 0.681653
1.29313 1.77984 -0 0.235312 0.697117
1.29313 1.77984 -0 0.235312 0.697117
1.3845 1.70972 -0 0.248657 0.681653
1.53069 2.10681 0.04 0.221563 0.639639
1.3845 1.70972 -0 0.248657 0.681653
1.63885 2.02381 0.04 0.235644 0.625974
1.53069 2.10681 0.04 0.221563 0.639639
1.53069 2.10681 0.04 0.221563 0.639639
1.63885 2.02381 0.04 0.235644 0.625974
1.64825 2.26862 0.16 0.210344 0.598145
1.63885 2.02381 0.04 0.235644 0.625974
1.76472 2.17924 0.16 0.224649 0.5851
1.64825 2.26862 0.16 0.210344 0.598145
1.64825 2.26862 0.16 0.210344 0.598145
1.76472 2.17924 0.16 0.224649 0.5851
1.7658 2.43042 0.36 0.196628 0.54698
1.76472 2.17924 0.16 0.224649 0.5851
1.89058 2.33467 0.36 0.21202 0.532183
1.7658 2.43042 0.36 0.196628 0.54698
1.7658 2.43042 0.36 0.196628 0.54698
1.89058 2.33467 0.36 0.21202 0.532183
1.88336 2.59222 0.64 0.181867 0.483485
1.89058 2.33467 0.36 0.21202 0.532183
2.01645 2.4901 0.64 0.198303 0.470081
1.88336 2.59222 0.64 0.181867 0.483485
1.88336 2.59222 0.64 0.181867 0.483485
2.01645 2.4901 0.64 0.198303 0.470081
2.00092 2.75403 1 0.16796 0.410117
2.01645 2.4901 0.64 0.198303 0.470081
2.14231 2.64553 1 0.184998 0.396523
2.00092 2.75403 1 0.16796 0.410117
2.00092 2.75403 1 0.16796 0.410117
2.14231 2.64553 1 0.184998 0.396523
2.11847 2.91583 1.44 0.156108 0.327729
2.14231 2.64553 1 0.184998 0.396523
2.26817 2.80096 1.44 0.174345 0.312869
2.11847 2.91583 1.44 0.156108 0.327729
2.11847 2.91583 1.44 0.156108 0.327729
2.26817 2.80096 1.44 0.174345 0.312869
2.23603 3.07763 1.96 0.14901 0.238444
2.26817 2.80096 1.44 0.174345 0.312869
2.39404 2.95639 1.96 0.167876 0.224883
2.23603 3.07763 1.96 0.14901 0.238444
2.23603 3.07763 1.96 0.14901 0.238444
2.39404 2.95639 1.96 0.167876 0.224883
2.35359 3.23944 2.56 0.14709 0.148591
2.39404 2.95639 1.96 0.167876 0.224883
2.5199 3.11182 2.56 0.166049 0.136871
2.35359 3.23944 2.56 0.14709 0.148591
0.567584 0.167734 -0 0.48048 0.997875
0.567584 0.161803 -0 0.481774 0.997987
0.567584 0.335468 -0 0.434754 0.991166
0.567584 0.161803 -0 0.481774 0.997987
0.567584 0.323607 -0 0.43724 0.99167
0.567584 0.335468 -0 0.434754 0.991166
0.567584 0.335468 -0 0.434754 0.991166
0.567584 0.323607 -0 0.43724 0.99167
0.567584 0.503202 -0 0.390366 0.979433
0.567584 0.323607 -0 0.43724 0.99167
0.567584 0.48541 -0 0.395002 0.980906
0.567584 0.503202 -0 0.390366 0.979433
0.567584 0.503202 -0 0.390366 0.979433
0.567584 0.48541 -0 0.395002 0.980906
0.567584 0.670936 -0 0.351732 0.964839
0.567584 0.48541 -0 0.395002 0.980906
0.567584 0.647214 -0 0.357029 0.96709
0.567584 0.670936 -0 0.351732 0.964839
0.567584 0.670936 -0 0.351732 0.964839
0.567584 0.647214 -0 0.357029 0.96709
0.567584 0.838671 -0 0.315576 0.946256
0.567584 0.647214 -0 0.357029 0.96709
0.587785 0.809017 -0 0.323261 0.944197
0.567584 0.838671 -0 0.315576 0.946256
0.567584 0.838671 -0 0.315576 0.946256
0.587785 0.809017 -0 0.323261 0.944197
0.653567 1.0064 -0 0.289384 0.902723
0.587785 0.809017 -0 0.323261 0.944197
0.705342 0.97082 -0 0.299174 0.890669
0.653567 1.0064 -0 0.289384 0.902723
0.653567 1.0064 -0 0.289384 0.902723
0.705342 0.97082 -0 0.299174 0.890669
0.762495 1.17414 -0 0.26986 0.854746
0.705342 0.97082 -0 0.299174 0.890669
0.822899 1.13262 -0 0.279477 0.841551
0.762495 1.17414 -0 0.26986 0.854746
0.762495 1.17414 -0 0.26986 0.854746
0.822899 1.13262 -0 0.279477 0.841551
0.871422 1.34187 -0 0.2538 0.812315
0.822899 1.13262 -0 0.279477 0.841551
0.940456 1.29443 -0 0.265058 0.799545
0.871422 1.34187 -0 0.2538 0.812315
0.871422 1.34187 -0 0.2538 0.812315
0.940456 1.29443 -0 0.265058 0.799545
0.98035 1.50961 -0 0.241367 0.77509
0.940456 1.29443 -0 0.265058 0.799545
1.05801 1.45623 -0 0.25226 0.760352
0.98035 1.50961 -0 0.241367 0.77509
0.98035 1.50961 -0 0.241367 0.77509
1.05801 1.45623 -0 0.25226 0.760352
1.08928 1.67734 -0 0.231006 0.740353
1.05801 1.45623 -0 0.25226 0.760352
1.17557 1.61803 -0 0.24271 0.726091
1.08928 1.67734 -0 0.231006 0.740353
1.08928 1.67734 -0 0.231006 0.740353
1.17557 1.61803 -0 0.24271 0.726091
1.19821 1.84508 -0 0.222825 0.710573
1.17557 1.61803 -0 0.24271 0.726091
1.29313 1.77984 -0 0.235312 0.697117
1.19821 1.84508 -0 0.222825 0.710573
1.19821 1.84508 -0 0.222825 0.710573
1.29313 1.77984 -0 0.235312 0.697117
1.41833 2.18404 0.04 0.207516 0.65491
1.29313 1.77984 -0 0.235312 0.697117
1.53069 2.10681 0.04 0.221563 0.639639
1.41833 2.18404 0.04 0.207516 0.65491
1.41833 2.18404 0.04 0.207516 0.65491
1.53069 2.10681 0.04 0.221563 0.639639
1.52726 2.35177 0.16 0.195712 0.614865
1.53069 2.10681 0.04 0.221563 0.639639
1.64825 2.26862 0.16 0.210344 0.598145
1.52726 2.35177 0.16 0.195712 0.614865
1.52726 2.35177 0.16 0.195712 0.614865
1.64825 2.26862 0.16 0.210344 0.598145
1.63618 2.5195 0.36 0.181172 0.561753
1.64825 2.26862 0.16 0.210344 0.598145
1.7658 2.43042 0.36 0.196628 0.54698
1.63618 2.5195 0.36 0.181172 0.561753
1.63618 2.5195 0.36 0.181172 0.561753
1.7658 2.43042 0.36 0.196628 0.54698
1.74511 2.68724 0.64 0.16588 0.499209
1.7658 2.43042 0.36 0.196628 0.54698
1.88336 2.59222 0.64 0.181867 0.483485
1.74511 2.68724 0.64 0.16588 0.499209
1.74511 2.68724 0.64 0.16588 0.499209
1.88336 2.59222 0.64 0.181867 0.483485
1.85404 2.85497 1 0.151083 0.424858
1.88336 2.59222 0.64 0.181867 0.483485
2.00092 2.75403 1 0.16796 0.410117
1.85404 2.85497 1 0.151083 0.424858
1.85404 2.85497 1 0.151083 0.424858
2.00092 2.75403 1 0.16796 0.410117
1.96297 3.02271 1.44 0.138554 0.341674
2.00092 2.75403 1 0.16796 0.410117
2.11847 2.91583 1.44 0.156108 0.327729
1.96297 3.02271 1.44 0.138554 0.341674
1.96297 3.02271 1.44 0.138554 0.341674
2.11847 2.91583 1.44 0.156108 0.327729
2.0719 3.19044 1.96 0.13086 0.251464
2.11847 2.91583 1.44 0.156108 0.327729
2.23603 3.07763 1.96 0.14901 0.238444
2.0719 3.19044 1.96 0.13086 0.251464
0.567584 0.173205 -0 0.479187 0.997759
0.567584 0.167734 -0 0.48048 0.997875
0.567584 0.34641 -0 0.43104 0.990385
0.567584 0.167734 -0 0.48048 0.997875
0.567584 0.335468 -0 0.434754 0.991166
0.567584 0.34641 -0 0.43104 0.990385
0.567584 0.34641 -0 0.43104 0.990385
0.567584 0.335468 -0 0.434754 0.991166
0.567584 0.519615 -0 0.386917 0.978299
0.567584 0.335468 -0 0.434754 0.991166
0.567584 0.503202 -0 0.390366 0.979433
0.567584 0.519615 -0 0.386917 0.978299
0.567584 0.519615 -0 0.386917 0.978299
0.567584 0.503202 -0 0.390366 0.979433
0.567584 0.69282 -0 0.346512 0.96254
0.567584 0.503202 -0 0.390366 0.979433
0.567584 0.670936 -0 0.351732 0.964839
0.567584 0.69282 -0 0.346512 0.96254
0.567584 0.69282 -0 0.346512 0.96254
0.567584 0.670936 -0 0.351732 0.964839
0.567584 0.866025 -0 0.309995 0.943191
0.567584 0.670936 -0 0.351732 0.964839
0.567584 0.838671 -0 0.315576 0.946256
0.567584 0.866025 -0 0.309995 0.943191
0.567584 0.866025 -0 0.309995 0.943191
0.567584 0.838671 -0 0.315576 0.946256
0.6 1.03923 -0 0.280941 0.914665
0.567584 0.838671 -0 0.315576 0.946256
0.653567 1.0064 -0 0.289384 0.902723
0.6 1.03923 -0 0.280941 0.914665
0.6 1.03923 -0 0.280941 0.914665
0.653567 1.0064 -0 0.289384 0.902723
0.7 1.21244 -0 0.259543 0.867733
0.653567 1.0064 -0 0.289384 0.902723
0.762495 1.17414 -0 0.26986 0.854746
0.7 1.21244 -0 0.259543 0.867733
0.7 1.21244 -0 0.259543 0.867733
0.762495 1.17414 -0 0.26986 0.854746
0.8 1.38564 -0 0.242932 0.825671
0.762495 1.17414 -0 0.26986 0.854746
0.871422 1.34187 -0 0.2538 0.812315
0.8 1.38564 -0 0.242932 0.825671
0.8 1.38564 -0 0.242932 0.825671
0.871422 1.34187 -0 0.2538 0.812315
0.9 1.55885 -0 0.229884 0.788427
0.871422 1.34187 -0 0.2538 0.812315
0.98035 1.50961 -0 0.241367 0.77509
0.9 1.55885 -0 0.229884 0.788427
0.9 1.55885 -0 0.229884 0.788427
0.98035 1.50961 -0 0.241367 0.77509
1 1.73205 -0 0.21918 0.755144
0.98035 1.50961 -0 0.241367 0.77509
1.08928 1.67734 -0 0.231006 0.740353
1 1.73205 -0 0.21918 0.755144
1 1.73205 -0 0.21918 0.755144
1.08928 1.67734 -0 0.231006 0.740353
1.1 1.90526 -0 0.210618 0.726604
1.08928 1.67734 -0 0.231006 0.740353
1.19821 1.84508 -0 0.222825 0.710573
1.1 1.90526 -0 0.210618 0.726604
1.1 1.90526 -0 0.210618 0.726604
1.19821 1.84508 -0 0.222825 0.710573
1.30208 2.25527 0.04 0.194349 0.669641
1.19821 1.84508 -0 0.222825 0.710573
1.41833 2.18404 0.04 0.207516 0.65491
1.30208 2.25527 0.04 0.194349 0.669641
1.30208 2.25527 0.04 0.194349 0.669641
1.41833 2.18404 0.04 0.207516 0.65491
1.40208 2.42848 0.16 0.182218 0.631015
1.41833 2.18404 0.04 0.207516 0.65491
1.52726 2.35177 0.16 0.195712 0.614865
1.40208 2.42848 0.16 0.182218 0.631015
1.40208 2.42848 0.16 0.182218 0.631015
1.52726 2.35177 0.16 0.195712 0.614865
1.50208 2.60168 0.36 0.166745 0.577983
1.52726 2.35177 0.16 0.195712 0.614865
1.63618 2.5195 0.36 0.181172 0.561753
1.50208 2.60168 0.36 0.166745 0.577983
1.50208 2.60168 0.36 0.166745 0.577983
1.63618 2.5195 0.36 0.181172 0.561753
1.60208 2.77489 0.64 0.150454 0.516419
1.63618 2.5195 0.36 0.181172 0.561753
1.74511 2.68724 0.64 0.16588 0.499209
1.60208 2.77489 0.64 0.150454 0.516419
1.60208 2.77489 0.64 0.150454 0.516419
1.74511 2.68724 0.64 0.16588 0.499209
1.70208 2.94809 1 0.134382 0.441794
1.74511 2.68724 0.64 0.16588 0.499209
1.85404 2.85497 1 0.151083 0.424858
1.70208 2.94809 1 0.134382 0.441794
1.70208 2.94809 1 0.134382 0.441794
1.85404 2.85497 1 0.151083 0.424858
1.80208 3.1213 1.44 0.121455 0.35631
1.85404 2.85497 1 0.151083 0.424858
1.96297 3.02271 1.44 0.138554 0.341674
1.80208 3.1213 1.44 0.121455 0.35631
1.80208 3.1213 1.44 0.121455 0.35631
1.96297 3.02271 1.44 0.138554 0.341674
1.90208 3.2945 1.96 0.112927 0.265447
1.96297 3.02271 1.44 0.138554 0.341674
2.0719 3.19044 1.96 0.13086 0.251464
1.90208 3.2945 1.96 0.112927 0.265447
0.567584 0.178201 -0 0.477896 0.997638
0.567584 0.173205 -0 0.479187 0.997759
0.567584 0.356403 -0 0.428574 0.989846
0.567584 0.173205 -0 0.479187 0.997759
0.567584 0.34641 -0 0.43104 0.990385
0.567584 0.356403 -0 0.428574 0.989846
0.567584 0.356403 -0 0.428574 0.989846
0.567584 0.34641 -0 0.43104 0.990385
0.567584 0.534604 -0 0.383492 0.977142
0.567584 0.34641 -0 0.43104 0.990385
0.567584 0.519615 -0 0.386917 0.978299
0.567584 0.534604 -0 0.383492 0.977142
0.567584 0.534604 -0 0.383492 0.977142
0.567584 0.519615 -0 0.386917 0.978299
0.567584 0.712805 -0 0.342392 0.96067
0.567584 0.519615 -0 0.386917 0.978299
0.567584 0.69282 -0 0.346512 0.96254
0.567584 0.712805 -0 0.342392 0.96067
0.567584 0.712805 -0 0.342392 0.96067
0.567584 0.69282 -0 0.346512 0.96254
0.567584 0.891007 -0 0.305432 0.94061
0.567584 0.69282 -0 0.346512 0.96254
0.567584 0.866025 -0 0.309995 0.943191
0.567584 0.891007 -0 0.305432 0.94061
0.567584 0.891007 -0 0.305432 0.94061
0.567584 0.866025 -0 0.309995 0.943191
0.567584 1.06921 -0 0.274067 0.921034
0.567584 0.866025 -0 0.309995 0.943191
0.6 1.03923 -0 0.280941 0.914665
0.567584 1.06921 -0 0.274067 0.921034
0.567584 1.06921 -0 0.274067 0.921034
0.6 1.03923 -0 0.280941 0.914665
0.635587 1.24741 -0 0.250706 0.882512
0.6 1.03923 -0 0.280941 0.914665
0.7 1.21244 -0 0.259543 0.867733
0.635587 1.24741 -0 0.250706 0.882512
0.635587 1.24741 -0 0.250706 0.882512
0.7 1.21244 -0 0.259543 0.867733
0.726385 1.42561 -0 0.23297 0.840637
0.7 1.21244 -0 0.259543 0.867733
0.8 1.38564 -0 0.242932 0.825671
0.726385 1.42561 -0 0.23297 0.840637
0.726385 1.42561 -0 0.23297 0.840637
0.8 1.38564 -0 0.242932 0.825671
0.817183 1.60381 -0 0.219092 0.804719
0.8 1.38564 -0 0.242932 0.825671
0.9 1.55885 -0 0.229884 0.788427
0.817183 1.60381 -0 0.219092 0.804719
0.817183 1.60381 -0 0.219092 0.804719
0.9 1.55885 -0 0.229884 0.788427
0.907981 1.78201 -0 0.207898 0.771524
0.9 1.55885 -0 0.229884 0.788427
1 1.73205 -0 0.21918 0.755144
0.907981 1.78201 -0 0.207898 0.771524
0.907981 1.78201 -0 0.207898 0.771524
1 1.73205 -0 0.21918 0.755144
0.998779 1.96021 -0 0.198837 0.742707
1 1.73205 -0 0.21918 0.755144
1.1 1.90526 -0 0.210618 0.726604
0.998779 1.96021 -0 0.198837 0.742707
0.998779 1.96021 -0 0.198837 0.742707
1.1 1.90526 -0 0.210618 0.726604
1.18227 2.32033 0.04 0.182056 0.686689
1.1 1.90526 -0 0.210618 0.726604
1.30208 2.25527 0.04 0.194349 0.669641
1.18227 2.32033 0.04 0.182056 0.686689
1.18227 2.32033 0.04 0.182056 0.686689
1.30208 2.25527 0.04 0.194349 0.669641
1.27306 2.49853 0.16 0.168692 0.647316
1.30208 2.25527 0.04 0.194349 0.669641
1.40208 2.42848 0.16 0.182218 0.631015
1.27306 2.49853 0.16 0.168692 0.647316
1.27306 2.49853 0.16 0.168692 0.647316
1.40208 2.42848 0.16 0.182218 0.631015
1.36386 2.67673 0.36 0.152888 0.596361
1.40208 2.42848 0.16 0.182218 0.631015
1.50208 2.60168 0.36 0.166745 0.577983
1.36386 2.67673 0.36 0.152888 0.596361
1.36386 2.67673 0.36 0.152888 0.596361
1.50208 2.60168 0.36 0.166745 0.577983
1.45466 2.85493 0.64 0.135427 0.532644
1.50208 2.60168 0.36 0.166745 0.577983
1.60208 2.77489 0.64 0.150454 0.516419
1.45466 2.85493 0.64 0.135427 0.532644
1.45466 2.85493 0.64 0.135427 0.532644
1.60208 2.77489 0.64 0.150454 0.516419
1.54546 3.03313 1 0.118517 0.458458
1.60208 2.77489 0.64 0.150454 0.516419
1.70208 2.94809 1 0.134382 0.441794
1.54546 3.03313 1 0.118517 0.458458
1.54546 3.03313 1 0.118517 0.458458
1.70208 2.94809 1 0.134382 0.441794
1.63626 3.21133 1.44 0.104429 0.373054
1.70208 2.94809 1 0.134382 0.441794
1.80208 3.1213 1.44 0.121455 0.35631
1.63626 3.21133 1.44 0.104429 0.373054
0.567584 0.182709 -0 0.476605 0.997514
0.567584 0.178201 -0 0.477896 0.997638
0.567584 0.365418 -0 0.426116 0.989293
0.567584 0.178201 -0 0.477896 0.997638
0.567584 0.356403 -0 0.428574 0.989846
0.567584 0.365418 -0 0.426116 0.989293
0.567584 0.365418 -0 0.426116 0.989293
0.567584 0.356403 -0 0.428574 0.989846
0.567584 0.548127 -0 0.380093 0.97596
0.567584 0.356403 -0 0.428574 0.989846
0.567584 0.534604 -0 0.383492 0.977142
0.567584 0.548127 -0 0.380093 0.97596
0.567584 0.548127 -0 0.380093 0.97596
0.567584 0.534604 -0 0.383492 0.977142
0.567584 0.730836 -0 0.338321 0.958773
0.567584 0.534604 -0 0.383492 0.977142
0.567584 0.712805 -0 0.342392 0.96067
0.567584 0.730836 -0 0.338321 0.958773
0.567584 0.730836 -0 0.338321 0.958773
0.567584 0.712805 -0 0.342392 0.96067
0.567584 0.913545 -0 0.300947 0.93801
0.567584 0.712805 -0 0.342392 0.96067
0.567584 0.891007 -0 0.305432 0.94061
0.567584 0.913545 -0 0.300947 0.93801
0.567584 0.913545 -0 0.300947 0.93801
0.567584 0.891007 -0 0.305432 0.94061
0.567584 1.09625 -0 0.269369 0.917814
0.567584 0.891007 -0 0.305432 0.94061
0.567584 1.06921 -0 0.274067 0.921034
0.567584 1.09625 -0 0.269369 0.917814
0.567584 1.09625 -0 0.269369 0.917814
0.567584 1.06921 -0 0.274067 0.921034
0.569431 1.27896 -0 0.242312 0.896796
0.567584 1.06921 -0 0.274067 0.921034
0.635587 1.24741 -0 0.250706 0.882512
0.569431 1.27896 -0 0.242312 0.896796
0.569431 1.27896 -0 0.242312 0.896796
0.635587 1.24741 -0 0.250706 0.882512
0.650779 1.46167 -0 0.224042 0.856583
0.635587 1.24741 -0 0.250706 0.882512
0.726385 1.42561 -0 0.23297 0.840637
0.650779 1.46167 -0 0.224042 0.856583
0.650779 1.46167 -0 0.224042 0.856583
0.726385 1.42561 -0 0.23297 0.840637
0.732126 1.64438 -0 0.209274 0.820662
0.726385 1.42561 -0 0.23297 0.840637
0.817183 1.60381 -0 0.219092 0.804719
0.732126 1.64438 -0 0.209274 0.820662
0.732126 1.64438 -0 0.209274 0.820662
0.817183 1.60381 -0 0.219092 0.804719
0.813473 1.82709 -0 0.197451 0.78874
0.817183 1.60381 -0 0.219092 0.804719
0.907981 1.78201 -0 0.207898 0.771524
0.813473 1.82709 -0 0.197451 0.78874
0.813473 1.82709 -0 0.197451 0.78874
0.907981 1.78201 -0 0.207898 0.771524
0.894821 2.0098 -0 0.187494 0.759519
0.907981 1.78201 -0 0.207898 0.771524
0.998779 1.96021 -0 0.198837 0.742707
0.894821 2.0098 -0 0.187494 0.759519
0.894821 2.0098 -0 0.187494 0.759519
0.998779 1.96021 -0 0.198837 0.742707
1.05921 2.37902 0.04 0.169993 0.704507
0.998779 1.96021 -0 0.198837 0.742707
1.18227 2.32033 0.04 0.182056 0.686689
1.05921 2.37902 0.04 0.169993 0.704507
1.05921 2.37902 0.04 0.169993 0.704507
1.18227 2.32033 0.04 0.182056 0.686689
1.14056 2.56173 0.16 0.155861 0.664707
1.18227 2.32033 0.04 0.182056 0.686689
1.27306 2.49853 0.16 0.168692 0.647316
1.14056 2.56173 0.16 0.155861 0.664707
1.14056 2.56173 0.16 0.155861 0.664707
1.27306 2.49853 0.16 0.168692 0.647316
1.2219 2.74444 0.36 0.138989 0.613788
1.27306 2.49853 0.16 0.168692 0.647316
1.36386 2.67673 0.36 0.152888 0.596361
1.2219 2.74444 0.36 0.138989 0.613788
1.2219 2.74444 0.36 0.138989 0.613788
1.36386 2.67673 0.36 0.152888 0.596361
1.30325 2.92715 0.64 0.120747 0.5515
1.36386 2.67673 0.36 0.152888 0.596361
1.45466 2.85493 0.64 0.135427 0.532644
1.30325 2.92715 0.64 0.120747 0.5515
1.30325 2.92715 0.64 0.120747 0.5515
1.45466 2.85493 0.64 0.135427 0.532644
1.3846 3.10986 1 0.102904 0.47572
1.45466 2.85493 0.64 0.135427 0.532644
1.54546 3.03313 1 0.118517 0.458458
1.3846 3.10986 1 0.102904 0.47572
0.567584 0.186716 -0 0.475315 0.997385
0.567584 0.182709 -0 0.476605 0.997514
0.567584 0.373432 -0 0.423667 0.988726
0.567584 0.182709 -0 0.476605 0.997514
0.567584 0.365418 -0 0.426116 0.989293
0.567584 0.373432 -0 0.423667 0.988726
0.567584 0.373432 -0 0.423667 0.988726
0.567584 0.365418 -0 0.426116 0.989293
0.567584 0.560148 -0 0.376719 0.974756
0.567584 0.365418 -0 0.426116 0.989293
0.567584 0.548127 -0 0.380093 0.97596
0.567584 0.560148 -0 0.376719 0.974756
0.567584 0.560148 -0 0.376719 0.974756
0.567584 0.548127 -0 0.380093 0.97596
0.567584 0.746864 -0 0.334301 0.956851
0.567584 0.548127 -0 0.380093 0.97596
0.567584 0.730836 -0 0.338321 0.958773
0.567584 0.746864 -0 0.334301 0.956851
0.567584 0.746864 -0 0.334301 0.956851
0.567584 0.730836 -0 0.338321 0.958773
0.567584 0.93358 -0 0.297415 0.935916
0.567584 0.730836 -0 0.338321 0.958773
0.567584 0.913545 -0 0.300947 0.93801
0.567584 0.93358 -0 0.297415 0.935916
0.567584 0.93358 -0 0.297415 0.935916
0.567584 0.913545 -0 0.300947 0.93801
0.567584 1.1203 -0 0.265534 0.915128
0.567584 0.913545 -0 0.300947 0.93801
0.567584 1.09625 -0 0.269369 0.917814
0.567584 1.1203 -0 0.265534 0.915128
0.567584 1.1203 -0 0.265534 0.915128
0.567584 1.09625 -0 0.269369 0.917814
0.567584 1.30701 -0 0.238002 0.894267
0.567584 1.09625 -0 0.269369 0.917814
0.569431 1.27896 -0 0.242312 0.896796
0.567584 1.30701 -0 0.238002 0.894267
0.567584 1.30701 -0 0.238002 0.894267
0.569431 1.27896 -0 0.242312 0.896796
0.573389 1.49373 -0 0.215382 0.873138
0.569431 1.27896 -0 0.242312 0.896796
0.650779 1.46167 -0 0.224042 0.856583
0.573389 1.49373 -0 0.215382 0.873138
0.573389 1.49373 -0 0.215382 0.873138
0.650779 1.46167 -0 0.224042 0.856583
0.645062 1.68044 -0 0.200003 0.837573
0.650779 1.46167 -0 0.224042 0.856583
0.732126 1.64438 -0 0.209274 0.820662
0.645062 1.68044 -0 0.200003 0.837573
0.645062 1.68044 -0 0.200003 0.837573
0.732126 1.64438 -0 0.209274 0.820662
0.716736 1.86716 -0 0.187522 0.80571
0.732126 1.64438 -0 0.209274 0.820662
0.813473 1.82709 -0 0.197451 0.78874
0.716736 1.86716 -0 0.187522 0.80571
0.716736 1.86716 -0 0.187522 0.80571
0.813473 1.82709 -0 0.197451 0.78874
0.788409 2.05388 -0 0.176921 0.776361
0.813473 1.82709 -0 0.197451 0.78874
0.894821 2.0098 -0 0.187494 0.759519
0.788409 2.05388 -0 0.176921 0.776361
0.788409 2.05388 -0 0.176921 0.776361
0.894821 2.0098 -0 0.187494 0.759519
0.933249 2.4312 0.04 0.15824 0.721947
0.894821 2.0098 -0 0.187494 0.759519
1.05921 2.37902 0.04 0.169993 0.704507
0.933249 2.4312 0.04 0.15824 0.721947
0.933249 2.4312 0.04 0.15824 0.721947
1.05921 2.37902 0.04 0.169993 0.704507
1.00492 2.61791 0.16 0.143945 0.683489
1.05921 2.37902 0.04 0.169993 0.704507
1.14056 2.56173 0.16 0.155861 0.664707
1.00492 2.61791 0.16 0.143945 0.683489
1.00492 2.61791 0.16 0.143945 0.683489
1.14056 2.56173 0.16 0.155861 0.664707
1.0766 2.80463 0.36 0.126019 0.632408
1.14056 2.56173 0.16 0.155861 0.664707
1.2219 2.74444 0.36 0.138989 0.613788
1.0766 2.80463 0.36 0.126019 0.632408
1.0766 2.80463 0.36 0.126019 0.632408
1.2219 2.74444 0.36 0.138989 0.613788
1.14827 2.99134 0.64 0.106811 0.569935
1.2219 2.74444 0.36 0.138989 0.613788
1.30325 2.92715 0.64 0.120747 0.5515
1.14827 2.99134 0.64 0.106811 0.569935
1.14827 2.99134 0.64 0.106811 0.569935
1.30325 2.92715 0.64 0.120747 0.5515
1.21994 3.17806 1 0.087761 0.494672
1.30325 2.92715 0.64 0.120747 0.5515
1.3846 3.10986 1 0.102904 0.47572
1.21994 3.17806 1 0.087761 0.494672
0.567584 0.190211 -0 0.474027 0.997252
0.567584 0.186716 -0 0.475315 0.997385
0.567584 0.380423 -0 0.422446 0.988437
0.567584 0.186716 -0 0.475315 0.997385
0.567584 0.373432 -0 0.423667 0.988726
0.567584 0.380423 -0 0.422446 0.988437
0.567584 0.380423 -0 0.422446 0.988437
0.567584 0.373432 -0 0.423667 0.988726
0.567584 0.570634 -0 0.374485 0.973941
0.567584 0.373432 -0 0.423667 0.988726
0.567584 0.560148 -0 0.376719 0.974756
0.567584 0.570634 -0 0.374485 0.973941
0.567584 0.570634 -0 0.374485 0.973941
0.567584 0.560148 -0 0.376719 0.974756
0.567584 0.760845 -0 0.331319 0.955394
0.567584 0.560148 -0 0.376719 0.974756
0.567584 0.746864 -0 0.334301 0.956851
0.567584 0.760845 -0 0.331319 0.955394
0.567584 0.760845 -0 0.331319 0.955394
0.567584 0.746864 -0 0.334301 0.956851
0.567584 0.951057 -0 0.293933 0.933812
0.567584 0.746864 -0 0.334301 0.956851
0.567584 0.93358 -0 0.297415 0.935916
0.567584 0.951057 -0 0.293933 0.933812
0.567584 0.951057 -0 0.293933 0.933812
0.567584 0.93358 -0 0.297415 0.935916
0.567584 1.14127 -0 0.262518 0.912979
0.567584 0.93358 -0 0.297415 0.935916
0.567584 1.1203 -0 0.265534 0.915128
0.567584 1.14127 -0 0.262518 0.912979
0.567584 1.14127 -0 0.262518 0.912979
0.567584 1.1203 -0 0.265534 0.915128
0.567584 1.33148 -0 0.234762 0.891623
0.567584 1.1203 -0 0.265534 0.915128
0.567584 1.30701 -0 0.238002 0.894267
0.567584 1.33148 -0 0.234762 0.891623
0.567584 1.33148 -0 0.234762 0.891623
0.567584 1.30701 -0 0.238002 0.894267
0.567584 1.52169 -0 0.21154 0.871424
0.567584 1.30701 -0 0.238002 0.894267
0.573389 1.49373 -0 0.215382 0.873138
0.567584 1.52169 -0 0.21154 0.871424
0.567584 1.52169 -0 0.21154 0.871424
0.573389 1.49373 -0 0.215382 0.873138
0.567584 1.7119 -0 0.191757 0.851528
0.573389 1.49373 -0 0.215382 0.873138
0.645062 1.68044 -0 0.200003 0.837573
0.567584 1.7119 -0 0.191757 0.851528
0.567584 1.7119 -0 0.191757 0.851528
0.645062 1.68044 -0 0.200003 0.837573
0.618034 1.90211 -0 0.178029 0.823455
0.645062 1.68044 -0 0.200003 0.837573
0.716736 1.86716 -0 0.187522 0.80571
0.618034 1.90211 -0 0.178029 0.823455
0.618034 1.90211 -0 0.178029 0.823455
0.716736 1.86716 -0 0.187522 0.80571
0.679837 2.09232 -0 0.167294 0.795583
0.716736 1.86716 -0 0.187522 0.80571
0.788409 2.05388 -0 0.176921 0.776361
0.679837 2.09232 -0 0.167294 0.795583
0.679837 2.09232 -0 0.167294 0.795583
0.788409 2.05388 -0 0.176921 0.776361
0.804731 2.47671 0.04 0.147331 0.740619
0.788409 2.05388 -0 0.176921 0.776361
0.933249 2.4312 0.04 0.15824 0.721947
0.804731 2.47671 0.04 0.147331 0.740619
0.804731 2.47671 0.04 0.147331 0.740619
0.933249 2.4312 0.04 0.15824 0.721947
0.866534 2.66692 0.16 0.132323 0.702735
0.933249 2.4312 0.04 0.15824 0.721947
1.00492 2.61791 0.16 0.143945 0.683489
0.866534 2.66692 0.16 0.132323 0.702735
0.866534 2.66692 0.16 0.132323 0.702735
1.00492 2.61791 0.16 0.143945 0.683489
0.928337 2.85713 0.36 0.113444 0.651299
1.00492 2.61791 0.16 0.143945 0.683489
1.0766 2.80463 0.36 0.126019 0.632408
0.928337 2.85713 0.36 0.113444 0.651299
0.928337 2.85713 0.36 0.113444 0.651299
1.0766 2.80463 0.36 0.126019 0.632408
0.990141 3.04734 0.64 0.0932143 0.589566
1.0766 2.80463 0.36 0.126019 0.632408
1.14827 2.99134 0.64 0.106811 0.569935
0.990141 3.04734 0.64 0.0932143 0.589566
0.567584 0.193185 -0 0.474027 0.997252
0.567584 0.190211 -0 0.474027 0.997252
0.567584 0.38637 -0 0.421227 0.988145
0.567584 0.190211 -0 0.474027 0.997252
0.567584 0.380423 -0 0.422446 0.988437
0.567584 0.38637 -0 0.421227 0.988145
0.567584 0.38637 -0 0.421227 0.988145
0.567584 0.380423 -0 0.422446 0.988437
0.567584 0.579556 -0 0.372261 0.973116
0.567584 0.380423 -0 0.422446 0.988437
0.567584 0.570634 -0 0.374485 0.973941
0.567584 0.579556 -0 0.372261 0.973116
0.567584 0.579556 -0 0.372261 0.973116
0.567584 0.570634 -0 0.374485 0.973941
0.567584 0.772741 -0 0.329347 0.954415
0.567584 0.570634 -0 0.374485 0.973941
0.567584 0.760845 -0 0.331319 0.955394
0.567584 0.772741 -0 0.329347 0.954415
0.567584 0.772741 -0 0.329347 0.954415
0.567584 0.760845 -0 0.331319 0.955394
0.567584 0.965926 -0 0.291354 0.932228
0.567584 0.760845 -0 0.331319 0.955394
0.567584 0.951057 -0 0.293933 0.933812
0.567584 0.965926 -0 0.291354 0.932228
0.567584 0.965926 -0 0.291354 0.932228
0.567584 0.951057 -0 0.293933 0.933812
0.567584 1.15911 -0 0.259547 0.91083
0.567584 0.951057 -0 0.293933 0.933812
0.567584 1.14127 -0 0.262518 0.912979
0.567584 1.15911 -0 0.259547 0.91083
0.567584 1.15911 -0 0.259547 0.91083
0.567584 1.14127 -0 0.262518 0.912979
0.567584 1.3523 -0 0.232215 0.889515
0.567584 1.14127 -0 0.262518 0.912979
0.567584 1.33148 -0 0.234762 0.891623
0.567584 1.3523 -0 0.232215 0.889515
0.567584 1.3523 -0 0.232215 0.889515
0.567584 1.33148 -0 0.234762 0.891623
0.567584 1.54548 -0 0.20881 0.8689
0.567584 1.33148 -0 0.234762 0.891623
0.567584 1.52169 -0 0.21154 0.871424
0.567584 1.54548 -0 0.20881 0.8689
0.567584 1.54548 -0 0.20881 0.8689
0.567584 1.52169 -0 0.21154 0.871424
0.567584 1.73867 -0 0.188936 0.848671
0.567584 1.52169 -0 0.21154 0.871424
0.567584 1.7119 -0 0.191757 0.851528
0.567584 1.73867 -0 0.188936 0.848671
0.567584 1.73867 -0 0.188936 0.848671
0.567584 1.7119 -0 0.191757 0.851528
0.567584 1.93185 -0 0.172086 0.830793
0.567584 1.7119 -0 0.191757 0.851528
0.618034 1.90211 -0 0.178029 0.823455
0.567584 1.93185 -0 0.172086 0.830793
0.567584 1.93185 -0 0.172086 0.830793
0.618034 1.90211 -0 0.178029 0.823455
0.569402 2.12504 -0 0.157958 0.813876
0.618034 1.90211 -0 0.178029 0.823455
0.679837 2.09232 -0 0.167294 0.795583
0.569402 2.12504 -0 0.157958 0.813876
0.569402 2.12504 -0 0.157958 0.813876
0.679837 2.09232 -0 0.167294 0.795583
0.674007 2.51543 0.04 0.13719 0.760654
0.679837 2.09232 -0 0.167294 0.795583
0.804731 2.47671 0.04 0.147331 0.740619
0.674007 2.51543 0.04 0.13719 0.760654
0.674007 2.51543 0.04 0.13719 0.760654
0.804731 2.47671 0.04 0.147331 0.740619
0.725771 2.70861 0.16 0.12129 0.722667
0.804731 2.47671 0.04 0.147331 0.740619
0.866534 2.66692 0.16 0.132323 0.702735
0.725771 2.70861 0.16 0.12129 0.722667
0.725771 2.70861 0.16 0.12129 0.722667
0.866534 2.66692 0.16 0.132323 0.702735
0.777535 2.9018 0.36 0.101665 0.672475
0.866534 2.66692 0.16 0.132323 0.702735
0.928337 2.85713 0.36 0.113444 0.651299
0.777535 2.9018 0.36 0.101665 0.672475
0.567584 0.19563 -0 0.472739 0.997115
0.567584 0.193185 -0 0.474027 0.997252
0.567584 0.391259 -0 0.42001 0.98785
0.567584 0.193185 -0 0.474027 0.997252
0.567584 0.38637 -0 0.421227 0.988145
0.567584 0.391259 -0 0.42001 0.98785
0.567584 0.391259 -0 0.42001 0.98785
0.567584 0.38637 -0 0.421227 0.988145
0.567584 0.586889 -0 0.37005 0.972282
0.567584 0.38637 -0 0.421227 0.988145
0.567584 0.579556 -0 0.372261 0.973116
0.567584 0.586889 -0 0.37005 0.972282
0.567584 0.586889 -0 0.37005 0.972282
0.567584 0.579556 -0 0.372261 0.973116
0.567584 0.782518 -0 0.327387 0.953431
0.567584 0.579556 -0 0.372261 0.973116
0.567584 0.772741 -0 0.329347 0.954415
0.567584 0.782518 -0 0.327387 0.953431
0.567584 0.782518 -0 0.327387 0.953431
0.567584 0.772741 -0 0.329347 0.954415
0.567584 0.978148 -0 0.28965 0.931169
0.567584 0.772741 -0 0.329347 0.954415
0.567584 0.965926 -0 0.291354 0.932228
0.567584 0.978148 -0 0.28965 0.931169
0.567584 0.978148 -0 0.28965 0.931169
0.567584 0.965926 -0 0.291354 0.932228
0.567584 1.17378 -0 0.257348 0.909219
0.567584 0.965926 -0 0.291354 0.932228
0.567584 1.15911 -0 0.259547 0.91083
0.567584 1.17378 -0 0.257348 0.909219
0.567584 1.17378 -0 0.257348 0.909219
0.567584 1.15911 -0 0.259547 0.91083
0.567584 1.36941 -0 0.229707 0.887414
0.567584 1.15911 -0 0.259547 0.91083
0.567584 1.3523 -0 0.232215 0.889515
0.567584 1.36941 -0 0.229707 0.887414
0.567584 1.36941 -0 0.229707 0.887414
0.567584 1.3523 -0 0.232215 0.889515
0.567584 1.56504 -0 0.206664 0.866893
0.567584 1.3523 -0 0.232215 0.889515
0.567584 1.54548 -0 0.20881 0.8689
0.567584 1.56504 -0 0.206664 0.866893
0.567584 1.56504 -0 0.206664 0.866893
0.567584 1.54548 -0 0.20881 0.8689
0.567584 1.76067 -0 0.18709 0.846781
0.567584 1.54548 -0 0.20881 0.8689
0.567584 1.73867 -0 0.188936 0.848671
0.567584 1.76067 -0 0.18709 0.846781
0.567584 1.76067 -0 0.18709 0.846781
0.567584 1.73867 -0 0.188936 0.848671
0.567584 1.9563 -0 0.170494 0.829029
0.567584 1.73867 -0 0.188936 0.848671
0.567584 1.93185 -0 0.172086 0.830793
0.567584 1.9563 -0 0.170494 0.829029
0.567584 1.9563 -0 0.170494 0.829029
0.567584 1.93185 -0 0.172086 0.830793
0.567584 2.15192 -0 0.156138 0.812513
0.567584 1.93185 -0 0.172086 0.830793
0.569402 2.12504 -0 0.157958 0.813876
0.567584 2.15192 -0 0.156138 0.812513
0.567584 2.15192 -0 0.156138 0.812513
0.569402 2.12504 -0 0.157958 0.813876
0.567584 2.54726 0.04 0.129267 0.776908
0.569402 2.12504 -0 0.157958 0.813876
0.674007 2.51543 0.04 0.13719 0.760654
0.567584 2.54726 0.04 0.129267 0.776908
0.567584 2.54726 0.04 0.129267 0.776908
0.674007 2.51543 0.04 0.13719 0.760654
0.583018 2.74289 0.16 0.110819 0.743096
0.674007 2.51543 0.04 0.13719 0.760654
0.725771 2.70861 0.16 0.12129 0.722667
0.583018 2.74289 0.16 0.110819 0.743096
