0.193185 0.530019 -0 0.552812 0.996862
0.19563 0.530019 -0 0.552812 0.996862
0.38637 0.530019 -0 0.60557 0.986064
0.19563 0.530019 -0 0.552812 0.996862
0.391259 0.530019 -0 0.606811 0.985751
0.38637 0.530019 -0 0.60557 0.986064
0.38637 0.530019 -0 0.60557 0.986064
0.391259 0.530019 -0 0.606811 0.985751
0.579556 0.530019 -0 0.654209 0.970764
0.391259 0.530019 -0 0.606811 0.985751
0.586889 0.530019 -0 0.656455 0.969903
0.579556 0.530019 -0 0.654209 0.970764
0.579556 0.530019 -0 0.654209 0.970764
0.586889 0.530019 -0 0.656455 0.969903
0.772741 0.530019 -0 0.698664 0.951092
0.586889 0.530019 -0 0.656455 0.969903
0.782518 0.530019 -0 0.700636 0.950087
0.772741 0.530019 -0 0.698664 0.951092
0.772741 0.530019 -0 0.698664 0.951092
0.782518 0.530019 -0 0.700636 0.950087
0.965926 0.530019 -0 0.737645 0.927986
0.782518 0.530019 -0 0.700636 0.950087
0.978148 0.530019 -0 0.740188 0.926383
0.965926 0.530019 -0 0.737645 0.927986
0.965926 0.530019 -0 0.737645 0.927986
0.978148 0.530019 -0 0.740188 0.926383
1.15911 0.530019 -0 0.771455 0.904899
0.978148 0.530019 -0 0.740188 0.926383
1.17378 0.530019 -0 0.77361 0.903293
1.15911 0.530019 -0 0.771455 0.904899
1.15911 0.530019 -0 0.771455 0.904899
1.17378 0.530019 -0 0.77361 0.903293
1.3523 0.530019 -0 0.800368 0.880973
1.17378 0.530019 -0 0.77361 0.903293
1.36941 0.530019 -0 0.802787 0.878911
1.3523 0.530019 -0 0.800368 0.880973
1.3523 0.530019 -0 0.800368 0.880973
1.36941 0.530019 -0 0.802787 0.878911
1.54548 0.530019 -0 0.824987 0.858884
1.36941 0.530019 -0 0.802787 0.878911
1.56504 0.530019 -0 0.82702 0.856946
1.54548 0.530019 -0 0.824987 0.858884
1.54548 0.530019 -0 0.824987 0.858884
1.56504 0.530019 -0 0.82702 0.856946
1.73867 0.530019 -0 0.845992 0.837091
1.56504 0.530019 -0 0.82702 0.856946
1.76067 0.530019 -0 0.84813 0.834854
1.73867 0.530019 -0 0.845992 0.837091
1.73867 0.530019 -0 0.845992 0.837091
1.76067 0.530019 -0 0.84813 0.834854
1.93185 0.530019 -0 0.863494 0.818123
1.76067 0.530019 -0 0.84813 0.834854
1.9563 0.530019 -0 0.865666 0.815662
1.93185 0.530019 -0 0.863494 0.818123
1.93185 0.530019 -0 0.863494 0.818123
1.9563 0.530019 -0 0.865666 0.815662
2.12504 0.569402 -0 0.875945 0.791755
1.9563 0.530019 -0 0.865666 0.815662
2.15192 0.530019 -0 0.880773 0.797035
2.12504 0.569402 -0 0.875945 0.791755
2.12504 0.569402 -0 0.875945 0.791755
2.15192 0.530019 -0 0.880773 0.797035
2.51543 0.674007 0.04 0.896908 0.736332
2.15192 0.530019 -0 0.880773 0.797035
2.54726 0.541436 0.04 0.907898 0.756527
2.51543 0.674007 0.04 0.896908 0.736332
2.51543 0.674007 0.04 0.896908 0.736332
2.54726 0.541436 0.04 0.907898 0.756527
2.70861 0.725771 0.16 0.912482 0.695498
2.54726 0.541436 0.04 0.907898 0.756527
2.74289 0.583018 0.16 0.924314 0.716142
2.70861 0.725771 0.16 0.912482 0.695498
2.70861 0.725771 0.16 0.912482 0.695498
2.74289 0.583018 0.16 0.924314 0.716142
2.9018 0.777535 0.36 0.931051 0.642465
0.190211 0.530019 -0 0.551495 0.997013
0.193185 0.530019 -0 0.552812 0.996862
0.380423 0.530019 -0 0.604327 0.986373
0.193185 0.530019 -0 0.552812 0.996862
0.38637 0.530019 -0 0.60557 0.986064
0.380423 0.530019 -0 0.604327 0.986373
0.380423 0.530019 -0 0.604327 0.986373
0.38637 0.530019 -0 0.60557 0.986064
0.570634 0.530019 -0 0.651951 0.971615
0.38637 0.530019 -0 0.60557 0.986064
0.579556 0.530019 -0 0.654209 0.970764
0.570634 0.530019 -0 0.651951 0.971615
0.570634 0.530019 -0 0.651951 0.971615
0.579556 0.530019 -0 0.654209 0.970764
0.760845 0.530019 -0 0.696679 0.952093
0.579556 0.530019 -0 0.654209 0.970764
0.772741 0.530019 -0 0.698664 0.951092
0.760845 0.530019 -0 0.696679 0.952093
0.760845 0.530019 -0 0.696679 0.952093
0.772741 0.530019 -0 0.698664 0.951092
0.951057 0.530019 -0 0.735074 0.929586
0.772741 0.530019 -0 0.698664 0.951092
0.965926 0.530019 -0 0.737645 0.927986
0.951057 0.530019 -0 0.735074 0.929586
0.951057 0.530019 -0 0.735074 0.929586
0.965926 0.530019 -0 0.737645 0.927986
1.14127 0.530019 -0 0.768541 0.907043
0.965926 0.530019 -0 0.737645 0.927986
1.15911 0.530019 -0 0.771455 0.904899
1.14127 0.530019 -0 0.768541 0.907043
1.14127 0.530019 -0 0.768541 0.907043
1.15911 0.530019 -0 0.771455 0.904899
1.33148 0.530019 -0 0.79791 0.883045
1.15911 0.530019 -0 0.771455 0.904899
1.3523 0.530019 -0 0.800368 0.880973
1.33148 0.530019 -0 0.79791 0.883045
1.33148 0.530019 -0 0.79791 0.883045
1.3523 0.530019 -0 0.800368 0.880973
1.52169 0.530019 -0 0.821876 0.861814
1.3523 0.530019 -0 0.800368 0.880973
1.54548 0.530019 -0 0.824987 0.858884
1.52169 0.530019 -0 0.821876 0.861814
1.52169 0.530019 -0 0.821876 0.861814
1.54548 0.530019 -0 0.824987 0.858884
1.7119 0.556231 -0 0.841169 0.834725
1.54548 0.530019 -0 0.824987 0.858884
1.73867 0.530019 -0 0.845992 0.837091
1.7119 0.556231 -0 0.841169 0.834725
1.7119 0.556231 -0 0.841169 0.834725
1.73867 0.530019 -0 0.845992 0.837091
1.90211 0.618034 -0 0.854472 0.801996
1.73867 0.530019 -0 0.845992 0.837091
1.93185 0.530019 -0 0.863494 0.818123
1.90211 0.618034 -0 0.854472 0.801996
1.90211 0.618034 -0 0.854472 0.801996
1.93185 0.530019 -0 0.863494 0.818123
2.09232 0.679837 -0 0.865473 0.773493
1.93185 0.530019 -0 0.863494 0.818123
2.12504 0.569402 -0 0.875945 0.791755
2.09232 0.679837 -0 0.865473 0.773493
2.09232 0.679837 -0 0.865473 0.773493
2.12504 0.569402 -0 0.875945 0.791755
2.47671 0.804731 0.04 0.88547 0.71661
2.12504 0.569402 -0 0.875945 0.791755
2.51543 0.674007 0.04 0.896908 0.736332
2.47671 0.804731 0.04 0.88547 0.71661
2.47671 0.804731 0.04 0.88547 0.71661
2.51543 0.674007 0.04 0.896908 0.736332
2.66692 0.866534 0.16 0.900138 0.676558
2.51543 0.674007 0.04 0.896908 0.736332
2.70861 0.725771 0.16 0.912482 0.695498
2.66692 0.866534 0.16 0.900138 0.676558
2.66692 0.866534 0.16 0.900138 0.676558
2.70861 0.725771 0.16 0.912482 0.695498
2.85713 0.928337 0.36 0.917718 0.622557
2.70861 0.725771 0.16 0.912482 0.695498
2.9018 0.777535 0.36 0.931051 0.642465
2.85713 0.928337 0.36 0.917718 0.622557
2.85713 0.928337 0.36 0.917718 0.622557
2.9018 0.777535 0.36 0.931051 0.642465
3.04734 0.990141 0.64 0.936343 0.556424
0.186716 0.530019 -0 0.550177 0.997161
0.190211 0.530019 -0 0.551495 0.997013
0.373432 0.530019 -0 0.601834 0.986981
0.190211 0.530019 -0 0.551495 0.997013
0.380423 0.530019 -0 0.604327 0.986373
0.373432 0.530019 -0 0.601834 0.986981
0.373432 0.530019 -0 0.601834 0.986981
0.380423 0.530019 -0 0.604327 0.986373
0.560148 0.530019 -0 0.64968 0.972456
0.380423 0.530019 -0 0.604327 0.986373
0.570634 0.530019 -0 0.651951 0.971615
0.560148 0.530019 -0 0.64968 0.972456
0.560148 0.530019 -0 0.64968 0.972456
0.570634 0.530019 -0 0.651951 0.971615
0.746864 0.530019 -0 0.693676 0.953583
0.570634 0.530019 -0 0.651951 0.971615
0.760845 0.530019 -0 0.696679 0.952093
0.746864 0.530019 -0 0.693676 0.953583
0.746864 0.530019 -0 0.693676 0.953583
0.760845 0.530019 -0 0.696679 0.952093
0.93358 0.530019 -0 0.731601 0.931714
0.760845 0.530019 -0 0.696679 0.952093
0.951057 0.530019 -0 0.735074 0.929586
0.93358 0.530019 -0 0.731601 0.931714
0.93358 0.530019 -0 0.731601 0.931714
0.951057 0.530019 -0 0.735074 0.929586
1.1203 0.530019 -0 0.764835 0.909728
0.951057 0.530019 -0 0.735074 0.929586
1.14127 0.530019 -0 0.768541 0.907043
1.1203 0.530019 -0 0.764835 0.909728
1.1203 0.530019 -0 0.764835 0.909728
1.14127 0.530019 -0 0.768541 0.907043
1.30701 0.530019 -0 0.794149 0.886169
1.14127 0.530019 -0 0.768541 0.907043
1.33148 0.530019 -0 0.79791 0.883045
1.30701 0.530019 -0 0.794149 0.886169
1.30701 0.530019 -0 0.794149 0.886169
1.33148 0.530019 -0 0.79791 0.883045
1.49373 0.573389 -0 0.815345 0.854203
1.33148 0.530019 -0 0.79791 0.883045
1.52169 0.530019 -0 0.821876 0.861814
1.49373 0.573389 -0 0.815345 0.854203
1.49373 0.573389 -0 0.815345 0.854203
1.52169 0.530019 -0 0.821876 0.861814
1.68044 0.645062 -0 0.831585 0.81667
1.52169 0.530019 -0 0.821876 0.861814
1.7119 0.556231 -0 0.841169 0.834725
1.68044 0.645062 -0 0.831585 0.81667
1.68044 0.645062 -0 0.831585 0.81667
1.7119 0.556231 -0 0.841169 0.834725
1.86716 0.716736 -0 0.844183 0.784053
1.7119 0.556231 -0 0.841169 0.834725
1.90211 0.618034 -0 0.854472 0.801996
1.86716 0.716736 -0 0.844183 0.784053
1.86716 0.716736 -0 0.844183 0.784053
1.90211 0.618034 -0 0.854472 0.801996
2.05388 0.788409 -0 0.854537 0.755943
1.90211 0.618034 -0 0.854472 0.801996
2.09232 0.679837 -0 0.865473 0.773493
2.05388 0.788409 -0 0.854537 0.755943
2.05388 0.788409 -0 0.854537 0.755943
2.09232 0.679837 -0 0.865473 0.773493
2.4312 0.933249 0.04 0.873531 0.698384
2.09232 0.679837 -0 0.865473 0.773493
2.47671 0.804731 0.04 0.88547 0.71661
2.4312 0.933249 0.04 0.873531 0.698384
2.4312 0.933249 0.04 0.873531 0.698384
2.47671 0.804731 0.04 0.88547 0.71661
2.61791 1.00492 0.16 0.887135 0.657677
2.47671 0.804731 0.04 0.88547 0.71661
2.66692 0.866534 0.16 0.900138 0.676558
2.61791 1.00492 0.16 0.887135 0.657677
2.61791 1.00492 0.16 0.887135 0.657677
2.66692 0.866534 0.16 0.900138 0.676558
2.80463 1.0766 0.36 0.903752 0.604421
2.66692 0.866534 0.16 0.900138 0.676558
2.85713 0.928337 0.36 0.917718 0.622557
2.80463 1.0766 0.36 0.903752 0.604421
2.80463 1.0766 0.36 0.903752 0.604421
2.85713 0.928337 0.36 0.917718 0.622557
2.99134 1.14827 0.64 0.921302 0.538114
2.85713 0.928337 0.36 0.917718 0.622557
3.04734 0.990141 0.64 0.936343 0.556424
2.99134 1.14827 0.64 0.921302 0.538114
2.99134 1.14827 0.64 0.921302 0.538114
3.04734 0.990141 0.64 0.936343 0.556424
3.17806 1.21994 1 0.937819 0.459898
0.182709 0.530019 -0 0.548858 0.997304
0.186716 0.530019 -0 0.550177 0.997161
0.365418 0.530019 -0 0.599331 0.987576
0.186716 0.530019 -0 0.550177 0.997161
0.373432 0.530019 -0 0.601834 0.986981
0.365418 0.530019 -0 0.599331 0.987576
0.365418 0.530019 -0 0.599331 0.987576
0.373432 0.530019 -0 0.601834 0.986981
0.548127 0.530019 -0 0.64625 0.973701
0.373432 0.530019 -0 0.601834 0.986981
0.560148 0.530019 -0 0.64968 0.972456
0.548127 0.530019 -0 0.64625 0.973701
0.548127 0.530019 -0 0.64625 0.973701
0.560148 0.530019 -0 0.64968 0.972456
0.730836 0.530019 -0 0.689626 0.955552
0.560148 0.530019 -0 0.64968 0.972456
0.746864 0.530019 -0 0.693676 0.953583
0.730836 0.530019 -0 0.689626 0.955552
0.730836 0.530019 -0 0.689626 0.955552
0.746864 0.530019 -0 0.693676 0.953583
0.913545 0.530019 -0 0.728076 0.933834
0.746864 0.530019 -0 0.693676 0.953583
0.93358 0.530019 -0 0.731601 0.931714
0.913545 0.530019 -0 0.728076 0.933834
0.913545 0.530019 -0 0.728076 0.933834
0.93358 0.530019 -0 0.731601 0.931714
1.09625 0.530019 -0 0.761055 0.912416
0.93358 0.530019 -0 0.731601 0.931714
1.1203 0.530019 -0 0.764835 0.909728
1.09625 0.530019 -0 0.761055 0.912416
1.09625 0.530019 -0 0.761055 0.912416
1.1203 0.530019 -0 0.764835 0.909728
1.27896 0.569431 -0 0.787288 0.878525
1.1203 0.530019 -0 0.764835 0.909728
1.30701 0.530019 -0 0.794149 0.886169
1.27896 0.569431 -0 0.787288 0.878525
1.27896 0.569431 -0 0.787288 0.878525
1.30701 0.530019 -0 0.794149 0.886169
1.46167 0.650779 -0 0.80599 0.837358
1.30701 0.530019 -0 0.794149 0.886169
1.49373 0.573389 -0 0.815345 0.854203
1.46167 0.650779 -0 0.80599 0.837358
1.46167 0.650779 -0 0.80599 0.837358
1.49373 0.573389 -0 0.815345 0.854203
1.64438 0.732126 -0 0.821215 0.800085
1.49373 0.573389 -0 0.815345 0.854203
1.68044 0.645062 -0 0.831585 0.81667
1.64438 0.732126 -0 0.821215 0.800085
1.64438 0.732126 -0 0.821215 0.800085
1.68044 0.645062 -0 0.831585 0.81667
1.82709 0.813473 -0 0.833315 0.767539
1.68044 0.645062 -0 0.831585 0.81667
1.86716 0.716736 -0 0.844183 0.784053
1.82709 0.813473 -0 0.833315 0.767539
1.82709 0.813473 -0 0.833315 0.767539
1.86716 0.716736 -0 0.844183 0.784053
2.0098 0.894821 -0 0.842941 0.738652
1.86716 0.716736 -0 0.844183 0.784053
2.05388 0.788409 -0 0.854537 0.755943
2.0098 0.894821 -0 0.842941 0.738652
2.0098 0.894821 -0 0.842941 0.738652
2.05388 0.788409 -0 0.854537 0.755943
2.37902 1.05921 0.04 0.860902 0.681748
2.05388 0.788409 -0 0.854537 0.755943
2.4312 0.933249 0.04 0.873531 0.698384
2.37902 1.05921 0.04 0.860902 0.681748
2.37902 1.05921 0.04 0.860902 0.681748
2.4312 0.933249 0.04 0.873531 0.698384
2.56173 1.14056 0.16 0.873941 0.641076
2.4312 0.933249 0.04 0.873531 0.698384
2.61791 1.00492 0.16 0.887135 0.657677
2.56173 1.14056 0.16 0.873941 0.641076
2.56173 1.14056 0.16 0.873941 0.641076
2.61791 1.00492 0.16 0.887135 0.657677
2.74444 1.2219 0.36 0.889463 0.587245
2.61791 1.00492 0.16 0.887135 0.657677
2.80463 1.0766 0.36 0.903752 0.604421
2.74444 1.2219 0.36 0.889463 0.587245
2.74444 1.2219 0.36 0.889463 0.587245
2.80463 1.0766 0.36 0.903752 0.604421
2.92715 1.30325 0.64 0.905832 0.521054
2.80463 1.0766 0.36 0.903752 0.604421
2.99134 1.14827 0.64 0.921302 0.538114
2.92715 1.30325 0.64 0.905832 0.521054
2.92715 1.30325 0.64 0.905832 0.521054
2.99134 1.14827 0.64 0.921302 0.538114
3.10986 1.3846 1 0.921172 0.443374
2.99134 1.14827 0.64 0.921302 0.538114
3.17806 1.21994 1 0.937819 0.459898
3.10986 1.3846 1 0.921172 0.443374
0.178201 0.530019 -0 0.548858 0.997304
0.182709 0.530019 -0 0.548858 0.997304
0.356403 0.530019 -0 0.59664 0.989322
0.182709 0.530019 -0 0.548858 0.997304
0.365418 0.530019 -0 0.599331 0.987576
0.356403 0.530019 -0 0.59664 0.989322
0.356403 0.530019 -0 0.59664 0.989322
0.365418 0.530019 -0 0.599331 0.987576
0.534604 0.530019 -0 0.643949 0.974518
0.365418 0.530019 -0 0.599331 0.987576
0.548127 0.530019 -0 0.64625 0.973701
0.534604 0.530019 -0 0.643949 0.974518
0.534604 0.530019 -0 0.643949 0.974518
0.548127 0.530019 -0 0.64625 0.973701
0.712805 0.530019 -0 0.685522 0.957497
0.548127 0.530019 -0 0.64625 0.973701
0.730836 0.530019 -0 0.689626 0.955552
0.712805 0.530019 -0 0.685522 0.957497
0.712805 0.530019 -0 0.685522 0.957497
0.730836 0.530019 -0 0.689626 0.955552
0.891007 0.530019 -0 0.723597 0.936471
0.730836 0.530019 -0 0.689626 0.955552
0.913545 0.530019 -0 0.728076 0.933834
0.891007 0.530019 -0 0.723597 0.936471
0.891007 0.530019 -0 0.723597 0.936471
0.913545 0.530019 -0 0.728076 0.933834
1.06921 0.544789 -0 0.755747 0.91095
0.913545 0.530019 -0 0.728076 0.933834
1.09625 0.530019 -0 0.761055 0.912416
1.06921 0.544789 -0 0.755747 0.91095
1.06921 0.544789 -0 0.755747 0.91095
1.09625 0.530019 -0 0.761055 0.912416
1.24741 0.635587 -0 0.77805 0.864348
1.09625 0.530019 -0 0.761055 0.912416
1.27896 0.569431 -0 0.787288 0.878525
1.24741 0.635587 -0 0.77805 0.864348
1.24741 0.635587 -0 0.77805 0.864348
1.27896 0.569431 -0 0.787288 0.878525
1.42561 0.726385 -0 0.79564 0.822185
1.27896 0.569431 -0 0.787288 0.878525
1.46167 0.650779 -0 0.80599 0.837358
1.42561 0.726385 -0 0.79564 0.822185
1.42561 0.726385 -0 0.79564 0.822185
1.46167 0.650779 -0 0.80599 0.837358
1.60381 0.817183 -0 0.810153 0.785066
1.46167 0.650779 -0 0.80599 0.837358
1.64438 0.732126 -0 0.821215 0.800085
1.60381 0.817183 -0 0.810153 0.785066
1.60381 0.817183 -0 0.810153 0.785066
1.64438 0.732126 -0 0.821215 0.800085
1.78201 0.907981 -0 0.821793 0.751312
1.64438 0.732126 -0 0.821215 0.800085
1.82709 0.813473 -0 0.833315 0.767539
1.78201 0.907981 -0 0.821793 0.751312
1.78201 0.907981 -0 0.821793 0.751312
1.82709 0.813473 -0 0.833315 0.767539
1.96021 0.998779 -0 0.830655 0.722966
1.82709 0.813473 -0 0.833315 0.767539
2.0098 0.894821 -0 0.842941 0.738652
1.96021 0.998779 -0 0.830655 0.722966
1.96021 0.998779 -0 0.830655 0.722966
2.0098 0.894821 -0 0.842941 0.738652
2.32033 1.18227 0.04 0.847749 0.665357
2.0098 0.894821 -0 0.842941 0.738652
2.37902 1.05921 0.04 0.860902 0.681748
2.32033 1.18227 0.04 0.847749 0.665357
2.32033 1.18227 0.04 0.847749 0.665357
2.37902 1.05921 0.04 0.860902 0.681748
2.49853 1.27306 0.16 0.86028 0.623112
2.37902 1.05921 0.04 0.860902 0.681748
2.56173 1.14056 0.16 0.873941 0.641076
2.49853 1.27306 0.16 0.86028 0.623112
2.49853 1.27306 0.16 0.86028 0.623112
2.56173 1.14056 0.16 0.873941 0.641076
2.67673 1.36386 0.36 0.874722 0.570214
2.56173 1.14056 0.16 0.873941 0.641076
2.74444 1.2219 0.36 0.889463 0.587245
2.67673 1.36386 0.36 0.874722 0.570214
2.67673 1.36386 0.36 0.874722 0.570214
2.74444 1.2219 0.36 0.889463 0.587245
2.85493 1.45466 0.64 0.890012 0.504627
2.74444 1.2219 0.36 0.889463 0.587245
2.92715 1.30325 0.64 0.905832 0.521054
2.85493 1.45466 0.64 0.890012 0.504627
2.85493 1.45466 0.64 0.890012 0.504627
2.92715 1.30325 0.64 0.905832 0.521054
3.03313 1.54546 1 0.904157 0.427942
2.92715 1.30325 0.64 0.905832 0.521054
3.10986 1.3846 1 0.921172 0.443374
3.03313 1.54546 1 0.904157 0.427942
3.03313 1.54546 1 0.904157 0.427942
3.10986 1.3846 1 0.921172 0.443374
3.21133 1.63626 1.44 0.915047 0.339054
0.173205 0.530019 -0 0.546216 0.997578
0.178201 0.530019 -0 0.548858 0.997304
0.34641 0.530019 -0 0.594124 0.989888
0.178201 0.530019 -0 0.548858 0.997304
0.356403 0.530019 -0 0.59664 0.989322
0.34641 0.530019 -0 0.594124 0.989888
0.34641 0.530019 -0 0.594124 0.989888
0.356403 0.530019 -0 0.59664 0.989322
0.519615 0.530019 -0 0.63931 0.976122
0.356403 0.530019 -0 0.59664 0.989322
0.534604 0.530019 -0 0.643949 0.974518
0.519615 0.530019 -0 0.63931 0.976122
0.519615 0.530019 -0 0.63931 0.976122
0.534604 0.530019 -0 0.643949 0.974518
0.69282 0.530019 -0 0.681366 0.959418
0.534604 0.530019 -0 0.643949 0.974518
0.712805 0.530019 -0 0.685522 0.957497
0.69282 0.530019 -0 0.681366 0.959418
0.69282 0.530019 -0 0.681366 0.959418
0.712805 0.530019 -0 0.685522 0.957497
0.866025 0.530019 -0 0.719036 0.939092
0.712805 0.530019 -0 0.685522 0.957497
0.891007 0.530019 -0 0.723597 0.936471
0.866025 0.530019 -0 0.719036 0.939092
0.866025 0.530019 -0 0.719036 0.939092
0.891007 0.530019 -0 0.723597 0.936471
1.03923 0.6 -0 0.746705 0.898209
0.891007 0.530019 -0 0.723597 0.936471
1.06921 0.544789 -0 0.755747 0.91095
1.03923 0.6 -0 0.746705 0.898209
1.03923 0.6 -0 0.746705 0.898209
1.06921 0.544789 -0 0.755747 0.91095
1.21244 0.7 -0 0.76832 0.850039
1.06921 0.544789 -0 0.755747 0.91095
1.24741 0.635587 -0 0.77805 0.864348
1.21244 0.7 -0 0.76832 0.850039
1.21244 0.7 -0 0.76832 0.850039
1.24741 0.635587 -0 0.77805 0.864348
1.38564 0.8 -0 0.784849 0.808004
1.24741 0.635587 -0 0.77805 0.864348
1.42561 0.726385 -0 0.79564 0.822185
1.38564 0.8 -0 0.784849 0.808004
1.38564 0.8 -0 0.784849 0.808004
1.42561 0.726385 -0 0.79564 0.822185
1.55885 0.9 -0 0.798672 0.769677
1.42561 0.726385 -0 0.79564 0.822185
1.60381 0.817183 -0 0.810153 0.785066
1.55885 0.9 -0 0.798672 0.769677
1.55885 0.9 -0 0.798672 0.769677
1.60381 0.817183 -0 0.810153 0.785066
1.73205 1 -0 0.809985 0.736081
1.60381 0.817183 -0 0.810153 0.785066
1.78201 0.907981 -0 0.821793 0.751312
1.73205 1 -0 0.809985 0.736081
1.73205 1 -0 0.809985 0.736081
1.78201 0.907981 -0 0.821793 0.751312
1.90526 1.1 -0 0.818679 0.706443
1.78201 0.907981 -0 0.821793 0.751312
1.96021 0.998779 -0 0.830655 0.722966
1.90526 1.1 -0 0.818679 0.706443
1.90526 1.1 -0 0.818679 0.706443
1.96021 0.998779 -0 0.830655 0.722966
2.25527 1.30208 0.04 0.834162 0.650355
1.96021 0.998779 -0 0.830655 0.722966
2.32033 1.18227 0.04 0.847749 0.665357
2.25527 1.30208 0.04 0.834162 0.650355
2.25527 1.30208 0.04 0.834162 0.650355
2.32033 1.18227 0.04 0.847749 0.665357
2.42848 1.40208 0.16 0.845615 0.608385
2.32033 1.18227 0.04 0.847749 0.665357
2.49853 1.27306 0.16 0.86028 0.623112
2.42848 1.40208 0.16 0.845615 0.608385
2.42848 1.40208 0.16 0.845615 0.608385
2.49853 1.27306 0.16 0.86028 0.623112
2.60168 1.50208 0.36 0.85932 0.554769
2.49853 1.27306 0.16 0.86028 0.623112
2.67673 1.36386 0.36 0.874722 0.570214
2.60168 1.50208 0.36 0.85932 0.554769
2.60168 1.50208 0.36 0.85932 0.554769
2.67673 1.36386 0.36 0.874722 0.570214
2.77489 1.60208 0.64 0.873674 0.490291
2.67673 1.36386 0.36 0.874722 0.570214
2.85493 1.45466 0.64 0.890012 0.504627
2.77489 1.60208 0.64 0.873674 0.490291
2.77489 1.60208 0.64 0.873674 0.490291
2.85493 1.45466 0.64 0.890012 0.504627
2.94809 1.70208 1 0.887077 0.413236
2.85493 1.45466 0.64 0.890012 0.504627
3.03313 1.54546 1 0.904157 0.427942
2.94809 1.70208 1 0.887077 0.413236
2.94809 1.70208 1 0.887077 0.413236
3.03313 1.54546 1 0.904157 0.427942
3.1213 1.80208 1.44 0.896855 0.325499
3.03313 1.54546 1 0.904157 0.427942
3.21133 1.63626 1.44 0.915047 0.339054
3.1213 1.80208 1.44 0.896855 0.325499
3.1213 1.80208 1.44 0.896855 0.325499
3.21133 1.63626 1.44 0.915047 0.339054
3.2945 1.90208 1.96 0.901631 0.232077
0.167734 0.530019 -0 0.544893 0.997708
0.173205 0.530019 -0 0.546216 0.997578
0.335468 0.530019 -0 0.591598 0.990438
0.173205 0.530019 -0 0.546216 0.997578
0.34641 0.530019 -0 0.594124 0.989888
0.335468 0.530019 -0 0.591598 0.990438
0.335468 0.530019 -0 0.591598 0.990438
0.34641 0.530019 -0 0.594124 0.989888
0.503202 0.530019 -0 0.635799 0.977297
0.34641 0.530019 -0 0.594124 0.989888
0.519615 0.530019 -0 0.63931 0.976122
0.503202 0.530019 -0 0.635799 0.977297
0.503202 0.530019 -0 0.635799 0.977297
0.519615 0.530019 -0 0.63931 0.976122
0.670936 0.530019 -0 0.676096 0.961782
0.519615 0.530019 -0 0.63931 0.976122
0.69282 0.530019 -0 0.681366 0.959418
0.670936 0.530019 -0 0.676096 0.961782
0.670936 0.530019 -0 0.676096 0.961782
0.69282 0.530019 -0 0.681366 0.959418
0.838671 0.544639 -0 0.711908 0.938761
0.69282 0.530019 -0 0.681366 0.959418
0.866025 0.530019 -0 0.719036 0.939092
0.838671 0.544639 -0 0.711908 0.938761
0.838671 0.544639 -0 0.711908 0.938761
0.866025 0.530019 -0 0.719036 0.939092
1.0064 0.653567 -0 0.737637 0.885604
0.866025 0.530019 -0 0.719036 0.939092
1.03923 0.6 -0 0.746705 0.898209
1.0064 0.653567 -0 0.737637 0.885604
1.0064 0.653567 -0 0.737637 0.885604
1.03923 0.6 -0 0.746705 0.898209
1.17414 0.762495 -0 0.757941 0.837535
1.03923 0.6 -0 0.746705 0.898209
1.21244 0.7 -0 0.76832 0.850039
1.17414 0.762495 -0 0.757941 0.837535
1.17414 0.762495 -0 0.757941 0.837535
1.21244 0.7 -0 0.76832 0.850039
1.34187 0.871422 -0 0.774264 0.793797
1.21244 0.7 -0 0.76832 0.850039
1.38564 0.8 -0 0.784849 0.808004
1.34187 0.871422 -0 0.774264 0.793797
1.34187 0.871422 -0 0.774264 0.793797
1.38564 0.8 -0 0.784849 0.808004
1.50961 0.98035 -0 0.786807 0.75614
1.38564 0.8 -0 0.784849 0.808004
1.55885 0.9 -0 0.798672 0.769677
1.50961 0.98035 -0 0.786807 0.75614
1.50961 0.98035 -0 0.786807 0.75614
1.55885 0.9 -0 0.798672 0.769677
1.67734 1.08928 -0 0.796944 0.723453
1.55885 0.9 -0 0.798672 0.769677
1.73205 1 -0 0.809985 0.736081
1.67734 1.08928 -0 0.796944 0.723453
1.67734 1.08928 -0 0.796944 0.723453
1.73205 1 -0 0.809985 0.736081
1.84508 1.19821 -0 0.805383 0.692576
1.73205 1 -0 0.809985 0.736081
1.90526 1.1 -0 0.818679 0.706443
1.84508 1.19821 -0 0.805383 0.692576
1.84508 1.19821 -0 0.805383 0.692576
1.90526 1.1 -0 0.818679 0.706443
2.18404 1.41833 0.04 0.820311 0.636011
1.90526 1.1 -0 0.818679 0.706443
2.25527 1.30208 0.04 0.834162 0.650355
2.18404 1.41833 0.04 0.820311 0.636011
2.18404 1.41833 0.04 0.820311 0.636011
2.25527 1.30208 0.04 0.834162 0.650355
2.35177 1.52726 0.16 0.831345 0.594245
2.25527 1.30208 0.04 0.834162 0.650355
2.42848 1.40208 0.16 0.845615 0.608385
2.35177 1.52726 0.16 0.831345 0.594245
2.35177 1.52726 0.16 0.831345 0.594245
2.42848 1.40208 0.16 0.845615 0.608385
2.5195 1.63618 0.36 0.844164 0.540218
2.42848 1.40208 0.16 0.845615 0.608385
2.60168 1.50208 0.36 0.85932 0.554769
2.5195 1.63618 0.36 0.844164 0.540218
2.5195 1.63618 0.36 0.844164 0.540218
2.60168 1.50208 0.36 0.85932 0.554769
2.68724 1.74511 0.64 0.857082 0.475811
2.60168 1.50208 0.36 0.85932 0.554769
2.77489 1.60208 0.64 0.873674 0.490291
2.68724 1.74511 0.64 0.857082 0.475811
2.68724 1.74511 0.64 0.857082 0.475811
2.77489 1.60208 0.64 0.873674 0.490291
2.85497 1.85404 1 0.869337 0.399404
2.77489 1.60208 0.64 0.873674 0.490291
2.94809 1.70208 1 0.887077 0.413236
2.85497 1.85404 1 0.869337 0.399404
2.85497 1.85404 1 0.869337 0.399404
2.94809 1.70208 1 0.887077 0.413236
3.02271 1.96297 1.44 0.878481 0.313256
2.94809 1.70208 1 0.887077 0.413236
3.1213 1.80208 1.44 0.896855 0.325499
3.02271 1.96297 1.44 0.878481 0.313256
3.02271 1.96297 1.44 0.878481 0.313256
3.1213 1.80208 1.44 0.896855 0.325499
3.19044 2.0719 1.96 0.88232 0.219879
3.1213 1.80208 1.44 0.896855 0.325499
3.2945 1.90208 1.96 0.901631 0.232077
3.19044 2.0719 1.96 0.88232 0.219879
0.161803 0.530019 -0 0.543569 0.997835
0.167734 0.530019 -0 0.544893 0.997708
0.323607 0.530019 -0 0.587794 0.991237
0.167734 0.530019 -0 0.544893 0.997708
0.335468 0.530019 -0 0.591598 0.990438
0.323607 0.530019 -0 0.587794 0.991237
0.323607 0.530019 -0 0.587794 0.991237
0.335468 0.530019 -0 0.591598 0.990438
0.48541 0.530019 -0 0.631078 0.978825
0.335468 0.530019 -0 0.591598 0.990438
0.503202 0.530019 -0 0.635799 0.977297
0.48541 0.530019 -0 0.631078 0.978825
0.48541 0.530019 -0 0.631078 0.978825
0.503202 0.530019 -0 0.635799 0.977297
0.647214 0.530019 -0 0.670745 0.964102
0.503202 0.530019 -0 0.635799 0.977297
0.670936 0.530019 -0 0.676096 0.961782
0.647214 0.530019 -0 0.670745 0.964102
0.647214 0.530019 -0 0.670745 0.964102
0.670936 0.530019 -0 0.676096 0.961782
0.809017 0.587785 -0 0.703659 0.927235
0.670936 0.530019 -0 0.676096 0.961782
0.838671 0.544639 -0 0.711908 0.938761
0.809017 0.587785 -0 0.703659 0.927235
0.809017 0.587785 -0 0.703659 0.927235
0.838671 0.544639 -0 0.711908 0.938761
0.97082 0.705342 -0 0.727809 0.874011
0.838671 0.544639 -0 0.711908 0.938761
1.0064 0.653567 -0 0.737637 0.885604
0.97082 0.705342 -0 0.727809 0.874011
0.97082 0.705342 -0 0.727809 0.874011
1.0064 0.653567 -0 0.737637 0.885604
1.13262 0.822899 -0 0.746855 0.82462
1.0064 0.653567 -0 0.737637 0.885604
1.17414 0.762495 -0 0.757941 0.837535
1.13262 0.822899 -0 0.746855 0.82462
1.13262 0.822899 -0 0.746855 0.82462
1.17414 0.762495 -0 0.757941 0.837535
1.29443 0.940456 -0 0.762537 0.780964
1.17414 0.762495 -0 0.757941 0.837535
1.34187 0.871422 -0 0.774264 0.793797
1.29443 0.940456 -0 0.762537 0.780964
1.29443 0.940456 -0 0.762537 0.780964
1.34187 0.871422 -0 0.774264 0.793797
1.45623 1.05801 -0 0.77441 0.74379
1.34187 0.871422 -0 0.774264 0.793797
1.50961 0.98035 -0 0.786807 0.75614
1.45623 1.05801 -0 0.77441 0.74379
1.45623 1.05801 -0 0.77441 0.74379
1.50961 0.98035 -0 0.786807 0.75614
1.61803 1.17557 -0 0.784145 0.709922
1.50961 0.98035 -0 0.786807 0.75614
1.67734 1.08928 -0 0.796944 0.723453
1.61803 1.17557 -0 0.784145 0.709922
1.61803 1.17557 -0 0.784145 0.709922
1.67734 1.08928 -0 0.796944 0.723453
1.77984 1.29313 -0 0.791936 0.679877
1.67734 1.08928 -0 0.796944 0.723453
1.84508 1.19821 -0 0.805383 0.692576
1.77984 1.29313 -0 0.791936 0.679877
1.77984 1.29313 -0 0.791936 0.679877
1.84508 1.19821 -0 0.805383 0.692576
2.10681 1.53069 0.04 0.806186 0.621141
1.84508 1.19821 -0 0.805383 0.692576
2.18404 1.41833 0.04 0.820311 0.636011
2.10681 1.53069 0.04 0.806186 0.621141
2.10681 1.53069 0.04 0.806186 0.621141
2.18404 1.41833 0.04 0.820311 0.636011
2.26862 1.64825 0.16 0.815869 0.579987
2.18404 1.41833 0.04 0.820311 0.636011
2.35177 1.52726 0.16 0.831345 0.594245
2.26862 1.64825 0.16 0.815869 0.579987
2.26862 1.64825 0.16 0.815869 0.579987
2.35177 1.52726 0.16 0.831345 0.594245
2.43042 1.7658 0.36 0.827952 0.527609
2.35177 1.52726 0.16 0.831345 0.594245
2.5195 1.63618 0.36 0.844164 0.540218
2.43042 1.7658 0.36 0.827952 0.527609
2.43042 1.7658 0.36 0.827952 0.527609
2.5195 1.63618 0.36 0.844164 0.540218
2.59222 1.88336 0.64 0.840272 0.461727
2.5195 1.63618 0.36 0.844164 0.540218
2.68724 1.74511 0.64 0.857082 0.475811
2.59222 1.88336 0.64 0.840272 0.461727
2.59222 1.88336 0.64 0.840272 0.461727
2.68724 1.74511 0.64 0.857082 0.475811
2.75403 2.00092 1 0.85156 0.385528
2.68724 1.74511 0.64 0.857082 0.475811
2.85497 1.85404 1 0.869337 0.399404
2.75403 2.00092 1 0.85156 0.385528
2.75403 2.00092 1 0.85156 0.385528
2.85497 1.85404 1 0.869337 0.399404
2.91583 2.11847 1.44 0.859484 0.300205
2.85497 1.85404 1 0.869337 0.399404
3.02271 1.96297 1.44 0.878481 0.313256
2.91583 2.11847 1.44 0.859484 0.300205
2.91583 2.11847 1.44 0.859484 0.300205
3.02271 1.96297 1.44 0.878481 0.313256
3.07763 2.23603 1.96 0.862952 0.209398
3.02271 1.96297 1.44 0.878481 0.313256
3.19044 2.0719 1.96 0.88232 0.219879
3.07763 2.23603 1.96 0.862952 0.209398
3.07763 2.23603 1.96 0.862952 0.209398
3.19044 2.0719 1.96 0.88232 0.219879
3.23944 2.35359 2.56 0.861025 0.11836
0.155429 0.530019 -0 0.542245 0.997957
0.161803 0.530019 -0 0.543569 0.997835
0.310858 0.530019 -0 0.585248 0.991751
0.161803 0.530019 -0 0.543569 0.997835
0.323607 0.530019 -0 0.587794 0.991237
0.310858 0.530019 -0 0.585248 0.991751
0.310858 0.530019 -0 0.585248 0.991751
0.323607 0.530019 -0 0.587794 0.991237
0.466288 0.530019 -0 0.626311 0.980308
0.323607 0.530019 -0 0.587794 0.991237
0.48541 0.530019 -0 0.631078 0.978825
0.466288 0.530019 -0 0.626311 0.980308
0.466288 0.530019 -0 0.626311 0.980308
0.48541 0.530019 -0 0.631078 0.978825
0.621717 0.530019 -0 0.664217 0.966823
0.48541 0.530019 -0 0.631078 0.978825
0.647214 0.530019 -0 0.670745 0.964102
0.621717 0.530019 -0 0.664217 0.966823
0.621717 0.530019 -0 0.664217 0.966823
0.647214 0.530019 -0 0.670745 0.964102
0.777146 0.62932 -0 0.693961 0.917264
0.647214 0.530019 -0 0.670745 0.964102
0.809017 0.587785 -0 0.703659 0.927235
0.777146 0.62932 -0 0.693961 0.917264
0.777146 0.62932 -0 0.693961 0.917264
0.809017 0.587785 -0 0.703659 0.927235
0.932575 0.755184 -0 0.71763 0.862175
0.809017 0.587785 -0 0.703659 0.927235
0.97082 0.705342 -0 0.727809 0.874011
0.932575 0.755184 -0 0.71763 0.862175
0.932575 0.755184 -0 0.71763 0.862175
0.97082 0.705342 -0 0.727809 0.874011
1.088 0.881049 -0 0.735508 0.814522
0.97082 0.705342 -0 0.727809 0.874011
1.13262 0.822899 -0 0.746855 0.82462
1.088 0.881049 -0 0.735508 0.814522
1.088 0.881049 -0 0.735508 0.814522
1.13262 0.822899 -0 0.746855 0.82462
1.24343 1.00691 -0 0.749732 0.769946
1.13262 0.822899 -0 0.746855 0.82462
1.29443 0.940456 -0 0.762537 0.780964
1.24343 1.00691 -0 0.749732 0.769946
1.24343 1.00691 -0 0.749732 0.769946
1.29443 0.940456 -0 0.762537 0.780964
1.39886 1.13278 -0 0.762002 0.731125
1.29443 0.940456 -0 0.762537 0.780964
1.45623 1.05801 -0 0.77441 0.74379
1.39886 1.13278 -0 0.762002 0.731125
1.39886 1.13278 -0 0.762002 0.731125
1.45623 1.05801 -0 0.77441 0.74379
1.55429 1.25864 -0 0.771156 0.696109
1.45623 1.05801 -0 0.77441 0.74379
1.61803 1.17557 -0 0.784145 0.709922
1.55429 1.25864 -0 0.771156 0.696109
1.55429 1.25864 -0 0.771156 0.696109
1.61803 1.17557 -0 0.784145 0.709922
1.70972 1.3845 -0 0.778153 0.667136
1.61803 1.17557 -0 0.784145 0.709922
1.77984 1.29313 -0 0.791936 0.679877
1.70972 1.3845 -0 0.778153 0.667136
1.70972 1.3845 -0 0.778153 0.667136
1.77984 1.29313 -0 0.791936 0.679877
2.02381 1.63885 0.04 0.791288 0.608444
1.77984 1.29313 -0 0.791936 0.679877
2.10681 1.53069 0.04 0.806186 0.621141
2.02381 1.63885 0.04 0.791288 0.608444
2.02381 1.63885 0.04 0.791288 0.608444
2.10681 1.53069 0.04 0.806186 0.621141
2.17924 1.76472 0.16 0.800755 0.567844
2.10681 1.53069 0.04 0.806186 0.621141
2.26862 1.64825 0.16 0.815869 0.579987
2.17924 1.76472 0.16 0.800755 0.567844
2.17924 1.76472 0.16 0.800755 0.567844
2.26862 1.64825 0.16 0.815869 0.579987
2.33467 1.89058 0.36 0.811724 0.513405
2.26862 1.64825 0.16 0.815869 0.579987
2.43042 1.7658 0.36 0.827952 0.527609
2.33467 1.89058 0.36 0.811724 0.513405
2.33467 1.89058 0.36 0.811724 0.513405
2.43042 1.7658 0.36 0.827952 0.527609
2.4901 2.01645 0.64 0.822912 0.448443
2.43042 1.7658 0.36 0.827952 0.527609
2.59222 1.88336 0.64 0.840272 0.461727
2.4901 2.01645 0.64 0.822912 0.448443
2.4901 2.01645 0.64 0.822912 0.448443
2.59222 1.88336 0.64 0.840272 0.461727
2.64553 2.14231 1 0.833609 0.373343
2.59222 1.88336 0.64 0.840272 0.461727
2.75403 2.00092 1 0.85156 0.385528
2.64553 2.14231 1 0.833609 0.373343
2.64553 2.14231 1 0.833609 0.373343
2.75403 2.00092 1 0.85156 0.385528
2.80096 2.26817 1.44 0.840378 0.288878
2.75403 2.00092 1 0.85156 0.385528
2.91583 2.11847 1.44 0.859484 0.300205
2.80096 2.26817 1.44 0.840378 0.288878
2.80096 2.26817 1.44 0.840378 0.288878
2.91583 2.11847 1.44 0.859484 0.300205
2.95639 2.39404 1.96 0.843783 0.20052
2.91583 2.11847 1.44 0.859484 0.300205
3.07763 2.23603 1.96 0.862952 0.209398
2.95639 2.39404 1.96 0.843783 0.20052
2.95639 2.39404 1.96 0.843783 0.20052
3.07763 2.23603 1.96 0.862952 0.209398
3.11182 2.5199 2.56 0.841031 0.109488
3.07763 2.23603 1.96 0.862952 0.209398
3.23944 2.35359 2.56 0.861025 0.11836
3.11182 2.5199 2.56 0.841031 0.109488
0.148629 0.530019 -0 0.539592 0.998188
0.155429 0.530019 -0 0.542245 0.997957
0.297258 0.530019 -0 0.581413 0.992494
0.155429 0.530019 -0 0.542245 0.997957
0.310858 0.530019 -0 0.585248 0.991751
0.297258 0.530019 -0 0.581413 0.992494
0.297258 0.530019 -0 0.581413 0.992494
0.310858 0.530019 -0 0.585248 0.991751
0.445887 0.530019 -0 0.6215 0.981744
0.310858 0.530019 -0 0.585248 0.991751
0.466288 0.530019 -0 0.626311 0.980308
0.445887 0.530019 -0 0.6215 0.981744
0.445887 0.530019 -0 0.6215 0.981744
0.466288 0.530019 -0 0.626311 0.980308
0.594516 0.535304 -0 0.658117 0.967049
0.466288 0.530019 -0 0.626311 0.980308
0.621717 0.530019 -0 0.664217 0.966823
0.594516 0.535304 -0 0.658117 0.967049
0.594516 0.535304 -0 0.658117 0.967049
0.621717 0.530019 -0 0.664217 0.966823
0.743145 0.669131 -0 0.685015 0.908189
0.621717 0.530019 -0 0.664217 0.966823
0.777146 0.62932 -0 0.693961 0.917264
0.743145 0.669131 -0 0.685015 0.908189
0.743145 0.669131 -0 0.685015 0.908189
0.777146 0.62932 -0 0.693961 0.917264
0.891774 0.802957 -0 0.706897 0.851947
0.777146 0.62932 -0 0.693961 0.917264
0.932575 0.755184 -0 0.71763 0.862175
0.891774 0.802957 -0 0.706897 0.851947
0.891774 0.802957 -0 0.706897 0.851947
0.932575 0.755184 -0 0.71763 0.862175
1.0404 0.936783 -0 0.724068 0.802813
0.932575 0.755184 -0 0.71763 0.862175
1.088 0.881049 -0 0.735508 0.814522
1.0404 0.936783 -0 0.724068 0.802813
1.0404 0.936783 -0 0.724068 0.802813
1.088 0.881049 -0 0.735508 0.814522
1.18903 1.07061 -0 0.737263 0.758763
1.088 0.881049 -0 0.735508 0.814522
1.24343 1.00691 -0 0.749732 0.769946
1.18903 1.07061 -0 0.737263 0.758763
1.18903 1.07061 -0 0.737263 0.758763
1.24343 1.00691 -0 0.749732 0.769946
1.33766 1.20444 -0 0.748888 0.718774
1.24343 1.00691 -0 0.749732 0.769946
1.39886 1.13278 -0 0.762002 0.731125
1.33766 1.20444 -0 0.748888 0.718774
1.33766 1.20444 -0 0.748888 0.718774
1.39886 1.13278 -0 0.762002 0.731125
1.48629 1.33826 -0 0.757102 0.684795
1.39886 1.13278 -0 0.762002 0.731125
1.55429 1.25864 -0 0.771156 0.696109
1.48629 1.33826 -0 0.757102 0.684795
1.48629 1.33826 -0 0.757102 0.684795
1.55429 1.25864 -0 0.771156 0.696109
1.63492 1.47209 -0 0.763381 0.654911
1.55429 1.25864 -0 0.771156 0.696109
1.70972 1.3845 -0 0.778153 0.667136
1.63492 1.47209 -0 0.763381 0.654911
1.63492 1.47209 -0 0.763381 0.654911
1.70972 1.3845 -0 0.778153 0.667136
1.93527 1.74253 0.04 0.776032 0.596276
1.70972 1.3845 -0 0.778153 0.667136
2.02381 1.63885 0.04 0.791288 0.608444
1.93527 1.74253 0.04 0.776032 0.596276
1.93527 1.74253 0.04 0.776032 0.596276
2.02381 1.63885 0.04 0.791288 0.608444
2.0839 1.87635 0.16 0.785224 0.554231
2.02381 1.63885 0.04 0.791288 0.608444
2.17924 1.76472 0.16 0.800755 0.567844
2.0839 1.87635 0.16 0.785224 0.554231
2.0839 1.87635 0.16 0.785224 0.554231
2.17924 1.76472 0.16 0.800755 0.567844
2.23253 2.01018 0.36 0.795388 0.502216
2.17924 1.76472 0.16 0.800755 0.567844
2.33467 1.89058 0.36 0.811724 0.513405
2.23253 2.01018 0.36 0.795388 0.502216
2.23253 2.01018 0.36 0.795388 0.502216
2.33467 1.89058 0.36 0.811724 0.513405
2.38116 2.144 0.64 0.805719 0.438618
2.33467 1.89058 0.36 0.811724 0.513405
2.4901 2.01645 0.64 0.822912 0.448443
2.38116 2.144 0.64 0.805719 0.438618
2.38116 2.144 0.64 0.805719 0.438618
2.4901 2.01645 0.64 0.822912 0.448443
2.52979 2.27783 1 0.81516 0.363016
2.4901 2.01645 0.64 0.822912 0.448443
2.64553 2.14231 1 0.833609 0.373343
2.52979 2.27783 1 0.81516 0.363016
2.52979 2.27783 1 0.81516 0.363016
2.64553 2.14231 1 0.833609 0.373343
2.67842 2.41166 1.44 0.821381 0.279311
2.64553 2.14231 1 0.833609 0.373343
2.80096 2.26817 1.44 0.840378 0.288878
2.67842 2.41166 1.44 0.821381 0.279311
2.67842 2.41166 1.44 0.821381 0.279311
2.80096 2.26817 1.44 0.840378 0.288878
2.82704 2.54548 1.96 0.823989 0.190422
2.80096 2.26817 1.44 0.840378 0.288878
2.95639 2.39404 1.96 0.843783 0.20052
2.82704 2.54548 1.96 0.823989 0.190422
2.82704 2.54548 1.96 0.823989 0.190422
2.95639 2.39404 1.96 0.843783 0.20052
2.97567 2.67931 2.56 0.82151 0.10272
2.95639 2.39404 1.96 0.843783 0.20052
3.11182 2.5199 2.56 0.841031 0.109488
2.97567 2.67931 2.56 0.82151 0.10272
0.141421 0.530019 -0 0.538265 0.998297
0.148629 0.530019 -0 0.539592 0.998188
0.282843 0.530019 -0 0.577561 0.993203
0.148629 0.530019 -0 0.539592 0.998188
0.297258 0.530019 -0 0.581413 0.992494
0.282843 0.530019 -0 0.577561 0.993203
0.282843 0.530019 -0 0.577561 0.993203
0.297258 0.530019 -0 0.581413 0.992494
0.424264 0.530019 -0 0.615425 0.983469
0.297258 0.530019 -0 0.581413 0.992494
0.445887 0.530019 -0 0.6215 0.981744
0.424264 0.530019 -0 0.615425 0.983469
0.424264 0.530019 -0 0.615425 0.983469
0.445887 0.530019 -0 0.6215 0.981744
0.565685 0.565685 -0 0.649362 0.958889
0.445887 0.530019 -0 0.6215 0.981744
0.594516 0.535304 -0 0.658117 0.967049
0.565685 0.565685 -0 0.649362 0.958889
0.565685 0.565685 -0 0.649362 0.958889
0.594516 0.535304 -0 0.658117 0.967049
0.707107 0.707107 -0 0.675375 0.898245
0.594516 0.535304 -0 0.658117 0.967049
0.743145 0.669131 -0 0.685015 0.908189
0.707107 0.707107 -0 0.675375 0.898245
0.707107 0.707107 -0 0.675375 0.898245
0.743145 0.669131 -0 0.685015 0.908189
0.848528 0.848528 -0 0.696062 0.841957
0.743145 0.669131 -0 0.685015 0.908189
0.891774 0.802957 -0 0.706897 0.851947
0.848528 0.848528 -0 0.696062 0.841957
0.848528 0.848528 -0 0.696062 0.841957
0.891774 0.802957 -0 0.706897 0.851947
0.98995 0.98995 -0 0.71235 0.791388
0.891774 0.802957 -0 0.706897 0.851947
1.0404 0.936783 -0 0.724068 0.802813
0.98995 0.98995 -0 0.71235 0.791388
0.98995 0.98995 -0 0.71235 0.791388
1.0404 0.936783 -0 0.724068 0.802813
1.13137 1.13137 -0 0.72437 0.748086
1.0404 0.936783 -0 0.724068 0.802813
1.18903 1.07061 -0 0.737263 0.758763
1.13137 1.13137 -0 0.72437 0.748086
1.13137 1.13137 -0 0.72437 0.748086
1.18903 1.07061 -0 0.737263 0.758763
1.27279 1.27279 -0 0.734962 0.70917
1.18903 1.07061 -0 0.737263 0.758763
1.33766 1.20444 -0 0.748888 0.718774
1.27279 1.27279 -0 0.734962 0.70917
1.27279 1.27279 -0 0.734962 0.70917
1.33766 1.20444 -0 0.748888 0.718774
1.41421 1.41421 -0 0.74232 0.674237
1.33766 1.20444 -0 0.748888 0.718774
1.48629 1.33826 -0 0.757102 0.684795
1.41421 1.41421 -0 0.74232 0.674237
1.41421 1.41421 -0 0.74232 0.674237
1.48629 1.33826 -0 0.757102 0.684795
1.55563 1.55563 -0 0.748749 0.643197
1.48629 1.33826 -0 0.757102 0.684795
1.63492 1.47209 -0 0.763381 0.654911
1.55563 1.55563 -0 0.748749 0.643197
1.55563 1.55563 -0 0.748749 0.643197
1.63492 1.47209 -0 0.763381 0.654911
1.84142 1.84142 0.04 0.760762 0.584977
1.63492 1.47209 -0 0.763381 0.654911
1.93527 1.74253 0.04 0.776032 0.596276
1.84142 1.84142 0.04 0.760762 0.584977
1.84142 1.84142 0.04 0.760762 0.584977
1.93527 1.74253 0.04 0.776032 0.596276
1.98284 1.98284 0.16 0.768548 0.543997
1.93527 1.74253 0.04 0.776032 0.596276
2.0839 1.87635 0.16 0.785224 0.554231
1.98284 1.98284 0.16 0.768548 0.543997
1.98284 1.98284 0.16 0.768548 0.543997
2.0839 1.87635 0.16 0.785224 0.554231
2.12426 2.12426 0.36 0.778606 0.490096
2.0839 1.87635 0.16 0.785224 0.554231
2.23253 2.01018 0.36 0.795388 0.502216
2.12426 2.12426 0.36 0.778606 0.490096
2.12426 2.12426 0.36 0.778606 0.490096
2.23253 2.01018 0.36 0.795388 0.502216
2.26569 2.26569 0.64 0.787531 0.426102
2.23253 2.01018 0.36 0.795388 0.502216
2.38116 2.144 0.64 0.805719 0.438618
2.26569 2.26569 0.64 0.787531 0.426102
2.26569 2.26569 0.64 0.787531 0.426102
2.38116 2.144 0.64 0.805719 0.438618
2.40711 2.40711 1 0.796657 0.353127
2.38116 2.144 0.64 0.805719 0.438618
2.52979 2.27783 1 0.81516 0.363016
2.40711 2.40711 1 0.796657 0.353127
2.40711 2.40711 1 0.796657 0.353127
2.52979 2.27783 1 0.81516 0.363016
2.54853 2.54853 1.44 0.80205 0.269542
2.52979 2.27783 1 0.81516 0.363016
2.67842 2.41166 1.44 0.821381 0.279311
2.54853 2.54853 1.44 0.80205 0.269542
2.54853 2.54853 1.44 0.80205 0.269542
2.67842 2.41166 1.44 0.821381 0.279311
2.68995 2.68995 1.96 0.804046 0.181819
2.67842 2.41166 1.44 0.821381 0.279311
2.82704 2.54548 1.96 0.823989 0.190422
2.68995 2.68995 1.96 0.804046 0.181819
2.68995 2.68995 1.96 0.804046 0.181819
2.82704 2.54548 1.96 0.823989 0.190422
2.83137 2.83137 2.56 0.801633 0.0957959
2.82704 2.54548 1.96 0.823989 0.190422
2.97567 2.67931 2.56 0.82151 0.10272
2.83137 2.83137 2.56 0.801633 0.0957959
0.133826 0.530019 -0 0.535607 0.998502
0.141421 0.530019 -0 0.538265 0.998297
0.267652 0.530019 -0 0.572399 0.994093
0.141421 0.530019 -0 0.538265 0.998297
0.282843 0.530019 -0 0.577561 0.993203
0.267652 0.530019 -0 0.572399 0.994093
0.267652 0.530019 -0 0.572399 0.994093
0.282843 0.530019 -0 0.577561 0.993203
0.401478 0.530019 -0 0.609284 0.985115
0.282843 0.530019 -0 0.577561 0.993203
0.424264 0.530019 -0 0.615425 0.983469
0.401478 0.530019 -0 0.609284 0.985115
0.401478 0.530019 -0 0.609284 0.985115
0.424264 0.530019 -0 0.615425 0.983469
0.535304 0.594516 -0 0.640724 0.952215
0.424264 0.530019 -0 0.615425 0.983469
0.565685 0.565685 -0 0.649362 0.958889
0.535304 0.594516 -0 0.640724 0.952215
0.535304 0.594516 -0 0.640724 0.952215
0.565685 0.565685 -0 0.649362 0.958889
0.669131 0.743145 -0 0.664433 0.890571
0.565685 0.565685 -0 0.649362 0.958889
0.707107 0.707107 -0 0.675375 0.898245
0.669131 0.743145 -0 0.664433 0.890571
0.669131 0.743145 -0 0.664433 0.890571
0.707107 0.707107 -0 0.675375 0.898245
0.802957 0.891774 -0 0.68378 0.834693
0.707107 0.707107 -0 0.675375 0.898245
0.848528 0.848528 -0 0.696062 0.841957
0.802957 0.891774 -0 0.68378 0.834693
0.802957 0.891774 -0 0.68378 0.834693
0.848528 0.848528 -0 0.696062 0.841957
0.936783 1.0404 -0 0.699043 0.78293
0.848528 0.848528 -0 0.696062 0.841957
0.98995 0.98995 -0 0.71235 0.791388
0.936783 1.0404 -0 0.699043 0.78293
0.936783 1.0404 -0 0.699043 0.78293
0.98995 0.98995 -0 0.71235 0.791388
1.07061 1.18903 -0 0.71121 0.738142
0.98995 0.98995 -0 0.71235 0.791388
1.13137 1.13137 -0 0.72437 0.748086
1.07061 1.18903 -0 0.71121 0.738142
1.07061 1.18903 -0 0.71121 0.738142
1.13137 1.13137 -0 0.72437 0.748086
1.20444 1.33766 -0 0.720838 0.698239
1.13137 1.13137 -0 0.72437 0.748086
1.27279 1.27279 -0 0.734962 0.70917
1.20444 1.33766 -0 0.720838 0.698239
1.20444 1.33766 -0 0.720838 0.698239
1.27279 1.27279 -0 0.734962 0.70917
1.33826 1.48629 -0 0.728101 0.664406
1.27279 1.27279 -0 0.734962 0.70917
1.41421 1.41421 -0 0.74232 0.674237
1.33826 1.48629 -0 0.728101 0.664406
1.33826 1.48629 -0 0.728101 0.664406
1.41421 1.41421 -0 0.74232 0.674237
1.47209 1.63492 -0 0.734661 0.632339
1.41421 1.41421 -0 0.74232 0.674237
1.55563 1.55563 -0 0.748749 0.643197
1.47209 1.63492 -0 0.734661 0.632339
1.47209 1.63492 -0 0.734661 0.632339
1.55563 1.55563 -0 0.748749 0.643197
1.74253 1.93527 0.04 0.744813 0.575021
1.55563 1.55563 -0 0.748749 0.643197
1.84142 1.84142 0.04 0.760762 0.584977
1.74253 1.93527 0.04 0.744813 0.575021
1.74253 1.93527 0.04 0.744813 0.575021
1.84142 1.84142 0.04 0.760762 0.584977
1.87635 2.0839 0.16 0.751959 0.532773
1.84142 1.84142 0.04 0.760762 0.584977
1.98284 1.98284 0.16 0.768548 0.543997
1.87635 2.0839 0.16 0.751959 0.532773
1.87635 2.0839 0.16 0.751959 0.532773
1.98284 1.98284 0.16 0.768548 0.543997
2.01018 2.23253 0.36 0.760814 0.481883
1.98284 1.98284 0.16 0.768548 0.543997
2.12426 2.12426 0.36 0.778606 0.490096
2.01018 2.23253 0.36 0.760814 0.481883
2.01018 2.23253 0.36 0.760814 0.481883
2.12426 2.12426 0.36 0.778606 0.490096
2.144 2.38116 0.64 0.769875 0.417822
2.12426 2.12426 0.36 0.778606 0.490096
2.26569 2.26569 0.64 0.787531 0.426102
2.144 2.38116 0.64 0.769875 0.417822
2.144 2.38116 0.64 0.769875 0.417822
2.26569 2.26569 0.64 0.787531 0.426102
2.27783 2.52979 1 0.778011 0.343637
2.26569 2.26569 0.64 0.787531 0.426102
2.40711 2.40711 1 0.796657 0.353127
2.27783 2.52979 1 0.778011 0.343637
2.27783 2.52979 1 0.778011 0.343637
2.40711 2.40711 1 0.796657 0.353127
2.41166 2.67842 1.44 0.782734 0.261108
2.40711 2.40711 1 0.796657 0.353127
2.54853 2.54853 1.44 0.80205 0.269542
2.41166 2.67842 1.44 0.782734 0.261108
2.41166 2.67842 1.44 0.782734 0.261108
2.54853 2.54853 1.44 0.80205 0.269542
2.54548 2.82704 1.96 0.784351 0.174655
2.54853 2.54853 1.44 0.80205 0.269542
2.68995 2.68995 1.96 0.804046 0.181819
2.54548 2.82704 1.96 0.784351 0.174655
2.54548 2.82704 1.96 0.784351 0.174655
2.68995 2.68995 1.96 0.804046 0.181819
2.67931 2.97567 2.56 0.781173 0.0888481
2.68995 2.68995 1.96 0.804046 0.181819
2.83137 2.83137 2.56 0.801633 0.0957959
2.67931 2.97567 2.56 0.781173 0.0888481
0.125864 0.530019 -0 0.532946 0.99869
0.133826 0.530019 -0 0.535607 0.998502
0.251728 0.530019 -0 0.568509 0.99472
0.133826 0.530019 -0 0.535607 0.998502
0.267652 0.530019 -0 0.572399 0.994093
0.251728 0.530019 -0 0.568509 0.99472
0.251728 0.530019 -0 0.568509 0.99472
0.267652 0.530019 -0 0.572399 0.994093
0.377592 0.530019 -0 0.603082 0.986679
0.267652 0.530019 -0 0.572399 0.994093
0.401478 0.530019 -0 0.609284 0.985115
0.377592 0.530019 -0 0.603082 0.986679
0.377592 0.530019 -0 0.603082 0.986679
0.401478 0.530019 -0 0.609284 0.985115
0.503456 0.621717 -0 0.631599 0.944968
0.401478 0.530019 -0 0.609284 0.985115
0.535304 0.594516 -0 0.640724 0.952215
0.503456 0.621717 -0 0.631599 0.944968
0.503456 0.621717 -0 0.631599 0.944968
0.535304 0.594516 -0 0.640724 0.952215
0.62932 0.777146 -0 0.653765 0.883378
0.535304 0.594516 -0 0.640724 0.952215
0.669131 0.743145 -0 0.664433 0.890571
0.62932 0.777146 -0 0.653765 0.883378
0.62932 0.777146 -0 0.653765 0.883378
0.669131 0.743145 -0 0.664433 0.890571
0.755184 0.932575 -0 0.671887 0.826234
0.669131 0.743145 -0 0.664433 0.890571
0.802957 0.891774 -0 0.68378 0.834693
0.755184 0.932575 -0 0.671887 0.826234
0.755184 0.932575 -0 0.671887 0.826234
0.802957 0.891774 -0 0.68378 0.834693
0.881049 1.088 -0 0.687202 0.772795
0.802957 0.891774 -0 0.68378 0.834693
0.936783 1.0404 -0 0.699043 0.78293
0.881049 1.088 -0 0.687202 0.772795
0.881049 1.088 -0 0.687202 0.772795
0.936783 1.0404 -0 0.699043 0.78293
1.00691 1.24343 -0 0.69797 0.729173
0.936783 1.0404 -0 0.699043 0.78293
1.07061 1.18903 -0 0.71121 0.738142
1.00691 1.24343 -0 0.69797 0.729173
1.00691 1.24343 -0 0.69797 0.729173
1.07061 1.18903 -0 0.71121 0.738142
1.13278 1.39886 -0 0.706465 0.688354
1.07061 1.18903 -0 0.71121 0.738142
1.20444 1.33766 -0 0.720838 0.698239
1.13278 1.39886 -0 0.706465 0.688354
1.13278 1.39886 -0 0.706465 0.688354
1.20444 1.33766 -0 0.720838 0.698239
1.25864 1.55429 -0 0.713821 0.653446
1.20444 1.33766 -0 0.720838 0.698239
1.33826 1.48629 -0 0.728101 0.664406
1.25864 1.55429 -0 0.713821 0.653446
1.25864 1.55429 -0 0.713821 0.653446
1.33826 1.48629 -0 0.728101 0.664406
1.3845 1.70972 -0 0.719165 0.62309
1.33826 1.48629 -0 0.728101 0.664406
1.47209 1.63492 -0 0.734661 0.632339
1.3845 1.70972 -0 0.719165 0.62309
1.3845 1.70972 -0 0.719165 0.62309
1.47209 1.63492 -0 0.734661 0.632339
1.63885 2.02381 0.04 0.728366 0.566694
1.47209 1.63492 -0 0.734661 0.632339
1.74253 1.93527 0.04 0.744813 0.575021
1.63885 2.02381 0.04 0.728366 0.566694
1.63885 2.02381 0.04 0.728366 0.566694
1.74253 1.93527 0.04 0.744813 0.575021
1.76472 2.17924 0.16 0.735856 0.523202
1.74253 1.93527 0.04 0.744813 0.575021
1.87635 2.0839 0.16 0.751959 0.532773
1.76472 2.17924 0.16 0.735856 0.523202
1.76472 2.17924 0.16 0.735856 0.523202
1.87635 2.0839 0.16 0.751959 0.532773
1.89058 2.33467 0.36 0.743097 0.470784
1.87635 2.0839 0.16 0.751959 0.532773
2.01018 2.23253 0.36 0.760814 0.481883
1.89058 2.33467 0.36 0.743097 0.470784
1.89058 2.33467 0.36 0.743097 0.470784
2.01018 2.23253 0.36 0.760814 0.481883
2.01645 2.4901 0.64 0.751034 0.406948
2.01018 2.23253 0.36 0.760814 0.481883
2.144 2.38116 0.64 0.769875 0.417822
2.01645 2.4901 0.64 0.751034 0.406948
2.01645 2.4901 0.64 0.751034 0.406948
2.144 2.38116 0.64 0.769875 0.417822
2.14231 2.64553 1 0.758861 0.334426
2.144 2.38116 0.64 0.769875 0.417822
2.27783 2.52979 1 0.778011 0.343637
2.14231 2.64553 1 0.758861 0.334426
2.14231 2.64553 1 0.758861 0.334426
2.27783 2.52979 1 0.778011 0.343637
2.26817 2.80096 1.44 0.763028 0.252027
2.27783 2.52979 1 0.778011 0.343637
2.41166 2.67842 1.44 0.782734 0.261108
2.26817 2.80096 1.44 0.763028 0.252027
2.26817 2.80096 1.44 0.763028 0.252027
2.41166 2.67842 1.44 0.782734 0.261108
2.39404 2.95639 1.96 0.764372 0.168173
2.41166 2.67842 1.44 0.782734 0.261108
2.54548 2.82704 1.96 0.784351 0.174655
2.39404 2.95639 1.96 0.764372 0.168173
2.39404 2.95639 1.96 0.764372 0.168173
2.54548 2.82704 1.96 0.784351 0.174655
2.5199 3.11182 2.56 0.760891 0.0825505
2.54548 2.82704 1.96 0.784351 0.174655
2.67931 2.97567 2.56 0.781173 0.0888481
2.5199 3.11182 2.56 0.760891 0.0825505
0.117557 0.530019 -0 0.531614 0.998777
0.125864 0.530019 -0 0.532946 0.99869
0.235114 0.530019 -0 0.564605 0.99531
0.125864 0.530019 -0 0.532946 0.99869
0.251728 0.530019 -0 0.568509 0.99472
0.235114 0.530019 -0 0.564605 0.99531
0.235114 0.530019 -0 0.564605 0.99531
0.251728 0.530019 -0 0.568509 0.99472
0.352671 0.530019 -0 0.59664 0.989322
0.251728 0.530019 -0 0.568509 0.99472
0.377592 0.530019 -0 0.603082 0.986679
0.352671 0.530019 -0 0.59664 0.989322
0.352671 0.530019 -0 0.59664 0.989322
0.377592 0.530019 -0 0.603082 0.986679
0.470228 0.647214 -0 0.623033 0.938161
0.377592 0.530019 -0 0.603082 0.986679
0.503456 0.621717 -0 0.631599 0.944968
0.470228 0.647214 -0 0.623033 0.938161
0.470228 0.647214 -0 0.623033 0.938161
0.503456 0.621717 -0 0.631599 0.944968
0.587785 0.809017 -0 0.643786 0.875128
0.503456 0.621717 -0 0.631599 0.944968
0.62932 0.777146 -0 0.653765 0.883378
0.587785 0.809017 -0 0.643786 0.875128
0.587785 0.809017 -0 0.643786 0.875128
0.62932 0.777146 -0 0.653765 0.883378
0.705342 0.97082 -0 0.660523 0.816587
0.62932 0.777146 -0 0.653765 0.883378
0.755184 0.932575 -0 0.671887 0.826234
0.705342 0.97082 -0 0.660523 0.816587
0.705342 0.97082 -0 0.660523 0.816587
0.755184 0.932575 -0 0.671887 0.826234
0.822899 1.13262 -0 0.672705 0.76656
0.755184 0.932575 -0 0.671887 0.826234
0.881049 1.088 -0 0.687202 0.772795
0.822899 1.13262 -0 0.672705 0.76656
0.822899 1.13262 -0 0.672705 0.76656
0.881049 1.088 -0 0.687202 0.772795
0.940456 1.29443 -0 0.683734 0.719411
0.881049 1.088 -0 0.687202 0.772795
1.00691 1.24343 -0 0.69797 0.729173
0.940456 1.29443 -0 0.683734 0.719411
0.940456 1.29443 -0 0.683734 0.719411
1.00691 1.24343 -0 0.69797 0.729173
1.05801 1.45623 -0 0.69206 0.679781
1.00691 1.24343 -0 0.69797 0.729173
1.13278 1.39886 -0 0.706465 0.688354
1.05801 1.45623 -0 0.69206 0.679781
1.05801 1.45623 -0 0.69206 0.679781
1.13278 1.39886 -0 0.706465 0.688354
1.17557 1.61803 -0 0.698067 0.646664
1.13278 1.39886 -0 0.706465 0.688354
1.25864 1.55429 -0 0.713821 0.653446
1.17557 1.61803 -0 0.698067 0.646664
1.17557 1.61803 -0 0.698067 0.646664
1.25864 1.55429 -0 0.713821 0.653446
1.29313 1.77984 -0 0.703507 0.615475
1.25864 1.55429 -0 0.713821 0.653446
1.3845 1.70972 -0 0.719165 0.62309
1.29313 1.77984 -0 0.703507 0.615475
1.29313 1.77984 -0 0.703507 0.615475
1.3845 1.70972 -0 0.719165 0.62309
1.53069 2.10681 0.04 0.711686 0.557658
1.3845 1.70972 -0 0.719165 0.62309
1.63885 2.02381 0.04 0.728366 0.566694
1.53069 2.10681 0.04 0.711686 0.557658
1.53069 2.10681 0.04 0.711686 0.557658
1.63885 2.02381 0.04 0.728366 0.566694
1.64825 2.26862 0.16 0.71829 0.51563
1.63885 2.02381 0.04 0.728366 0.566694
1.76472 2.17924 0.16 0.735856 0.523202
1.64825 2.26862 0.16 0.71829 0.51563
1.64825 2.26862 0.16 0.71829 0.51563
1.76472 2.17924 0.16 0.735856 0.523202
1.7658 2.43042 0.36 0.726006 0.461798
1.76472 2.17924 0.16 0.735856 0.523202
1.89058 2.33467 0.36 0.743097 0.470784
1.7658 2.43042 0.36 0.726006 0.461798
1.7658 2.43042 0.36 0.726006 0.461798
1.89058 2.33467 0.36 0.743097 0.470784
1.88336 2.59222 0.64 0.732516 0.398436
1.89058 2.33467 0.36 0.743097 0.470784
2.01645 2.4901 0.64 0.751034 0.406948
1.88336 2.59222 0.64 0.732516 0.398436
1.88336 2.59222 0.64 0.732516 0.398436
2.01645 2.4901 0.64 0.751034 0.406948
2.00092 2.75403 1 0.73959 0.325658
2.01645 2.4901 0.64 0.751034 0.406948
2.14231 2.64553 1 0.758861 0.334426
2.00092 2.75403 1 0.73959 0.325658
2.00092 2.75403 1 0.73959 0.325658
2.14231 2.64553 1 0.758861 0.334426
2.11847 2.91583 1.44 0.743108 0.245668
2.14231 2.64553 1 0.758861 0.334426
2.26817 2.80096 1.44 0.763028 0.252027
2.11847 2.91583 1.44 0.743108 0.245668
2.11847 2.91583 1.44 0.743108 0.245668
2.26817 2.80096 1.44 0.763028 0.252027
2.23603 3.07763 1.96 0.743581 0.160487
2.26817 2.80096 1.44 0.763028 0.252027
2.39404 2.95639 1.96 0.764372 0.168173
2.23603 3.07763 1.96 0.743581 0.160487
2.23603 3.07763 1.96 0.743581 0.160487
2.39404 2.95639 1.96 0.764372 0.168173
2.35359 3.23944 2.56 0.741046 0.0781636
2.39404 2.95639 1.96 0.764372 0.168173
2.5199 3.11182 2.56 0.760891 0.0825505
2.35359 3.23944 2.56 0.741046 0.0781636
0.108928 0.530019 -0 0.528949 0.998939
0.117557 0.530019 -0 0.531614 0.998777
0.217856 0.530019 -0 0.559378 0.996041
0.117557 0.530019 -0 0.531614 0.998777
0.235114 0.530019 -0 0.564605 0.99531
0.217856 0.530019 -0 0.559378 0.996041
0.217856 0.530019 -0 0.559378 0.996041
0.235114 0.530019 -0 0.564605 0.99531
0.326783 0.530019 -0 0.589064 0.990974
0.235114 0.530019 -0 0.564605 0.99531
0.352671 0.530019 -0 0.59664 0.989322
0.326783 0.530019 -0 0.589064 0.990974
0.326783 0.530019 -0 0.589064 0.990974
0.352671 0.530019 -0 0.59664 0.989322
0.435711 0.670936 -0 0.61384 0.932294
0.352671 0.530019 -0 0.59664 0.989322
0.470228 0.647214 -0 0.623033 0.938161
0.435711 0.670936 -0 0.61384 0.932294
0.435711 0.670936 -0 0.61384 0.932294
0.470228 0.647214 -0 0.623033 0.938161
0.544639 0.838671 -0 0.633015 0.867995
0.470228 0.647214 -0 0.623033 0.938161
0.587785 0.809017 -0 0.643786 0.875128
0.544639 0.838671 -0 0.633015 0.867995
0.544639 0.838671 -0 0.633015 0.867995
0.587785 0.809017 -0 0.643786 0.875128
0.653567 1.0064 -0 0.64798 0.81025
0.587785 0.809017 -0 0.643786 0.875128
0.705342 0.97082 -0 0.660523 0.816587
0.653567 1.0064 -0 0.64798 0.81025
0.653567 1.0064 -0 0.64798 0.81025
0.705342 0.97082 -0 0.660523 0.816587
0.762495 1.17414 -0 0.660062 0.758968
0.705342 0.97082 -0 0.660523 0.816587
0.822899 1.13262 -0 0.672705 0.76656
0.762495 1.17414 -0 0.660062 0.758968
0.762495 1.17414 -0 0.660062 0.758968
0.822899 1.13262 -0 0.672705 0.76656
0.871422 1.34187 -0 0.669488 0.71334
0.822899 1.13262 -0 0.672705 0.76656
0.940456 1.29443 -0 0.683734 0.719411
0.871422 1.34187 -0 0.669488 0.71334
0.871422 1.34187 -0 0.669488 0.71334
0.940456 1.29443 -0 0.683734 0.719411
0.98035 1.50961 -0 0.676465 0.673032
0.940456 1.29443 -0 0.683734 0.719411
1.05801 1.45623 -0 0.69206 0.679781
0.98035 1.50961 -0 0.676465 0.673032
0.98035 1.50961 -0 0.676465 0.673032
1.05801 1.45623 -0 0.69206 0.679781
1.08928 1.67734 -0 0.682646 0.636484
1.05801 1.45623 -0 0.69206 0.679781
1.17557 1.61803 -0 0.698067 0.646664
1.08928 1.67734 -0 0.682646 0.636484
1.08928 1.67734 -0 0.682646 0.636484
1.17557 1.61803 -0 0.698067 0.646664
1.19821 1.84508 -0 0.688029 0.607114
1.17557 1.61803 -0 0.698067 0.646664
1.29313 1.77984 -0 0.703507 0.615475
1.19821 1.84508 -0 0.688029 0.607114
1.19821 1.84508 -0 0.688029 0.607114
1.29313 1.77984 -0 0.703507 0.615475
1.41833 2.18404 0.04 0.69494 0.550652
1.29313 1.77984 -0 0.703507 0.615475
1.53069 2.10681 0.04 0.711686 0.557658
1.41833 2.18404 0.04 0.69494 0.550652
1.41833 2.18404 0.04 0.69494 0.550652
1.53069 2.10681 0.04 0.711686 0.557658
1.52726 2.35177 0.16 0.701834 0.507635
1.53069 2.10681 0.04 0.711686 0.557658
1.64825 2.26862 0.16 0.71829 0.51563
1.52726 2.35177 0.16 0.701834 0.507635
1.52726 2.35177 0.16 0.701834 0.507635
1.64825 2.26862 0.16 0.71829 0.51563
1.63618 2.5195 0.36 0.707512 0.45502
1.64825 2.26862 0.16 0.71829 0.51563
1.7658 2.43042 0.36 0.726006 0.461798
1.63618 2.5195 0.36 0.707512 0.45502
1.63618 2.5195 0.36 0.707512 0.45502
1.7658 2.43042 0.36 0.726006 0.461798
1.74511 2.68724 0.64 0.714822 0.392603
1.7658 2.43042 0.36 0.726006 0.461798
1.88336 2.59222 0.64 0.732516 0.398436
1.74511 2.68724 0.64 0.714822 0.392603
1.74511 2.68724 0.64 0.714822 0.392603
1.88336 2.59222 0.64 0.732516 0.398436
1.85404 2.85497 1 0.719714 0.319378
1.88336 2.59222 0.64 0.732516 0.398436
2.00092 2.75403 1 0.73959 0.325658
1.85404 2.85497 1 0.719714 0.319378
1.85404 2.85497 1 0.719714 0.319378
2.00092 2.75403 1 0.73959 0.325658
1.96297 3.02271 1.44 0.722786 0.238489
2.00092 2.75403 1 0.73959 0.325658
2.11847 2.91583 1.44 0.743108 0.245668
1.96297 3.02271 1.44 0.722786 0.238489
1.96297 3.02271 1.44 0.722786 0.238489
2.11847 2.91583 1.44 0.743108 0.245668
2.0719 3.19044 1.96 0.72319 0.154661
2.11847 2.91583 1.44 0.743108 0.245668
2.23603 3.07763 1.96 0.743581 0.160487
2.0719 3.19044 1.96 0.72319 0.154661
2.0719 3.19044 1.96 0.72319 0.154661
2.23603 3.07763 1.96 0.743581 0.160487
2.18082 3.35817 2.56 0.720082 0.0725065
2.23603 3.07763 1.96 0.743581 0.160487
2.35359 3.23944 2.56 0.741046 0.0781636
2.18082 3.35817 2.56 0.720082 0.0725065
0.1 0.530019 -0 0.526282 0.999083
0.108928 0.530019 -0 0.528949 0.998939
0.2 0.530019 -0 0.554128 0.996706
0.108928 0.530019 -0 0.528949 0.998939
0.217856 0.530019 -0 0.559378 0.996041
0.2 0.530019 -0 0.554128 0.996706
0.2 0.530019 -0 0.554128 0.996706
0.217856 0.530019 -0 0.559378 0.996041
0.3 0.530019 -0 0.581413 0.992494
0.217856 0.530019 -0 0.559378 0.996041
0.326783 0.530019 -0 0.589064 0.990974
0.3 0.530019 -0 0.581413 0.992494
0.3 0.530019 -0 0.581413 0.992494
0.326783 0.530019 -0 0.589064 0.990974
0.4 0.69282 -0 0.604056 0.927462
0.326783 0.530019 -0 0.589064 0.990974
0.435711 0.670936 -0 0.61384 0.932294
0.4 0.69282 -0 0.604056 0.927462
0.4 0.69282 -0 0.604056 0.927462
0.435711 0.670936 -0 0.61384 0.932294
0.5 0.866025 -0 0.621487 0.862102
0.435711 0.670936 -0 0.61384 0.932294
0.544639 0.838671 -0 0.633015 0.867995
0.5 0.866025 -0 0.621487 0.862102
0.5 0.866025 -0 0.621487 0.862102
0.544639 0.838671 -0 0.633015 0.867995
0.6 1.03923 -0 0.634762 0.803324
0.544639 0.838671 -0 0.633015 0.867995
0.653567 1.0064 -0 0.64798 0.81025
0.6 1.03923 -0 0.634762 0.803324
0.6 1.03923 -0 0.634762 0.803324
0.653567 1.0064 -0 0.64798 0.81025
0.7 1.21244 -0 0.646702 0.750764
0.653567 1.0064 -0 0.64798 0.81025
0.762495 1.17414 -0 0.660062 0.758968
0.7 1.21244 -0 0.646702 0.750764
0.7 1.21244 -0 0.646702 0.750764
0.762495 1.17414 -0 0.660062 0.758968
0.8 1.38564 -0 0.654393 0.706725
0.762495 1.17414 -0 0.660062 0.758968
0.871422 1.34187 -0 0.669488 0.71334
0.8 1.38564 -0 0.654393 0.706725
0.8 1.38564 -0 0.654393 0.706725
0.871422 1.34187 -0 0.669488 0.71334
0.9 1.55885 -0 0.661316 0.665467
0.871422 1.34187 -0 0.669488 0.71334
0.98035 1.50961 -0 0.676465 0.673032
0.9 1.55885 -0 0.661316 0.665467
0.9 1.55885 -0 0.661316 0.665467
0.98035 1.50961 -0 0.676465 0.673032
1 1.73205 -0 0.667385 0.630736
0.98035 1.50961 -0 0.676465 0.673032
1.08928 1.67734 -0 0.682646 0.636484
1 1.73205 -0 0.667385 0.630736
1 1.73205 -0 0.667385 0.630736
1.08928 1.67734 -0 0.682646 0.636484
1.1 1.90526 -0 0.671412 0.600903
1.08928 1.67734 -0 0.682646 0.636484
1.19821 1.84508 -0 0.688029 0.607114
1.1 1.90526 -0 0.671412 0.600903
1.1 1.90526 -0 0.671412 0.600903
1.19821 1.84508 -0 0.688029 0.607114
1.30208 2.25527 0.04 0.678423 0.543182
1.19821 1.84508 -0 0.688029 0.607114
1.41833 2.18404 0.04 0.69494 0.550652
1.30208 2.25527 0.04 0.678423 0.543182
1.30208 2.25527 0.04 0.678423 0.543182
1.41833 2.18404 0.04 0.69494 0.550652
1.40208 2.42848 0.16 0.684204 0.501998
1.41833 2.18404 0.04 0.69494 0.550652
1.52726 2.35177 0.16 0.701834 0.507635
1.40208 2.42848 0.16 0.684204 0.501998
1.40208 2.42848 0.16 0.684204 0.501998
1.52726 2.35177 0.16 0.701834 0.507635
1.50208 2.60168 0.36 0.690236 0.448246
1.52726 2.35177 0.16 0.701834 0.507635
1.63618 2.5195 0.36 0.707512 0.45502
1.50208 2.60168 0.36 0.690236 0.448246
1.50208 2.60168 0.36 0.690236 0.448246
1.63618 2.5195 0.36 0.707512 0.45502
1.60208 2.77489 0.64 0.695552 0.384182
1.63618 2.5195 0.36 0.707512 0.45502
1.74511 2.68724 0.64 0.714822 0.392603
1.60208 2.77489 0.64 0.695552 0.384182
1.60208 2.77489 0.64 0.695552 0.384182
1.74511 2.68724 0.64 0.714822 0.392603
1.70208 2.94809 1 0.700252 0.311597
1.74511 2.68724 0.64 0.714822 0.392603
1.85404 2.85497 1 0.719714 0.319378
1.70208 2.94809 1 0.700252 0.311597
1.70208 2.94809 1 0.700252 0.311597
1.85404 2.85497 1 0.719714 0.319378
1.80208 3.1213 1.44 0.702796 0.23245
1.85404 2.85497 1 0.719714 0.319378
1.96297 3.02271 1.44 0.722786 0.238489
1.80208 3.1213 1.44 0.702796 0.23245
1.80208 3.1213 1.44 0.702796 0.23245
1.96297 3.02271 1.44 0.722786 0.238489
1.90208 3.2945 1.96 0.702746 0.150325
1.96297 3.02271 1.44 0.722786 0.238489
2.0719 3.19044 1.96 0.72319 0.154661
1.90208 3.2945 1.96 0.702746 0.150325
1.90208 3.2945 1.96 0.702746 0.150325
2.0719 3.19044 1.96 0.72319 0.154661
2.00208 3.46771 2.56 0.700446 0.0695252
2.0719 3.19044 1.96 0.72319 0.154661
2.18082 3.35817 2.56 0.720082 0.0725065
2.00208 3.46771 2.56 0.700446 0.0695252
0.0907981 0.530019 -0 0.523612 0.99921
0.1 0.530019 -0 0.526282 0.999083
0.181596 0.530019 -0 0.548858 0.997304
0.1 0.530019 -0 0.526282 0.999083
0.2 0.530019 -0 0.554128 0.996706
0.181596 0.530019 -0 0.548858 0.997304
0.181596 0.530019 -0 0.548858 0.997304
0.2 0.530019 -0 0.554128 0.996706
0.272394 0.534604 -0 0.573965 0.991559
0.2 0.530019 -0 0.554128 0.996706
0.3 0.530019 -0 0.581413 0.992494
0.272394 0.534604 -0 0.573965 0.991559
0.272394 0.534604 -0 0.573965 0.991559
0.3 0.530019 -0 0.581413 0.992494
0.363192 0.712805 -0 0.593898 0.922218
0.3 0.530019 -0 0.581413 0.992494
0.4 0.69282 -0 0.604056 0.927462
0.363192 0.712805 -0 0.593898 0.922218
0.363192 0.712805 -0 0.593898 0.922218
0.4 0.69282 -0 0.604056 0.927462
0.453991 0.891007 -0 0.60925 0.857557
0.4 0.69282 -0 0.604056 0.927462
0.5 0.866025 -0 0.621487 0.862102
0.453991 0.891007 -0 0.60925 0.857557
0.453991 0.891007 -0 0.60925 0.857557
0.5 0.866025 -0 0.621487 0.862102
0.544789 1.06921 -0 0.622189 0.797631
0.5 0.866025 -0 0.621487 0.862102
0.6 1.03923 -0 0.634762 0.803324
0.544789 1.06921 -0 0.622189 0.797631
0.544789 1.06921 -0 0.622189 0.797631
0.6 1.03923 -0 0.634762 0.803324
0.635587 1.24741 -0 0.632267 0.746669
0.6 1.03923 -0 0.634762 0.803324
0.7 1.21244 -0 0.646702 0.750764
0.635587 1.24741 -0 0.632267 0.746669
0.635587 1.24741 -0 0.632267 0.746669
0.7 1.21244 -0 0.646702 0.750764
0.726385 1.42561 -0 0.639982 0.69929
0.7 1.21244 -0 0.646702 0.750764
0.8 1.38564 -0 0.654393 0.706725
0.726385 1.42561 -0 0.639982 0.69929
0.726385 1.42561 -0 0.639982 0.69929
0.8 1.38564 -0 0.654393 0.706725
0.817183 1.60381 -0 0.646697 0.659785
0.8 1.38564 -0 0.654393 0.706725
0.9 1.55885 -0 0.661316 0.665467
0.817183 1.60381 -0 0.646697 0.659785
0.817183 1.60381 -0 0.646697 0.659785
0.9 1.55885 -0 0.661316 0.665467
0.907981 1.78201 -0 0.651257 0.624573
0.9 1.55885 -0 0.661316 0.665467
1 1.73205 -0 0.667385 0.630736
0.907981 1.78201 -0 0.651257 0.624573
0.907981 1.78201 -0 0.651257 0.624573
1 1.73205 -0 0.667385 0.630736
0.998779 1.96021 -0 0.65529 0.594141
1 1.73205 -0 0.667385 0.630736
1.1 1.90526 -0 0.671412 0.600903
0.998779 1.96021 -0 0.65529 0.594141
0.998779 1.96021 -0 0.65529 0.594141
1.1 1.90526 -0 0.671412 0.600903
1.18227 2.32033 0.04 0.660866 0.535341
1.1 1.90526 -0 0.671412 0.600903
1.30208 2.25527 0.04 0.678423 0.543182
1.18227 2.32033 0.04 0.660866 0.535341
1.18227 2.32033 0.04 0.660866 0.535341
1.30208 2.25527 0.04 0.678423 0.543182
1.27306 2.49853 0.16 0.665364 0.493342
1.30208 2.25527 0.04 0.678423 0.543182
1.40208 2.42848 0.16 0.684204 0.501998
1.27306 2.49853 0.16 0.665364 0.493342
1.27306 2.49853 0.16 0.665364 0.493342
1.40208 2.42848 0.16 0.684204 0.501998
1.36386 2.67673 0.36 0.6718 0.441307
1.40208 2.42848 0.16 0.684204 0.501998
1.50208 2.60168 0.36 0.690236 0.448246
1.36386 2.67673 0.36 0.6718 0.441307
1.36386 2.67673 0.36 0.6718 0.441307
1.50208 2.60168 0.36 0.690236 0.448246
1.45466 2.85493 0.64 0.676368 0.378478
1.50208 2.60168 0.36 0.690236 0.448246
1.60208 2.77489 0.64 0.695552 0.384182
1.45466 2.85493 0.64 0.676368 0.378478
1.45466 2.85493 0.64 0.676368 0.378478
1.60208 2.77489 0.64 0.695552 0.384182
1.54546 3.03313 1 0.680814 0.306593
1.60208 2.77489 0.64 0.695552 0.384182
1.70208 2.94809 1 0.700252 0.311597
1.54546 3.03313 1 0.680814 0.306593
1.54546 3.03313 1 0.680814 0.306593
1.70208 2.94809 1 0.700252 0.311597
1.63626 3.21133 1.44 0.682359 0.227204
1.70208 2.94809 1 0.700252 0.311597
1.80208 3.1213 1.44 0.702796 0.23245
1.63626 3.21133 1.44 0.682359 0.227204
1.63626 3.21133 1.44 0.682359 0.227204
1.80208 3.1213 1.44 0.702796 0.23245
1.72705 3.38953 1.96 0.682362 0.145972
1.80208 3.1213 1.44 0.702796 0.23245
1.90208 3.2945 1.96 0.702746 0.150325
1.72705 3.38953 1.96 0.682362 0.145972
1.72705 3.38953 1.96 0.682362 0.145972
1.90208 3.2945 1.96 0.702746 0.150325
1.81785 3.56774 2.56 0.679185 0.0654325
1.90208 3.2945 1.96 0.702746 0.150325
2.00208 3.46771 2.56 0.700446 0.0695252
1.81785 3.56774 2.56 0.679185 0.0654325
0.0813473 0.530019 -0 0.52094 0.999319
0.0907981 0.530019 -0 0.523612 0.99921
0.162695 0.530019 -0 0.543569 0.997835
0.0907981 0.530019 -0 0.523612 0.99921
0.181596 0.530019 -0 0.548858 0.997304
0.162695 0.530019 -0 0.543569 0.997835
0.162695 0.530019 -0 0.543569 0.997835
0.181596 0.530019 -0 0.548858 0.997304
0.244042 0.548127 -0 0.566642 0.988107
0.181596 0.530019 -0 0.548858 0.997304
0.272394 0.534604 -0 0.573965 0.991559
0.244042 0.548127 -0 0.566642 0.988107
0.244042 0.548127 -0 0.566642 0.988107
0.272394 0.534604 -0 0.573965 0.991559
0.325389 0.730836 -0 0.583212 0.918106
0.272394 0.534604 -0 0.573965 0.991559
0.363192 0.712805 -0 0.593898 0.922218
0.325389 0.730836 -0 0.583212 0.918106
0.325389 0.730836 -0 0.583212 0.918106
0.363192 0.712805 -0 0.593898 0.922218
0.406737 0.913545 -0 0.598049 0.852274
0.363192 0.712805 -0 0.593898 0.922218
0.453991 0.891007 -0 0.60925 0.857557
0.406737 0.913545 -0 0.598049 0.852274
0.406737 0.913545 -0 0.598049 0.852274
0.453991 0.891007 -0 0.60925 0.857557
0.488084 1.09625 -0 0.608918 0.793654
0.453991 0.891007 -0 0.60925 0.857557
0.544789 1.06921 -0 0.622189 0.797631
0.488084 1.09625 -0 0.608918 0.793654
0.488084 1.09625 -0 0.608918 0.793654
0.544789 1.06921 -0 0.622189 0.797631
0.569431 1.27896 -0 0.617342 0.739705
0.544789 1.06921 -0 0.622189 0.797631
0.635587 1.24741 -0 0.632267 0.746669
0.569431 1.27896 -0 0.617342 0.739705
0.569431 1.27896 -0 0.617342 0.739705
0.635587 1.24741 -0 0.632267 0.746669
0.650779 1.46167 -0 0.624722 0.693904
0.635587 1.24741 -0 0.632267 0.746669
0.726385 1.42561 -0 0.639982 0.69929
0.650779 1.46167 -0 0.624722 0.693904
0.650779 1.46167 -0 0.624722 0.693904
0.726385 1.42561 -0 0.639982 0.69929
0.732126 1.64438 -0 0.629773 0.653879
0.726385 1.42561 -0 0.639982 0.69929
0.817183 1.60381 -0 0.646697 0.659785
0.732126 1.64438 -0 0.629773 0.653879
0.732126 1.64438 -0 0.629773 0.653879
0.817183 1.60381 -0 0.646697 0.659785
0.813473 1.82709 -0 0.634273 0.617988
0.817183 1.60381 -0 0.646697 0.659785
0.907981 1.78201 -0 0.651257 0.624573
0.813473 1.82709 -0 0.634273 0.617988
0.813473 1.82709 -0 0.634273 0.617988
0.907981 1.78201 -0 0.651257 0.624573
0.894821 2.0098 -0 0.638302 0.586986
0.907981 1.78201 -0 0.651257 0.624573
0.998779 1.96021 -0 0.65529 0.594141
0.894821 2.0098 -0 0.638302 0.586986
0.894821 2.0098 -0 0.638302 0.586986
0.998779 1.96021 -0 0.65529 0.594141
1.05921 2.37902 0.04 0.643861 0.529984
0.998779 1.96021 -0 0.65529 0.594141
1.18227 2.32033 0.04 0.660866 0.535341
1.05921 2.37902 0.04 0.643861 0.529984
1.05921 2.37902 0.04 0.643861 0.529984
1.18227 2.32033 0.04 0.660866 0.535341
1.14056 2.56173 0.16 0.648532 0.490139
1.18227 2.32033 0.04 0.660866 0.535341
1.27306 2.49853 0.16 0.665364 0.493342
1.14056 2.56173 0.16 0.648532 0.490139
1.14056 2.56173 0.16 0.648532 0.490139
1.27306 2.49853 0.16 0.665364 0.493342
1.2219 2.74444 0.36 0.652285 0.437022
1.27306 2.49853 0.16 0.665364 0.493342
1.36386 2.67673 0.36 0.6718 0.441307
1.2219 2.74444 0.36 0.652285 0.437022
1.2219 2.74444 0.36 0.652285 0.437022
1.36386 2.67673 0.36 0.6718 0.441307
1.30325 2.92715 0.64 0.6574 0.373069
1.36386 2.67673 0.36 0.6718 0.441307
1.45466 2.85493 0.64 0.676368 0.378478
1.30325 2.92715 0.64 0.6574 0.373069
1.30325 2.92715 0.64 0.6574 0.373069
1.45466 2.85493 0.64 0.676368 0.378478
1.3846 3.10986 1 0.660012 0.30187
1.45466 2.85493 0.64 0.676368 0.378478
1.54546 3.03313 1 0.680814 0.306593
1.3846 3.10986 1 0.660012 0.30187
1.3846 3.10986 1 0.660012 0.30187
1.54546 3.03313 1 0.680814 0.306593
1.46595 3.29257 1.44 0.661719 0.222837
1.54546 3.03313 1 0.680814 0.306593
1.63626 3.21133 1.44 0.682359 0.227204
1.46595 3.29257 1.44 0.661719 0.222837
1.46595 3.29257 1.44 0.661719 0.222837
1.63626 3.21133 1.44 0.682359 0.227204
1.54729 3.47528 1.96 0.661558 0.142741
1.63626 3.21133 1.44 0.682359 0.227204
1.72705 3.38953 1.96 0.682362 0.145972
1.54729 3.47528 1.96 0.661558 0.142741
1.54729 3.47528 1.96 0.661558 0.142741
1.72705 3.38953 1.96 0.682362 0.145972
1.62864 3.65798 2.56 0.659038 0.0623545
1.72705 3.38953 1.96 0.682362 0.145972
1.81785 3.56774 2.56 0.679185 0.0654325
1.62864 3.65798 2.56 0.659038 0.0623545
0.0716736 0.530019 -0 0.518267 0.99941
0.0813473 0.530019 -0 0.52094 0.999319
0.143347 0.530019 -0 0.538265 0.998297
0.0813473 0.530019 -0 0.52094 0.999319
0.162695 0.530019 -0 0.543569 0.997835
0.143347 0.530019 -0 0.538265 0.998297
0.143347 0.530019 -0 0.538265 0.998297
0.162695 0.530019 -0 0.543569 0.997835
0.215021 0.560148 -0 0.557803 0.984599
0.162695 0.530019 -0 0.543569 0.997835
0.244042 0.548127 -0 0.566642 0.988107
0.215021 0.560148 -0 0.557803 0.984599
0.215021 0.560148 -0 0.557803 0.984599
0.244042 0.548127 -0 0.566642 0.988107
0.286694 0.746864 -0 0.573658 0.913388
0.244042 0.548127 -0 0.566642 0.988107
0.325389 0.730836 -0 0.583212 0.918106
0.286694 0.746864 -0 0.573658 0.913388
0.286694 0.746864 -0 0.573658 0.913388
0.325389 0.730836 -0 0.583212 0.918106
0.358368 0.93358 -0 0.586311 0.848517
0.325389 0.730836 -0 0.583212 0.918106
0.406737 0.913545 -0 0.598049 0.852274
0.358368 0.93358 -0 0.586311 0.848517
0.358368 0.93358 -0 0.586311 0.848517
0.406737 0.913545 -0 0.598049 0.852274
0.430042 1.1203 -0 0.59517 0.789256
0.406737 0.913545 -0 0.598049 0.852274
0.488084 1.09625 -0 0.608918 0.793654
0.430042 1.1203 -0 0.59517 0.789256
0.430042 1.1203 -0 0.59517 0.789256
0.488084 1.09625 -0 0.608918 0.793654
0.501715 1.30701 -0 0.603259 0.73443
0.488084 1.09625 -0 0.608918 0.793654
0.569431 1.27896 -0 0.617342 0.739705
0.501715 1.30701 -0 0.603259 0.73443
0.501715 1.30701 -0 0.603259 0.73443
0.569431 1.27896 -0 0.617342 0.739705
0.573389 1.49373 -0 0.61046 0.687888
0.569431 1.27896 -0 0.617342 0.739705
0.650779 1.46167 -0 0.624722 0.693904
0.573389 1.49373 -0 0.61046 0.687888
0.573389 1.49373 -0 0.61046 0.687888
0.650779 1.46167 -0 0.624722 0.693904
0.645062 1.68044 -0 0.615277 0.649944
0.650779 1.46167 -0 0.624722 0.693904
0.732126 1.64438 -0 0.629773 0.653879
0.645062 1.68044 -0 0.615277 0.649944
0.645062 1.68044 -0 0.615277 0.649944
0.732126 1.64438 -0 0.629773 0.653879
0.716736 1.86716 -0 0.61806 0.613683
0.732126 1.64438 -0 0.629773 0.653879
0.813473 1.82709 -0 0.634273 0.617988
0.716736 1.86716 -0 0.61806 0.613683
0.716736 1.86716 -0 0.61806 0.613683
0.813473 1.82709 -0 0.634273 0.617988
0.788409 2.05388 -0 0.622094 0.582232
0.813473 1.82709 -0 0.634273 0.617988
0.894821 2.0098 -0 0.638302 0.586986
0.788409 2.05388 -0 0.622094 0.582232
0.788409 2.05388 -0 0.622094 0.582232
0.894821 2.0098 -0 0.638302 0.586986
0.933249 2.4312 0.04 0.626026 0.527323
0.894821 2.0098 -0 0.638302 0.586986
1.05921 2.37902 0.04 0.643861 0.529984
0.933249 2.4312 0.04 0.626026 0.527323
0.933249 2.4312 0.04 0.626026 0.527323
1.05921 2.37902 0.04 0.643861 0.529984
1.00492 2.61791 0.16 0.630861 0.484001
1.05921 2.37902 0.04 0.643861 0.529984
1.14056 2.56173 0.16 0.648532 0.490139
1.00492 2.61791 0.16 0.630861 0.484001
1.00492 2.61791 0.16 0.630861 0.484001
1.14056 2.56173 0.16 0.648532 0.490139
1.0766 2.80463 0.36 0.633274 0.432879
1.14056 2.56173 0.16 0.648532 0.490139
1.2219 2.74444 0.36 0.652285 0.437022
1.0766 2.80463 0.36 0.633274 0.432879
1.0766 2.80463 0.36 0.633274 0.432879
1.2219 2.74444 0.36 0.652285 0.437022
1.14827 2.99134 0.64 0.637484 0.370452
1.2219 2.74444 0.36 0.652285 0.437022
1.30325 2.92715 0.64 0.6574 0.373069
1.14827 2.99134 0.64 0.637484 0.370452
1.14827 2.99134 0.64 0.637484 0.370452
1.30325 2.92715 0.64 0.6574 0.373069
1.21994 3.17806 1 0.6409 0.298091
1.30325 2.92715 0.64 0.6574 0.373069
1.3846 3.10986 1 0.660012 0.30187
1.21994 3.17806 1 0.6409 0.298091
1.21994 3.17806 1 0.6409 0.298091
1.3846 3.10986 1 0.660012 0.30187
1.29162 3.36478 1.44 0.641141 0.219398
1.3846 3.10986 1 0.660012 0.30187
1.46595 3.29257 1.44 0.661719 0.222837
1.29162 3.36478 1.44 0.641141 0.219398
1.29162 3.36478 1.44 0.641141 0.219398
1.46595 3.29257 1.44 0.661719 0.222837
1.36329 3.55149 1.96 0.640316 0.139059
1.46595 3.29257 1.44 0.661719 0.222837
1.54729 3.47528 1.96 0.661558 0.142741
1.36329 3.55149 1.96 0.640316 0.139059
1.36329 3.55149 1.96 0.640316 0.139059
1.54729 3.47528 1.96 0.661558 0.142741
1.43496 3.73821 2.56 0.638547 0.0605606
1.54729 3.47528 1.96 0.661558 0.142741
1.62864 3.65798 2.56 0.659038 0.0623545
1.43496 3.73821 2.56 0.638547 0.0605606
0.0618034 0.530019 -0 0.515592 0.999484
0.0716736 0.530019 -0 0.518267 0.99941
0.123607 0.530019 -0 0.532946 0.99869
0.0716736 0.530019 -0 0.518267 0.99941
0.143347 0.530019 -0 0.538265 0.998297
0.123607 0.530019 -0 0.532946 0.99869
0.123607 0.530019 -0 0.532946 0.99869
0.143347 0.530019 -0 0.538265 0.998297
0.18541 0.570634 -0 0.550017 0.981887
0.143347 0.530019 -0 0.538265 0.998297
0.215021 0.560148 -0 0.557803 0.984599
0.18541 0.570634 -0 0.550017 0.981887
0.18541 0.570634 -0 0.550017 0.981887
0.215021 0.560148 -0 0.557803 0.984599
0.247214 0.760845 -0 0.562234 0.91014
0.215021 0.560148 -0 0.557803 0.984599
0.286694 0.746864 -0 0.573658 0.913388
0.247214 0.760845 -0 0.562234 0.91014
0.247214 0.760845 -0 0.562234 0.91014
0.286694 0.746864 -0 0.573658 0.913388
0.309017 0.951057 -0 0.57424 0.84439
0.286694 0.746864 -0 0.573658 0.913388
0.358368 0.93358 -0 0.586311 0.848517
0.309017 0.951057 -0 0.57424 0.84439
0.309017 0.951057 -0 0.57424 0.84439
0.358368 0.93358 -0 0.586311 0.848517
0.37082 1.14127 -0 0.58261 0.784219
0.358368 0.93358 -0 0.586311 0.848517
0.430042 1.1203 -0 0.59517 0.789256
0.37082 1.14127 -0 0.58261 0.784219
0.37082 1.14127 -0 0.58261 0.784219
0.430042 1.1203 -0 0.59517 0.789256
0.432624 1.33148 -0 0.588571 0.73124
0.430042 1.1203 -0 0.59517 0.789256
0.501715 1.30701 -0 0.603259 0.73443
0.432624 1.33148 -0 0.588571 0.73124
0.432624 1.33148 -0 0.588571 0.73124
0.501715 1.30701 -0 0.603259 0.73443
0.494427 1.52169 -0 0.593877 0.684308
0.501715 1.30701 -0 0.603259 0.73443
0.573389 1.49373 -0 0.61046 0.687888
0.494427 1.52169 -0 0.593877 0.684308
0.494427 1.52169 -0 0.593877 0.684308
0.573389 1.49373 -0 0.61046 0.687888
0.556231 1.7119 -0 0.598565 0.645862
0.573389 1.49373 -0 0.61046 0.687888
0.645062 1.68044 -0 0.615277 0.649944
0.556231 1.7119 -0 0.598565 0.645862
0.556231 1.7119 -0 0.598565 0.645862
0.645062 1.68044 -0 0.615277 0.649944
0.618034 1.90211 -0 0.602945 0.608996
0.645062 1.68044 -0 0.615277 0.649944
0.716736 1.86716 -0 0.61806 0.613683
0.618034 1.90211 -0 0.602945 0.608996
0.618034 1.90211 -0 0.602945 0.608996
0.716736 1.86716 -0 0.61806 0.613683
0.679837 2.09232 -0 0.605205 0.580134
0.716736 1.86716 -0 0.61806 0.613683
0.788409 2.05388 -0 0.622094 0.582232
0.679837 2.09232 -0 0.605205 0.580134
0.679837 2.09232 -0 0.605205 0.580134
0.788409 2.05388 -0 0.622094 0.582232
0.804731 2.47671 0.04 0.609157 0.521616
0.788409 2.05388 -0 0.622094 0.582232
0.933249 2.4312 0.04 0.626026 0.527323
0.804731 2.47671 0.04 0.609157 0.521616
0.804731 2.47671 0.04 0.609157 0.521616
0.933249 2.4312 0.04 0.626026 0.527323
0.866534 2.66692 0.16 0.612448 0.480666
0.933249 2.4312 0.04 0.626026 0.527323
1.00492 2.61791 0.16 0.630861 0.484001
0.866534 2.66692 0.16 0.612448 0.480666
0.866534 2.66692 0.16 0.612448 0.480666
1.00492 2.61791 0.16 0.630861 0.484001
0.928337 2.85713 0.36 0.615053 0.4289
1.00492 2.61791 0.16 0.630861 0.484001
1.0766 2.80463 0.36 0.633274 0.432879
0.928337 2.85713 0.36 0.615053 0.4289
0.928337 2.85713 0.36 0.615053 0.4289
1.0766 2.80463 0.36 0.633274 0.432879
0.990141 3.04734 0.64 0.618075 0.365592
1.0766 2.80463 0.36 0.633274 0.432879
1.14827 2.99134 0.64 0.637484 0.370452
0.990141 3.04734 0.64 0.618075 0.365592
0.990141 3.04734 0.64 0.618075 0.365592
1.14827 2.99134 0.64 0.637484 0.370452
1.05194 3.23755 1 0.620833 0.294687
1.14827 2.99134 0.64 0.637484 0.370452
1.21994 3.17806 1 0.6409 0.298091
1.05194 3.23755 1 0.620833 0.294687
1.05194 3.23755 1 0.620833 0.294687
1.21994 3.17806 1 0.6409 0.298091
1.11375 3.42776 1.44 0.620902 0.216904
1.21994 3.17806 1 0.6409 0.298091
1.29162 3.36478 1.44 0.641141 0.219398
1.11375 3.42776 1.44 0.620902 0.216904
1.11375 3.42776 1.44 0.620902 0.216904
1.29162 3.36478 1.44 0.641141 0.219398
1.17555 3.61797 1.96 0.620561 0.136907
1.29162 3.36478 1.44 0.641141 0.219398
1.36329 3.55149 1.96 0.640316 0.139059
1.17555 3.61797 1.96 0.620561 0.136907
1.17555 3.61797 1.96 0.620561 0.136907
1.36329 3.55149 1.96 0.640316 0.139059
1.23735 3.80819 2.56 0.617475 0.0576426
1.36329 3.55149 1.96 0.640316 0.139059
1.43496 3.73821 2.56 0.638547 0.0605606
1.23735 3.80819 2.56 0.617475 0.0576426
0.0517638 0.530019 -0 0.512917 0.99954
0.0618034 0.530019 -0 0.515592 0.999484
0.103528 0.530019 -0 0.527616 0.999013
0.0618034 0.530019 -0 0.515592 0.999484
0.123607 0.530019 -0 0.532946 0.99869
0.103528 0.530019 -0 0.527616 0.999013
0.103528 0.530019 -0 0.527616 0.999013
0.123607 0.530019 -0 0.532946 0.99869
0.155291 0.579556 -0 0.54072 0.979087
0.123607 0.530019 -0 0.532946 0.99869
0.18541 0.570634 -0 0.550017 0.981887
0.155291 0.579556 -0 0.54072 0.979087
0.155291 0.579556 -0 0.54072 0.979087
0.18541 0.570634 -0 0.550017 0.981887
0.207055 0.772741 -0 0.551961 0.908027
0.18541 0.570634 -0 0.550017 0.981887
0.247214 0.760845 -0 0.562234 0.91014
0.207055 0.772741 -0 0.551961 0.908027
0.207055 0.772741 -0 0.551961 0.908027
0.247214 0.760845 -0 0.562234 0.91014
0.258819 0.965926 -0 0.561749 0.841885
0.247214 0.760845 -0 0.562234 0.91014
0.309017 0.951057 -0 0.57424 0.84439
0.258819 0.965926 -0 0.561749 0.841885
0.258819 0.965926 -0 0.561749 0.841885
0.309017 0.951057 -0 0.57424 0.84439
0.310583 1.15911 -0 0.567921 0.781271
0.309017 0.951057 -0 0.57424 0.84439
0.37082 1.14127 -0 0.58261 0.784219
0.310583 1.15911 -0 0.567921 0.781271
0.310583 1.15911 -0 0.567921 0.781271
0.37082 1.14127 -0 0.58261 0.784219
0.362347 1.3523 -0 0.575187 0.727542
0.37082 1.14127 -0 0.58261 0.784219
0.432624 1.33148 -0 0.588571 0.73124
0.362347 1.3523 -0 0.575187 0.727542
0.362347 1.3523 -0 0.575187 0.727542
0.432624 1.33148 -0 0.588571 0.73124
0.41411 1.54548 -0 0.578428 0.682922
0.432624 1.33148 -0 0.588571 0.73124
0.494427 1.52169 -0 0.593877 0.684308
0.41411 1.54548 -0 0.578428 0.682922
0.41411 1.54548 -0 0.578428 0.682922
0.494427 1.52169 -0 0.593877 0.684308
0.465874 1.73867 -0 0.583058 0.641345
0.494427 1.52169 -0 0.593877 0.684308
0.556231 1.7119 -0 0.598565 0.645862
0.465874 1.73867 -0 0.583058 0.641345
0.465874 1.73867 -0 0.583058 0.641345
0.556231 1.7119 -0 0.598565 0.645862
0.517638 1.93185 -0 0.585537 0.607038
0.556231 1.7119 -0 0.598565 0.645862
0.618034 1.90211 -0 0.602945 0.608996
0.517638 1.93185 -0 0.585537 0.607038
0.517638 1.93185 -0 0.585537 0.607038
0.618034 1.90211 -0 0.602945 0.608996
0.569402 2.12504 -0 0.587788 0.57494
0.618034 1.90211 -0 0.602945 0.608996
0.679837 2.09232 -0 0.605205 0.580134
0.569402 2.12504 -0 0.587788 0.57494
0.569402 2.12504 -0 0.587788 0.57494
0.679837 2.09232 -0 0.605205 0.580134
0.674007 2.51543 0.04 0.591704 0.518732
0.679837 2.09232 -0 0.605205 0.580134
0.804731 2.47671 0.04 0.609157 0.521616
0.674007 2.51543 0.04 0.591704 0.518732
0.674007 2.51543 0.04 0.591704 0.518732
0.804731 2.47671 0.04 0.609157 0.521616
0.725771 2.70861 0.16 0.593337 0.477323
0.804731 2.47671 0.04 0.609157 0.521616
0.866534 2.66692 0.16 0.612448 0.480666
0.725771 2.70861 0.16 0.593337 0.477323
0.725771 2.70861 0.16 0.593337 0.477323
0.866534 2.66692 0.16 0.612448 0.480666
0.777535 2.9018 0.36 0.596149 0.425008
0.866534 2.66692 0.16 0.612448 0.480666
0.928337 2.85713 0.36 0.615053 0.4289
0.777535 2.9018 0.36 0.596149 0.425008
0.777535 2.9018 0.36 0.596149 0.425008
0.928337 2.85713 0.36 0.615053 0.4289
0.829298 3.09498 0.64 0.597981 0.36368
0.928337 2.85713 0.36 0.615053 0.4289
0.990141 3.04734 0.64 0.618075 0.365592
0.829298 3.09498 0.64 0.597981 0.36368
0.829298 3.09498 0.64 0.597981 0.36368
0.990141 3.04734 0.64 0.618075 0.365592
0.881062 3.28817 1 0.599887 0.291741
0.990141 3.04734 0.64 0.618075 0.365592
1.05194 3.23755 1 0.620833 0.294687
0.881062 3.28817 1 0.599887 0.291741
0.881062 3.28817 1 0.599887 0.291741
1.05194 3.23755 1 0.620833 0.294687
0.932826 3.48135 1.44 0.599723 0.215072
1.05194 3.23755 1 0.620833 0.294687
1.11375 3.42776 1.44 0.620902 0.216904
0.932826 3.48135 1.44 0.599723 0.215072
0.932826 3.48135 1.44 0.599723 0.215072
1.11375 3.42776 1.44 0.620902 0.216904
0.98459 3.67454 1.96 0.599855 0.135545
1.11375 3.42776 1.44 0.620902 0.216904
1.17555 3.61797 1.96 0.620561 0.136907
0.98459 3.67454 1.96 0.599855 0.135545
0.98459 3.67454 1.96 0.599855 0.135545
1.17555 3.61797 1.96 0.620561 0.136907
1.03635 3.86772 2.56 0.596772 0.0572752
1.17555 3.61797 1.96 0.620561 0.136907
1.23735 3.80819 2.56 0.617475 0.0576426
1.03635 3.86772 2.56 0.596772 0.0572752
0.0415823 0.530019 -0 0.51024 0.999579
0.0517638 0.530019 -0 0.512917 0.99954
0.0831647 0.530019 -0 0.52094 0.999319
0.0517638 0.530019 -0 0.512917 0.99954
0.103528 0.530019 -0 0.527616 0.999013
0.0831647 0.530019 -0 0.52094 0.999319
0.0831647 0.530019 -0 0.52094 0.999319
0.103528 0.530019 -0 0.527616 0.999013
0.124747 0.586889 -0 0.532587 0.977194
0.103528 0.530019 -0 0.527616 0.999013
0.155291 0.579556 -0 0.54072 0.979087
0.124747 0.586889 -0 0.532587 0.977194
0.124747 0.586889 -0 0.532587 0.977194
0.155291 0.579556 -0 0.54072 0.979087
0.166329 0.782518 -0 0.541523 0.905648
0.155291 0.579556 -0 0.54072 0.979087
0.207055 0.772741 -0 0.551961 0.908027
0.166329 0.782518 -0 0.541523 0.905648
0.166329 0.782518 -0 0.541523 0.905648
0.207055 0.772741 -0 0.551961 0.908027
0.207912 0.978148 -0 0.549012 0.83904
0.207055 0.772741 -0 0.551961 0.908027
0.258819 0.965926 -0 0.561749 0.841885
0.207912 0.978148 -0 0.549012 0.83904
0.207912 0.978148 -0 0.549012 0.83904
0.258819 0.965926 -0 0.561749 0.841885
0.249494 1.17378 -0 0.554597 0.777795
0.258819 0.965926 -0 0.561749 0.841885
0.310583 1.15911 -0 0.567921 0.781271
0.249494 1.17378 -0 0.554597 0.777795
0.249494 1.17378 -0 0.554597 0.777795
0.310583 1.15911 -0 0.567921 0.781271
0.291076 1.36941 -0 0.559674 0.726221
0.310583 1.15911 -0 0.567921 0.781271
0.362347 1.3523 -0 0.575187 0.727542
0.291076 1.36941 -0 0.559674 0.726221
0.291076 1.36941 -0 0.559674 0.726221
0.362347 1.3523 -0 0.575187 0.727542
0.332659 1.56504 -0 0.562685 0.678545
0.362347 1.3523 -0 0.575187 0.727542
0.41411 1.54548 -0 0.578428 0.682922
0.332659 1.56504 -0 0.562685 0.678545
0.332659 1.56504 -0 0.562685 0.678545
0.41411 1.54548 -0 0.578428 0.682922
0.374241 1.76067 -0 0.567089 0.639388
0.41411 1.54548 -0 0.578428 0.682922
0.465874 1.73867 -0 0.583058 0.641345
0.374241 1.76067 -0 0.567089 0.639388
0.374241 1.76067 -0 0.567089 0.639388
0.465874 1.73867 -0 0.583058 0.641345
0.415823 1.9563 -0 0.56946 0.604804
0.465874 1.73867 -0 0.583058 0.641345
0.517638 1.93185 -0 0.585537 0.607038
0.415823 1.9563 -0 0.56946 0.604804
0.415823 1.9563 -0 0.56946 0.604804
0.517638 1.93185 -0 0.585537 0.607038
0.457406 2.15192 -0 0.569833 0.572488
0.517638 1.93185 -0 0.585537 0.607038
0.569402 2.12504 -0 0.587788 0.57494
0.457406 2.15192 -0 0.569833 0.572488
0.457406 2.15192 -0 0.569833 0.572488
0.569402 2.12504 -0 0.587788 0.57494
0.541436 2.54726 0.04 0.573746 0.515787
0.569402 2.12504 -0 0.587788 0.57494
0.674007 2.51543 0.04 0.591704 0.518732
0.541436 2.54726 0.04 0.573746 0.515787
0.541436 2.54726 0.04 0.573746 0.515787
0.674007 2.51543 0.04 0.591704 0.518732
0.583018 2.74289 0.16 0.575434 0.47403
0.674007 2.51543 0.04 0.591704 0.518732
0.725771 2.70861 0.16 0.593337 0.477323
0.583018 2.74289 0.16 0.575434 0.47403
0.583018 2.74289 0.16 0.575434 0.47403
0.725771 2.70861 0.16 0.593337 0.477323
0.624601 2.93851 0.36 0.576696 0.424138
0.725771 2.70861 0.16 0.593337 0.477323
0.777535 2.9018 0.36 0.596149 0.425008
0.624601 2.93851 0.36 0.576696 0.424138
0.624601 2.93851 0.36 0.576696 0.424138
0.777535 2.9018 0.36 0.596149 0.425008
0.666183 3.13414 0.64 0.578941 0.362224
0.777535 2.9018 0.36 0.596149 0.425008
0.829298 3.09498 0.64 0.597981 0.36368
0.666183 3.13414 0.64 0.578941 0.362224
0.666183 3.13414 0.64 0.578941 0.362224
0.829298 3.09498 0.64 0.597981 0.36368
0.707765 3.32977 1 0.57987 0.289494
0.829298 3.09498 0.64 0.597981 0.36368
0.881062 3.28817 1 0.599887 0.291741
0.707765 3.32977 1 0.57987 0.289494
0.707765 3.32977 1 0.57987 0.289494
0.881062 3.28817 1 0.599887 0.291741
0.749348 3.5254 1.44 0.579188 0.212091
0.881062 3.28817 1 0.599887 0.291741
0.932826 3.48135 1.44 0.599723 0.215072
0.749348 3.5254 1.44 0.579188 0.212091
0.749348 3.5254 1.44 0.579188 0.212091
0.932826 3.48135 1.44 0.599723 0.215072
0.79093 3.72103 1.96 0.578141 0.133399
0.932826 3.48135 1.44 0.599723 0.215072
0.98459 3.67454 1.96 0.599855 0.135545
0.79093 3.72103 1.96 0.578141 0.133399
0.79093 3.72103 1.96 0.578141 0.133399
0.98459 3.67454 1.96 0.599855 0.135545
0.832512 3.91666 2.56 0.576128 0.0557026
0.98459 3.67454 1.96 0.599855 0.135545
1.03635 3.86772 2.56 0.596772 0.0572752
0.832512 3.91666 2.56 0.576128 0.0557026
0.0312869 0.530019 -0 0.507563 0.999599
0.0415823 0.530019 -0 0.51024 0.999579
0.0625738 0.530019 -0 0.515592 0.999484
0.0415823 0.530019 -0 0.51024 0.999579
0.0831647 0.530019 -0 0.52094 0.999319
0.0625738 0.530019 -0 0.515592 0.999484
0.0625738 0.530019 -0 0.515592 0.999484
0.0831647 0.530019 -0 0.52094 0.999319
0.0938607 0.592613 -0 0.52432 0.976383
0.0831647 0.530019 -0 0.52094 0.999319
0.124747 0.586889 -0 0.532587 0.977194
0.0938607 0.592613 -0 0.52432 0.976383
0.0938607 0.592613 -0 0.52432 0.976383
0.124747 0.586889 -0 0.532587 0.977194
0.125148 0.790151 -0 0.530935 0.902997
0.124747 0.586889 -0 0.532587 0.977194
0.166329 0.782518 -0 0.541523 0.905648
0.125148 0.790151 -0 0.530935 0.902997
0.125148 0.790151 -0 0.530935 0.902997
0.166329 0.782518 -0 0.541523 0.905648
0.156434 0.987688 -0 0.536001 0.837887
0.166329 0.782518 -0 0.541523 0.905648
0.207912 0.978148 -0 0.549012 0.83904
0.156434 0.987688 -0 0.536001 0.837887
0.156434 0.987688 -0 0.536001 0.837887
0.207912 0.978148 -0 0.549012 0.83904
0.187721 1.18523 -0 0.540972 0.776336
0.207912 0.978148 -0 0.549012 0.83904
0.249494 1.17378 -0 0.554597 0.777795
0.187721 1.18523 -0 0.540972 0.776336
0.187721 1.18523 -0 0.540972 0.776336
0.249494 1.17378 -0 0.554597 0.777795
0.219008 1.38276 -0 0.545656 0.724489
0.249494 1.17378 -0 0.554597 0.777795
0.291076 1.36941 -0 0.559674 0.726221
0.219008 1.38276 -0 0.545656 0.724489
0.219008 1.38276 -0 0.545656 0.724489
0.291076 1.36941 -0 0.559674 0.726221
0.250295 1.5803 -0 0.548374 0.676519
0.291076 1.36941 -0 0.559674 0.726221
0.332659 1.56504 -0 0.562685 0.678545
0.250295 1.5803 -0 0.548374 0.676519
0.250295 1.5803 -0 0.548374 0.676519
0.332659 1.56504 -0 0.562685 0.678545
0.281582 1.77784 -0 0.550801 0.637207
0.332659 1.56504 -0 0.562685 0.678545
0.374241 1.76067 -0 0.567089 0.639388
0.281582 1.77784 -0 0.550801 0.637207
0.281582 1.77784 -0 0.550801 0.637207
0.374241 1.76067 -0 0.567089 0.639388
0.312869 1.97538 -0 0.55121 0.602441
0.374241 1.76067 -0 0.567089 0.639388
0.415823 1.9563 -0 0.56946 0.604804
0.312869 1.97538 -0 0.55121 0.602441
0.312869 1.97538 -0 0.55121 0.602441
0.415823 1.9563 -0 0.56946 0.604804
0.344156 2.17291 -0 0.553307 0.572831
0.415823 1.9563 -0 0.56946 0.604804
0.457406 2.15192 -0 0.569833 0.572488
0.344156 2.17291 -0 0.553307 0.572831
0.344156 2.17291 -0 0.553307 0.572831
0.457406 2.15192 -0 0.569833 0.572488
0.407381 2.5721 0.04 0.555371 0.515807
0.457406 2.15192 -0 0.569833 0.572488
0.541436 2.54726 0.04 0.573746 0.515787
0.407381 2.5721 0.04 0.555371 0.515807
0.407381 2.5721 0.04 0.555371 0.515807
0.541436 2.54726 0.04 0.573746 0.515787
0.438668 2.76964 0.16 0.557132 0.473761
0.541436 2.54726 0.04 0.573746 0.515787
0.583018 2.74289 0.16 0.575434 0.47403
0.438668 2.76964 0.16 0.557132 0.473761
0.438668 2.76964 0.16 0.557132 0.473761
0.583018 2.74289 0.16 0.575434 0.47403
0.469955 2.96718 0.36 0.558535 0.420609
0.583018 2.74289 0.16 0.575434 0.47403
0.624601 2.93851 0.36 0.576696 0.424138
0.469955 2.96718 0.36 0.558535 0.420609
0.469955 2.96718 0.36 0.558535 0.420609
0.624601 2.93851 0.36 0.576696 0.424138
0.501242 3.16471 0.64 0.559407 0.36109
0.624601 2.93851 0.36 0.576696 0.424138
0.666183 3.13414 0.64 0.578941 0.362224
0.501242 3.16471 0.64 0.559407 0.36109
0.501242 3.16471 0.64 0.559407 0.36109
0.666183 3.13414 0.64 0.578941 0.362224
0.532528 3.36225 1 0.559391 0.290245
0.666183 3.13414 0.64 0.578941 0.362224
0.707765 3.32977 1 0.57987 0.289494
0.532528 3.36225 1 0.559391 0.290245
0.532528 3.36225 1 0.559391 0.290245
0.707765 3.32977 1 0.57987 0.289494
0.563815 3.55979 1.44 0.558201 0.211929
0.707765 3.32977 1 0.57987 0.289494
0.749348 3.5254 1.44 0.579188 0.212091
0.563815 3.55979 1.44 0.558201 0.211929
0.563815 3.55979 1.44 0.558201 0.211929
0.749348 3.5254 1.44 0.579188 0.212091
0.595102 3.75733 1.96 0.557277 0.132391
0.749348 3.5254 1.44 0.579188 0.212091
0.79093 3.72103 1.96 0.578141 0.133399
0.595102 3.75733 1.96 0.557277 0.132391
0.595102 3.75733 1.96 0.557277 0.132391
0.79093 3.72103 1.96 0.578141 0.133399
0.626389 3.95487 2.56 0.554926 0.05642
0.79093 3.72103 1.96 0.578141 0.133399
0.832512 3.91666 2.56 0.576128 0.0557026
0.626389 3.95487 2.56 0.554926 0.05642
0.0209057 0.530019 -0 0.503548 0.999597
0.0312869 0.530019 -0 0.507563 0.999599
0.0418114 0.530019 -0 0.51024 0.999579
0.0312869 0.530019 -0 0.507563 0.999599
0.0625738 0.530019 -0 0.515592 0.999484
0.0418114 0.530019 -0 0.51024 0.999579
0.0418114 0.530019 -0 0.51024 0.999579
0.0625738 0.530019 -0 0.515592 0.999484
0.0627171 0.596713 -0 0.51602 0.974125
0.0625738 0.530019 -0 0.515592 0.999484
0.0938607 0.592613 -0 0.52432 0.976383
0.0627171 0.596713 -0 0.51602 0.974125
0.0627171 0.596713 -0 0.51602 0.974125
0.0938607 0.592613 -0 0.52432 0.976383
0.0836228 0.795618 -0 0.520185 0.901763
0.0938607 0.592613 -0 0.52432 0.976383
0.125148 0.790151 -0 0.530935 0.902997
0.0836228 0.795618 -0 0.520185 0.901763
0.0836228 0.795618 -0 0.520185 0.901763
0.125148 0.790151 -0 0.530935 0.902997
0.104528 0.994522 -0 0.524509 0.836358
0.125148 0.790151 -0 0.530935 0.902997
0.156434 0.987688 -0 0.536001 0.837887
0.104528 0.994522 -0 0.524509 0.836358
0.104528 0.994522 -0 0.524509 0.836358
0.156434 0.987688 -0 0.536001 0.837887
0.125434 1.19343 -0 0.527189 0.774578
0.156434 0.987688 -0 0.536001 0.837887
0.187721 1.18523 -0 0.540972 0.776336
0.125434 1.19343 -0 0.527189 0.774578
0.125434 1.19343 -0 0.527189 0.774578
0.187721 1.18523 -0 0.540972 0.776336
0.14634 1.39233 -0 0.529671 0.722547
0.187721 1.18523 -0 0.540972 0.776336
0.219008 1.38276 -0 0.545656 0.724489
0.14634 1.39233 -0 0.529671 0.722547
0.14634 1.39233 -0 0.529671 0.722547
0.219008 1.38276 -0 0.545656 0.724489
0.167246 1.59124 -0 0.532015 0.677076
0.219008 1.38276 -0 0.545656 0.724489
0.250295 1.5803 -0 0.548374 0.676519
0.167246 1.59124 -0 0.532015 0.677076
0.167246 1.59124 -0 0.532015 0.677076
0.250295 1.5803 -0 0.548374 0.676519
0.188151 1.79014 -0 0.534239 0.637672
0.250295 1.5803 -0 0.548374 0.676519
0.281582 1.77784 -0 0.550801 0.637207
0.188151 1.79014 -0 0.534239 0.637672
0.188151 1.79014 -0 0.534239 0.637672
0.281582 1.77784 -0 0.550801 0.637207
0.209057 1.98904 -0 0.534504 0.602787
0.281582 1.77784 -0 0.550801 0.637207
0.312869 1.97538 -0 0.55121 0.602441
0.209057 1.98904 -0 0.534504 0.602787
0.209057 1.98904 -0 0.534504 0.602787
0.312869 1.97538 -0 0.55121 0.602441
0.229963 2.18795 -0 0.536552 0.570089
0.312869 1.97538 -0 0.55121 0.602441
0.344156 2.17291 -0 0.553307 0.572831
0.229963 2.18795 -0 0.536552 0.570089
0.229963 2.18795 -0 0.536552 0.570089
0.344156 2.17291 -0 0.553307 0.572831
0.272209 2.5899 0.04 0.538562 0.512801
0.344156 2.17291 -0 0.553307 0.572831
0.407381 2.5721 0.04 0.555371 0.515807
0.272209 2.5899 0.04 0.538562 0.512801
0.272209 2.5899 0.04 0.538562 0.512801
0.407381 2.5721 0.04 0.555371 0.515807
0.293115 2.7888 0.16 0.538508 0.473577
0.407381 2.5721 0.04 0.555371 0.515807
0.438668 2.76964 0.16 0.557132 0.473761
0.293115 2.7888 0.16 0.538508 0.473577
0.293115 2.7888 0.16 0.538508 0.473577
0.438668 2.76964 0.16 0.557132 0.473761
0.314021 2.98771 0.36 0.538239 0.420127
0.438668 2.76964 0.16 0.557132 0.473761
0.469955 2.96718 0.36 0.558535 0.420609
0.314021 2.98771 0.36 0.538239 0.420127
0.314021 2.98771 0.36 0.538239 0.420127
0.469955 2.96718 0.36 0.558535 0.420609
0.334926 3.18661 0.64 0.5395 0.360304
0.469955 2.96718 0.36 0.558535 0.420609
0.501242 3.16471 0.64 0.559407 0.36109
0.334926 3.18661 0.64 0.5395 0.360304
0.334926 3.18661 0.64 0.5395 0.360304
0.501242 3.16471 0.64 0.559407 0.36109
0.355832 3.38551 1 0.538402 0.289076
0.501242 3.16471 0.64 0.559407 0.36109
0.532528 3.36225 1 0.559391 0.290245
0.355832 3.38551 1 0.538402 0.289076
0.355832 3.38551 1 0.538402 0.289076
0.532528 3.36225 1 0.559391 0.290245
0.376738 3.58442 1.44 0.538406 0.212638
0.532528 3.36225 1 0.559391 0.290245
0.563815 3.55979 1.44 0.558201 0.211929
0.376738 3.58442 1.44 0.538406 0.212638
0.376738 3.58442 1.44 0.538406 0.212638
0.563815 3.55979 1.44 0.558201 0.211929
0.397643 3.78332 1.96 0.536016 0.134011
0.563815 3.55979 1.44 0.558201 0.211929
0.595102 3.75733 1.96 0.557277 0.132391
0.397643 3.78332 1.96 0.536016 0.134011
0.397643 3.78332 1.96 0.536016 0.134011
0.595102 3.75733 1.96 0.557277 0.132391
0.418549 3.98223 2.56 0.534381 0.0558206
0.595102 3.75733 1.96 0.557277 0.132391
0.626389 3.95487 2.56 0.554926 0.05642
0.418549 3.98223 2.56 0.534381 0.0558206
0.0104672 0.530019 -0 0.500871 0.999573
0.0209057 0.530019 -0 0.503548 0.999597
0.0209344 0.530019 -0 0.503548 0.999597
0.0209057 0.530019 -0 0.503548 0.999597
0.0418114 0.530019 -0 0.51024 0.999579
0.0209344 0.530019 -0 0.503548 0.999597
0.0209344 0.530019 -0 0.503548 0.999597
0.0418114 0.530019 -0 0.51024 0.999579
0.0314016 0.599178 -0 0.507633 0.974246
0.0418114 0.530019 -0 0.51024 0.999579
0.0627171 0.596713 -0 0.51602 0.974125
0.0314016 0.599178 -0 0.507633 0.974246
0.0314016 0.599178 -0 0.507633 0.974246
0.0627171 0.596713 -0 0.51602 0.974125
0.0418688 0.798904 -0 0.509358 0.901968
0.0627171 0.596713 -0 0.51602 0.974125
0.0836228 0.795618 -0 0.520185 0.901763
0.0418688 0.798904 -0 0.509358 0.901968
0.0418688 0.798904 -0 0.509358 0.901968
0.0836228 0.795618 -0 0.520185 0.901763
0.052336 0.99863 -0 0.511271 0.834594
0.0836228 0.795618 -0 0.520185 0.901763
0.104528 0.994522 -0 0.524509 0.836358
0.052336 0.99863 -0 0.511271 0.834594
0.052336 0.99863 -0 0.511271 0.834594
0.104528 0.994522 -0 0.524509 0.836358
0.0628031 1.19836 -0 0.513278 0.774884
0.104528 0.994522 -0 0.524509 0.836358
0.125434 1.19343 -0 0.527189 0.774578
0.0628031 1.19836 -0 0.513278 0.774884
0.0628031 1.19836 -0 0.513278 0.774884
0.125434 1.19343 -0 0.527189 0.774578
0.0732703 1.39808 -0 0.51532 0.722847
0.125434 1.19343 -0 0.527189 0.774578
0.14634 1.39233 -0 0.529671 0.722547
0.0732703 1.39808 -0 0.51532 0.722847
0.0732703 1.39808 -0 0.51532 0.722847
0.14634 1.39233 -0 0.529671 0.722547
0.0837375 1.59781 -0 0.517367 0.677354
0.14634 1.39233 -0 0.529671 0.722547
0.167246 1.59124 -0 0.532015 0.677076
0.0837375 1.59781 -0 0.517367 0.677354
0.0837375 1.59781 -0 0.517367 0.677354
0.167246 1.59124 -0 0.532015 0.677076
0.0942047 1.79753 -0 0.517547 0.635058
0.167246 1.59124 -0 0.532015 0.677076
0.188151 1.79014 -0 0.534239 0.637672
0.0942047 1.79753 -0 0.517547 0.635058
0.0942047 1.79753 -0 0.517547 0.635058
0.188151 1.79014 -0 0.534239 0.637672
0.104672 1.99726 -0 0.517659 0.600032
0.188151 1.79014 -0 0.534239 0.637672
0.209057 1.98904 -0 0.534504 0.602787
0.104672 1.99726 -0 0.517659 0.600032
0.104672 1.99726 -0 0.517659 0.600032
0.209057 1.98904 -0 0.534504 0.602787
0.115139 2.19699 -0 0.519616 0.570232
0.209057 1.98904 -0 0.534504 0.602787
0.229963 2.18795 -0 0.536552 0.570089
0.115139 2.19699 -0 0.519616 0.570232
0.115139 2.19699 -0 0.519616 0.570232
0.229963 2.18795 -0 0.536552 0.570089
0.136291 2.60059 0.04 0.519686 0.512813
0.229963 2.18795 -0 0.536552 0.570089
0.272209 2.5899 0.04 0.538562 0.512801
0.136291 2.60059 0.04 0.519686 0.512813
0.136291 2.60059 0.04 0.519686 0.512813
0.272209 2.5899 0.04 0.538562 0.512801
0.146759 2.80032 0.16 0.519673 0.473484
0.272209 2.5899 0.04 0.538562 0.512801
0.293115 2.7888 0.16 0.538508 0.473577
0.146759 2.80032 0.16 0.519673 0.473484
0.146759 2.80032 0.16 0.519673 0.473484
0.293115 2.7888 0.16 0.538508 0.473577
0.157226 3.00005 0.36 0.519581 0.422834
0.293115 2.7888 0.16 0.538508 0.473577
0.314021 2.98771 0.36 0.538239 0.420127
0.157226 3.00005 0.36 0.519581 0.422834
0.157226 3.00005 0.36 0.519581 0.422834
0.314021 2.98771 0.36 0.538239 0.420127
0.167693 3.19977 0.64 0.519352 0.35989
0.314021 2.98771 0.36 0.538239 0.420127
0.334926 3.18661 0.64 0.5395 0.360304
0.167693 3.19977 0.64 0.519352 0.35989
0.167693 3.19977 0.64 0.519352 0.35989
0.334926 3.18661 0.64 0.5395 0.360304
0.17816 3.3995 1 0.518937 0.288521
0.334926 3.18661 0.64 0.5395 0.360304
0.355832 3.38551 1 0.538402 0.289076
0.17816 3.3995 1 0.518937 0.288521
0.17816 3.3995 1 0.518937 0.288521
0.355832 3.38551 1 0.538402 0.289076
0.188627 3.59922 1.44 0.516621 0.211871
0.355832 3.38551 1 0.538402 0.289076
0.376738 3.58442 1.44 0.538406 0.212638
0.188627 3.59922 1.44 0.516621 0.211871
0.188627 3.59922 1.44 0.516621 0.211871
0.376738 3.58442 1.44 0.538406 0.212638
0.199095 3.79895 1.96 0.515899 0.134931
0.376738 3.58442 1.44 0.538406 0.212638
0.397643 3.78332 1.96 0.536016 0.134011
0.199095 3.79895 1.96 0.515899 0.134931
0.199095 3.79895 1.96 0.515899 0.134931
0.397643 3.78332 1.96 0.536016 0.134011
0.209562 3.99868 2.56 0.513578 0.0575204
0.397643 3.78332 1.96 0.536016 0.134011
0.418549 3.98223 2.56 0.534381 0.0558206
0.209562 3.99868 2.56 0.513578 0.0575204
1.22465e-17 0.530019 -0 0.498195 0.999532
0.0104672 0.530019 -0 0.500871 0.999573
2.44929e-17 0.530019 -0 0.498195 0.999532
0.0104672 0.530019 -0 0.500871 0.999573
0.0209344 0.530019 -0 0.503548 0.999597
2.44929e-17 0.530019 -0 0.498195 0.999532
2.44929e-17 0.530019 -0 0.498195 0.999532
0.0209344 0.530019 -0 0.503548 0.999597
3.67394e-17 0.6 -0 0.497847 0.974175
0.0209344 0.530019 -0 0.503548 0.999597
0.0314016 0.599178 -0 0.507633 0.974246
3.67394e-17 0.6 -0 0.497847 0.974175
3.67394e-17 0.6 -0 0.497847 0.974175
0.0314016 0.599178 -0 0.507633 0.974246
4.89859e-17 0.8 -0 0.498525 0.901927
0.0314016 0.599178 -0 0.507633 0.974246
0.0418688 0.798904 -0 0.509358 0.901968
4.89859e-17 0.8 -0 0.498525 0.901927
4.89859e-17 0.8 -0 0.498525 0.901927
0.0418688 0.798904 -0 0.509358 0.901968
6.12323e-17 1 -0 0.499645 0.83459
0.0418688 0.798904 -0 0.509358 0.901968
0.052336 0.99863 -0 0.511271 0.834594
6.12323e-17 1 -0 0.499645 0.83459
6.12323e-17 1 -0 0.499645 0.83459
0.052336 0.99863 -0 0.511271 0.834594
7.34788e-17 1.2 -0 0.499345 0.774899
0.052336 0.99863 -0 0.511271 0.834594
0.0628031 1.19836 -0 0.513278 0.774884
7.34788e-17 1.2 -0 0.499345 0.774899
7.34788e-17 1.2 -0 0.499345 0.774899
0.0628031 1.19836 -0 0.513278 0.774884
8.57253e-17 1.4 -0 0.500937 0.722894
0.0628031 1.19836 -0 0.513278 0.774884
0.0732703 1.39808 -0 0.51532 0.722847
8.57253e-17 1.4 -0 0.500937 0.722894
8.57253e-17 1.4 -0 0.500937 0.722894
0.0732703 1.39808 -0 0.51532 0.722847
9.79717e-17 1.6 -0 0.500839 0.677416
0.0732703 1.39808 -0 0.51532 0.722847
0.0837375 1.59781 -0 0.517367 0.677354
9.79717e-17 1.6 -0 0.500839 0.677416
9.79717e-17 1.6 -0 0.500839 0.677416
0.0837375 1.59781 -0 0.517367 0.677354
1.10218e-16 1.8 -0 0.500773 0.63511
0.0837375 1.59781 -0 0.517367 0.677354
0.0942047 1.79753 -0 0.517547 0.635058
1.10218e-16 1.8 -0 0.500773 0.63511
1.10218e-16 1.8 -0 0.500773 0.63511
0.0942047 1.79753 -0 0.517547 0.635058
1.22465e-16 2 -0 0.500739 0.603029
0.0942047 1.79753 -0 0.517547 0.635058
0.104672 1.99726 -0 0.517659 0.600032
1.22465e-16 2 -0 0.500739 0.603029
1.22465e-16 2 -0 0.500739 0.603029
0.104672 1.99726 -0 0.517659 0.600032
1.34711e-16 2.2 -0 0.50261 0.570278
0.104672 1.99726 -0 0.517659 0.600032
0.115139 2.19699 -0 0.519616 0.570232
1.34711e-16 2.2 -0 0.50261 0.570278
1.34711e-16 2.2 -0 0.50261 0.570278
0.115139 2.19699 -0 0.519616 0.570232
1.59459e-16 2.60416 0.04 0.502618 0.515864
0.115139 2.19699 -0 0.519616 0.570232
0.136291 2.60059 0.04 0.519686 0.512813
1.59459e-16 2.60416 0.04 0.502618 0.515864
1.59459e-16 2.60416 0.04 0.502618 0.515864
0.136291 2.60059 0.04 0.519686 0.512813
1.71705e-16 2.80416 0.16 0.502641 0.473481
0.136291 2.60059 0.04 0.519686 0.512813
0.146759 2.80032 0.16 0.519673 0.473484
1.71705e-16 2.80416 0.16 0.502641 0.473481
1.71705e-16 2.80416 0.16 0.502641 0.473481
0.146759 2.80032 0.16 0.519673 0.473484
1.83952e-16 3.00416 0.36 0.500816 0.422814
0.146759 2.80032 0.16 0.519673 0.473484
0.157226 3.00005 0.36 0.519581 0.422834
1.83952e-16 3.00416 0.36 0.500816 0.422814
1.83952e-16 3.00416 0.36 0.500816 0.422814
0.157226 3.00005 0.36 0.519581 0.422834
1.96198e-16 3.20416 0.64 0.499109 0.35986
0.157226 3.00005 0.36 0.519581 0.422834
0.167693 3.19977 0.64 0.519352 0.35989
1.96198e-16 3.20416 0.64 0.499109 0.35986
1.96198e-16 3.20416 0.64 0.499109 0.35986
0.167693 3.19977 0.64 0.519352 0.35989
2.08445e-16 3.40416 1 0.497598 0.291003
0.167693 3.19977 0.64 0.519352 0.35989
0.17816 3.3995 1 0.518937 0.288521
2.08445e-16 3.40416 1 0.497598 0.291003
2.08445e-16 3.40416 1 0.497598 0.291003
0.17816 3.3995 1 0.518937 0.288521
2.20691e-16 3.60416 1.44 0.496416 0.214037
0.17816 3.3995 1 0.518937 0.288521
0.188627 3.59922 1.44 0.516621 0.211871
2.20691e-16 3.60416 1.44 0.496416 0.214037
2.20691e-16 3.60416 1.44 0.496416 0.214037
0.188627 3.59922 1.44 0.516621 0.211871
2.32938e-16 3.80416 1.96 0.494105 0.135025
0.188627 3.59922 1.44 0.516621 0.211871
0.199095 3.79895 1.96 0.515899 0.134931
2.32938e-16 3.80416 1.96 0.494105 0.135025
2.32938e-16 3.80416 1.96 0.494105 0.135025
0.199095 3.79895 1.96 0.515899 0.134931
2.45184e-16 4.00416 2.56 0.492583 0.0590016
0.199095 3.79895 1.96 0.515899 0.134931
0.209562 3.99868 2.56 0.513578 0.0575204
2.45184e-16 4.00416 2.56 0.492583 0.0590016
-0.0104672 0.530019 -0 0.49552 0.999473
1.22465e-17 0.530019 -0 0.498195 0.999532
-0.0209344 0.530019 -0 0.492846 0.999396
1.22465e-17 0.530019 -0 0.498195 0.999532
2.44929e-17 0.530019 -0 0.498195 0.999532
-0.0209344 0.530019 -0 0.492846 0.999396
-0.0209344 0.530019 -0 0.492846 0.999396
2.44929e-17 0.530019 -0 0.498195 0.999532
-0.0314016 0.599178 -0 0.489468 0.973933
2.44929e-17 0.530019 -0 0.498195 0.999532
3.67394e-17 0.6 -0 0.497847 0.974175
-0.0314016 0.599178 -0 0.489468 0.973933
-0.0314016 0.599178 -0 0.489468 0.973933
3.67394e-17 0.6 -0 0.497847 0.974175
-0.0418688 0.798904 -0 0.487707 0.90164
3.67394e-17 0.6 -0 0.497847 0.974175
4.89859e-17 0.8 -0 0.498525 0.901927
-0.0418688 0.798904 -0 0.487707 0.90164
-0.0418688 0.798904 -0 0.487707 0.90164
4.89859e-17 0.8 -0 0.498525 0.901927
-0.052336 0.99863 -0 0.486414 0.836342
4.89859e-17 0.8 -0 0.498525 0.901927
6.12323e-17 1 -0 0.499645 0.83459
-0.052336 0.99863 -0 0.486414 0.836342
-0.052336 0.99863 -0 0.486414 0.836342
6.12323e-17 1 -0 0.499645 0.83459
-0.0628031 1.19836 -0 0.485468 0.776978
6.12323e-17 1 -0 0.499645 0.83459
7.34788e-17 1.2 -0 0.499345 0.774899
-0.0628031 1.19836 -0 0.485468 0.776978
-0.0628031 1.19836 -0 0.485468 0.776978
7.34788e-17 1.2 -0 0.499345 0.774899
-0.0732703 1.39808 -0 0.484783 0.722645
7.34788e-17 1.2 -0 0.499345 0.774899
8.57253e-17 1.4 -0 0.500937 0.722894
-0.0732703 1.39808 -0 0.484783 0.722645
-0.0732703 1.39808 -0 0.484783 0.722645
8.57253e-17 1.4 -0 0.500937 0.722894
-0.0837375 1.59781 -0 0.486168 0.677249
8.57253e-17 1.4 -0 0.500937 0.722894
9.79717e-17 1.6 -0 0.500839 0.677416
-0.0837375 1.59781 -0 0.486168 0.677249
-0.0837375 1.59781 -0 0.486168 0.677249
9.79717e-17 1.6 -0 0.500839 0.677416
-0.0942047 1.79753 -0 0.4859 0.637858
9.79717e-17 1.6 -0 0.500839 0.677416
1.10218e-16 1.8 -0 0.500773 0.63511
-0.0942047 1.79753 -0 0.4859 0.637858
-0.0942047 1.79753 -0 0.4859 0.637858
1.10218e-16 1.8 -0 0.500773 0.63511
-0.104672 1.99726 -0 0.485729 0.602938
1.10218e-16 1.8 -0 0.500773 0.63511
1.22465e-16 2 -0 0.500739 0.603029
-0.104672 1.99726 -0 0.485729 0.602938
-0.104672 1.99726 -0 0.485729 0.602938
1.22465e-16 2 -0 0.500739 0.603029
-0.115139 2.19699 -0 0.485631 0.573221
1.22465e-16 2 -0 0.500739 0.603029
1.34711e-16 2.2 -0 0.50261 0.570278
-0.115139 2.19699 -0 0.485631 0.573221
-0.115139 2.19699 -0 0.485631 0.573221
1.34711e-16 2.2 -0 0.50261 0.570278
-0.136291 2.60059 0.04 0.48368 0.515885
1.34711e-16 2.2 -0 0.50261 0.570278
1.59459e-16 2.60416 0.04 0.502618 0.515864
-0.136291 2.60059 0.04 0.48368 0.515885
-0.136291 2.60059 0.04 0.48368 0.515885
1.59459e-16 2.60416 0.04 0.502618 0.515864
-0.146759 2.80032 0.16 0.483738 0.476579
1.59459e-16 2.60416 0.04 0.502618 0.515864
1.71705e-16 2.80416 0.16 0.502641 0.473481
-0.146759 2.80032 0.16 0.483738 0.476579
-0.146759 2.80032 0.16 0.483738 0.476579
1.71705e-16 2.80416 0.16 0.502641 0.473481
-0.157226 3.00005 0.36 0.482088 0.422996
1.71705e-16 2.80416 0.16 0.502641 0.473481
1.83952e-16 3.00416 0.36 0.500816 0.422814
-0.157226 3.00005 0.36 0.482088 0.422996
-0.157226 3.00005 0.36 0.482088 0.422996
1.83952e-16 3.00416 0.36 0.500816 0.422814
-0.167693 3.19977 0.64 0.48072 0.362941
1.83952e-16 3.00416 0.36 0.500816 0.422814
1.96198e-16 3.20416 0.64 0.499109 0.35986
-0.167693 3.19977 0.64 0.48072 0.362941
-0.167693 3.19977 0.64 0.48072 0.362941
1.96198e-16 3.20416 0.64 0.499109 0.35986
-0.17816 3.3995 1 0.47808 0.291506
1.96198e-16 3.20416 0.64 0.499109 0.35986
2.08445e-16 3.40416 1 0.497598 0.291003
-0.17816 3.3995 1 0.47808 0.291506
-0.17816 3.3995 1 0.47808 0.291506
2.08445e-16 3.40416 1 0.497598 0.291003
-0.188627 3.59922 1.44 0.476208 0.21691
2.08445e-16 3.40416 1 0.497598 0.291003
2.20691e-16 3.60416 1.44 0.496416 0.214037
-0.188627 3.59922 1.44 0.476208 0.21691
-0.188627 3.59922 1.44 0.476208 0.21691
2.20691e-16 3.60416 1.44 0.496416 0.214037
-0.199095 3.79895 1.96 0.473885 0.137716
2.20691e-16 3.60416 1.44 0.496416 0.214037
2.32938e-16 3.80416 1.96 0.494105 0.135025
-0.199095 3.79895 1.96 0.473885 0.137716
-0.199095 3.79895 1.96 0.473885 0.137716
2.32938e-16 3.80416 1.96 0.494105 0.135025
-0.209562 3.99868 2.56 0.471596 0.0615378
2.32938e-16 3.80416 1.96 0.494105 0.135025
2.45184e-16 4.00416 2.56 0.492583 0.0590016
-0.209562 3.99868 2.56 0.471596 0.0615378
-0.0209057 0.530019 -0 0.492846 0.999396
-0.0104672 0.530019 -0 0.49552 0.999473
-0.0418114 0.530019 -0 0.486169 0.999127
-0.0104672 0.530019 -0 0.49552 0.999473
-0.0209344 0.530019 -0 0.492846 0.999396
-0.0418114 0.530019 -0 0.486169 0.999127
-0.0418114 0.530019 -0 0.486169 0.999127
-0.0209344 0.530019 -0 0.492846 0.999396
-0.0627171 0.596713 -0 0.481159 0.974801
-0.0209344 0.530019 -0 0.492846 0.999396
-0.0314016 0.599178 -0 0.489468 0.973933
-0.0627171 0.596713 -0 0.481159 0.974801
-0.0627171 0.596713 -0 0.481159 0.974801
-0.0314016 0.599178 -0 0.489468 0.973933
-0.0836228 0.795618 -0 0.476983 0.902794
-0.0314016 0.599178 -0 0.489468 0.973933
-0.0418688 0.798904 -0 0.487707 0.90164
-0.0836228 0.795618 -0 0.476983 0.902794
-0.0836228 0.795618 -0 0.476983 0.902794
-0.0418688 0.798904 -0 0.487707 0.90164
-0.104528 0.994522 -0 0.474874 0.835819
-0.0418688 0.798904 -0 0.487707 0.90164
-0.052336 0.99863 -0 0.486414 0.836342
-0.104528 0.994522 -0 0.474874 0.835819
-0.104528 0.994522 -0 0.474874 0.835819
-0.052336 0.99863 -0 0.486414 0.836342
-0.125434 1.19343 -0 0.473372 0.776498
-0.052336 0.99863 -0 0.486414 0.836342
-0.0628031 1.19836 -0 0.485468 0.776978
-0.125434 1.19343 -0 0.473372 0.776498
-0.125434 1.19343 -0 0.473372 0.776498
-0.0628031 1.19836 -0 0.485468 0.776978
-0.14634 1.39233 -0 0.470552 0.724736
-0.0628031 1.19836 -0 0.485468 0.776978
-0.0732703 1.39808 -0 0.484783 0.722645
-0.14634 1.39233 -0 0.470552 0.724736
-0.14634 1.39233 -0 0.470552 0.724736
-0.0732703 1.39808 -0 0.484783 0.722645
-0.167246 1.59124 -0 0.469799 0.679556
-0.0732703 1.39808 -0 0.484783 0.722645
-0.0837375 1.59781 -0 0.486168 0.677249
-0.167246 1.59124 -0 0.469799 0.679556
-0.167246 1.59124 -0 0.469799 0.679556
-0.0837375 1.59781 -0 0.486168 0.677249
-0.188151 1.79014 -0 0.469297 0.640377
-0.0837375 1.59781 -0 0.486168 0.677249
-0.0942047 1.79753 -0 0.4859 0.637858
-0.188151 1.79014 -0 0.469297 0.640377
-0.188151 1.79014 -0 0.469297 0.640377
-0.0942047 1.79753 -0 0.4859 0.637858
-0.209057 1.98904 -0 0.46897 0.60563
-0.0942047 1.79753 -0 0.4859 0.637858
-0.104672 1.99726 -0 0.485729 0.602938
-0.209057 1.98904 -0 0.46897 0.60563
-0.209057 1.98904 -0 0.46897 0.60563
-0.104672 1.99726 -0 0.485729 0.602938
-0.229963 2.18795 -0 0.466915 0.576021
-0.104672 1.99726 -0 0.485729 0.602938
-0.115139 2.19699 -0 0.485631 0.573221
-0.229963 2.18795 -0 0.466915 0.576021
-0.229963 2.18795 -0 0.466915 0.576021
-0.115139 2.19699 -0 0.485631 0.573221
-0.272209 2.5899 0.04 0.466763 0.518922
-0.115139 2.19699 -0 0.485631 0.573221
-0.136291 2.60059 0.04 0.48368 0.515885
-0.272209 2.5899 0.04 0.466763 0.518922
-0.272209 2.5899 0.04 0.466763 0.518922
-0.136291 2.60059 0.04 0.48368 0.515885
-0.293115 2.7888 0.16 0.464988 0.476747
-0.136291 2.60059 0.04 0.48368 0.515885
-0.146759 2.80032 0.16 0.483738 0.476579
-0.293115 2.7888 0.16 0.464988 0.476747
-0.293115 2.7888 0.16 0.464988 0.476747
-0.146759 2.80032 0.16 0.483738 0.476579
-0.314021 2.98771 0.36 0.463488 0.426301
-0.146759 2.80032 0.16 0.483738 0.476579
-0.157226 3.00005 0.36 0.482088 0.422996
-0.314021 2.98771 0.36 0.463488 0.426301
-0.314021 2.98771 0.36 0.463488 0.426301
-0.157226 3.00005 0.36 0.482088 0.422996
-0.334926 3.18661 0.64 0.460639 0.3664
-0.157226 3.00005 0.36 0.482088 0.422996
-0.167693 3.19977 0.64 0.48072 0.362941
-0.334926 3.18661 0.64 0.460639 0.3664
-0.334926 3.18661 0.64 0.460639 0.3664
-0.167693 3.19977 0.64 0.48072 0.362941
-0.355832 3.38551 1 0.456935 0.295126
-0.167693 3.19977 0.64 0.48072 0.362941
-0.17816 3.3995 1 0.47808 0.291506
-0.355832 3.38551 1 0.456935 0.295126
-0.355832 3.38551 1 0.456935 0.295126
-0.17816 3.3995 1 0.47808 0.291506
-0.376738 3.58442 1.44 0.454577 0.218456
-0.17816 3.3995 1 0.47808 0.291506
-0.188627 3.59922 1.44 0.476208 0.21691
-0.376738 3.58442 1.44 0.454577 0.218456
-0.376738 3.58442 1.44 0.454577 0.218456
-0.188627 3.59922 1.44 0.476208 0.21691
-0.397643 3.78332 1.96 0.452274 0.141415
-0.188627 3.59922 1.44 0.476208 0.21691
-0.199095 3.79895 1.96 0.473885 0.137716
-0.397643 3.78332 1.96 0.452274 0.141415
-0.397643 3.78332 1.96 0.452274 0.141415
-0.199095 3.79895 1.96 0.473885 0.137716
-0.418549 3.98223 2.56 0.450877 0.0638013
-0.199095 3.79895 1.96 0.473885 0.137716
-0.209562 3.99868 2.56 0.471596 0.0615378
-0.418549 3.98223 2.56 0.450877 0.0638013
-0.0312869 0.530019 -0 0.488838 0.999248
-0.0209057 0.530019 -0 0.492846 0.999396
-0.0625738 0.530019 -0 0.480836 0.998832
-0.0209057 0.530019 -0 0.492846 0.999396
-0.0418114 0.530019 -0 0.486169 0.999127
-0.0625738 0.530019 -0 0.480836 0.998832
-0.0625738 0.530019 -0 0.480836 0.998832
-0.0418114 0.530019 -0 0.486169 0.999127
-0.0938607 0.592613 -0 0.472912 0.9755
-0.0418114 0.530019 -0 0.486169 0.999127
-0.0627171 0.596713 -0 0.481159 0.974801
-0.0938607 0.592613 -0 0.472912 0.9755
-0.0938607 0.592613 -0 0.472912 0.9755
-0.0627171 0.596713 -0 0.481159 0.974801
-0.125148 0.790151 -0 0.466357 0.903698
-0.0627171 0.596713 -0 0.481159 0.974801
-0.0836228 0.795618 -0 0.476983 0.902794
-0.125148 0.790151 -0 0.466357 0.903698
-0.125148 0.790151 -0 0.466357 0.903698
-0.0836228 0.795618 -0 0.476983 0.902794
-0.156434 0.987688 -0 0.461936 0.839005
-0.0836228 0.795618 -0 0.476983 0.902794
-0.104528 0.994522 -0 0.474874 0.835819
-0.156434 0.987688 -0 0.461936 0.839005
-0.156434 0.987688 -0 0.461936 0.839005
-0.104528 0.994522 -0 0.474874 0.835819
-0.187721 1.18523 -0 0.459802 0.780348
-0.104528 0.994522 -0 0.474874 0.835819
-0.125434 1.19343 -0 0.473372 0.776498
-0.187721 1.18523 -0 0.459802 0.780348
-0.187721 1.18523 -0 0.459802 0.780348
-0.125434 1.19343 -0 0.473372 0.776498
-0.219008 1.38276 -0 0.456489 0.72656
-0.125434 1.19343 -0 0.473372 0.776498
-0.14634 1.39233 -0 0.470552 0.724736
-0.219008 1.38276 -0 0.456489 0.72656
-0.219008 1.38276 -0 0.456489 0.72656
-0.14634 1.39233 -0 0.470552 0.724736
-0.250295 1.5803 -0 0.453642 0.681581
-0.14634 1.39233 -0 0.470552 0.724736
-0.167246 1.59124 -0 0.469799 0.679556
-0.250295 1.5803 -0 0.453642 0.681581
-0.250295 1.5803 -0 0.453642 0.681581
-0.167246 1.59124 -0 0.469799 0.679556
-0.281582 1.77784 -0 0.452909 0.642666
-0.167246 1.59124 -0 0.469799 0.679556
-0.188151 1.79014 -0 0.469297 0.640377
-0.281582 1.77784 -0 0.452909 0.642666
-0.281582 1.77784 -0 0.452909 0.642666
-0.188151 1.79014 -0 0.469297 0.640377
-0.312869 1.97538 -0 0.452425 0.608144
-0.188151 1.79014 -0 0.469297 0.640377
-0.209057 1.98904 -0 0.46897 0.60563
-0.312869 1.97538 -0 0.452425 0.608144
-0.312869 1.97538 -0 0.452425 0.608144
-0.209057 1.98904 -0 0.46897 0.60563
-0.344156 2.17291 -0 0.450302 0.578704
-0.209057 1.98904 -0 0.46897 0.60563
-0.229963 2.18795 -0 0.466915 0.576021
-0.344156 2.17291 -0 0.450302 0.578704
-0.344156 2.17291 -0 0.450302 0.578704
-0.229963 2.18795 -0 0.466915 0.576021
-0.407381 2.5721 0.04 0.448218 0.521927
-0.229963 2.18795 -0 0.466915 0.576021
-0.272209 2.5899 0.04 0.466763 0.518922
-0.407381 2.5721 0.04 0.448218 0.521927
-0.407381 2.5721 0.04 0.448218 0.521927
-0.272209 2.5899 0.04 0.466763 0.518922
-0.438668 2.76964 0.16 0.446489 0.479982
-0.272209 2.5899 0.04 0.466763 0.518922
-0.293115 2.7888 0.16 0.464988 0.476747
-0.438668 2.76964 0.16 0.446489 0.479982
-0.438668 2.76964 0.16 0.446489 0.479982
-0.293115 2.7888 0.16 0.464988 0.476747
-0.469955 2.96718 0.36 0.445136 0.429767
-0.293115 2.7888 0.16 0.464988 0.476747
-0.314021 2.98771 0.36 0.463488 0.426301
-0.469955 2.96718 0.36 0.445136 0.429767
-0.469955 2.96718 0.36 0.445136 0.429767
-0.314021 2.98771 0.36 0.463488 0.426301
-0.501242 3.16471 0.64 0.440916 0.367422
-0.314021 2.98771 0.36 0.463488 0.426301
-0.334926 3.18661 0.64 0.460639 0.3664
-0.501242 3.16471 0.64 0.440916 0.367422
-0.501242 3.16471 0.64 0.440916 0.367422
-0.334926 3.18661 0.64 0.460639 0.3664
-0.532528 3.36225 1 0.437828 0.29913
-0.334926 3.18661 0.64 0.460639 0.3664
-0.355832 3.38551 1 0.456935 0.295126
-0.532528 3.36225 1 0.437828 0.29913
-0.532528 3.36225 1 0.437828 0.29913
-0.355832 3.38551 1 0.456935 0.295126
-0.563815 3.55979 1.44 0.434845 0.222707
-0.355832 3.38551 1 0.456935 0.295126
-0.376738 3.58442 1.44 0.454577 0.218456
-0.563815 3.55979 1.44 0.434845 0.222707
-0.563815 3.55979 1.44 0.434845 0.222707
-0.376738 3.58442 1.44 0.454577 0.218456
-0.595102 3.75733 1.96 0.432631 0.144052
-0.376738 3.58442 1.44 0.454577 0.218456
-0.397643 3.78332 1.96 0.452274 0.141415
-0.595102 3.75733 1.96 0.432631 0.144052
-0.595102 3.75733 1.96 0.432631 0.144052
-0.397643 3.78332 1.96 0.452274 0.141415
-0.626389 3.95487 2.56 0.430528 0.0670321
-0.397643 3.78332 1.96 0.452274 0.141415
-0.418549 3.98223 2.56 0.450877 0.0638013
-0.626389 3.95487 2.56 0.430528 0.0670321
-0.0415823 0.530019 -0 0.486169 0.999127
-0.0312869 0.530019 -0 0.488838 0.999248
-0.0831647 0.530019 -0 0.475577 0.999606
-0.0312869 0.530019 -0 0.488838 0.999248
-0.0625738 0.530019 -0 0.480836 0.998832
-0.0831647 0.530019 -0 0.475577 0.999606
-0.0831647 0.530019 -0 0.475577 0.999606
-0.0625738 0.530019 -0 0.480836 0.998832
-0.124747 0.586889 -0 0.46482 0.977291
-0.0625738 0.530019 -0 0.480836 0.998832
-0.0938607 0.592613 -0 0.472912 0.9755
-0.124747 0.586889 -0 0.46482 0.977291
-0.124747 0.586889 -0 0.46482 0.977291
-0.0938607 0.592613 -0 0.472912 0.9755
-0.166329 0.782518 -0 0.455948 0.906018
-0.0938607 0.592613 -0 0.472912 0.9755
-0.125148 0.790151 -0 0.466357 0.903698
-0.166329 0.782518 -0 0.455948 0.906018
-0.166329 0.782518 -0 0.455948 0.906018
-0.125148 0.790151 -0 0.466357 0.903698
-0.207912 0.978148 -0 0.45072 0.839998
-0.125148 0.790151 -0 0.466357 0.903698
-0.156434 0.987688 -0 0.461936 0.839005
-0.207912 0.978148 -0 0.45072 0.839998
-0.207912 0.978148 -0 0.45072 0.839998
-0.156434 0.987688 -0 0.461936 0.839005
-0.249494 1.17378 -0 0.446373 0.781561
-0.156434 0.987688 -0 0.461936 0.839005
-0.187721 1.18523 -0 0.459802 0.780348
-0.249494 1.17378 -0 0.446373 0.781561
-0.249494 1.17378 -0 0.446373 0.781561
-0.187721 1.18523 -0 0.459802 0.780348
-0.291076 1.36941 -0 0.442725 0.730654
-0.187721 1.18523 -0 0.459802 0.780348
-0.219008 1.38276 -0 0.456489 0.72656
-0.291076 1.36941 -0 0.442725 0.730654
-0.291076 1.36941 -0 0.442725 0.730654
-0.219008 1.38276 -0 0.456489 0.72656
-0.332659 1.56504 -0 0.439523 0.683446
-0.219008 1.38276 -0 0.456489 0.72656
-0.250295 1.5803 -0 0.453642 0.681581
-0.332659 1.56504 -0 0.439523 0.683446
-0.332659 1.56504 -0 0.439523 0.683446
-0.250295 1.5803 -0 0.453642 0.681581
-0.374241 1.76067 -0 0.436809 0.644724
-0.250295 1.5803 -0 0.453642 0.681581
-0.281582 1.77784 -0 0.452909 0.642666
-0.374241 1.76067 -0 0.436809 0.644724
-0.374241 1.76067 -0 0.436809 0.644724
-0.281582 1.77784 -0 0.452909 0.642666
-0.415823 1.9563 -0 0.436172 0.610476
-0.281582 1.77784 -0 0.452909 0.642666
-0.312869 1.97538 -0 0.452425 0.608144
-0.415823 1.9563 -0 0.436172 0.610476
-0.415823 1.9563 -0 0.436172 0.610476
-0.312869 1.97538 -0 0.452425 0.608144
-0.457406 2.15192 -0 0.433987 0.581249
-0.312869 1.97538 -0 0.452425 0.608144
-0.344156 2.17291 -0 0.450302 0.578704
-0.457406 2.15192 -0 0.433987 0.581249
-0.457406 2.15192 -0 0.433987 0.581249
-0.344156 2.17291 -0 0.450302 0.578704
-0.541436 2.54726 0.04 0.431841 0.524884
-0.344156 2.17291 -0 0.450302 0.578704
-0.407381 2.5721 0.04 0.448218 0.521927
-0.541436 2.54726 0.04 0.431841 0.524884
-0.541436 2.54726 0.04 0.431841 0.524884
-0.407381 2.5721 0.04 0.448218 0.521927
-0.583018 2.74289 0.16 0.428357 0.483248
-0.407381 2.5721 0.04 0.448218 0.521927
-0.438668 2.76964 0.16 0.446489 0.479982
-0.583018 2.74289 0.16 0.428357 0.483248
-0.583018 2.74289 0.16 0.428357 0.483248
-0.438668 2.76964 0.16 0.446489 0.479982
-0.624601 2.93851 0.36 0.425366 0.43344
-0.438668 2.76964 0.16 0.446489 0.479982
-0.469955 2.96718 0.36 0.445136 0.429767
-0.624601 2.93851 0.36 0.425366 0.43344
-0.624601 2.93851 0.36 0.425366 0.43344
-0.469955 2.96718 0.36 0.445136 0.429767
-0.666183 3.13414 0.64 0.421563 0.37151
-0.469955 2.96718 0.36 0.445136 0.429767
-0.501242 3.16471 0.64 0.440916 0.367422
-0.666183 3.13414 0.64 0.421563 0.37151
-0.666183 3.13414 0.64 0.421563 0.37151
-0.501242 3.16471 0.64 0.440916 0.367422
-0.707765 3.32977 1 0.41744 0.303736
-0.501242 3.16471 0.64 0.440916 0.367422
-0.532528 3.36225 1 0.437828 0.29913
-0.707765 3.32977 1 0.41744 0.303736
-0.707765 3.32977 1 0.41744 0.303736
-0.532528 3.36225 1 0.437828 0.29913
-0.749348 3.5254 1.44 0.414101 0.225641
-0.532528 3.36225 1 0.437828 0.29913
-0.563815 3.55979 1.44 0.434845 0.222707
-0.749348 3.5254 1.44 0.414101 0.225641
-0.749348 3.5254 1.44 0.414101 0.225641
-0.563815 3.55979 1.44 0.434845 0.222707
-0.79093 3.72103 1.96 0.412 0.147701
-0.563815 3.55979 1.44 0.434845 0.222707
-0.595102 3.75733 1.96 0.432631 0.144052
-0.79093 3.72103 1.96 0.412 0.147701
-0.79093 3.72103 1.96 0.412 0.147701
-0.595102 3.75733 1.96 0.432631 0.144052
-0.832512 3.91666 2.56 0.41067 0.07116
-0.595102 3.75733 1.96 0.432631 0.144052
-0.626389 3.95487 2.56 0.430528 0.0670321
-0.832512 3.91666 2.56 0.41067 0.07116
-0.0517638 0.530019 -0 0.483501 0.998988
-0.0415823 0.530019 -0 0.486169 0.999127
-0.103528 0.530019 -0 0.468958 0.999055
-0.0415823 0.530019 -0 0.486169 0.999127
-0.0831647 0.530019 -0 0.475577 0.999606
-0.103528 0.530019 -0 0.468958 0.999055
-0.103528 0.530019 -0 0.468958 0.999055
-0.0831647 0.530019 -0 0.475577 0.999606
-0.155291 0.579556 -0 0.455482 0.97874
-0.0831647 0.530019 -0 0.475577 0.999606
-0.124747 0.586889 -0 0.46482 0.977291
-0.155291 0.579556 -0 0.455482 0.97874
-0.155291 0.579556 -0 0.455482 0.97874
-0.124747 0.586889 -0 0.46482 0.977291
-0.207055 0.772741 -0 0.445712 0.908075
-0.124747 0.586889 -0 0.46482 0.977291
-0.166329 0.782518 -0 0.455948 0.906018
-0.207055 0.772741 -0 0.445712 0.908075
-0.207055 0.772741 -0 0.445712 0.908075
-0.166329 0.782518 -0 0.455948 0.906018
-0.258819 0.965926 -0 0.438204 0.842553
-0.166329 0.782518 -0 0.455948 0.906018
-0.207912 0.978148 -0 0.45072 0.839998
-0.258819 0.965926 -0 0.438204 0.842553
-0.258819 0.965926 -0 0.438204 0.842553
-0.207912 0.978148 -0 0.45072 0.839998
-0.310583 1.15911 -0 0.431647 0.784579
-0.207912 0.978148 -0 0.45072 0.839998
-0.249494 1.17378 -0 0.446373 0.781561
-0.310583 1.15911 -0 0.431647 0.784579
-0.310583 1.15911 -0 0.431647 0.784579
-0.249494 1.17378 -0 0.446373 0.781561
-0.362347 1.3523 -0 0.427563 0.73427
-0.249494 1.17378 -0 0.446373 0.781561
-0.291076 1.36941 -0 0.442725 0.730654
-0.362347 1.3523 -0 0.427563 0.73427
-0.362347 1.3523 -0 0.427563 0.73427
-0.291076 1.36941 -0 0.442725 0.730654
-0.41411 1.54548 -0 0.424045 0.687617
-0.291076 1.36941 -0 0.442725 0.730654
-0.332659 1.56504 -0 0.439523 0.683446
-0.41411 1.54548 -0 0.424045 0.687617
-0.41411 1.54548 -0 0.424045 0.687617
-0.332659 1.56504 -0 0.439523 0.683446
-0.465874 1.73867 -0 0.421137 0.649338
-0.332659 1.56504 -0 0.439523 0.683446
-0.374241 1.76067 -0 0.436809 0.644724
-0.465874 1.73867 -0 0.421137 0.649338
-0.465874 1.73867 -0 0.421137 0.649338
-0.374241 1.76067 -0 0.436809 0.644724
-0.517638 1.93185 -0 0.418587 0.615394
-0.374241 1.76067 -0 0.436809 0.644724
-0.415823 1.9563 -0 0.436172 0.610476
-0.517638 1.93185 -0 0.418587 0.615394
-0.517638 1.93185 -0 0.418587 0.615394
-0.415823 1.9563 -0 0.436172 0.610476
-0.569402 2.12504 -0 0.418081 0.586561
-0.415823 1.9563 -0 0.436172 0.610476
-0.457406 2.15192 -0 0.433987 0.581249
-0.569402 2.12504 -0 0.418081 0.586561
-0.569402 2.12504 -0 0.418081 0.586561
-0.457406 2.15192 -0 0.433987 0.581249
-0.674007 2.51543 0.04 0.414087 0.530723
-0.457406 2.15192 -0 0.433987 0.581249
-0.541436 2.54726 0.04 0.431841 0.524884
-0.674007 2.51543 0.04 0.414087 0.530723
-0.674007 2.51543 0.04 0.414087 0.530723
-0.541436 2.54726 0.04 0.431841 0.524884
-0.725771 2.70861 0.16 0.410667 0.489461
-0.541436 2.54726 0.04 0.431841 0.524884
-0.583018 2.74289 0.16 0.428357 0.483248
-0.725771 2.70861 0.16 0.410667 0.489461
-0.725771 2.70861 0.16 0.410667 0.489461
-0.583018 2.74289 0.16 0.428357 0.483248
-0.777535 2.9018 0.36 0.407865 0.437147
-0.583018 2.74289 0.16 0.428357 0.483248
-0.624601 2.93851 0.36 0.425366 0.43344
-0.777535 2.9018 0.36 0.407865 0.437147
-0.777535 2.9018 0.36 0.407865 0.437147
-0.624601 2.93851 0.36 0.425366 0.43344
-0.829298 3.09498 0.64 0.402743 0.375842
-0.624601 2.93851 0.36 0.425366 0.43344
-0.666183 3.13414 0.64 0.421563 0.37151
-0.829298 3.09498 0.64 0.402743 0.375842
-0.829298 3.09498 0.64 0.402743 0.375842
-0.666183 3.13414 0.64 0.421563 0.37151
-0.881062 3.28817 1 0.397789 0.306273
-0.666183 3.13414 0.64 0.421563 0.37151
-0.707765 3.32977 1 0.41744 0.303736
-0.881062 3.28817 1 0.397789 0.306273
-0.881062 3.28817 1 0.397789 0.306273
-0.707765 3.32977 1 0.41744 0.303736
-0.932826 3.48135 1.44 0.393846 0.231341
-0.707765 3.32977 1 0.41744 0.303736
-0.749348 3.5254 1.44 0.414101 0.225641
-0.932826 3.48135 1.44 0.393846 0.231341
-0.932826 3.48135 1.44 0.393846 0.231341
-0.749348 3.5254 1.44 0.414101 0.225641
-0.98459 3.67454 1.96 0.392026 0.152104
-0.749348 3.5254 1.44 0.414101 0.225641
-0.79093 3.72103 1.96 0.412 0.147701
-0.98459 3.67454 1.96 0.392026 0.152104
-0.98459 3.67454 1.96 0.392026 0.152104
-0.79093 3.72103 1.96 0.412 0.147701
-1.03635 3.86772 2.56 0.390365 0.0751348
-0.79093 3.72103 1.96 0.412 0.147701
-0.832512 3.91666 2.56 0.41067 0.07116
-1.03635 3.86772 2.56 0.390365 0.0751348
-0.0618034 0.530019 -0 0.480836 0.998832
-0.0517638 0.530019 -0 0.483501 0.998988
-0.123607 0.530019 -0 0.463681 0.998538
-0.0517638 0.530019 -0 0.483501 0.998988
-0.103528 0.530019 -0 0.468958 0.999055
-0.123607 0.530019 -0 0.463681 0.998538
-0.123607 0.530019 -0 0.463681 0.998538
-0.103528 0.530019 -0 0.468958 0.999055
-0.18541 0.570634 -0 0.447747 0.981382
-0.103528 0.530019 -0 0.468958 0.999055
-0.155291 0.579556 -0 0.455482 0.97874
-0.18541 0.570634 -0 0.447747 0.981382
-0.18541 0.570634 -0 0.447747 0.981382
-0.155291 0.579556 -0 0.455482 0.97874
-0.247214 0.760845 -0 0.435801 0.911493
-0.155291 0.579556 -0 0.455482 0.97874
-0.207055 0.772741 -0 0.445712 0.908075
-0.247214 0.760845 -0 0.435801 0.911493
-0.247214 0.760845 -0 0.435801 0.911493
-0.207055 0.772741 -0 0.445712 0.908075
-0.309017 0.951057 -0 0.426108 0.846739
-0.207055 0.772741 -0 0.445712 0.908075
-0.258819 0.965926 -0 0.438204 0.842553
-0.309017 0.951057 -0 0.426108 0.846739
-0.309017 0.951057 -0 0.426108 0.846739
-0.258819 0.965926 -0 0.438204 0.842553
-0.37082 1.14127 -0 0.419045 0.789676
-0.258819 0.965926 -0 0.438204 0.842553
-0.310583 1.15911 -0 0.431647 0.784579
-0.37082 1.14127 -0 0.419045 0.789676
-0.37082 1.14127 -0 0.419045 0.789676
-0.310583 1.15911 -0 0.431647 0.784579
-0.432624 1.33148 -0 0.412806 0.737522
-0.310583 1.15911 -0 0.431647 0.784579
-0.362347 1.3523 -0 0.427563 0.73427
-0.432624 1.33148 -0 0.412806 0.737522
-0.432624 1.33148 -0 0.412806 0.737522
-0.362347 1.3523 -0 0.427563 0.73427
-0.494427 1.52169 -0 0.408992 0.691462
-0.362347 1.3523 -0 0.427563 0.73427
-0.41411 1.54548 -0 0.424045 0.687617
-0.494427 1.52169 -0 0.408992 0.691462
-0.494427 1.52169 -0 0.408992 0.691462
-0.41411 1.54548 -0 0.424045 0.687617
-0.556231 1.7119 -0 0.405904 0.653663
-0.41411 1.54548 -0 0.424045 0.687617
-0.465874 1.73867 -0 0.421137 0.649338
-0.556231 1.7119 -0 0.405904 0.653663
-0.556231 1.7119 -0 0.405904 0.653663
-0.465874 1.73867 -0 0.421137 0.649338
-0.618034 1.90211 -0 0.403238 0.620136
-0.465874 1.73867 -0 0.421137 0.649338
-0.517638 1.93185 -0 0.418587 0.615394
-0.618034 1.90211 -0 0.403238 0.620136
-0.618034 1.90211 -0 0.403238 0.620136
-0.517638 1.93185 -0 0.418587 0.615394
-0.679837 2.09232 -0 0.400919 0.591578
-0.517638 1.93185 -0 0.418587 0.615394
-0.569402 2.12504 -0 0.418081 0.586561
-0.679837 2.09232 -0 0.400919 0.591578
-0.679837 2.09232 -0 0.400919 0.591578
-0.569402 2.12504 -0 0.418081 0.586561
-0.804731 2.47671 0.04 0.396866 0.533496
-0.569402 2.12504 -0 0.418081 0.586561
-0.674007 2.51543 0.04 0.414087 0.530723
-0.804731 2.47671 0.04 0.396866 0.533496
-0.804731 2.47671 0.04 0.396866 0.533496
-0.674007 2.51543 0.04 0.414087 0.530723
-0.866534 2.66692 0.16 0.393518 0.495598
-0.674007 2.51543 0.04 0.414087 0.530723
-0.725771 2.70861 0.16 0.410667 0.489461
-0.866534 2.66692 0.16 0.393518 0.495598
-0.866534 2.66692 0.16 0.393518 0.495598
-0.725771 2.70861 0.16 0.410667 0.489461
-0.928337 2.85713 0.36 0.389179 0.443865
-0.725771 2.70861 0.16 0.410667 0.489461
-0.777535 2.9018 0.36 0.407865 0.437147
-0.928337 2.85713 0.36 0.389179 0.443865
-0.928337 2.85713 0.36 0.389179 0.443865
-0.777535 2.9018 0.36 0.407865 0.437147
-0.990141 3.04734 0.64 0.382831 0.383249
-0.777535 2.9018 0.36 0.407865 0.437147
-0.829298 3.09498 0.64 0.402743 0.375842
-0.990141 3.04734 0.64 0.382831 0.383249
-0.990141 3.04734 0.64 0.382831 0.383249
-0.829298 3.09498 0.64 0.402743 0.375842
-1.05194 3.23755 1 0.378715 0.311665
-0.829298 3.09498 0.64 0.402743 0.375842
-0.881062 3.28817 1 0.397789 0.306273
-1.05194 3.23755 1 0.378715 0.311665
-1.05194 3.23755 1 0.378715 0.311665
-0.881062 3.28817 1 0.397789 0.306273
-1.11375 3.42776 1.44 0.374319 0.237562
-0.881062 3.28817 1 0.397789 0.306273
-0.932826 3.48135 1.44 0.393846 0.231341
-1.11375 3.42776 1.44 0.374319 0.237562
-1.11375 3.42776 1.44 0.374319 0.237562
-0.932826 3.48135 1.44 0.393846 0.231341
-1.17555 3.61797 1.96 0.371463 0.157548
-0.932826 3.48135 1.44 0.393846 0.231341
-0.98459 3.67454 1.96 0.392026 0.152104
-1.17555 3.61797 1.96 0.371463 0.157548
-1.17555 3.61797 1.96 0.371463 0.157548
-0.98459 3.67454 1.96 0.392026 0.152104
-1.23735 3.80819 2.56 0.369688 0.0803111
-0.98459 3.67454 1.96 0.392026 0.152104
-1.03635 3.86772 2.56 0.390365 0.0751348
-1.23735 3.80819 2.56 0.369688 0.0803111
-0.0716736 0.530019 -0 0.478231 0.999797
-0.0618034 0.530019 -0 0.480836 0.998832
-0.143347 0.530019 -0 0.458421 0.997952
-0.0618034 0.530019 -0 0.480836 0.998832
-0.123607 0.530019 -0 0.463681 0.998538
-0.143347 0.530019 -0 0.458421 0.997952
-0.143347 0.530019 -0 0.458421 0.997952
-0.123607 0.530019 -0 0.463681 0.998538
-0.215021 0.560148 -0 0.440163 0.983829
-0.123607 0.530019 -0 0.463681 0.998538
-0.18541 0.570634 -0 0.447747 0.981382
-0.215021 0.560148 -0 0.440163 0.983829
-0.215021 0.560148 -0 0.440163 0.983829
-0.18541 0.570634 -0 0.447747 0.981382
-0.286694 0.746864 -0 0.426124 0.914626
-0.18541 0.570634 -0 0.447747 0.981382
-0.247214 0.760845 -0 0.435801 0.911493
-0.286694 0.746864 -0 0.426124 0.914626
-0.286694 0.746864 -0 0.426124 0.914626
-0.247214 0.760845 -0 0.435801 0.911493
-0.358368 0.93358 -0 0.414347 0.850555
-0.247214 0.760845 -0 0.435801 0.911493
-0.309017 0.951057 -0 0.426108 0.846739
-0.358368 0.93358 -0 0.414347 0.850555
-0.358368 0.93358 -0 0.414347 0.850555
-0.309017 0.951057 -0 0.426108 0.846739
-0.430042 1.1203 -0 0.406813 0.794398
-0.309017 0.951057 -0 0.426108 0.846739
-0.37082 1.14127 -0 0.419045 0.789676
-0.430042 1.1203 -0 0.406813 0.794398
-0.430042 1.1203 -0 0.406813 0.794398
-0.37082 1.14127 -0 0.419045 0.789676
-0.501715 1.30701 -0 0.400239 0.743083
-0.37082 1.14127 -0 0.419045 0.789676
-0.432624 1.33148 -0 0.412806 0.737522
-0.501715 1.30701 -0 0.400239 0.743083
-0.501715 1.30701 -0 0.400239 0.743083
-0.432624 1.33148 -0 0.412806 0.737522
-0.573389 1.49373 -0 0.394533 0.697576
-0.432624 1.33148 -0 0.412806 0.737522
-0.494427 1.52169 -0 0.408992 0.691462
-0.573389 1.49373 -0 0.394533 0.697576
-0.573389 1.49373 -0 0.394533 0.697576
-0.494427 1.52169 -0 0.408992 0.691462
-0.645062 1.68044 -0 0.391258 0.660402
-0.494427 1.52169 -0 0.408992 0.691462
-0.556231 1.7119 -0 0.405904 0.653663
-0.645062 1.68044 -0 0.391258 0.660402
-0.645062 1.68044 -0 0.391258 0.660402
-0.556231 1.7119 -0 0.405904 0.653663
-0.716736 1.86716 -0 0.386742 0.624491
-0.556231 1.7119 -0 0.405904 0.653663
-0.618034 1.90211 -0 0.403238 0.620136
-0.716736 1.86716 -0 0.386742 0.624491
-0.716736 1.86716 -0 0.386742 0.624491
-0.618034 1.90211 -0 0.403238 0.620136
-0.788409 2.05388 -0 0.384363 0.596339
-0.618034 1.90211 -0 0.403238 0.620136
-0.679837 2.09232 -0 0.400919 0.591578
-0.788409 2.05388 -0 0.384363 0.596339
-0.788409 2.05388 -0 0.384363 0.596339
-0.679837 2.09232 -0 0.400919 0.591578
-0.933249 2.4312 0.04 0.38028 0.541928
-0.679837 2.09232 -0 0.400919 0.591578
-0.804731 2.47671 0.04 0.396866 0.533496
-0.933249 2.4312 0.04 0.38028 0.541928
-0.933249 2.4312 0.04 0.38028 0.541928
-0.804731 2.47671 0.04 0.396866 0.533496
-1.00492 2.61791 0.16 0.37536 0.501647
-0.804731 2.47671 0.04 0.396866 0.533496
-0.866534 2.66692 0.16 0.393518 0.495598
-1.00492 2.61791 0.16 0.37536 0.501647
-1.00492 2.61791 0.16 0.37536 0.501647
-0.866534 2.66692 0.16 0.393518 0.495598
-1.0766 2.80463 0.36 0.371211 0.450563
-0.866534 2.66692 0.16 0.393518 0.495598
-0.928337 2.85713 0.36 0.389179 0.443865
-1.0766 2.80463 0.36 0.371211 0.450563
-1.0766 2.80463 0.36 0.371211 0.450563
-0.928337 2.85713 0.36 0.389179 0.443865
-1.14827 2.99134 0.64 0.365397 0.387903
-0.928337 2.85713 0.36 0.389179 0.443865
-0.990141 3.04734 0.64 0.382831 0.383249
-1.14827 2.99134 0.64 0.365397 0.387903
-1.14827 2.99134 0.64 0.365397 0.387903
-0.990141 3.04734 0.64 0.382831 0.383249
-1.21994 3.17806 1 0.358773 0.320067
-0.990141 3.04734 0.64 0.382831 0.383249
-1.05194 3.23755 1 0.378715 0.311665
-1.21994 3.17806 1 0.358773 0.320067
-1.21994 3.17806 1 0.358773 0.320067
-1.05194 3.23755 1 0.378715 0.311665
-1.29162 3.36478 1.44 0.354445 0.242439
-1.05194 3.23755 1 0.378715 0.311665
-1.11375 3.42776 1.44 0.374319 0.237562
-1.29162 3.36478 1.44 0.354445 0.242439
-1.29162 3.36478 1.44 0.354445 0.242439
-1.11375 3.42776 1.44 0.374319 0.237562
-1.36329 3.55149 1.96 0.350579 0.164046
-1.11375 3.42776 1.44 0.374319 0.237562
-1.17555 3.61797 1.96 0.371463 0.157548
-1.36329 3.55149 1.96 0.350579 0.164046
-1.36329 3.55149 1.96 0.350579 0.164046
-1.17555 3.61797 1.96 0.371463 0.157548
-1.43496 3.73821 2.56 0.349158 0.0853692
-1.17555 3.61797 1.96 0.371463 0.157548
-1.23735 3.80819 2.56 0.369688 0.0803111
-1.43496 3.73821 2.56 0.349158 0.0853692
-0.0813473 0.530019 -0 0.475577 0.999606
-0.0716736 0.530019 -0 0.478231 0.999797
-0.162695 0.530019 -0 0.453182 0.997301
-0.0716736 0.530019 -0 0.478231 0.999797
-0.143347 0.530019 -0 0.458421 0.997952
-0.162695 0.530019 -0 0.453182 0.997301
-0.162695 0.530019 -0 0.453182 0.997301
-0.143347 0.530019 -0 0.458421 0.997952
-0.244042 0.548127 -0 0.431582 0.987042
-0.143347 0.530019 -0 0.458421 0.997952
-0.215021 0.560148 -0 0.440163 0.983829
-0.244042 0.548127 -0 0.431582 0.987042
-0.244042 0.548127 -0 0.431582 0.987042
-0.215021 0.560148 -0 0.440163 0.983829
-0.325389 0.730836 -0 0.415461 0.918763
-0.215021 0.560148 -0 0.440163 0.983829
-0.286694 0.746864 -0 0.426124 0.914626
-0.325389 0.730836 -0 0.415461 0.918763
-0.325389 0.730836 -0 0.415461 0.918763
-0.286694 0.746864 -0 0.426124 0.914626
-0.406737 0.913545 -0 0.403122 0.855904
-0.286694 0.746864 -0 0.426124 0.914626
-0.358368 0.93358 -0 0.414347 0.850555
-0.406737 0.913545 -0 0.403122 0.855904
-0.406737 0.913545 -0 0.403122 0.855904
-0.358368 0.93358 -0 0.414347 0.850555
-0.488084 1.09625 -0 0.393445 0.79847
-0.358368 0.93358 -0 0.414347 0.850555
-0.430042 1.1203 -0 0.406813 0.794398
-0.488084 1.09625 -0 0.393445 0.79847
-0.488084 1.09625 -0 0.393445 0.79847
-0.430042 1.1203 -0 0.406813 0.794398
-0.569431 1.27896 -0 0.386533 0.748024
-0.430042 1.1203 -0 0.406813 0.794398
-0.501715 1.30701 -0 0.400239 0.743083
-0.569431 1.27896 -0 0.386533 0.748024
-0.569431 1.27896 -0 0.386533 0.748024
-0.501715 1.30701 -0 0.400239 0.743083
-0.650779 1.46167 -0 0.380605 0.703294
-0.501715 1.30701 -0 0.400239 0.743083
-0.573389 1.49373 -0 0.394533 0.697576
-0.650779 1.46167 -0 0.380605 0.703294
-0.650779 1.46167 -0 0.380605 0.703294
-0.573389 1.49373 -0 0.394533 0.697576
-0.732126 1.64438 -0 0.375459 0.663923
-0.573389 1.49373 -0 0.394533 0.697576
-0.645062 1.68044 -0 0.391258 0.660402
-0.732126 1.64438 -0 0.375459 0.663923
-0.732126 1.64438 -0 0.375459 0.663923
-0.645062 1.68044 -0 0.391258 0.660402
-0.813473 1.82709 -0 0.370989 0.631281
-0.645062 1.68044 -0 0.391258 0.660402
-0.716736 1.86716 -0 0.386742 0.624491
-0.813473 1.82709 -0 0.370989 0.631281
-0.813473 1.82709 -0 0.370989 0.631281
-0.716736 1.86716 -0 0.386742 0.624491
-0.894821 2.0098 -0 0.368537 0.603616
-0.716736 1.86716 -0 0.386742 0.624491
-0.788409 2.05388 -0 0.384363 0.596339
-0.894821 2.0098 -0 0.368537 0.603616
-0.894821 2.0098 -0 0.368537 0.603616
-0.788409 2.05388 -0 0.384363 0.596339
-1.05921 2.37902 0.04 0.364341 0.547251
-0.788409 2.05388 -0 0.384363 0.596339
-0.933249 2.4312 0.04 0.38028 0.541928
-1.05921 2.37902 0.04 0.364341 0.547251
-1.05921 2.37902 0.04 0.364341 0.547251
-0.933249 2.4312 0.04 0.38028 0.541928
-1.14056 2.56173 0.16 0.357998 0.507545
-0.933249 2.4312 0.04 0.38028 0.541928
-1.00492 2.61791 0.16 0.37536 0.501647
-1.14056 2.56173 0.16 0.357998 0.507545
-1.14056 2.56173 0.16 0.357998 0.507545
-1.00492 2.61791 0.16 0.37536 0.501647
-1.2219 2.74444 0.36 0.352511 0.457287
-1.00492 2.61791 0.16 0.37536 0.501647
-1.0766 2.80463 0.36 0.371211 0.450563
-1.2219 2.74444 0.36 0.352511 0.457287
-1.2219 2.74444 0.36 0.352511 0.457287
-1.0766 2.80463 0.36 0.371211 0.450563
-1.30325 2.92715 0.64 0.345672 0.395679
-1.0766 2.80463 0.36 0.371211 0.450563
-1.14827 2.99134 0.64 0.365397 0.387903
-1.30325 2.92715 0.64 0.345672 0.395679
-1.30325 2.92715 0.64 0.345672 0.395679
-1.14827 2.99134 0.64 0.365397 0.387903
-1.3846 3.10986 1 0.339983 0.32623
-1.14827 2.99134 0.64 0.365397 0.387903
-1.21994 3.17806 1 0.358773 0.320067
-1.3846 3.10986 1 0.339983 0.32623
-1.3846 3.10986 1 0.339983 0.32623
-1.21994 3.17806 1 0.358773 0.320067
-1.46595 3.29257 1.44 0.334073 0.250224
-1.21994 3.17806 1 0.358773 0.320067
-1.29162 3.36478 1.44 0.354445 0.242439
-1.46595 3.29257 1.44 0.334073 0.250224
-1.46595 3.29257 1.44 0.334073 0.250224
-1.29162 3.36478 1.44 0.354445 0.242439
-1.54729 3.47528 1.96 0.331126 0.169387
-1.29162 3.36478 1.44 0.354445 0.242439
-1.36329 3.55149 1.96 0.350579 0.164046
-1.54729 3.47528 1.96 0.331126 0.169387
-1.54729 3.47528 1.96 0.331126 0.169387
-1.36329 3.55149 1.96 0.350579 0.164046
-1.62864 3.65798 2.56 0.329845 0.0911056
-1.36329 3.55149 1.96 0.350579 0.164046
-1.43496 3.73821 2.56 0.349158 0.0853692
-1.62864 3.65798 2.56 0.329845 0.0911056
-0.0907981 0.530019 -0 0.472927 0.999399
-0.0813473 0.530019 -0 0.475577 0.999606
-0.181596 0.530019 -0 0.447966 0.996583
-0.0813473 0.530019 -0 0.475577 0.999606
-0.162695 0.530019 -0 0.453182 0.997301
-0.181596 0.530019 -0 0.447966 0.996583
-0.181596 0.530019 -0 0.447966 0.996583
-0.162695 0.530019 -0 0.453182 0.997301
-0.272394 0.534604 -0 0.4245 0.990253
-0.162695 0.530019 -0 0.453182 0.997301
-0.244042 0.548127 -0 0.431582 0.987042
-0.272394 0.534604 -0 0.4245 0.990253
-0.272394 0.534604 -0 0.4245 0.990253
-0.244042 0.548127 -0 0.431582 0.987042
-0.363192 0.712805 -0 0.406507 0.922842
-0.244042 0.548127 -0 0.431582 0.987042
-0.325389 0.730836 -0 0.415461 0.918763
-0.363192 0.712805 -0 0.406507 0.922842
-0.363192 0.712805 -0 0.406507 0.922842
-0.325389 0.730836 -0 0.415461 0.918763
-0.453991 0.891007 -0 0.392291 0.860845
-0.325389 0.730836 -0 0.415461 0.918763
-0.406737 0.913545 -0 0.403122 0.855904
-0.453991 0.891007 -0 0.392291 0.860845
-0.453991 0.891007 -0 0.392291 0.860845
-0.406737 0.913545 -0 0.403122 0.855904
-0.544789 1.06921 -0 0.380766 0.804252
-0.406737 0.913545 -0 0.403122 0.855904
-0.488084 1.09625 -0 0.393445 0.79847
-0.544789 1.06921 -0 0.380766 0.804252
-0.544789 1.06921 -0 0.380766 0.804252
-0.488084 1.09625 -0 0.393445 0.79847
-0.635587 1.24741 -0 0.372044 0.754594
-0.488084 1.09625 -0 0.393445 0.79847
-0.569431 1.27896 -0 0.386533 0.748024
-0.635587 1.24741 -0 0.372044 0.754594
-0.635587 1.24741 -0 0.372044 0.754594
-0.569431 1.27896 -0 0.386533 0.748024
-0.726385 1.42561 -0 0.365886 0.710849
-0.569431 1.27896 -0 0.386533 0.748024
-0.650779 1.46167 -0 0.380605 0.703294
-0.726385 1.42561 -0 0.365886 0.710849
-0.726385 1.42561 -0 0.365886 0.710849
-0.650779 1.46167 -0 0.380605 0.703294
-0.817183 1.60381 -0 0.360595 0.672324
-0.650779 1.46167 -0 0.380605 0.703294
-0.732126 1.64438 -0 0.375459 0.663923
-0.817183 1.60381 -0 0.360595 0.672324
-0.817183 1.60381 -0 0.360595 0.672324
-0.732126 1.64438 -0 0.375459 0.663923
-0.907981 1.78201 -0 0.35594 0.637683
-0.732126 1.64438 -0 0.375459 0.663923
-0.813473 1.82709 -0 0.370989 0.631281
-0.907981 1.78201 -0 0.35594 0.637683
-0.907981 1.78201 -0 0.35594 0.637683
-0.813473 1.82709 -0 0.370989 0.631281
-0.998779 1.96021 -0 0.35342 0.610531
-0.813473 1.82709 -0 0.370989 0.631281
-0.894821 2.0098 -0 0.368537 0.603616
-0.998779 1.96021 -0 0.35342 0.610531
-0.998779 1.96021 -0 0.35342 0.610531
-0.894821 2.0098 -0 0.368537 0.603616
-1.18227 2.32033 0.04 0.347637 0.555091
-0.894821 2.0098 -0 0.368537 0.603616
-1.05921 2.37902 0.04 0.364341 0.547251
-1.18227 2.32033 0.04 0.347637 0.555091
-1.18227 2.32033 0.04 0.347637 0.555091
-1.05921 2.37902 0.04 0.364341 0.547251
-1.27306 2.49853 0.16 0.341472 0.513263
-1.05921 2.37902 0.04 0.364341 0.547251
-1.14056 2.56173 0.16 0.357998 0.507545
-1.27306 2.49853 0.16 0.341472 0.513263
-1.27306 2.49853 0.16 0.341472 0.513263
-1.14056 2.56173 0.16 0.357998 0.507545
-1.36386 2.67673 0.36 0.33479 0.463894
-1.14056 2.56173 0.16 0.357998 0.507545
-1.2219 2.74444 0.36 0.352511 0.457287
-1.36386 2.67673 0.36 0.33479 0.463894
-1.36386 2.67673 0.36 0.33479 0.463894
-1.2219 2.74444 0.36 0.352511 0.457287
-1.45466 2.85493 0.64 0.327049 0.40344
-1.2219 2.74444 0.36 0.352511 0.457287
-1.30325 2.92715 0.64 0.345672 0.395679
-1.45466 2.85493 0.64 0.327049 0.40344
-1.45466 2.85493 0.64 0.327049 0.40344
-1.30325 2.92715 0.64 0.345672 0.395679
-1.54546 3.03313 1 0.320916 0.332851
-1.30325 2.92715 0.64 0.345672 0.395679
-1.3846 3.10986 1 0.339983 0.32623
-1.54546 3.03313 1 0.320916 0.332851
-1.54546 3.03313 1 0.320916 0.332851
-1.3846 3.10986 1 0.339983 0.32623
-1.63626 3.21133 1.44 0.315169 0.256221
-1.3846 3.10986 1 0.339983 0.32623
-1.46595 3.29257 1.44 0.334073 0.250224
-1.63626 3.21133 1.44 0.315169 0.256221
-1.63626 3.21133 1.44 0.315169 0.256221
-1.46595 3.29257 1.44 0.334073 0.250224
-1.72705 3.38953 1.96 0.310342 0.17784
-1.46595 3.29257 1.44 0.334073 0.250224
-1.54729 3.47528 1.96 0.331126 0.169387
-1.72705 3.38953 1.96 0.310342 0.17784
-1.72705 3.38953 1.96 0.310342 0.17784
-1.54729 3.47528 1.96 0.331126 0.169387
-1.81785 3.56774 2.56 0.310062 0.0970701
-1.54729 3.47528 1.96 0.331126 0.169387
-1.62864 3.65798 2.56 0.329845 0.0911056
-1.81785 3.56774 2.56 0.310062 0.0970701
-0.1 0.530019 -0 0.47028 0.999174
-0.0907981 0.530019 -0 0.472927 0.999399
-0.2 0.530019 -0 0.442774 0.995801
-0.0907981 0.530019 -0 0.472927 0.999399
-0.181596 0.530019 -0 0.447966 0.996583
-0.2 0.530019 -0 0.442774 0.995801
-0.2 0.530019 -0 0.442774 0.995801
-0.181596 0.530019 -0 0.447966 0.996583
-0.3 0.530019 -0 0.41725 0.990959
-0.181596 0.530019 -0 0.447966 0.996583
-0.272394 0.534604 -0 0.4245 0.990253
-0.3 0.530019 -0 0.41725 0.990959
-0.3 0.530019 -0 0.41725 0.990959
-0.272394 0.534604 -0 0.4245 0.990253
-0.4 0.69282 -0 0.396704 0.927779
-0.272394 0.534604 -0 0.4245 0.990253
-0.363192 0.712805 -0 0.406507 0.922842
-0.4 0.69282 -0 0.396704 0.927779
-0.4 0.69282 -0 0.396704 0.927779
-0.363192 0.712805 -0 0.406507 0.922842
-0.5 0.866025 -0 0.381857 0.865402
-0.363192 0.712805 -0 0.406507 0.922842
-0.453991 0.891007 -0 0.392291 0.860845
-0.5 0.866025 -0 0.381857 0.865402
-0.5 0.866025 -0 0.381857 0.865402
-0.453991 0.891007 -0 0.392291 0.860845
-0.6 1.03923 -0 0.368621 0.809567
-0.453991 0.891007 -0 0.392291 0.860845
-0.544789 1.06921 -0 0.380766 0.804252
-0.6 1.03923 -0 0.368621 0.809567
-0.6 1.03923 -0 0.368621 0.809567
-0.544789 1.06921 -0 0.380766 0.804252
-0.7 1.21244 -0 0.359671 0.760954
-0.544789 1.06921 -0 0.380766 0.804252
-0.635587 1.24741 -0 0.372044 0.754594
-0.7 1.21244 -0 0.359671 0.760954
-0.7 1.21244 -0 0.359671 0.760954
-0.635587 1.24741 -0 0.372044 0.754594
-0.8 1.38564 -0 0.351882 0.717871
-0.635587 1.24741 -0 0.372044 0.754594
-0.726385 1.42561 -0 0.365886 0.710849
-0.8 1.38564 -0 0.351882 0.717871
-0.8 1.38564 -0 0.351882 0.717871
-0.726385 1.42561 -0 0.365886 0.710849
-0.9 1.55885 -0 0.346466 0.680206
-0.726385 1.42561 -0 0.365886 0.710849
-0.817183 1.60381 -0 0.360595 0.672324
-0.9 1.55885 -0 0.346466 0.680206
-0.9 1.55885 -0 0.346466 0.680206
-0.817183 1.60381 -0 0.360595 0.672324
-1 1.73205 -0 0.341736 0.646313
-0.817183 1.60381 -0 0.360595 0.672324
-0.907981 1.78201 -0 0.35594 0.637683
-1 1.73205 -0 0.341736 0.646313
-1 1.73205 -0 0.341736 0.646313
-0.907981 1.78201 -0 0.35594 0.637683
-1.1 1.90526 -0 0.337597 0.616915
-0.907981 1.78201 -0 0.35594 0.637683
-0.998779 1.96021 -0 0.35342 0.610531
-1.1 1.90526 -0 0.337597 0.616915
-1.1 1.90526 -0 0.337597 0.616915
-0.998779 1.96021 -0 0.35342 0.610531
-1.30208 2.25527 0.04 0.330399 0.562503
-0.998779 1.96021 -0 0.35342 0.610531
-1.18227 2.32033 0.04 0.347637 0.555091
-1.30208 2.25527 0.04 0.330399 0.562503
-1.30208 2.25527 0.04 0.330399 0.562503
-1.18227 2.32033 0.04 0.347637 0.555091
-1.40208 2.42848 0.16 0.324423 0.521497
-1.18227 2.32033 0.04 0.347637 0.555091
-1.27306 2.49853 0.16 0.341472 0.513263
-1.40208 2.42848 0.16 0.324423 0.521497
-1.40208 2.42848 0.16 0.324423 0.521497
-1.27306 2.49853 0.16 0.341472 0.513263
-1.50208 2.60168 0.36 0.318017 0.473022
-1.27306 2.49853 0.16 0.341472 0.513263
-1.36386 2.67673 0.36 0.33479 0.463894
-1.50208 2.60168 0.36 0.318017 0.473022
-1.50208 2.60168 0.36 0.318017 0.473022
-1.36386 2.67673 0.36 0.33479 0.463894
-1.60208 2.77489 0.64 0.30955 0.411114
-1.36386 2.67673 0.36 0.33479 0.463894
-1.45466 2.85493 0.64 0.327049 0.40344
-1.60208 2.77489 0.64 0.30955 0.411114
-1.60208 2.77489 0.64 0.30955 0.411114
-1.45466 2.85493 0.64 0.327049 0.40344
-1.70208 2.94809 1 0.301648 0.342225
-1.45466 2.85493 0.64 0.327049 0.40344
-1.54546 3.03313 1 0.320916 0.332851
-1.70208 2.94809 1 0.301648 0.342225
-1.70208 2.94809 1 0.301648 0.342225
-1.54546 3.03313 1 0.320916 0.332851
-1.80208 3.1213 1.44 0.294979 0.265344
-1.54546 3.03313 1 0.320916 0.332851
-1.63626 3.21133 1.44 0.315169 0.256221
-1.80208 3.1213 1.44 0.294979 0.265344
-1.80208 3.1213 1.44 0.294979 0.265344
-1.63626 3.21133 1.44 0.315169 0.256221
-1.90208 3.2945 1.96 0.291348 0.184955
-1.63626 3.21133 1.44 0.315169 0.256221
-1.72705 3.38953 1.96 0.310342 0.17784
-1.90208 3.2945 1.96 0.291348 0.184955
-1.90208 3.2945 1.96 0.291348 0.184955
-1.72705 3.38953 1.96 0.310342 0.17784
-2.00208 3.46771 2.56 0.289918 0.104552
-1.72705 3.38953 1.96 0.310342 0.17784
-1.81785 3.56774 2.56 0.310062 0.0970701
-2.00208 3.46771 2.56 0.289918 0.104552
-0.108928 0.530019 -0 0.467637 0.998932
-0.1 0.530019 -0 0.47028 0.999174
-0.217856 0.530019 -0 0.438898 0.995172
-0.1 0.530019 -0 0.47028 0.999174
-0.2 0.530019 -0 0.442774 0.995801
-0.217856 0.530019 -0 0.438898 0.995172
-0.217856 0.530019 -0 0.438898 0.995172
-0.2 0.530019 -0 0.442774 0.995801
-0.326783 0.530019 -0 0.409755 0.989221
-0.2 0.530019 -0 0.442774 0.995801
-0.3 0.530019 -0 0.41725 0.990959
-0.326783 0.530019 -0 0.409755 0.989221
-0.326783 0.530019 -0 0.409755 0.989221
-0.3 0.530019 -0 0.41725 0.990959
-0.435711 0.670936 -0 0.3875 0.933771
-0.3 0.530019 -0 0.41725 0.990959
-0.4 0.69282 -0 0.396704 0.927779
-0.435711 0.670936 -0 0.3875 0.933771
-0.435711 0.670936 -0 0.3875 0.933771
-0.4 0.69282 -0 0.396704 0.927779
-0.544639 0.838671 -0 0.370948 0.872724
-0.4 0.69282 -0 0.396704 0.927779
-0.5 0.866025 -0 0.381857 0.865402
-0.544639 0.838671 -0 0.370948 0.872724
-0.544639 0.838671 -0 0.370948 0.872724
-0.5 0.866025 -0 0.381857 0.865402
-0.653567 1.0064 -0 0.357243 0.816454
-0.5 0.866025 -0 0.381857 0.865402
-0.6 1.03923 -0 0.368621 0.809567
-0.653567 1.0064 -0 0.357243 0.816454
-0.653567 1.0064 -0 0.357243 0.816454
-0.6 1.03923 -0 0.368621 0.809567
-0.762495 1.17414 -0 0.34671 0.768714
-0.6 1.03923 -0 0.368621 0.809567
-0.7 1.21244 -0 0.359671 0.760954
-0.762495 1.17414 -0 0.34671 0.768714
-0.762495 1.17414 -0 0.34671 0.768714
-0.7 1.21244 -0 0.359671 0.760954
-0.871422 1.34187 -0 0.338593 0.724384
-0.7 1.21244 -0 0.359671 0.760954
-0.8 1.38564 -0 0.351882 0.717871
-0.871422 1.34187 -0 0.338593 0.724384
-0.871422 1.34187 -0 0.338593 0.724384
-0.8 1.38564 -0 0.351882 0.717871
-0.98035 1.50961 -0 0.331703 0.687307
-0.8 1.38564 -0 0.351882 0.717871
-0.9 1.55885 -0 0.346466 0.680206
-0.98035 1.50961 -0 0.331703 0.687307
-0.98035 1.50961 -0 0.331703 0.687307
-0.9 1.55885 -0 0.346466 0.680206
-1.08928 1.67734 -0 0.326916 0.65422
-0.9 1.55885 -0 0.346466 0.680206
-1 1.73205 -0 0.341736 0.646313
-1.08928 1.67734 -0 0.326916 0.65422
-1.08928 1.67734 -0 0.326916 0.65422
-1 1.73205 -0 0.341736 0.646313
-1.19821 1.84508 -0 0.322762 0.625499
-1 1.73205 -0 0.341736 0.646313
-1.1 1.90526 -0 0.337597 0.616915
-1.19821 1.84508 -0 0.322762 0.625499
-1.19821 1.84508 -0 0.322762 0.625499
-1.1 1.90526 -0 0.337597 0.616915
-1.41833 2.18404 0.04 0.315587 0.572274
-1.1 1.90526 -0 0.337597 0.616915
-1.30208 2.25527 0.04 0.330399 0.562503
-1.41833 2.18404 0.04 0.315587 0.572274
-1.41833 2.18404 0.04 0.315587 0.572274
-1.30208 2.25527 0.04 0.330399 0.562503
-1.52726 2.35177 0.16 0.308423 0.532038
-1.30208 2.25527 0.04 0.330399 0.562503
-1.40208 2.42848 0.16 0.324423 0.521497
-1.52726 2.35177 0.16 0.308423 0.532038
-1.52726 2.35177 0.16 0.308423 0.532038
-1.40208 2.42848 0.16 0.324423 0.521497
-1.63618 2.5195 0.36 0.299748 0.481984
-1.40208 2.42848 0.16 0.324423 0.521497
-1.50208 2.60168 0.36 0.318017 0.473022
-1.63618 2.5195 0.36 0.299748 0.481984
-1.63618 2.5195 0.36 0.299748 0.481984
-1.50208 2.60168 0.36 0.318017 0.473022
-1.74511 2.68724 0.64 0.291858 0.421339
-1.50208 2.60168 0.36 0.318017 0.473022
-1.60208 2.77489 0.64 0.30955 0.411114
-1.74511 2.68724 0.64 0.291858 0.421339
-1.74511 2.68724 0.64 0.291858 0.421339
-1.60208 2.77489 0.64 0.30955 0.411114
-1.85404 2.85497 1 0.282629 0.351831
-1.60208 2.77489 0.64 0.30955 0.411114
-1.70208 2.94809 1 0.301648 0.342225
-1.85404 2.85497 1 0.282629 0.351831
-1.85404 2.85497 1 0.282629 0.351831
-1.70208 2.94809 1 0.301648 0.342225
-1.96297 3.02271 1.44 0.276329 0.274552
-1.70208 2.94809 1 0.301648 0.342225
-1.80208 3.1213 1.44 0.294979 0.265344
-1.96297 3.02271 1.44 0.276329 0.274552
-1.96297 3.02271 1.44 0.276329 0.274552
-1.80208 3.1213 1.44 0.294979 0.265344
-2.0719 3.19044 1.96 0.271908 0.19331
-1.80208 3.1213 1.44 0.294979 0.265344
-1.90208 3.2945 1.96 0.291348 0.184955
-2.0719 3.19044 1.96 0.271908 0.19331
-2.0719 3.19044 1.96 0.271908 0.19331
-1.90208 3.2945 1.96 0.291348 0.184955
-2.18082 3.35817 2.56 0.270119 0.112175
-1.90208 3.2945 1.96 0.291348 0.184955
-2.00208 3.46771 2.56 0.289918 0.104552
-2.18082 3.35817 2.56 0.270119 0.112175
-0.117557 0.530019 -0 0.464998 0.998673
-0.108928 0.530019 -0 0.467637 0.998932
-0.235114 0.530019 -0 0.433753 0.994279
-0.108928 0.530019 -0 0.467637 0.998932
-0.217856 0.530019 -0 0.438898 0.995172
-0.235114 0.530019 -0 0.433753 0.994279
-0.235114 0.530019 -0 0.433753 0.994279
-0.217856 0.530019 -0 0.438898 0.995172
-0.352671 0.530019 -0 0.403575 0.987678
-0.217856 0.530019 -0 0.438898 0.995172
-0.326783 0.530019 -0 0.409755 0.989221
-0.352671 0.530019 -0 0.403575 0.987678
-0.352671 0.530019 -0 0.403575 0.987678
-0.326783 0.530019 -0 0.409755 0.989221
-0.470228 0.647214 -0 0.37869 0.939324
-0.326783 0.530019 -0 0.409755 0.989221
-0.435711 0.670936 -0 0.3875 0.933771
-0.470228 0.647214 -0 0.37869 0.939324
-0.470228 0.647214 -0 0.37869 0.939324
-0.435711 0.670936 -0 0.3875 0.933771
-0.587785 0.809017 -0 0.360577 0.879481
-0.435711 0.670936 -0 0.3875 0.933771
-0.544639 0.838671 -0 0.370948 0.872724
-0.587785 0.809017 -0 0.360577 0.879481
-0.587785 0.809017 -0 0.360577 0.879481
-0.544639 0.838671 -0 0.370948 0.872724
-0.705342 0.97082 -0 0.345362 0.824374
-0.544639 0.838671 -0 0.370948 0.872724
-0.653567 1.0064 -0 0.357243 0.816454
-0.705342 0.97082 -0 0.345362 0.824374
-0.705342 0.97082 -0 0.345362 0.824374
-0.653567 1.0064 -0 0.357243 0.816454
-0.822899 1.13262 -0 0.334454 0.775883
-0.653567 1.0064 -0 0.357243 0.816454
-0.762495 1.17414 -0 0.34671 0.768714
-0.822899 1.13262 -0 0.334454 0.775883
-0.822899 1.13262 -0 0.334454 0.775883
-0.762495 1.17414 -0 0.34671 0.768714
-0.940456 1.29443 -0 0.324914 0.732367
-0.762495 1.17414 -0 0.34671 0.768714
-0.871422 1.34187 -0 0.338593 0.724384
-0.940456 1.29443 -0 0.324914 0.732367
-0.940456 1.29443 -0 0.324914 0.732367
-0.871422 1.34187 -0 0.338593 0.724384
-1.05801 1.45623 -0 0.317988 0.696275
-0.871422 1.34187 -0 0.338593 0.724384
-0.98035 1.50961 -0 0.331703 0.687307
-1.05801 1.45623 -0 0.317988 0.696275
-1.05801 1.45623 -0 0.317988 0.696275
-0.98035 1.50961 -0 0.331703 0.687307
-1.17557 1.61803 -0 0.31185 0.663818
-0.98035 1.50961 -0 0.331703 0.687307
-1.08928 1.67734 -0 0.326916 0.65422
-1.17557 1.61803 -0 0.31185 0.663818
-1.17557 1.61803 -0 0.31185 0.663818
-1.08928 1.67734 -0 0.326916 0.65422
-1.29313 1.77984 -0 0.307672 0.63588
-1.08928 1.67734 -0 0.326916 0.65422
-1.19821 1.84508 -0 0.322762 0.625499
-1.29313 1.77984 -0 0.307672 0.63588
-1.29313 1.77984 -0 0.307672 0.63588
-1.19821 1.84508 -0 0.322762 0.625499
-1.53069 2.10681 0.04 0.299172 0.581315
-1.19821 1.84508 -0 0.322762 0.625499
-1.41833 2.18404 0.04 0.315587 0.572274
-1.53069 2.10681 0.04 0.299172 0.581315
-1.53069 2.10681 0.04 0.299172 0.581315
-1.41833 2.18404 0.04 0.315587 0.572274
-1.64825 2.26862 0.16 0.29225 0.542037
-1.41833 2.18404 0.04 0.315587 0.572274
-1.52726 2.35177 0.16 0.308423 0.532038
-1.64825 2.26862 0.16 0.29225 0.542037
-1.64825 2.26862 0.16 0.29225 0.542037
-1.52726 2.35177 0.16 0.308423 0.532038
-1.7658 2.43042 0.36 0.283976 0.49051
-1.52726 2.35177 0.16 0.308423 0.532038
-1.63618 2.5195 0.36 0.299748 0.481984
-1.7658 2.43042 0.36 0.283976 0.49051
-1.7658 2.43042 0.36 0.283976 0.49051
-1.63618 2.5195 0.36 0.299748 0.481984
-1.88336 2.59222 0.64 0.274338 0.431414
-1.63618 2.5195 0.36 0.299748 0.481984
-1.74511 2.68724 0.64 0.291858 0.421339
-1.88336 2.59222 0.64 0.274338 0.431414
-1.88336 2.59222 0.64 0.274338 0.431414
-1.74511 2.68724 0.64 0.291858 0.421339
-2.00092 2.75403 1 0.265115 0.361259
-1.74511 2.68724 0.64 0.291858 0.421339
-1.85404 2.85497 1 0.282629 0.351831
-2.00092 2.75403 1 0.265115 0.361259
-2.00092 2.75403 1 0.265115 0.361259
-1.85404 2.85497 1 0.282629 0.351831
-2.11847 2.91583 1.44 0.257527 0.282578
-1.85404 2.85497 1 0.282629 0.351831
-1.96297 3.02271 1.44 0.276329 0.274552
-2.11847 2.91583 1.44 0.257527 0.282578
-2.11847 2.91583 1.44 0.257527 0.282578
-1.96297 3.02271 1.44 0.276329 0.274552
-2.23603 3.07763 1.96 0.252752 0.201157
-1.96297 3.02271 1.44 0.276329 0.274552
-2.0719 3.19044 1.96 0.271908 0.19331
-2.23603 3.07763 1.96 0.252752 0.201157
-2.23603 3.07763 1.96 0.252752 0.201157
-2.0719 3.19044 1.96 0.271908 0.19331
-2.35359 3.23944 2.56 0.251006 0.119842
-2.0719 3.19044 1.96 0.271908 0.19331
-2.18082 3.35817 2.56 0.270119 0.112175
-2.35359 3.23944 2.56 0.251006 0.119842
-0.125864 0.530019 -0 0.463681 0.998538
-0.117557 0.530019 -0 0.464998 0.998673
-0.251728 0.530019 -0 0.428639 0.993325
-0.117557 0.530019 -0 0.464998 0.998673
-0.235114 0.530019 -0 0.433753 0.994279
-0.251728 0.530019 -0 0.428639 0.993325
-0.251728 0.530019 -0 0.428639 0.993325
-0.235114 0.530019 -0 0.433753 0.994279
-0.377592 0.530019 -0 0.39624 0.985717
-0.235114 0.530019 -0 0.433753 0.994279
-0.352671 0.530019 -0 0.403575 0.987678
-0.377592 0.530019 -0 0.39624 0.985717
-0.377592 0.530019 -0 0.39624 0.985717
-0.352671 0.530019 -0 0.403575 0.987678
-0.503456 0.621717 -0 0.370513 0.945827
-0.352671 0.530019 -0 0.403575 0.987678
-0.470228 0.647214 -0 0.37869 0.939324
-0.503456 0.621717 -0 0.370513 0.945827
-0.503456 0.621717 -0 0.370513 0.945827
-0.470228 0.647214 -0 0.37869 0.939324
-0.62932 0.777146 -0 0.349753 0.886919
-0.470228 0.647214 -0 0.37869 0.939324
-0.587785 0.809017 -0 0.360577 0.879481
-0.62932 0.777146 -0 0.349753 0.886919
-0.62932 0.777146 -0 0.349753 0.886919
-0.587785 0.809017 -0 0.360577 0.879481
-0.755184 0.932575 -0 0.334425 0.833533
-0.587785 0.809017 -0 0.360577 0.879481
-0.705342 0.97082 -0 0.345362 0.824374
-0.755184 0.932575 -0 0.334425 0.833533
-0.755184 0.932575 -0 0.334425 0.833533
-0.705342 0.97082 -0 0.345362 0.824374
-0.881049 1.088 -0 0.321887 0.784169
-0.705342 0.97082 -0 0.345362 0.824374
-0.822899 1.13262 -0 0.334454 0.775883
-0.881049 1.088 -0 0.321887 0.784169
-0.881049 1.088 -0 0.321887 0.784169
-0.822899 1.13262 -0 0.334454 0.775883
-1.00691 1.24343 -0 0.312308 0.741943
-0.822899 1.13262 -0 0.334454 0.775883
-0.940456 1.29443 -0 0.324914 0.732367
-1.00691 1.24343 -0 0.312308 0.741943
-1.00691 1.24343 -0 0.312308 0.741943
-0.940456 1.29443 -0 0.324914 0.732367
-1.13278 1.39886 -0 0.304122 0.706596
-0.940456 1.29443 -0 0.324914 0.732367
-1.05801 1.45623 -0 0.317988 0.696275
-1.13278 1.39886 -0 0.304122 0.706596
-1.13278 1.39886 -0 0.304122 0.706596
-1.05801 1.45623 -0 0.317988 0.696275
-1.25864 1.55429 -0 0.29781 0.672726
-1.05801 1.45623 -0 0.317988 0.696275
-1.17557 1.61803 -0 0.31185 0.663818
-1.25864 1.55429 -0 0.29781 0.672726
-1.25864 1.55429 -0 0.29781 0.672726
-1.17557 1.61803 -0 0.31185 0.663818
-1.3845 1.70972 -0 0.293619 0.645574
-1.17557 1.61803 -0 0.31185 0.663818
-1.29313 1.77984 -0 0.307672 0.63588
-1.3845 1.70972 -0 0.293619 0.645574
-1.3845 1.70972 -0 0.293619 0.645574
-1.29313 1.77984 -0 0.307672 0.63588
-1.63885 2.02381 0.04 0.283936 0.589788
-1.29313 1.77984 -0 0.307672 0.63588
-1.53069 2.10681 0.04 0.299172 0.581315
-1.63885 2.02381 0.04 0.283936 0.589788
-1.63885 2.02381 0.04 0.283936 0.589788
-1.53069 2.10681 0.04 0.299172 0.581315
-1.76472 2.17924 0.16 0.276124 0.551421
-1.53069 2.10681 0.04 0.299172 0.581315
-1.64825 2.26862 0.16 0.29225 0.542037
-1.76472 2.17924 0.16 0.276124 0.551421
-1.76472 2.17924 0.16 0.276124 0.551421
-1.64825 2.26862 0.16 0.29225 0.542037
-1.89058 2.33467 0.36 0.267147 0.501212
-1.64825 2.26862 0.16 0.29225 0.542037
-1.7658 2.43042 0.36 0.283976 0.49051
-1.89058 2.33467 0.36 0.267147 0.501212
-1.89058 2.33467 0.36 0.267147 0.501212
-1.7658 2.43042 0.36 0.283976 0.49051
-2.01645 2.4901 0.64 0.2562 0.4414
-1.7658 2.43042 0.36 0.283976 0.49051
-1.88336 2.59222 0.64 0.274338 0.431414
-2.01645 2.4901 0.64 0.2562 0.4414
-2.01645 2.4901 0.64 0.2562 0.4414
-1.88336 2.59222 0.64 0.274338 0.431414
-2.14231 2.64553 1 0.247158 0.371004
-1.88336 2.59222 0.64 0.274338 0.431414
-2.00092 2.75403 1 0.265115 0.361259
-2.14231 2.64553 1 0.247158 0.371004
-2.14231 2.64553 1 0.247158 0.371004
-2.00092 2.75403 1 0.265115 0.361259
-2.26817 2.80096 1.44 0.238481 0.293278
-2.00092 2.75403 1 0.265115 0.361259
-2.11847 2.91583 1.44 0.257527 0.282578
-2.26817 2.80096 1.44 0.238481 0.293278
-2.26817 2.80096 1.44 0.238481 0.293278
-2.11847 2.91583 1.44 0.257527 0.282578
-2.39404 2.95639 1.96 0.233924 0.210028
-2.11847 2.91583 1.44 0.257527 0.282578
-2.23603 3.07763 1.96 0.252752 0.201157
-2.39404 2.95639 1.96 0.233924 0.210028
-2.39404 2.95639 1.96 0.233924 0.210028
-2.23603 3.07763 1.96 0.252752 0.201157
-2.5199 3.11182 2.56 0.232153 0.127968
-2.23603 3.07763 1.96 0.252752 0.201157
-2.35359 3.23944 2.56 0.251006 0.119842
-2.5199 3.11182 2.56 0.232153 0.127968
-0.133826 0.530019 -0 0.461049 0.998253
-0.125864 0.530019 -0 0.463681 0.998538
-0.267652 0.530019 -0 0.424824 0.99257
-0.125864 0.530019 -0 0.463681 0.998538
-0.251728 0.530019 -0 0.428639 0.993325
-0.267652 0.530019 -0 0.424824 0.99257
-0.267652 0.530019 -0 0.424824 0.99257
-0.251728 0.530019 -0 0.428639 0.993325
-0.401478 0.530019 -0 0.391402 0.984346
-0.251728 0.530019 -0 0.428639 0.993325
-0.377592 0.530019 -0 0.39624 0.985717
-0.401478 0.530019 -0 0.391402 0.984346
-0.401478 0.530019 -0 0.391402 0.984346
-0.377592 0.530019 -0 0.39624 0.985717
-0.535304 0.594516 -0 0.361811 0.952762
-0.377592 0.530019 -0 0.39624 0.985717
-0.503456 0.621717 -0 0.370513 0.945827
-0.535304 0.594516 -0 0.361811 0.952762
-0.535304 0.594516 -0 0.361811 0.952762
-0.503456 0.621717 -0 0.370513 0.945827
-0.669131 0.743145 -0 0.340742 0.894182
-0.503456 0.621717 -0 0.370513 0.945827
-0.62932 0.777146 -0 0.349753 0.886919
-0.669131 0.743145 -0 0.340742 0.894182
-0.669131 0.743145 -0 0.340742 0.894182
-0.62932 0.777146 -0 0.349753 0.886919
-0.802957 0.891774 -0 0.322968 0.84153
-0.62932 0.777146 -0 0.349753 0.886919
-0.755184 0.932575 -0 0.334425 0.833533
-0.802957 0.891774 -0 0.322968 0.84153
-0.802957 0.891774 -0 0.322968 0.84153
-0.755184 0.932575 -0 0.334425 0.833533
-0.936783 1.0404 -0 0.310391 0.793768
-0.755184 0.932575 -0 0.334425 0.833533
-0.881049 1.088 -0 0.321887 0.784169
-0.936783 1.0404 -0 0.310391 0.793768
-0.936783 1.0404 -0 0.310391 0.793768
-0.881049 1.088 -0 0.321887 0.784169
-1.07061 1.18903 -0 0.299615 0.75254
-0.881049 1.088 -0 0.321887 0.784169
-1.00691 1.24343 -0 0.312308 0.741943
-1.07061 1.18903 -0 0.299615 0.75254
-1.07061 1.18903 -0 0.299615 0.75254
-1.00691 1.24343 -0 0.312308 0.741943
-1.20444 1.33766 -0 0.291247 0.716127
-1.00691 1.24343 -0 0.312308 0.741943
-1.13278 1.39886 -0 0.304122 0.706596
-1.20444 1.33766 -0 0.291247 0.716127
-1.20444 1.33766 -0 0.291247 0.716127
-1.13278 1.39886 -0 0.304122 0.706596
-1.33826 1.48629 -0 0.283814 0.682991
-1.13278 1.39886 -0 0.304122 0.706596
-1.25864 1.55429 -0 0.29781 0.672726
-1.33826 1.48629 -0 0.283814 0.682991
-1.33826 1.48629 -0 0.283814 0.682991
-1.25864 1.55429 -0 0.29781 0.672726
-1.47209 1.63492 -0 0.278331 0.654084
-1.25864 1.55429 -0 0.29781 0.672726
-1.3845 1.70972 -0 0.293619 0.645574
-1.47209 1.63492 -0 0.278331 0.654084
-1.47209 1.63492 -0 0.278331 0.654084
-1.3845 1.70972 -0 0.293619 0.645574
-1.74253 1.93527 0.04 0.268955 0.602408
-1.3845 1.70972 -0 0.293619 0.645574
-1.63885 2.02381 0.04 0.283936 0.589788
-1.74253 1.93527 0.04 0.268955 0.602408
-1.74253 1.93527 0.04 0.268955 0.602408
-1.63885 2.02381 0.04 0.283936 0.589788
-1.87635 2.0839 0.16 0.260296 0.562571
-1.63885 2.02381 0.04 0.283936 0.589788
-1.76472 2.17924 0.16 0.276124 0.551421
-1.87635 2.0839 0.16 0.260296 0.562571
-1.87635 2.0839 0.16 0.260296 0.562571
-1.76472 2.17924 0.16 0.276124 0.551421
-2.01018 2.23253 0.36 0.250747 0.511328
-1.76472 2.17924 0.16 0.276124 0.551421
-1.89058 2.33467 0.36 0.267147 0.501212
-2.01018 2.23253 0.36 0.250747 0.511328
-2.01018 2.23253 0.36 0.250747 0.511328
-1.89058 2.33467 0.36 0.267147 0.501212
-2.144 2.38116 0.64 0.239722 0.45089
-1.89058 2.33467 0.36 0.267147 0.501212
-2.01645 2.4901 0.64 0.2562 0.4414
-2.144 2.38116 0.64 0.239722 0.45089
-2.144 2.38116 0.64 0.239722 0.45089
-2.01645 2.4901 0.64 0.2562 0.4414
-2.27783 2.52979 1 0.22919 0.380922
-2.01645 2.4901 0.64 0.2562 0.4414
-2.14231 2.64553 1 0.247158 0.371004
-2.27783 2.52979 1 0.22919 0.380922
-2.27783 2.52979 1 0.22919 0.380922
-2.14231 2.64553 1 0.247158 0.371004
-2.41166 2.67842 1.44 0.219841 0.304443
-2.14231 2.64553 1 0.247158 0.371004
-2.26817 2.80096 1.44 0.238481 0.293278
-2.41166 2.67842 1.44 0.219841 0.304443
-2.41166 2.67842 1.44 0.219841 0.304443
-2.26817 2.80096 1.44 0.238481 0.293278
-2.54548 2.82704 1.96 0.214358 0.2207
-2.26817 2.80096 1.44 0.238481 0.293278
-2.39404 2.95639 1.96 0.233924 0.210028
-2.54548 2.82704 1.96 0.214358 0.2207
-2.54548 2.82704 1.96 0.214358 0.2207
-2.39404 2.95639 1.96 0.233924 0.210028
-2.67931 2.97567 2.56 0.212759 0.137437
-2.39404 2.95639 1.96 0.233924 0.210028
-2.5199 3.11182 2.56 0.232153 0.127968
-2.67931 2.97567 2.56 0.212759 0.137437
-0.141421 0.530019 -0 0.458421 0.997952
-0.133826 0.530019 -0 0.461049 0.998253
-0.282843 0.530019 -0 0.421027 0.991781
-0.133826 0.530019 -0 0.461049 0.998253
-0.267652 0.530019 -0 0.424824 0.99257
-0.282843 0.530019 -0 0.421027 0.991781
-0.282843 0.530019 -0 0.421027 0.991781
-0.267652 0.530019 -0 0.424824 0.99257
-0.424264 0.530019 -0 0.385414 0.982564
-0.267652 0.530019 -0 0.424824 0.99257
-0.401478 0.530019 -0 0.391402 0.984346
-0.424264 0.530019 -0 0.385414 0.982564
-0.424264 0.530019 -0 0.385414 0.982564
-0.401478 0.530019 -0 0.391402 0.984346
-0.565685 0.565685 -0 0.353578 0.959157
-0.401478 0.530019 -0 0.391402 0.984346
-0.535304 0.594516 -0 0.361811 0.952762
-0.565685 0.565685 -0 0.353578 0.959157
-0.565685 0.565685 -0 0.353578 0.959157
-0.535304 0.594516 -0 0.361811 0.952762
-0.707107 0.707107 -0 0.331667 0.903475
-0.535304 0.594516 -0 0.361811 0.952762
-0.669131 0.743145 -0 0.340742 0.894182
-0.707107 0.707107 -0 0.331667 0.903475
-0.707107 0.707107 -0 0.331667 0.903475
-0.669131 0.743145 -0 0.340742 0.894182
-0.848528 0.848528 -0 0.312551 0.850573
-0.669131 0.743145 -0 0.340742 0.894182
-0.802957 0.891774 -0 0.322968 0.84153
-0.848528 0.848528 -0 0.312551 0.850573
-0.848528 0.848528 -0 0.312551 0.850573
-0.802957 0.891774 -0 0.322968 0.84153
-0.98995 0.98995 -0 0.298844 0.804069
-0.802957 0.891774 -0 0.322968 0.84153
-0.936783 1.0404 -0 0.310391 0.793768
-0.98995 0.98995 -0 0.298844 0.804069
-0.98995 0.98995 -0 0.298844 0.804069
-0.936783 1.0404 -0 0.310391 0.793768
-1.13137 1.13137 -0 0.286771 0.761861
-0.936783 1.0404 -0 0.310391 0.793768
-1.07061 1.18903 -0 0.299615 0.75254
-1.13137 1.13137 -0 0.286771 0.761861
-1.13137 1.13137 -0 0.286771 0.761861
-1.07061 1.18903 -0 0.299615 0.75254
-1.27279 1.27279 -0 0.278465 0.726698
-1.07061 1.18903 -0 0.299615 0.75254
-1.20444 1.33766 -0 0.291247 0.716127
-1.27279 1.27279 -0 0.278465 0.726698
-1.27279 1.27279 -0 0.278465 0.726698
-1.20444 1.33766 -0 0.291247 0.716127
-1.41421 1.41421 -0 0.271114 0.694677
-1.20444 1.33766 -0 0.291247 0.716127
-1.33826 1.48629 -0 0.283814 0.682991
-1.41421 1.41421 -0 0.271114 0.694677
-1.41421 1.41421 -0 0.271114 0.694677
-1.33826 1.48629 -0 0.283814 0.682991
-1.55563 1.55563 -0 0.26463 0.66645
-1.33826 1.48629 -0 0.283814 0.682991
-1.47209 1.63492 -0 0.278331 0.654084
-1.55563 1.55563 -0 0.26463 0.66645
-1.55563 1.55563 -0 0.26463 0.66645
-1.47209 1.63492 -0 0.278331 0.654084
-1.84142 1.84142 0.04 0.254128 0.611609
-1.47209 1.63492 -0 0.278331 0.654084
-1.74253 1.93527 0.04 0.268955 0.602408
-1.84142 1.84142 0.04 0.254128 0.611609
-1.84142 1.84142 0.04 0.254128 0.611609
-1.74253 1.93527 0.04 0.268955 0.602408
-1.98284 1.98284 0.16 0.245843 0.57296
-1.74253 1.93527 0.04 0.268955 0.602408
-1.87635 2.0839 0.16 0.260296 0.562571
-1.98284 1.98284 0.16 0.245843 0.57296
-1.98284 1.98284 0.16 0.245843 0.57296
-1.87635 2.0839 0.16 0.260296 0.562571
-2.12426 2.12426 0.36 0.234938 0.523119
-1.87635 2.0839 0.16 0.260296 0.562571
-2.01018 2.23253 0.36 0.250747 0.511328
-2.12426 2.12426 0.36 0.234938 0.523119
-2.12426 2.12426 0.36 0.234938 0.523119
-2.01018 2.23253 0.36 0.250747 0.511328
-2.26569 2.26569 0.64 0.222982 0.464556
-2.01018 2.23253 0.36 0.250747 0.511328
-2.144 2.38116 0.64 0.239722 0.45089
-2.26569 2.26569 0.64 0.222982 0.464556
-2.26569 2.26569 0.64 0.222982 0.464556
-2.144 2.38116 0.64 0.239722 0.45089
-2.40711 2.40711 1 0.211431 0.392918
-2.144 2.38116 0.64 0.239722 0.45089
-2.27783 2.52979 1 0.22919 0.380922
-2.40711 2.40711 1 0.211431 0.392918
-2.40711 2.40711 1 0.211431 0.392918
-2.27783 2.52979 1 0.22919 0.380922
-2.54853 2.54853 1.44 0.202153 0.314059
-2.27783 2.52979 1 0.22919 0.380922
-2.41166 2.67842 1.44 0.219841 0.304443
-2.54853 2.54853 1.44 0.202153 0.314059
-2.54853 2.54853 1.44 0.202153 0.314059
-2.41166 2.67842 1.44 0.219841 0.304443
-2.68995 2.68995 1.96 0.195967 0.231909
-2.41166 2.67842 1.44 0.219841 0.304443
-2.54548 2.82704 1.96 0.214358 0.2207
-2.68995 2.68995 1.96 0.195967 0.231909
-2.68995 2.68995 1.96 0.195967 0.231909
-2.54548 2.82704 1.96 0.214358 0.2207
-2.83137 2.83137 2.56 0.193883 0.146822
-2.54548 2.82704 1.96 0.214358 0.2207
-2.67931 2.97567 2.56 0.212759 0.137437
-2.83137 2.83137 2.56 0.193883 0.146822
-0.148629 0.530019 -0 0.45711 0.997796
-0.141421 0.530019 -0 0.458421 0.997952
-0.297258 0.530019 -0 0.41725 0.990959
-0.141421 0.530019 -0 0.458421 0.997952
-0.282843 0.530019 -0 0.421027 0.991781
-0.297258 0.530019 -0 0.41725 0.990959
-0.297258 0.530019 -0 0.41725 0.990959
-0.282843 0.530019 -0 0.421027 0.991781
-0.445887 0.530019 -0 0.379496 0.980709
-0.282843 0.530019 -0 0.421027 0.991781
-0.424264 0.530019 -0 0.385414 0.982564
-0.445887 0.530019 -0 0.379496 0.980709
-0.445887 0.530019 -0 0.379496 0.980709
-0.424264 0.530019 -0 0.385414 0.982564
-0.594516 0.535304 -0 0.346351 0.967478
-0.424264 0.530019 -0 0.385414 0.982564
-0.565685 0.565685 -0 0.353578 0.959157
-0.594516 0.535304 -0 0.346351 0.967478
-0.594516 0.535304 -0 0.346351 0.967478
-0.565685 0.565685 -0 0.353578 0.959157
-0.743145 0.669131 -0 0.322097 0.911538
-0.565685 0.565685 -0 0.353578 0.959157
-0.707107 0.707107 -0 0.331667 0.903475
-0.743145 0.669131 -0 0.322097 0.911538
-0.743145 0.669131 -0 0.322097 0.911538
-0.707107 0.707107 -0 0.331667 0.903475
-0.891774 0.802957 -0 0.303157 0.860526
-0.707107 0.707107 -0 0.331667 0.903475
-0.848528 0.848528 -0 0.312551 0.850573
-0.891774 0.802957 -0 0.303157 0.860526
-0.891774 0.802957 -0 0.303157 0.860526
-0.848528 0.848528 -0 0.312551 0.850573
-1.0404 0.936783 -0 0.287414 0.814848
-0.848528 0.848528 -0 0.312551 0.850573
-0.98995 0.98995 -0 0.298844 0.804069
-1.0404 0.936783 -0 0.287414 0.814848
-1.0404 0.936783 -0 0.287414 0.814848
-0.98995 0.98995 -0 0.298844 0.804069
-1.18903 1.07061 -0 0.275479 0.774282
-0.98995 0.98995 -0 0.298844 0.804069
-1.13137 1.13137 -0 0.286771 0.761861
-1.18903 1.07061 -0 0.275479 0.774282
-1.18903 1.07061 -0 0.275479 0.774282
-1.13137 1.13137 -0 0.286771 0.761861
-1.33766 1.20444 -0 0.265958 0.73806
-1.13137 1.13137 -0 0.286771 0.761861
-1.27279 1.27279 -0 0.278465 0.726698
-1.33766 1.20444 -0 0.265958 0.73806
-1.33766 1.20444 -0 0.265958 0.73806
-1.27279 1.27279 -0 0.278465 0.726698
-1.48629 1.33826 -0 0.257722 0.706875
-1.27279 1.27279 -0 0.278465 0.726698
-1.41421 1.41421 -0 0.271114 0.694677
-1.48629 1.33826 -0 0.257722 0.706875
-1.48629 1.33826 -0 0.257722 0.706875
-1.41421 1.41421 -0 0.271114 0.694677
-1.63492 1.47209 -0 0.251166 0.677525
-1.41421 1.41421 -0 0.271114 0.694677
-1.55563 1.55563 -0 0.26463 0.66645
-1.63492 1.47209 -0 0.251166 0.677525
-1.63492 1.47209 -0 0.251166 0.677525
-1.55563 1.55563 -0 0.26463 0.66645
-1.93527 1.74253 0.04 0.239952 0.624388
-1.55563 1.55563 -0 0.26463 0.66645
-1.84142 1.84142 0.04 0.254128 0.611609
-1.93527 1.74253 0.04 0.239952 0.624388
-1.93527 1.74253 0.04 0.239952 0.624388
-1.84142 1.84142 0.04 0.254128 0.611609
-2.0839 1.87635 0.16 0.230243 0.586724
-1.84142 1.84142 0.04 0.254128 0.611609
-1.98284 1.98284 0.16 0.245843 0.57296
-2.0839 1.87635 0.16 0.230243 0.586724
-2.0839 1.87635 0.16 0.230243 0.586724
-1.98284 1.98284 0.16 0.245843 0.57296
-2.23253 2.01018 0.36 0.21908 0.536246
-1.98284 1.98284 0.16 0.245843 0.57296
-2.12426 2.12426 0.36 0.234938 0.523119
-2.23253 2.01018 0.36 0.21908 0.536246
-2.23253 2.01018 0.36 0.21908 0.536246
-2.12426 2.12426 0.36 0.234938 0.523119
-2.38116 2.144 0.64 0.206586 0.475332
-2.12426 2.12426 0.36 0.234938 0.523119
-2.26569 2.26569 0.64 0.222982 0.464556
-2.38116 2.144 0.64 0.206586 0.475332
-2.38116 2.144 0.64 0.206586 0.475332
-2.26569 2.26569 0.64 0.222982 0.464556
-2.52979 2.27783 1 0.194224 0.406595
-2.26569 2.26569 0.64 0.222982 0.464556
-2.40711 2.40711 1 0.211431 0.392918
-2.52979 2.27783 1 0.194224 0.406595
-2.52979 2.27783 1 0.194224 0.406595
-2.40711 2.40711 1 0.211431 0.392918
-2.67842 2.41166 1.44 0.184002 0.326313
-2.40711 2.40711 1 0.211431 0.392918
-2.54853 2.54853 1.44 0.202153 0.314059
-2.67842 2.41166 1.44 0.184002 0.326313
-2.67842 2.41166 1.44 0.184002 0.326313
-2.54853 2.54853 1.44 0.202153 0.314059
-2.82704 2.54548 1.96 0.177366 0.242309
-2.54853 2.54853 1.44 0.202153 0.314059
-2.68995 2.68995 1.96 0.195967 0.231909
-2.82704 2.54548 1.96 0.177366 0.242309
-2.82704 2.54548 1.96 0.177366 0.242309
-2.68995 2.68995 1.96 0.195967 0.231909
-2.97567 2.67931 2.56 0.175159 0.156862
-2.68995 2.68995 1.96 0.195967 0.231909
-2.83137 2.83137 2.56 0.193883 0.146822
-2.97567 2.67931 2.56 0.175159 0.156862
-0.155429 0.530019 -0 0.455799 0.997635
-0.148629 0.530019 -0 0.45711 0.997796
-0.310858 0.530019 -0 0.413492 0.990106
-0.148629 0.530019 -0 0.45711 0.997796
-0.297258 0.530019 -0 0.41725 0.990959
-0.310858 0.530019 -0 0.413492 0.990106
-0.310858 0.530019 -0 0.413492 0.990106
-0.297258 0.530019 -0 0.41725 0.990959
-0.466288 0.530019 -0 0.374813 0.979175
-0.297258 0.530019 -0 0.41725 0.990959
-0.445887 0.530019 -0 0.379496 0.980709
-0.466288 0.530019 -0 0.374813 0.979175
-0.466288 0.530019 -0 0.374813 0.979175
-0.445887 0.530019 -0 0.379496 0.980709
-0.621717 0.530019 -0 0.339379 0.966695
-0.445887 0.530019 -0 0.379496 0.980709
-0.594516 0.535304 -0 0.346351 0.967478
-0.621717 0.530019 -0 0.339379 0.966695
-0.621717 0.530019 -0 0.339379 0.966695
-0.594516 0.535304 -0 0.346351 0.967478
-0.777146 0.62932 -0 0.313487 0.92029
-0.594516 0.535304 -0 0.346351 0.967478
-0.743145 0.669131 -0 0.322097 0.911538
-0.777146 0.62932 -0 0.313487 0.92029
-0.777146 0.62932 -0 0.313487 0.92029
-0.743145 0.669131 -0 0.322097 0.911538
-0.932575 0.755184 -0 0.292726 0.870241
-0.743145 0.669131 -0 0.322097 0.911538
-0.891774 0.802957 -0 0.303157 0.860526
-0.932575 0.755184 -0 0.292726 0.870241
-0.932575 0.755184 -0 0.292726 0.870241
-0.891774 0.802957 -0 0.303157 0.860526
-1.088 0.881049 -0 0.277231 0.826392
-0.891774 0.802957 -0 0.303157 0.860526
-1.0404 0.936783 -0 0.287414 0.814848
-1.088 0.881049 -0 0.277231 0.826392
-1.088 0.881049 -0 0.277231 0.826392
-1.0404 0.936783 -0 0.287414 0.814848
-1.24343 1.00691 -0 0.264194 0.78518
-1.0404 0.936783 -0 0.287414 0.814848
-1.18903 1.07061 -0 0.275479 0.774282
-1.24343 1.00691 -0 0.264194 0.78518
-1.24343 1.00691 -0 0.264194 0.78518
-1.18903 1.07061 -0 0.275479 0.774282
-1.39886 1.13278 -0 0.253876 0.749973
-1.18903 1.07061 -0 0.275479 0.774282
-1.33766 1.20444 -0 0.265958 0.73806
-1.39886 1.13278 -0 0.253876 0.749973
-1.39886 1.13278 -0 0.253876 0.749973
-1.33766 1.20444 -0 0.265958 0.73806
-1.55429 1.25864 -0 0.244677 0.717612
-1.33766 1.20444 -0 0.265958 0.73806
-1.48629 1.33826 -0 0.257722 0.706875
-1.55429 1.25864 -0 0.244677 0.717612
-1.55429 1.25864 -0 0.244677 0.717612
-1.48629 1.33826 -0 0.257722 0.706875
-1.70972 1.3845 -0 0.238466 0.691498
-1.48629 1.33826 -0 0.257722 0.706875
-1.63492 1.47209 -0 0.251166 0.677525
-1.70972 1.3845 -0 0.238466 0.691498
-1.70972 1.3845 -0 0.238466 0.691498
-1.63492 1.47209 -0 0.251166 0.677525
-2.02381 1.63885 0.04 0.225649 0.637791
-1.63492 1.47209 -0 0.251166 0.677525
-1.93527 1.74253 0.04 0.239952 0.624388
-2.02381 1.63885 0.04 0.225649 0.637791
-2.02381 1.63885 0.04 0.225649 0.637791
-1.93527 1.74253 0.04 0.239952 0.624388
-2.17924 1.76472 0.16 0.216292 0.599326
-1.93527 1.74253 0.04 0.239952 0.624388
-2.0839 1.87635 0.16 0.230243 0.586724
-2.17924 1.76472 0.16 0.216292 0.599326
-2.17924 1.76472 0.16 0.216292 0.599326
-2.0839 1.87635 0.16 0.230243 0.586724
-2.33467 1.89058 0.36 0.203544 0.550326
-2.0839 1.87635 0.16 0.230243 0.586724
-2.23253 2.01018 0.36 0.21908 0.536246
-2.33467 1.89058 0.36 0.203544 0.550326
-2.33467 1.89058 0.36 0.203544 0.550326
-2.23253 2.01018 0.36 0.21908 0.536246
-2.4901 2.01645 0.64 0.190024 0.489573
-2.23253 2.01018 0.36 0.21908 0.536246
-2.38116 2.144 0.64 0.206586 0.475332
-2.4901 2.01645 0.64 0.190024 0.489573
-2.4901 2.01645 0.64 0.190024 0.489573
-2.38116 2.144 0.64 0.206586 0.475332
-2.64553 2.14231 1 0.177517 0.41795
-2.38116 2.144 0.64 0.206586 0.475332
-2.52979 2.27783 1 0.194224 0.406595
-2.64553 2.14231 1 0.177517 0.41795
-2.64553 2.14231 1 0.177517 0.41795
-2.52979 2.27783 1 0.194224 0.406595
-2.80096 2.26817 1.44 0.166266 0.338972
-2.52979 2.27783 1 0.194224 0.406595
-2.67842 2.41166 1.44 0.184002 0.326313
-2.80096 2.26817 1.44 0.166266 0.338972
-2.80096 2.26817 1.44 0.166266 0.338972
-2.67842 2.41166 1.44 0.184002 0.326313
-2.95639 2.39404 1.96 0.159295 0.254032
-2.67842 2.41166 1.44 0.184002 0.326313
-2.82704 2.54548 1.96 0.177366 0.242309
-2.95639 2.39404 1.96 0.159295 0.254032
-2.95639 2.39404 1.96 0.159295 0.254032
-2.82704 2.54548 1.96 0.177366 0.242309
-3.11182 2.5199 2.56 0.156475 0.167478
-2.82704 2.54548 1.96 0.177366 0.242309
-2.97567 2.67931 2.56 0.175159 0.156862
-3.11182 2.5199 2.56 0.156475 0.167478
-0.161803 0.530019 -0 0.453182 0.997301
-0.155429 0.530019 -0 0.455799 0.997635
-0.323607 0.530019 -0 0.410999 0.989519
-0.155429 0.530019 -0 0.455799 0.997635
-0.310858 0.530019 -0 0.413492 0.990106
-0.323607 0.530019 -0 0.410999 0.989519
-0.323607 0.530019 -0 0.410999 0.989519
-0.310858 0.530019 -0 0.413492 0.990106
-0.48541 0.530019 -0 0.370177 0.977597
-0.310858 0.530019 -0 0.413492 0.990106
-0.466288 0.530019 -0 0.374813 0.979175
-0.48541 0.530019 -0 0.370177 0.977597
-0.48541 0.530019 -0 0.370177 0.977597
-0.466288 0.530019 -0 0.374813 0.979175
-0.647214 0.530019 -0 0.334095 0.964369
-0.466288 0.530019 -0 0.374813 0.979175
-0.621717 0.530019 -0 0.339379 0.966695
-0.647214 0.530019 -0 0.334095 0.964369
-0.647214 0.530019 -0 0.334095 0.964369
-0.621717 0.530019 -0 0.339379 0.966695
-0.809017 0.587785 -0 0.305136 0.930431
-0.621717 0.530019 -0 0.339379 0.966695
-0.777146 0.62932 -0 0.313487 0.92029
-0.809017 0.587785 -0 0.305136 0.930431
-0.809017 0.587785 -0 0.305136 0.930431
-0.777146 0.62932 -0 0.313487 0.92029
-0.97082 0.705342 -0 0.28379 0.88205
-0.777146 0.62932 -0 0.313487 0.92029
-0.932575 0.755184 -0 0.292726 0.870241
-0.97082 0.705342 -0 0.28379 0.88205
-0.97082 0.705342 -0 0.28379 0.88205
-0.932575 0.755184 -0 0.292726 0.870241
-1.13262 0.822899 -0 0.266384 0.837552
-0.932575 0.755184 -0 0.292726 0.870241
-1.088 0.881049 -0 0.277231 0.826392
-1.13262 0.822899 -0 0.266384 0.837552
-1.13262 0.822899 -0 0.266384 0.837552
-1.088 0.881049 -0 0.277231 0.826392
-1.29443 0.940456 -0 0.252713 0.797696
-1.088 0.881049 -0 0.277231 0.826392
-1.24343 1.00691 -0 0.264194 0.78518
-1.29443 0.940456 -0 0.252713 0.797696
-1.29443 0.940456 -0 0.252713 0.797696
-1.24343 1.00691 -0 0.264194 0.78518
-1.45623 1.05801 -0 0.241487 0.761781
-1.24343 1.00691 -0 0.264194 0.78518
-1.39886 1.13278 -0 0.253876 0.749973
-1.45623 1.05801 -0 0.241487 0.761781
-1.45623 1.05801 -0 0.241487 0.761781
-1.39886 1.13278 -0 0.253876 0.749973
-1.61803 1.17557 -0 0.23255 0.730815
-1.39886 1.13278 -0 0.253876 0.749973
-1.55429 1.25864 -0 0.244677 0.717612
-1.61803 1.17557 -0 0.23255 0.730815
-1.61803 1.17557 -0 0.23255 0.730815
-1.55429 1.25864 -0 0.244677 0.717612
-1.77984 1.29313 -0 0.225444 0.703508
-1.55429 1.25864 -0 0.244677 0.717612
-1.70972 1.3845 -0 0.238466 0.691498
-1.77984 1.29313 -0 0.225444 0.703508
-1.77984 1.29313 -0 0.225444 0.703508
-1.70972 1.3845 -0 0.238466 0.691498
-2.10681 1.53069 0.04 0.212299 0.651747
-1.70972 1.3845 -0 0.238466 0.691498
-2.02381 1.63885 0.04 0.225649 0.637791
-2.10681 1.53069 0.04 0.212299 0.651747
-2.10681 1.53069 0.04 0.212299 0.651747
-2.02381 1.63885 0.04 0.225649 0.637791
-2.26862 1.64825 0.16 0.201824 0.612342
-2.02381 1.63885 0.04 0.225649 0.637791
-2.17924 1.76472 0.16 0.216292 0.599326
-2.26862 1.64825 0.16 0.201824 0.612342
-2.26862 1.64825 0.16 0.201824 0.612342
-2.17924 1.76472 0.16 0.216292 0.599326
-2.43042 1.7658 0.36 0.188569 0.562964
-2.17924 1.76472 0.16 0.216292 0.599326
-2.33467 1.89058 0.36 0.203544 0.550326
-2.43042 1.7658 0.36 0.188569 0.562964
-2.43042 1.7658 0.36 0.188569 0.562964
-2.33467 1.89058 0.36 0.203544 0.550326
-2.59222 1.88336 0.64 0.17442 0.504552
-2.33467 1.89058 0.36 0.203544 0.550326
-2.4901 2.01645 0.64 0.190024 0.489573
-2.59222 1.88336 0.64 0.17442 0.504552
-2.59222 1.88336 0.64 0.17442 0.504552
-2.4901 2.01645 0.64 0.190024 0.489573
-2.75403 2.00092 1 0.160835 0.432605
-2.4901 2.01645 0.64 0.190024 0.489573
-2.64553 2.14231 1 0.177517 0.41795
-2.75403 2.00092 1 0.160835 0.432605
-2.75403 2.00092 1 0.160835 0.432605
-2.64553 2.14231 1 0.177517 0.41795
-2.91583 2.11847 1.44 0.148993 0.351975
-2.64553 2.14231 1 0.177517 0.41795
-2.80096 2.26817 1.44 0.166266 0.338972
-2.91583 2.11847 1.44 0.148993 0.351975
-2.91583 2.11847 1.44 0.148993 0.351975
-2.80096 2.26817 1.44 0.166266 0.338972
-3.07763 2.23603 1.96 0.141036 0.266797
-2.80096 2.26817 1.44 0.166266 0.338972
-2.95639 2.39404 1.96 0.159295 0.254032
-3.07763 2.23603 1.96 0.141036 0.266797
-3.07763 2.23603 1.96 0.141036 0.266797
-2.95639 2.39404 1.96 0.159295 0.254032
-3.23944 2.35359 2.56 0.137826 0.178825
-2.95639 2.39404 1.96 0.159295 0.254032
-3.11182 2.5199 2.56 0.156475 0.167478
-3.23944 2.35359 2.56 0.137826 0.178825
-0.167734 0.530019 -0 0.451876 0.997127
-0.161803 0.530019 -0 0.453182 0.997301
-0.335468 0.530019 -0 0.407276 0.988614
-0.161803 0.530019 -0 0.453182 0.997301
-0.323607 0.530019 -0 0.410999 0.989519
-0.335468 0.530019 -0 0.407276 0.988614
-0.335468 0.530019 -0 0.407276 0.988614
-0.323607 0.530019 -0 0.410999 0.989519
-0.503202 0.530019 -0 0.36673 0.976387
-0.323607 0.530019 -0 0.410999 0.989519
-0.48541 0.530019 -0 0.370177 0.977597
-0.503202 0.530019 -0 0.36673 0.976387
-0.503202 0.530019 -0 0.36673 0.976387
-0.48541 0.530019 -0 0.370177 0.977597
-0.670936 0.530019 -0 0.328893 0.962
-0.48541 0.530019 -0 0.370177 0.977597
-0.647214 0.530019 -0 0.334095 0.964369
-0.670936 0.530019 -0 0.328893 0.962
-0.670936 0.530019 -0 0.328893 0.962
-0.647214 0.530019 -0 0.334095 0.964369
-0.838671 0.544639 -0 0.297167 0.941629
-0.647214 0.530019 -0 0.334095 0.964369
-0.809017 0.587785 -0 0.305136 0.930431
-0.838671 0.544639 -0 0.297167 0.941629
-0.838671 0.544639 -0 0.297167 0.941629
-0.809017 0.587785 -0 0.305136 0.930431
-1.0064 0.653567 -0 0.27507 0.893656
-0.809017 0.587785 -0 0.305136 0.930431
-0.97082 0.705342 -0 0.28379 0.88205
-1.0064 0.653567 -0 0.27507 0.893656
-1.0064 0.653567 -0 0.27507 0.893656
-0.97082 0.705342 -0 0.28379 0.88205
-1.17414 0.762495 -0 0.256876 0.849165
-0.97082 0.705342 -0 0.28379 0.88205
-1.13262 0.822899 -0 0.266384 0.837552
-1.17414 0.762495 -0 0.256876 0.849165
-1.17414 0.762495 -0 0.256876 0.849165
-1.13262 0.822899 -0 0.266384 0.837552
-1.34187 0.871422 -0 0.241869 0.810139
-1.13262 0.822899 -0 0.266384 0.837552
-1.29443 0.940456 -0 0.252713 0.797696
-1.34187 0.871422 -0 0.241869 0.810139
-1.34187 0.871422 -0 0.241869 0.810139
-1.29443 0.940456 -0 0.252713 0.797696
-1.50961 0.98035 -0 0.230151 0.775463
-1.29443 0.940456 -0 0.252713 0.797696
-1.45623 1.05801 -0 0.241487 0.761781
-1.50961 0.98035 -0 0.230151 0.775463
-1.50961 0.98035 -0 0.230151 0.775463
-1.45623 1.05801 -0 0.241487 0.761781
-1.67734 1.08928 -0 0.221455 0.745978
-1.45623 1.05801 -0 0.241487 0.761781
-1.61803 1.17557 -0 0.23255 0.730815
-1.67734 1.08928 -0 0.221455 0.745978
-1.67734 1.08928 -0 0.221455 0.745978
-1.61803 1.17557 -0 0.23255 0.730815
-1.84508 1.19821 -0 0.213546 0.717715
-1.61803 1.17557 -0 0.23255 0.730815
-1.77984 1.29313 -0 0.225444 0.703508
-1.84508 1.19821 -0 0.213546 0.717715
-1.84508 1.19821 -0 0.213546 0.717715
-1.77984 1.29313 -0 0.225444 0.703508
-2.18404 1.41833 0.04 0.199284 0.665733
-1.77984 1.29313 -0 0.225444 0.703508
-2.10681 1.53069 0.04 0.212299 0.651747
-2.18404 1.41833 0.04 0.199284 0.665733
-2.18404 1.41833 0.04 0.199284 0.665733
-2.10681 1.53069 0.04 0.212299 0.651747
-2.35177 1.52726 0.16 0.188091 0.627545
-2.10681 1.53069 0.04 0.212299 0.651747
-2.26862 1.64825 0.16 0.201824 0.612342
-2.35177 1.52726 0.16 0.188091 0.627545
-2.35177 1.52726 0.16 0.188091 0.627545
-2.26862 1.64825 0.16 0.201824 0.612342
-2.5195 1.63618 0.36 0.173924 0.577863
-2.26862 1.64825 0.16 0.201824 0.612342
-2.43042 1.7658 0.36 0.188569 0.562964
-2.5195 1.63618 0.36 0.173924 0.577863
-2.5195 1.63618 0.36 0.173924 0.577863
-2.43042 1.7658 0.36 0.188569 0.562964
-2.68724 1.74511 0.64 0.158968 0.518071
-2.43042 1.7658 0.36 0.188569 0.562964
-2.59222 1.88336 0.64 0.17442 0.504552
-2.68724 1.74511 0.64 0.158968 0.518071
-2.68724 1.74511 0.64 0.158968 0.518071
-2.59222 1.88336 0.64 0.17442 0.504552
-2.85497 1.85404 1 0.144514 0.446459
-2.59222 1.88336 0.64 0.17442 0.504552
-2.75403 2.00092 1 0.160835 0.432605
-2.85497 1.85404 1 0.144514 0.446459
-2.85497 1.85404 1 0.144514 0.446459
-2.75403 2.00092 1 0.160835 0.432605
-3.02271 1.96297 1.44 0.131851 0.366879
-2.75403 2.00092 1 0.160835 0.432605
-2.91583 2.11847 1.44 0.148993 0.351975
-3.02271 1.96297 1.44 0.131851 0.366879
-3.02271 1.96297 1.44 0.131851 0.366879
-2.91583 2.11847 1.44 0.148993 0.351975
-3.19044 2.0719 1.96 0.123209 0.279425
-2.91583 2.11847 1.44 0.148993 0.351975
-3.07763 2.23603 1.96 0.141036 0.266797
-3.19044 2.0719 1.96 0.123209 0.279425
-3.19044 2.0719 1.96 0.123209 0.279425
-3.07763 2.23603 1.96 0.141036 0.266797
-3.35817 2.18082 2.56 0.119633 0.190252
-3.07763 2.23603 1.96 0.141036 0.266797
-3.23944 2.35359 2.56 0.137826 0.178825
-3.35817 2.18082 2.56 0.119633 0.190252
-0.173205 0.530019 -0 0.450571 0.99695
-0.167734 0.530019 -0 0.451876 0.997127
-0.34641 0.530019 -0 0.404806 0.987993
-0.167734 0.530019 -0 0.451876 0.997127
-0.335468 0.530019 -0 0.407276 0.988614
-0.34641 0.530019 -0 0.404806 0.987993
-0.34641 0.530019 -0 0.404806 0.987993
-0.335468 0.530019 -0 0.407276 0.988614
-0.519615 0.530019 -0 0.362438 0.975923
-0.335468 0.530019 -0 0.407276 0.988614
-0.503202 0.530019 -0 0.36673 0.976387
-0.519615 0.530019 -0 0.362438 0.975923
-0.519615 0.530019 -0 0.362438 0.975923
-0.503202 0.530019 -0 0.36673 0.976387
-0.69282 0.530019 -0 0.324789 0.960077
-0.503202 0.530019 -0 0.36673 0.976387
-0.670936 0.530019 -0 0.328893 0.962
-0.69282 0.530019 -0 0.324789 0.960077
-0.69282 0.530019 -0 0.324789 0.960077
-0.670936 0.530019 -0 0.328893 0.962
-0.866025 0.530019 -0 0.291115 0.942395
-0.670936 0.530019 -0 0.328893 0.962
-0.838671 0.544639 -0 0.297167 0.941629
-0.866025 0.530019 -0 0.291115 0.942395
-0.866025 0.530019 -0 0.291115 0.942395
-0.838671 0.544639 -0 0.297167 0.941629
-1.03923 0.6 -0 0.2658 0.90441
-0.838671 0.544639 -0 0.297167 0.941629
-1.0064 0.653567 -0 0.27507 0.893656
-1.03923 0.6 -0 0.2658 0.90441
-1.03923 0.6 -0 0.2658 0.90441
-1.0064 0.653567 -0 0.27507 0.893656
-1.21244 0.7 -0 0.247649 0.863023
-1.0064 0.653567 -0 0.27507 0.893656
-1.17414 0.762495 -0 0.256876 0.849165
-1.21244 0.7 -0 0.247649 0.863023
-1.21244 0.7 -0 0.247649 0.863023
-1.17414 0.762495 -0 0.256876 0.849165
-1.38564 0.8 -0 0.232025 0.823947
-1.17414 0.762495 -0 0.256876 0.849165
-1.34187 0.871422 -0 0.241869 0.810139
-1.38564 0.8 -0 0.232025 0.823947
-1.38564 0.8 -0 0.232025 0.823947
-1.34187 0.871422 -0 0.241869 0.810139
-1.55885 0.9 -0 0.219931 0.79056
-1.34187 0.871422 -0 0.241869 0.810139
-1.50961 0.98035 -0 0.230151 0.775463
-1.55885 0.9 -0 0.219931 0.79056
-1.55885 0.9 -0 0.219931 0.79056
-1.50961 0.98035 -0 0.230151 0.775463
-1.73205 1 -0 0.209815 0.760034
-1.50961 0.98035 -0 0.230151 0.775463
-1.67734 1.08928 -0 0.221455 0.745978
-1.73205 1 -0 0.209815 0.760034
-1.73205 1 -0 0.209815 0.760034
-1.67734 1.08928 -0 0.221455 0.745978
-1.90526 1.1 -0 0.201516 0.732833
-1.67734 1.08928 -0 0.221455 0.745978
-1.84508 1.19821 -0 0.213546 0.717715
-1.90526 1.1 -0 0.201516 0.732833
-1.90526 1.1 -0 0.201516 0.732833
-1.84508 1.19821 -0 0.213546 0.717715
-2.25527 1.30208 0.04 0.186417 0.681
-1.84508 1.19821 -0 0.213546 0.717715
-2.18404 1.41833 0.04 0.199284 0.665733
-2.25527 1.30208 0.04 0.186417 0.681
-2.25527 1.30208 0.04 0.186417 0.681
-2.18404 1.41833 0.04 0.199284 0.665733
-2.42848 1.40208 0.16 0.17462 0.642264
-2.18404 1.41833 0.04 0.199284 0.665733
-2.35177 1.52726 0.16 0.188091 0.627545
-2.42848 1.40208 0.16 0.17462 0.642264
-2.42848 1.40208 0.16 0.17462 0.642264
-2.35177 1.52726 0.16 0.188091 0.627545
-2.60168 1.50208 0.36 0.160005 0.594329
-2.35177 1.52726 0.16 0.188091 0.627545
-2.5195 1.63618 0.36 0.173924 0.577863
-2.60168 1.50208 0.36 0.160005 0.594329
-2.60168 1.50208 0.36 0.160005 0.594329
-2.5195 1.63618 0.36 0.173924 0.577863
-2.77489 1.60208 0.64 0.14414 0.533444
-2.5195 1.63618 0.36 0.173924 0.577863
-2.68724 1.74511 0.64 0.158968 0.518071
-2.77489 1.60208 0.64 0.14414 0.533444
-2.77489 1.60208 0.64 0.14414 0.533444
-2.68724 1.74511 0.64 0.158968 0.518071
-2.94809 1.70208 1 0.128264 0.462585
-2.68724 1.74511 0.64 0.158968 0.518071
-2.85497 1.85404 1 0.144514 0.446459
-2.94809 1.70208 1 0.128264 0.462585
-2.94809 1.70208 1 0.128264 0.462585
-2.85497 1.85404 1 0.144514 0.446459
-3.1213 1.80208 1.44 0.115026 0.380751
-2.85497 1.85404 1 0.144514 0.446459
-3.02271 1.96297 1.44 0.131851 0.366879
-3.1213 1.80208 1.44 0.115026 0.380751
-3.1213 1.80208 1.44 0.115026 0.380751
-3.02271 1.96297 1.44 0.131851 0.366879
-3.2945 1.90208 1.96 0.105571 0.29283
-3.02271 1.96297 1.44 0.131851 0.366879
-3.19044 2.0719 1.96 0.123209 0.279425
-3.2945 1.90208 1.96 0.105571 0.29283
-0.178201 0.530019 -0 0.449268 0.996768
-0.173205 0.530019 -0 0.450571 0.99695
-0.356403 0.530019 -0 0.402346 0.987359
-0.173205 0.530019 -0 0.450571 0.99695
-0.34641 0.530019 -0 0.404806 0.987993
-0.356403 0.530019 -0 0.402346 0.987359
-0.356403 0.530019 -0 0.402346 0.987359
-0.34641 0.530019 -0 0.404806 0.987993
-0.534604 0.530019 -0 0.35906 0.974664
-0.34641 0.530019 -0 0.404806 0.987993
-0.519615 0.530019 -0 0.362438 0.975923
-0.534604 0.530019 -0 0.35906 0.974664
-0.534604 0.530019 -0 0.35906 0.974664
-0.519615 0.530019 -0 0.362438 0.975923
-0.712805 0.530019 -0 0.320737 0.958129
-0.519615 0.530019 -0 0.362438 0.975923
-0.69282 0.530019 -0 0.324789 0.960077
-0.712805 0.530019 -0 0.320737 0.958129
-0.712805 0.530019 -0 0.320737 0.958129
-0.69282 0.530019 -0 0.324789 0.960077
-0.891007 0.530019 -0 0.286629 0.939776
-0.69282 0.530019 -0 0.324789 0.960077
-0.866025 0.530019 -0 0.291115 0.942395
-0.891007 0.530019 -0 0.286629 0.939776
-0.891007 0.530019 -0 0.286629 0.939776
-0.866025 0.530019 -0 0.291115 0.942395
-1.06921 0.544789 -0 0.25766 0.917259
-0.866025 0.530019 -0 0.291115 0.942395
-1.03923 0.6 -0 0.2658 0.90441
-1.06921 0.544789 -0 0.25766 0.917259
-1.06921 0.544789 -0 0.25766 0.917259
-1.03923 0.6 -0 0.2658 0.90441
-1.24741 0.635587 -0 0.238279 0.875711
-1.03923 0.6 -0 0.2658 0.90441
-1.21244 0.7 -0 0.247649 0.863023
-1.24741 0.635587 -0 0.238279 0.875711
-1.24741 0.635587 -0 0.238279 0.875711
-1.21244 0.7 -0 0.247649 0.863023
-1.42561 0.726385 -0 0.222517 0.838217
-1.21244 0.7 -0 0.247649 0.863023
-1.38564 0.8 -0 0.232025 0.823947
-1.42561 0.726385 -0 0.222517 0.838217
-1.42561 0.726385 -0 0.222517 0.838217
-1.38564 0.8 -0 0.232025 0.823947
-1.60381 0.817183 -0 0.209236 0.80415
-1.38564 0.8 -0 0.232025 0.823947
-1.55885 0.9 -0 0.219931 0.79056
-1.60381 0.817183 -0 0.209236 0.80415
-1.60381 0.817183 -0 0.209236 0.80415
-1.55885 0.9 -0 0.219931 0.79056
-1.78201 0.907981 -0 0.1989 0.774835
-1.55885 0.9 -0 0.219931 0.79056
-1.73205 1 -0 0.209815 0.760034
-1.78201 0.907981 -0 0.1989 0.774835
-1.78201 0.907981 -0 0.1989 0.774835
-1.73205 1 -0 0.209815 0.760034
-1.96021 0.998779 -0 0.190337 0.748719
-1.73205 1 -0 0.209815 0.760034
-1.90526 1.1 -0 0.201516 0.732833
-1.96021 0.998779 -0 0.190337 0.748719
-1.96021 0.998779 -0 0.190337 0.748719
-1.90526 1.1 -0 0.201516 0.732833
-2.32033 1.18227 0.04 0.174599 0.697282
-1.90526 1.1 -0 0.201516 0.732833
-2.25527 1.30208 0.04 0.186417 0.681
-2.32033 1.18227 0.04 0.174599 0.697282
-2.32033 1.18227 0.04 0.174599 0.697282
-2.25527 1.30208 0.04 0.186417 0.681
-2.49853 1.27306 0.16 0.161558 0.659383
-2.25527 1.30208 0.04 0.186417 0.681
-2.42848 1.40208 0.16 0.17462 0.642264
-2.49853 1.27306 0.16 0.161558 0.659383
-2.49853 1.27306 0.16 0.161558 0.659383
-2.42848 1.40208 0.16 0.17462 0.642264
-2.67673 1.36386 0.36 0.146158 0.60971
-2.42848 1.40208 0.16 0.17462 0.642264
-2.60168 1.50208 0.36 0.160005 0.594329
-2.67673 1.36386 0.36 0.146158 0.60971
-2.67673 1.36386 0.36 0.146158 0.60971
-2.60168 1.50208 0.36 0.160005 0.594329
-2.85493 1.45466 0.64 0.129288 0.549773
-2.60168 1.50208 0.36 0.160005 0.594329
-2.77489 1.60208 0.64 0.14414 0.533444
-2.85493 1.45466 0.64 0.129288 0.549773
-2.85493 1.45466 0.64 0.129288 0.549773
-2.77489 1.60208 0.64 0.14414 0.533444
-3.03313 1.54546 1 0.112631 0.478561
-2.77489 1.60208 0.64 0.14414 0.533444
-2.94809 1.70208 1 0.128264 0.462585
-3.03313 1.54546 1 0.112631 0.478561
-3.03313 1.54546 1 0.112631 0.478561
-2.94809 1.70208 1 0.128264 0.462585
-3.21133 1.63626 1.44 0.0982733 0.396358
-2.94809 1.70208 1 0.128264 0.462585
-3.1213 1.80208 1.44 0.115026 0.380751
-3.21133 1.63626 1.44 0.0982733 0.396358
-0.182709 0.530019 -0 0.447966 0.996583
-0.178201 0.530019 -0 0.449268 0.996768
-0.365418 0.530019 -0 0.399896 0.986712
-0.178201 0.530019 -0 0.449268 0.996768
-0.356403 0.530019 -0 0.402346 0.987359
-0.365418 0.530019 -0 0.399896 0.986712
-0.365418 0.530019 -0 0.399896 0.986712
-0.356403 0.530019 -0 0.402346 0.987359
-0.548127 0.530019 -0 0.356823 0.973812
-0.356403 0.530019 -0 0.402346 0.987359
-0.534604 0.530019 -0 0.35906 0.974664
-0.548127 0.530019 -0 0.356823 0.973812
-0.548127 0.530019 -0 0.356823 0.973812
-0.534604 0.530019 -0 0.35906 0.974664
-0.730836 0.530019 -0 0.316738 0.95616
-0.534604 0.530019 -0 0.35906 0.974664
-0.712805 0.530019 -0 0.320737 0.958129
-0.730836 0.530019 -0 0.316738 0.95616
-0.730836 0.530019 -0 0.316738 0.95616
-0.712805 0.530019 -0 0.320737 0.958129
-0.913545 0.530019 -0 0.282224 0.937143
-0.712805 0.530019 -0 0.320737 0.958129
-0.891007 0.530019 -0 0.286629 0.939776
-0.913545 0.530019 -0 0.282224 0.937143
-0.913545 0.530019 -0 0.282224 0.937143
-0.891007 0.530019 -0 0.286629 0.939776
-1.09625 0.530019 -0 0.253139 0.919151
-0.891007 0.530019 -0 0.286629 0.939776
-1.06921 0.544789 -0 0.25766 0.917259
-1.09625 0.530019 -0 0.253139 0.919151
-1.09625 0.530019 -0 0.253139 0.919151
-1.06921 0.544789 -0 0.25766 0.917259
-1.27896 0.569431 -0 0.229596 0.88974
-1.06921 0.544789 -0 0.25766 0.917259
-1.24741 0.635587 -0 0.238279 0.875711
-1.27896 0.569431 -0 0.229596 0.88974
-1.27896 0.569431 -0 0.229596 0.88974
-1.24741 0.635587 -0 0.238279 0.875711
-1.46167 0.650779 -0 0.213185 0.853441
-1.24741 0.635587 -0 0.238279 0.875711
-1.42561 0.726385 -0 0.222517 0.838217
-1.46167 0.650779 -0 0.213185 0.853441
-1.46167 0.650779 -0 0.213185 0.853441
-1.42561 0.726385 -0 0.222517 0.838217
-1.64438 0.732126 -0 0.199577 0.819501
-1.42561 0.726385 -0 0.222517 0.838217
-1.60381 0.817183 -0 0.209236 0.80415
-1.64438 0.732126 -0 0.199577 0.819501
-1.64438 0.732126 -0 0.199577 0.819501
-1.60381 0.817183 -0 0.209236 0.80415
-1.82709 0.813473 -0 0.188556 0.791012
-1.60381 0.817183 -0 0.209236 0.80415
-1.78201 0.907981 -0 0.1989 0.774835
-1.82709 0.813473 -0 0.188556 0.791012
-1.82709 0.813473 -0 0.188556 0.791012
-1.78201 0.907981 -0 0.1989 0.774835
-2.0098 0.894821 -0 0.17959 0.764526
-1.78201 0.907981 -0 0.1989 0.774835
-1.96021 0.998779 -0 0.190337 0.748719
-2.0098 0.894821 -0 0.17959 0.764526
-2.0098 0.894821 -0 0.17959 0.764526
-1.96021 0.998779 -0 0.190337 0.748719
-2.37902 1.05921 0.04 0.162503 0.713091
-1.96021 0.998779 -0 0.190337 0.748719
-2.32033 1.18227 0.04 0.174599 0.697282
-2.37902 1.05921 0.04 0.162503 0.713091
-2.37902 1.05921 0.04 0.162503 0.713091
-2.32033 1.18227 0.04 0.174599 0.697282
-2.56173 1.14056 0.16 0.149168 0.67638
-2.32033 1.18227 0.04 0.174599 0.697282
-2.49853 1.27306 0.16 0.161558 0.659383
-2.56173 1.14056 0.16 0.149168 0.67638
-2.56173 1.14056 0.16 0.149168 0.67638
-2.49853 1.27306 0.16 0.161558 0.659383
-2.74444 1.2219 0.36 0.132738 0.626621
-2.49853 1.27306 0.16 0.161558 0.659383
-2.67673 1.36386 0.36 0.146158 0.60971
-2.74444 1.2219 0.36 0.132738 0.626621
-2.74444 1.2219 0.36 0.132738 0.626621
-2.67673 1.36386 0.36 0.146158 0.60971
-2.92715 1.30325 0.64 0.114915 0.5676
-2.67673 1.36386 0.36 0.146158 0.60971
-2.85493 1.45466 0.64 0.129288 0.549773
-2.92715 1.30325 0.64 0.114915 0.5676
-2.92715 1.30325 0.64 0.114915 0.5676
-2.85493 1.45466 0.64 0.129288 0.549773
-3.10986 1.3846 1 0.0973164 0.495243
-2.85493 1.45466 0.64 0.129288 0.549773
-3.03313 1.54546 1 0.112631 0.478561
-3.10986 1.3846 1 0.0973164 0.495243
-3.10986 1.3846 1 0.0973164 0.495243
-3.03313 1.54546 1 0.112631 0.478561
-3.29257 1.46595 1.44 0.0819293 0.413086
-3.03313 1.54546 1 0.112631 0.478561
-3.21133 1.63626 1.44 0.0982733 0.396358
-3.29257 1.46595 1.44 0.0819293 0.413086
-0.186716 0.530019 -0 0.446666 0.996393
-0.182709 0.530019 -0 0.447966 0.996583
-0.373432 0.530019 -0 0.397456 0.986052
-0.182709 0.530019 -0 0.447966 0.996583
-0.365418 0.530019 -0 0.399896 0.986712
-0.373432 0.530019 -0 0.397456 0.986052
-0.373432 0.530019 -0 0.397456 0.986052
-0.365418 0.530019 -0 0.399896 0.986712
-0.560148 0.530019 -0 0.353491 0.972519
-0.365418 0.530019 -0 0.399896 0.986712
-0.548127 0.530019 -0 0.356823 0.973812
-0.560148 0.530019 -0 0.353491 0.972519
-0.560148 0.530019 -0 0.353491 0.972519
-0.548127 0.530019 -0 0.356823 0.973812
-0.746864 0.530019 -0 0.313774 0.954669
-0.548127 0.530019 -0 0.356823 0.973812
-0.730836 0.530019 -0 0.316738 0.95616
-0.746864 0.530019 -0 0.313774 0.954669
-0.746864 0.530019 -0 0.313774 0.954669
-0.730836 0.530019 -0 0.316738 0.95616
-0.93358 0.530019 -0 0.278757 0.935027
-0.730836 0.530019 -0 0.316738 0.95616
-0.913545 0.530019 -0 0.282224 0.937143
-0.93358 0.530019 -0 0.278757 0.935027
-0.93358 0.530019 -0 0.278757 0.935027
-0.913545 0.530019 -0 0.282224 0.937143
-1.1203 0.530019 -0 0.24936 0.916471
-0.913545 0.530019 -0 0.282224 0.937143
-1.09625 0.530019 -0 0.253139 0.919151
-1.1203 0.530019 -0 0.24936 0.916471
-1.1203 0.530019 -0 0.24936 0.916471
-1.09625 0.530019 -0 0.253139 0.919151
-1.30701 0.530019 -0 0.223556 0.896793
-1.09625 0.530019 -0 0.253139 0.919151
-1.27896 0.569431 -0 0.229596 0.88974
-1.30701 0.530019 -0 0.223556 0.896793
-1.30701 0.530019 -0 0.223556 0.896793
-1.27896 0.569431 -0 0.229596 0.88974
-1.49373 0.573389 -0 0.204564 0.868273
-1.27896 0.569431 -0 0.229596 0.88974
-1.46167 0.650779 -0 0.213185 0.853441
-1.49373 0.573389 -0 0.204564 0.868273
-1.49373 0.573389 -0 0.204564 0.868273
-1.46167 0.650779 -0 0.213185 0.853441
-1.68044 0.645062 -0 0.190251 0.836341
-1.46167 0.650779 -0 0.213185 0.853441
-1.64438 0.732126 -0 0.199577 0.819501
-1.68044 0.645062 -0 0.190251 0.836341
-1.68044 0.645062 -0 0.190251 0.836341
-1.64438 0.732126 -0 0.199577 0.819501
-1.86716 0.716736 -0 0.179013 0.807885
-1.64438 0.732126 -0 0.199577 0.819501
-1.82709 0.813473 -0 0.188556 0.791012
-1.86716 0.716736 -0 0.179013 0.807885
-1.86716 0.716736 -0 0.179013 0.807885
-1.82709 0.813473 -0 0.188556 0.791012
-2.05388 0.788409 -0 0.168793 0.780459
-1.82709 0.813473 -0 0.188556 0.791012
-2.0098 0.894821 -0 0.17959 0.764526
-2.05388 0.788409 -0 0.168793 0.780459
-2.05388 0.788409 -0 0.168793 0.780459
-2.0098 0.894821 -0 0.17959 0.764526
-2.4312 0.933249 0.04 0.151072 0.730866
-2.0098 0.894821 -0 0.17959 0.764526
-2.37902 1.05921 0.04 0.162503 0.713091
-2.4312 0.933249 0.04 0.151072 0.730866
-2.4312 0.933249 0.04 0.151072 0.730866
-2.37902 1.05921 0.04 0.162503 0.713091
-2.61791 1.00492 0.16 0.137161 0.693682
-2.37902 1.05921 0.04 0.162503 0.713091
-2.56173 1.14056 0.16 0.149168 0.67638
-2.61791 1.00492 0.16 0.137161 0.693682
-2.61791 1.00492 0.16 0.137161 0.693682
-2.56173 1.14056 0.16 0.149168 0.67638
-2.80463 1.0766 0.36 0.120089 0.645332
-2.56173 1.14056 0.16 0.149168 0.67638
-2.74444 1.2219 0.36 0.132738 0.626621
-2.80463 1.0766 0.36 0.120089 0.645332
-2.80463 1.0766 0.36 0.120089 0.645332
-2.74444 1.2219 0.36 0.132738 0.626621
-2.99134 1.14827 0.64 0.101199 0.585629
-2.74444 1.2219 0.36 0.132738 0.626621
-2.92715 1.30325 0.64 0.114915 0.5676
-2.99134 1.14827 0.64 0.101199 0.585629
-2.99134 1.14827 0.64 0.101199 0.585629
-2.92715 1.30325 0.64 0.114915 0.5676
-3.17806 1.21994 1 0.0823716 0.512795
-2.92715 1.30325 0.64 0.114915 0.5676
-3.10986 1.3846 1 0.0973164 0.495243
-3.17806 1.21994 1 0.0823716 0.512795
-0.190211 0.530019 -0 0.445367 0.9962
-0.186716 0.530019 -0 0.446666 0.996393
-0.380423 0.530019 -0 0.39624 0.985717
-0.186716 0.530019 -0 0.446666 0.996393
-0.373432 0.530019 -0 0.397456 0.986052
-0.380423 0.530019 -0 0.39624 0.985717
-0.380423 0.530019 -0 0.39624 0.985717
-0.373432 0.530019 -0 0.397456 0.986052
-0.570634 0.530019 -0 0.351285 0.971645
-0.373432 0.530019 -0 0.397456 0.986052
-0.560148 0.530019 -0 0.353491 0.972519
-0.570634 0.530019 -0 0.351285 0.971645
-0.570634 0.530019 -0 0.351285 0.971645
-0.560148 0.530019 -0 0.353491 0.972519
-0.760845 0.530019 -0 0.310838 0.953167
-0.560148 0.530019 -0 0.353491 0.972519
-0.746864 0.530019 -0 0.313774 0.954669
-0.760845 0.530019 -0 0.310838 0.953167
-0.760845 0.530019 -0 0.310838 0.953167
-0.746864 0.530019 -0 0.313774 0.954669
-0.951057 0.530019 -0 0.27619 0.933435
-0.746864 0.530019 -0 0.313774 0.954669
-0.93358 0.530019 -0 0.278757 0.935027
-0.951057 0.530019 -0 0.27619 0.933435
-0.951057 0.530019 -0 0.27619 0.933435
-0.93358 0.530019 -0 0.278757 0.935027
-1.14127 0.530019 -0 0.246389 0.914328
-0.93358 0.530019 -0 0.278757 0.935027
-1.1203 0.530019 -0 0.24936 0.916471
-1.14127 0.530019 -0 0.246389 0.914328
-1.14127 0.530019 -0 0.246389 0.914328
-1.1203 0.530019 -0 0.24936 0.916471
-1.33148 0.530019 -0 0.220346 0.894171
-1.1203 0.530019 -0 0.24936 0.916471
-1.30701 0.530019 -0 0.223556 0.896793
-1.33148 0.530019 -0 0.220346 0.894171
-1.33148 0.530019 -0 0.220346 0.894171
-1.30701 0.530019 -0 0.223556 0.896793
-1.52169 0.530019 -0 0.19876 0.876403
-1.30701 0.530019 -0 0.223556 0.896793
-1.49373 0.573389 -0 0.204564 0.868273
-1.52169 0.530019 -0 0.19876 0.876403
-1.52169 0.530019 -0 0.19876 0.876403
-1.49373 0.573389 -0 0.204564 0.868273
-1.7119 0.556231 -0 0.181761 0.853082
-1.49373 0.573389 -0 0.204564 0.868273
-1.68044 0.645062 -0 0.190251 0.836341
-1.7119 0.556231 -0 0.181761 0.853082
-1.7119 0.556231 -0 0.181761 0.853082
-1.68044 0.645062 -0 0.190251 0.836341
-1.90211 0.618034 -0 0.169041 0.823549
-1.68044 0.645062 -0 0.190251 0.836341
-1.86716 0.716736 -0 0.179013 0.807885
-1.90211 0.618034 -0 0.169041 0.823549
-1.90211 0.618034 -0 0.169041 0.823549
-1.86716 0.716736 -0 0.179013 0.807885
-2.09232 0.679837 -0 0.159319 0.798913
-1.86716 0.716736 -0 0.179013 0.807885
-2.05388 0.788409 -0 0.168793 0.780459
-2.09232 0.679837 -0 0.159319 0.798913
-2.09232 0.679837 -0 0.159319 0.798913
-2.05388 0.788409 -0 0.168793 0.780459
-2.47671 0.804731 0.04 0.140309 0.749218
-2.05388 0.788409 -0 0.168793 0.780459
-2.4312 0.933249 0.04 0.151072 0.730866
-2.47671 0.804731 0.04 0.140309 0.749218
-2.47671 0.804731 0.04 0.140309 0.749218
-2.4312 0.933249 0.04 0.151072 0.730866
-2.66692 0.866534 0.16 0.125717 0.712619
-2.4312 0.933249 0.04 0.151072 0.730866
-2.61791 1.00492 0.16 0.137161 0.693682
-2.66692 0.866534 0.16 0.125717 0.712619
-2.66692 0.866534 0.16 0.125717 0.712619
-2.61791 1.00492 0.16 0.137161 0.693682
-2.85713 0.928337 0.36 0.107432 0.663612
-2.61791 1.00492 0.16 0.137161 0.693682
-2.80463 1.0766 0.36 0.120089 0.645332
-2.85713 0.928337 0.36 0.107432 0.663612
-2.85713 0.928337 0.36 0.107432 0.663612
-2.80463 1.0766 0.36 0.120089 0.645332
-3.04734 0.990141 0.64 0.0875399 0.603316
-2.80463 1.0766 0.36 0.120089 0.645332
-2.99134 1.14827 0.64 0.101199 0.585629
-3.04734 0.990141 0.64 0.0875399 0.603316
-0.193185 0.530019 -0 0.445367 0.9962
-0.190211 0.530019 -0 0.445367 0.9962
-0.38637 0.530019 -0 0.395026 0.985379
-0.190211 0.530019 -0 0.445367 0.9962
-0.380423 0.530019 -0 0.39624 0.985717
-0.38637 0.530019 -0 0.395026 0.985379
-0.38637 0.530019 -0 0.395026 0.985379
-0.380423 0.530019 -0 0.39624 0.985717
-0.579556 0.530019 -0 0.349092 0.970763
-0.380423 0.530019 -0 0.39624 0.985717
-0.570634 0.530019 -0 0.351285 0.971645
-0.579556 0.530019 -0 0.349092 0.970763
-0.579556 0.530019 -0 0.349092 0.970763
-0.570634 0.530019 -0 0.351285 0.971645
-0.772741 0.530019 -0 0.308898 0.95216
-0.570634 0.530019 -0 0.351285 0.971645
-0.760845 0.530019 -0 0.310838 0.953167
-0.772741 0.530019 -0 0.308898 0.95216
-0.772741 0.530019 -0 0.308898 0.95216
-0.760845 0.530019 -0 0.310838 0.953167
-0.965926 0.530019 -0 0.273984 0.933063
-0.760845 0.530019 -0 0.310838 0.953167
-0.951057 0.530019 -0 0.27619 0.933435
-0.965926 0.530019 -0 0.273984 0.933063
-0.965926 0.530019 -0 0.273984 0.933063
-0.951057 0.530019 -0 0.27619 0.933435
-1.15911 0.530019 -0 0.243463 0.912187
-0.951057 0.530019 -0 0.27619 0.933435
-1.14127 0.530019 -0 0.246389 0.914328
-1.15911 0.530019 -0 0.243463 0.912187
-1.15911 0.530019 -0 0.243463 0.912187
-1.14127 0.530019 -0 0.246389 0.914328
-1.3523 0.530019 -0 0.217823 0.892083
-1.14127 0.530019 -0 0.246389 0.914328
-1.33148 0.530019 -0 0.220346 0.894171
-1.3523 0.530019 -0 0.217823 0.892083
-1.3523 0.530019 -0 0.217823 0.892083
-1.33148 0.530019 -0 0.220346 0.894171
-1.54548 0.530019 -0 0.196034 0.873904
-1.33148 0.530019 -0 0.220346 0.894171
-1.52169 0.530019 -0 0.19876 0.876403
-1.54548 0.530019 -0 0.196034 0.873904
-1.54548 0.530019 -0 0.196034 0.873904
-1.52169 0.530019 -0 0.19876 0.876403
-1.73867 0.530019 -0 0.177421 0.855984
-1.52169 0.530019 -0 0.19876 0.876403
-1.7119 0.556231 -0 0.181761 0.853082
-1.73867 0.530019 -0 0.177421 0.855984
-1.73867 0.530019 -0 0.177421 0.855984
-1.7119 0.556231 -0 0.181761 0.853082
-1.93185 0.530019 -0 0.161538 0.840287
-1.7119 0.556231 -0 0.181761 0.853082
-1.90211 0.618034 -0 0.169041 0.823549
-1.93185 0.530019 -0 0.161538 0.840287
-1.93185 0.530019 -0 0.161538 0.840287
-1.90211 0.618034 -0 0.169041 0.823549
-2.12504 0.569402 -0 0.149794 0.817098
-1.90211 0.618034 -0 0.169041 0.823549
-2.09232 0.679837 -0 0.159319 0.798913
-2.12504 0.569402 -0 0.149794 0.817098
-2.12504 0.569402 -0 0.149794 0.817098
-2.09232 0.679837 -0 0.159319 0.798913
-2.51543 0.674007 0.04 0.129822 0.767465
-2.09232 0.679837 -0 0.159319 0.798913
-2.47671 0.804731 0.04 0.140309 0.749218
-2.51543 0.674007 0.04 0.129822 0.767465
-2.51543 0.674007 0.04 0.129822 0.767465
-2.47671 0.804731 0.04 0.140309 0.749218
-2.70861 0.725771 0.16 0.114299 0.730758
-2.47671 0.804731 0.04 0.140309 0.749218
-2.66692 0.866534 0.16 0.125717 0.712619
-2.70861 0.725771 0.16 0.114299 0.730758
-2.70861 0.725771 0.16 0.114299 0.730758
-2.66692 0.866534 0.16 0.125717 0.712619
-2.9018 0.777535 0.36 0.0953932 0.683247
-2.66692 0.866534 0.16 0.125717 0.712619
-2.85713 0.928337 0.36 0.107432 0.663612
-2.9018 0.777535 0.36 0.0953932 0.683247
-0.19563 0.530019 -0 0.44407 0.996002
-0.193185 0.530019 -0 0.445367 0.9962
-0.391259 0.530019 -0 0.393816 0.985038
-0.193185 0.530019 -0 0.445367 0.9962
-0.38637 0.530019 -0 0.395026 0.985379
-0.391259 0.530019 -0 0.393816 0.985038
-0.391259 0.530019 -0 0.393816 0.985038
-0.38637 0.530019 -0 0.395026 0.985379
-0.586889 0.530019 -0 0.348 0.970319
-0.38637 0.530019 -0 0.395026 0.985379
-0.579556 0.530019 -0 0.349092 0.970763
-0.586889 0.530019 -0 0.348 0.970319
-0.586889 0.530019 -0 0.348 0.970319
-0.579556 0.530019 -0 0.349092 0.970763
-0.782518 0.530019 -0 0.30697 0.951148
-0.579556 0.530019 -0 0.349092 0.970763
-0.772741 0.530019 -0 0.308898 0.95216
-0.782518 0.530019 -0 0.30697 0.951148
-0.782518 0.530019 -0 0.30697 0.951148
-0.772741 0.530019 -0 0.308898 0.95216
-0.978148 0.530019 -0 0.272308 0.931998
-0.772741 0.530019 -0 0.308898 0.95216
-0.965926 0.530019 -0 0.273984 0.933063
-0.978148 0.530019 -0 0.272308 0.931998
-0.978148 0.530019 -0 0.272308 0.931998
-0.965926 0.530019 -0 0.273984 0.933063
-1.17378 0.530019 -0 0.242017 0.911117
-0.965926 0.530019 -0 0.273984 0.933063
-1.15911 0.530019 -0 0.243463 0.912187
-1.17378 0.530019 -0 0.242017 0.911117
-1.17378 0.530019 -0 0.242017 0.911117
-1.15911 0.530019 -0 0.243463 0.912187
-1.36941 0.530019 -0 0.215956 0.890522
-1.15911 0.530019 -0 0.243463 0.912187
-1.3523 0.530019 -0 0.217823 0.892083
-1.36941 0.530019 -0 0.215956 0.890522
-1.36941 0.530019 -0 0.215956 0.890522
-1.3523 0.530019 -0 0.217823 0.892083
-1.56504 0.530019 -0 0.194423 0.872413
-1.3523 0.530019 -0 0.217823 0.892083
-1.54548 0.530019 -0 0.196034 0.873904
-1.56504 0.530019 -0 0.194423 0.872413
-1.56504 0.530019 -0 0.194423 0.872413
-1.54548 0.530019 -0 0.196034 0.873904
-1.76067 0.530019 -0 0.175563 0.85411
-1.54548 0.530019 -0 0.196034 0.873904
-1.73867 0.530019 -0 0.177421 0.855984
-1.76067 0.530019 -0 0.175563 0.85411
-1.76067 0.530019 -0 0.175563 0.85411
-1.73867 0.530019 -0 0.177421 0.855984
-1.9563 0.530019 -0 0.159519 0.838093
-1.73867 0.530019 -0 0.177421 0.855984
-1.93185 0.530019 -0 0.161538 0.840287
-1.9563 0.530019 -0 0.159519 0.838093
-1.9563 0.530019 -0 0.159519 0.838093
-1.93185 0.530019 -0 0.161538 0.840287
-2.15192 0.530019 -0 0.145677 0.822491
-1.93185 0.530019 -0 0.161538 0.840287
-2.12504 0.569402 -0 0.149794 0.817098
-2.15192 0.530019 -0 0.145677 0.822491
-2.15192 0.530019 -0 0.145677 0.822491
-2.12504 0.569402 -0 0.149794 0.817098
-2.54726 0.541436 0.04 0.119954 0.786885
-2.12504 0.569402 -0 0.149794 0.817098
-2.51543 0.674007 0.04 0.129822 0.767465
-2.54726 0.541436 0.04 0.119954 0.786885
-2.54726 0.541436 0.04 0.119954 0.786885
-2.51543 0.674007 0.04 0.129822 0.767465
-2.74289 0.583018 0.16 0.103864 0.751565
-2.51543 0.674007 0.04 0.129822 0.767465
-2.70861 0.725771 0.16 0.114299 0.730758
-2.74289 0.583018 0.16 0.103864 0.751565
