-0.447846 0.193185 -0 0.542707 0.997705
-0.447846 0.19563 -0 0.542707 0.997705
-0.447846 0.38637 -0 0.594046 0.988309
-0.447846 0.19563 -0 0.542707 0.997705
-0.447846 0.391259 -0 0.595226 0.987987
-0.447846 0.38637 -0 0.594046 0.988309
-0.447846 0.38637 -0 0.594046 0.988309
-0.447846 0.391259 -0 0.595226 0.987987
-0.447846 0.579556 -0 0.641121 0.973441
-0.447846 0.391259 -0 0.595226 0.987987
-0.447846 0.586889 -0 0.643249 0.972574
-0.447846 0.579556 -0 0.641121 0.973441
-0.447846 0.579556 -0 0.641121 0.973441
-0.447846 0.586889 -0 0.643249 0.972574
-0.447846 0.772741 -0 0.683904 0.954386
-0.447846 0.586889 -0 0.643249 0.972574
-0.447846 0.782518 -0 0.685769 0.953384
-0.447846 0.772741 -0 0.683904 0.954386
-0.447846 0.772741 -0 0.683904 0.954386
-0.447846 0.782518 -0 0.685769 0.953384
-0.447846 0.965926 -0 0.720978 0.933273
-0.447846 0.782518 -0 0.685769 0.953384
-0.447846 0.978148 -0 0.72338 0.931683
-0.447846 0.965926 -0 0.720978 0.933273
-0.447846 0.965926 -0 0.720978 0.933273
-0.447846 0.978148 -0 0.72338 0.931683
-0.447846 1.15911 -0 0.752661 0.911531
-0.447846 0.978148 -0 0.72338 0.931683
-0.447846 1.17378 -0 0.754376 0.91108
-0.447846 1.15911 -0 0.752661 0.911531
-0.447846 1.15911 -0 0.752661 0.911531
-0.447846 1.17378 -0 0.754376 0.91108
-0.447846 1.3523 -0 0.779235 0.891269
-0.447846 1.17378 -0 0.754376 0.91108
-0.447846 1.36941 -0 0.781549 0.889214
-0.447846 1.3523 -0 0.779235 0.891269
-0.447846 1.3523 -0 0.779235 0.891269
-0.447846 1.36941 -0 0.781549 0.889214
-0.447846 1.54548 -0 0.802542 0.870309
-0.447846 1.36941 -0 0.781549 0.889214
-0.447846 1.56504 -0 0.804501 0.868365
-0.447846 1.54548 -0 0.802542 0.870309
-0.447846 1.54548 -0 0.802542 0.870309
-0.447846 1.56504 -0 0.804501 0.868365
-0.465874 1.73867 -0 0.821019 0.847268
-0.447846 1.56504 -0 0.804501 0.868365
-0.447846 1.76067 -0 0.824342 0.848393
-0.465874 1.73867 -0 0.821019 0.847268
-0.465874 1.73867 -0 0.821019 0.847268
-0.447846 1.76067 -0 0.824342 0.848393
-0.517638 1.93185 -0 0.834382 0.819577
-0.447846 1.76067 -0 0.824342 0.848393
-0.447846 1.9563 -0 0.840802 0.830355
-0.517638 1.93185 -0 0.834382 0.819577
-0.517638 1.93185 -0 0.834382 0.819577
-0.447846 1.9563 -0 0.840802 0.830355
-0.569402 2.12504 -0 0.845601 0.79415
-0.447846 1.9563 -0 0.840802 0.830355
-0.457406 2.15192 -0 0.854389 0.81223
-0.569402 2.12504 -0 0.845601 0.79415
-0.569402 2.12504 -0 0.845601 0.79415
-0.457406 2.15192 -0 0.854389 0.81223
-0.674007 2.51543 0.04 0.866075 0.744462
-0.457406 2.15192 -0 0.854389 0.81223
-0.541436 2.54726 0.04 0.875754 0.763585
-0.674007 2.51543 0.04 0.866075 0.744462
-0.674007 2.51543 0.04 0.866075 0.744462
-0.541436 2.54726 0.04 0.875754 0.763585
-0.725771 2.70861 0.16 0.880871 0.707544
-0.541436 2.54726 0.04 0.875754 0.763585
-0.583018 2.74289 0.16 0.891668 0.725818
-0.725771 2.70861 0.16 0.880871 0.707544
-0.725771 2.70861 0.16 0.880871 0.707544
-0.583018 2.74289 0.16 0.891668 0.725818
-0.777535 2.9018 0.36 0.898907 0.65741
-0.447846 0.190211 -0 0.541443 0.997874
-0.447846 0.193185 -0 0.542707 0.997705
-0.447846 0.380423 -0 0.592863 0.988629
-0.447846 0.193185 -0 0.542707 0.997705
-0.447846 0.38637 -0 0.594046 0.988309
-0.447846 0.380423 -0 0.592863 0.988629
-0.447846 0.380423 -0 0.592863 0.988629
-0.447846 0.38637 -0 0.594046 0.988309
-0.447846 0.570634 -0 0.63898 0.9743
-0.447846 0.38637 -0 0.594046 0.988309
-0.447846 0.579556 -0 0.641121 0.973441
-0.447846 0.570634 -0 0.63898 0.9743
-0.447846 0.570634 -0 0.63898 0.9743
-0.447846 0.579556 -0 0.641121 0.973441
-0.447846 0.760845 -0 0.681084 0.95588
-0.447846 0.579556 -0 0.641121 0.973441
-0.447846 0.772741 -0 0.683904 0.954386
-0.447846 0.760845 -0 0.681084 0.95588
-0.447846 0.760845 -0 0.681084 0.95588
-0.447846 0.772741 -0 0.683904 0.954386
-0.447846 0.951057 -0 0.718549 0.93486
-0.447846 0.772741 -0 0.683904 0.954386
-0.447846 0.965926 -0 0.720978 0.933273
-0.447846 0.951057 -0 0.718549 0.93486
-0.447846 0.951057 -0 0.718549 0.93486
-0.447846 0.965926 -0 0.720978 0.933273
-0.447846 1.14127 -0 0.749895 0.913657
-0.447846 0.965926 -0 0.720978 0.933273
-0.447846 1.15911 -0 0.752661 0.911531
-0.447846 1.14127 -0 0.749895 0.913657
-0.447846 1.14127 -0 0.749895 0.913657
-0.447846 1.15911 -0 0.752661 0.911531
-0.447846 1.33148 -0 0.776885 0.893333
-0.447846 1.15911 -0 0.752661 0.911531
-0.447846 1.3523 -0 0.779235 0.891269
-0.447846 1.33148 -0 0.776885 0.893333
-0.447846 1.33148 -0 0.776885 0.893333
-0.447846 1.3523 -0 0.779235 0.891269
-0.494427 1.52169 -0 0.796749 0.862326
-0.447846 1.3523 -0 0.779235 0.891269
-0.447846 1.54548 -0 0.802542 0.870309
-0.494427 1.52169 -0 0.796749 0.862326
-0.494427 1.52169 -0 0.796749 0.862326
-0.447846 1.54548 -0 0.802542 0.870309
-0.556231 1.7119 -0 0.812237 0.831089
-0.447846 1.54548 -0 0.802542 0.870309
-0.465874 1.73867 -0 0.821019 0.847268
-0.556231 1.7119 -0 0.812237 0.831089
-0.556231 1.7119 -0 0.812237 0.831089
-0.465874 1.73867 -0 0.821019 0.847268
-0.618034 1.90211 -0 0.825276 0.80185
-0.465874 1.73867 -0 0.821019 0.847268
-0.517638 1.93185 -0 0.834382 0.819577
-0.618034 1.90211 -0 0.825276 0.80185
-0.618034 1.90211 -0 0.825276 0.80185
-0.517638 1.93185 -0 0.834382 0.819577
-0.679837 2.09232 -0 0.836057 0.776938
-0.517638 1.93185 -0 0.834382 0.819577
-0.569402 2.12504 -0 0.845601 0.79415
-0.679837 2.09232 -0 0.836057 0.776938
-0.679837 2.09232 -0 0.836057 0.776938
-0.569402 2.12504 -0 0.845601 0.79415
-0.804731 2.47671 0.04 0.855513 0.726574
-0.569402 2.12504 -0 0.845601 0.79415
-0.674007 2.51543 0.04 0.866075 0.744462
-0.804731 2.47671 0.04 0.855513 0.726574
-0.804731 2.47671 0.04 0.855513 0.726574
-0.674007 2.51543 0.04 0.866075 0.744462
-0.866534 2.66692 0.16 0.869874 0.689143
-0.674007 2.51543 0.04 0.866075 0.744462
-0.725771 2.70861 0.16 0.880871 0.707544
-0.866534 2.66692 0.16 0.869874 0.689143
-0.866534 2.66692 0.16 0.869874 0.689143
-0.725771 2.70861 0.16 0.880871 0.707544
-0.928337 2.85713 0.36 0.886944 0.639474
-0.725771 2.70861 0.16 0.880871 0.707544
-0.777535 2.9018 0.36 0.898907 0.65741
-0.928337 2.85713 0.36 0.886944 0.639474
-0.928337 2.85713 0.36 0.886944 0.639474
-0.777535 2.9018 0.36 0.898907 0.65741
-0.990141 3.04734 0.64 0.905137 0.577444
-0.447846 0.186716 -0 0.540178 0.998039
-0.447846 0.190211 -0 0.541443 0.997874
-0.447846 0.373432 -0 0.59049 0.989259
-0.447846 0.190211 -0 0.541443 0.997874
-0.447846 0.380423 -0 0.592863 0.988629
-0.447846 0.373432 -0 0.59049 0.989259
-0.447846 0.373432 -0 0.59049 0.989259
-0.447846 0.380423 -0 0.592863 0.988629
-0.447846 0.560148 -0 0.636828 0.97515
-0.447846 0.380423 -0 0.592863 0.988629
-0.447846 0.570634 -0 0.63898 0.9743
-0.447846 0.560148 -0 0.636828 0.97515
-0.447846 0.560148 -0 0.636828 0.97515
-0.447846 0.570634 -0 0.63898 0.9743
-0.447846 0.746864 -0 0.678236 0.957363
-0.447846 0.570634 -0 0.63898 0.9743
-0.447846 0.760845 -0 0.681084 0.95588
-0.447846 0.746864 -0 0.678236 0.957363
-0.447846 0.746864 -0 0.678236 0.957363
-0.447846 0.760845 -0 0.681084 0.95588
-0.447846 0.93358 -0 0.715269 0.936971
-0.447846 0.760845 -0 0.681084 0.95588
-0.447846 0.951057 -0 0.718549 0.93486
-0.447846 0.93358 -0 0.715269 0.936971
-0.447846 0.93358 -0 0.715269 0.936971
-0.447846 0.951057 -0 0.718549 0.93486
-0.447846 1.1203 -0 0.746379 0.916318
-0.447846 0.951057 -0 0.718549 0.93486
-0.447846 1.14127 -0 0.749895 0.913657
-0.447846 1.1203 -0 0.746379 0.916318
-0.447846 1.1203 -0 0.746379 0.916318
-0.447846 1.14127 -0 0.749895 0.913657
-0.501715 1.30701 -0 0.770181 0.882
-0.447846 1.14127 -0 0.749895 0.913657
-0.447846 1.33148 -0 0.776885 0.893333
-0.501715 1.30701 -0 0.770181 0.882
-0.501715 1.30701 -0 0.770181 0.882
-0.447846 1.33148 -0 0.776885 0.893333
-0.573389 1.49373 -0 0.788171 0.8473
-0.447846 1.33148 -0 0.776885 0.893333
-0.494427 1.52169 -0 0.796749 0.862326
-0.573389 1.49373 -0 0.788171 0.8473
-0.573389 1.49373 -0 0.788171 0.8473
-0.494427 1.52169 -0 0.796749 0.862326
-0.645062 1.68044 -0 0.803957 0.81363
-0.494427 1.52169 -0 0.796749 0.862326
-0.556231 1.7119 -0 0.812237 0.831089
-0.645062 1.68044 -0 0.803957 0.81363
-0.645062 1.68044 -0 0.803957 0.81363
-0.556231 1.7119 -0 0.812237 0.831089
-0.716736 1.86716 -0 0.81614 0.78508
-0.556231 1.7119 -0 0.812237 0.831089
-0.618034 1.90211 -0 0.825276 0.80185
-0.716736 1.86716 -0 0.81614 0.78508
-0.716736 1.86716 -0 0.81614 0.78508
-0.618034 1.90211 -0 0.825276 0.80185
-0.788409 2.05388 -0 0.825952 0.760128
-0.618034 1.90211 -0 0.825276 0.80185
-0.679837 2.09232 -0 0.836057 0.776938
-0.788409 2.05388 -0 0.825952 0.760128
-0.788409 2.05388 -0 0.825952 0.760128
-0.679837 2.09232 -0 0.836057 0.776938
-0.933249 2.4312 0.04 0.844531 0.709716
-0.679837 2.09232 -0 0.836057 0.776938
-0.804731 2.47671 0.04 0.855513 0.726574
-0.933249 2.4312 0.04 0.844531 0.709716
-0.933249 2.4312 0.04 0.844531 0.709716
-0.804731 2.47671 0.04 0.855513 0.726574
-1.00492 2.61791 0.16 0.858123 0.671701
-0.804731 2.47671 0.04 0.855513 0.726574
-0.866534 2.66692 0.16 0.869874 0.689143
-1.00492 2.61791 0.16 0.858123 0.671701
-1.00492 2.61791 0.16 0.858123 0.671701
-0.866534 2.66692 0.16 0.869874 0.689143
-1.0766 2.80463 0.36 0.874225 0.622074
-0.866534 2.66692 0.16 0.869874 0.689143
-0.928337 2.85713 0.36 0.886944 0.639474
-1.0766 2.80463 0.36 0.874225 0.622074
-1.0766 2.80463 0.36 0.874225 0.622074
-0.928337 2.85713 0.36 0.886944 0.639474
-1.14827 2.99134 0.64 0.891566 0.559628
-0.928337 2.85713 0.36 0.886944 0.639474
-0.990141 3.04734 0.64 0.905137 0.577444
-1.14827 2.99134 0.64 0.891566 0.559628
-1.14827 2.99134 0.64 0.891566 0.559628
-0.990141 3.04734 0.64 0.905137 0.577444
-1.21994 3.17806 1 0.907867 0.485866
-0.447846 0.182709 -0 0.539011 0.997142
-0.447846 0.186716 -0 0.540178 0.998039
-0.447846 0.365418 -0 0.588107 0.989876
-0.447846 0.186716 -0 0.540178 0.998039
-0.447846 0.373432 -0 0.59049 0.989259
-0.447846 0.365418 -0 0.588107 0.989876
-0.447846 0.365418 -0 0.588107 0.989876
-0.447846 0.373432 -0 0.59049 0.989259
-0.447846 0.548127 -0 0.633579 0.976408
-0.447846 0.373432 -0 0.59049 0.989259
-0.447846 0.560148 -0 0.636828 0.97515
-0.447846 0.548127 -0 0.633579 0.976408
-0.447846 0.548127 -0 0.633579 0.976408
-0.447846 0.560148 -0 0.636828 0.97515
-0.447846 0.730836 -0 0.67536 0.958835
-0.447846 0.560148 -0 0.636828 0.97515
-0.447846 0.746864 -0 0.678236 0.957363
-0.447846 0.730836 -0 0.67536 0.958835
-0.447846 0.730836 -0 0.67536 0.958835
-0.447846 0.746864 -0 0.678236 0.957363
-0.447846 0.913545 -0 0.711103 0.939599
-0.447846 0.746864 -0 0.678236 0.957363
-0.447846 0.93358 -0 0.715269 0.936971
-0.447846 0.913545 -0 0.711103 0.939599
-0.447846 0.913545 -0 0.711103 0.939599
-0.447846 0.93358 -0 0.715269 0.936971
-0.488084 1.09625 -0 0.740102 0.907889
-0.447846 0.93358 -0 0.715269 0.936971
-0.447846 1.1203 -0 0.746379 0.916318
-0.488084 1.09625 -0 0.740102 0.907889
-0.488084 1.09625 -0 0.740102 0.907889
-0.447846 1.1203 -0 0.746379 0.916318
-0.569431 1.27896 -0 0.762164 0.868357
-0.447846 1.1203 -0 0.746379 0.916318
-0.501715 1.30701 -0 0.770181 0.882
-0.569431 1.27896 -0 0.762164 0.868357
-0.569431 1.27896 -0 0.762164 0.868357
-0.501715 1.30701 -0 0.770181 0.882
-0.650779 1.46167 -0 0.779541 0.83179
-0.501715 1.30701 -0 0.770181 0.882
-0.573389 1.49373 -0 0.788171 0.8473
-0.650779 1.46167 -0 0.779541 0.83179
-0.650779 1.46167 -0 0.779541 0.83179
-0.573389 1.49373 -0 0.788171 0.8473
-0.732126 1.64438 -0 0.794207 0.798913
-0.573389 1.49373 -0 0.788171 0.8473
-0.645062 1.68044 -0 0.803957 0.81363
-0.732126 1.64438 -0 0.794207 0.798913
-0.732126 1.64438 -0 0.794207 0.798913
-0.645062 1.68044 -0 0.803957 0.81363
-0.813473 1.82709 -0 0.806108 0.769459
-0.645062 1.68044 -0 0.803957 0.81363
-0.716736 1.86716 -0 0.81614 0.78508
-0.813473 1.82709 -0 0.806108 0.769459
-0.813473 1.82709 -0 0.806108 0.769459
-0.716736 1.86716 -0 0.81614 0.78508
-0.894821 2.0098 -0 0.815577 0.743718
-0.716736 1.86716 -0 0.81614 0.78508
-0.788409 2.05388 -0 0.825952 0.760128
-0.894821 2.0098 -0 0.815577 0.743718
-0.894821 2.0098 -0 0.815577 0.743718
-0.788409 2.05388 -0 0.825952 0.760128
-1.05921 2.37902 0.04 0.833108 0.693353
-0.788409 2.05388 -0 0.825952 0.760128
-0.933249 2.4312 0.04 0.844531 0.709716
-1.05921 2.37902 0.04 0.833108 0.693353
-1.05921 2.37902 0.04 0.833108 0.693353
-0.933249 2.4312 0.04 0.844531 0.709716
-1.14056 2.56173 0.16 0.845882 0.655865
-0.933249 2.4312 0.04 0.844531 0.709716
-1.00492 2.61791 0.16 0.858123 0.671701
-1.14056 2.56173 0.16 0.845882 0.655865
-1.14056 2.56173 0.16 0.845882 0.655865
-1.00492 2.61791 0.16 0.858123 0.671701
-1.2219 2.74444 0.36 0.861395 0.60588
-1.00492 2.61791 0.16 0.858123 0.671701
-1.0766 2.80463 0.36 0.874225 0.622074
-1.2219 2.74444 0.36 0.861395 0.60588
-1.2219 2.74444 0.36 0.861395 0.60588
-1.0766 2.80463 0.36 0.874225 0.622074
-1.30325 2.92715 0.64 0.877574 0.543201
-1.0766 2.80463 0.36 0.874225 0.622074
-1.14827 2.99134 0.64 0.891566 0.559628
-1.30325 2.92715 0.64 0.877574 0.543201
-1.30325 2.92715 0.64 0.877574 0.543201
-1.14827 2.99134 0.64 0.891566 0.559628
-1.3846 3.10986 1 0.892923 0.469934
-1.14827 2.99134 0.64 0.891566 0.559628
-1.21994 3.17806 1 0.907867 0.485866
-1.3846 3.10986 1 0.892923 0.469934
-1.3846 3.10986 1 0.892923 0.469934
-1.21994 3.17806 1 0.907867 0.485866
-1.46595 3.29257 1.44 0.90534 0.386926
-0.447846 0.178201 -0 0.537741 0.997299
-0.447846 0.182709 -0 0.539011 0.997142
-0.447846 0.356403 -0 0.585716 0.99048
-0.447846 0.182709 -0 0.539011 0.997142
-0.447846 0.365418 -0 0.588107 0.989876
-0.447846 0.356403 -0 0.585716 0.99048
-0.447846 0.356403 -0 0.585716 0.99048
-0.447846 0.365418 -0 0.588107 0.989876
-0.447846 0.534604 -0 0.630303 0.977645
-0.447846 0.365418 -0 0.588107 0.989876
-0.447846 0.548127 -0 0.633579 0.976408
-0.447846 0.534604 -0 0.630303 0.977645
-0.447846 0.534604 -0 0.630303 0.977645
-0.447846 0.548127 -0 0.633579 0.976408
-0.447846 0.712805 -0 0.671483 0.960779
-0.447846 0.548127 -0 0.633579 0.976408
-0.447846 0.730836 -0 0.67536 0.958835
-0.447846 0.712805 -0 0.671483 0.960779
-0.447846 0.712805 -0 0.671483 0.960779
-0.447846 0.730836 -0 0.67536 0.958835
-0.453991 0.891007 -0 0.706658 0.940456
-0.447846 0.730836 -0 0.67536 0.958835
-0.447846 0.913545 -0 0.711103 0.939599
-0.453991 0.891007 -0 0.706658 0.940456
-0.453991 0.891007 -0 0.706658 0.940456
-0.447846 0.913545 -0 0.711103 0.939599
-0.544789 1.06921 -0 0.732586 0.895788
-0.447846 0.913545 -0 0.711103 0.939599
-0.488084 1.09625 -0 0.740102 0.907889
-0.544789 1.06921 -0 0.732586 0.895788
-0.544789 1.06921 -0 0.732586 0.895788
-0.488084 1.09625 -0 0.740102 0.907889
-0.635587 1.24741 -0 0.753719 0.854445
-0.488084 1.09625 -0 0.740102 0.907889
-0.569431 1.27896 -0 0.762164 0.868357
-0.635587 1.24741 -0 0.753719 0.854445
-0.635587 1.24741 -0 0.753719 0.854445
-0.569431 1.27896 -0 0.762164 0.868357
-0.726385 1.42561 -0 0.770526 0.816808
-0.569431 1.27896 -0 0.762164 0.868357
-0.650779 1.46167 -0 0.779541 0.83179
-0.726385 1.42561 -0 0.770526 0.816808
-0.726385 1.42561 -0 0.770526 0.816808
-0.650779 1.46167 -0 0.779541 0.83179
-0.817183 1.60381 -0 0.784374 0.784563
-0.650779 1.46167 -0 0.779541 0.83179
-0.732126 1.64438 -0 0.794207 0.798913
-0.817183 1.60381 -0 0.784374 0.784563
-0.817183 1.60381 -0 0.784374 0.784563
-0.732126 1.64438 -0 0.794207 0.798913
-0.907981 1.78201 -0 0.79513 0.754726
-0.732126 1.64438 -0 0.794207 0.798913
-0.813473 1.82709 -0 0.806108 0.769459
-0.907981 1.78201 -0 0.79513 0.754726
-0.907981 1.78201 -0 0.79513 0.754726
-0.813473 1.82709 -0 0.806108 0.769459
-0.998779 1.96021 -0 0.804381 0.729473
-0.813473 1.82709 -0 0.806108 0.769459
-0.894821 2.0098 -0 0.815577 0.743718
-0.998779 1.96021 -0 0.804381 0.729473
-0.998779 1.96021 -0 0.804381 0.729473
-0.894821 2.0098 -0 0.815577 0.743718
-1.18227 2.32033 0.04 0.821099 0.677495
-0.894821 2.0098 -0 0.815577 0.743718
-1.05921 2.37902 0.04 0.833108 0.693353
-1.18227 2.32033 0.04 0.821099 0.677495
-1.18227 2.32033 0.04 0.821099 0.677495
-1.05921 2.37902 0.04 0.833108 0.693353
-1.27306 2.49853 0.16 0.83362 0.638636
-1.05921 2.37902 0.04 0.833108 0.693353
-1.14056 2.56173 0.16 0.845882 0.655865
-1.27306 2.49853 0.16 0.83362 0.638636
-1.27306 2.49853 0.16 0.83362 0.638636
-1.14056 2.56173 0.16 0.845882 0.655865
-1.36386 2.67673 0.36 0.848091 0.590141
-1.14056 2.56173 0.16 0.845882 0.655865
-1.2219 2.74444 0.36 0.861395 0.60588
-1.36386 2.67673 0.36 0.848091 0.590141
-1.36386 2.67673 0.36 0.848091 0.590141
-1.2219 2.74444 0.36 0.861395 0.60588
-1.45466 2.85493 0.64 0.863241 0.528915
-1.2219 2.74444 0.36 0.861395 0.60588
-1.30325 2.92715 0.64 0.877574 0.543201
-1.45466 2.85493 0.64 0.863241 0.528915
-1.45466 2.85493 0.64 0.863241 0.528915
-1.30325 2.92715 0.64 0.877574 0.543201
-1.54546 3.03313 1 0.877713 0.455732
-1.30325 2.92715 0.64 0.877574 0.543201
-1.3846 3.10986 1 0.892923 0.469934
-1.54546 3.03313 1 0.877713 0.455732
-1.54546 3.03313 1 0.877713 0.455732
-1.3846 3.10986 1 0.892923 0.469934
-1.63626 3.21133 1.44 0.888975 0.372355
-1.3846 3.10986 1 0.892923 0.469934
-1.46595 3.29257 1.44 0.90534 0.386926
-1.63626 3.21133 1.44 0.888975 0.372355
-1.63626 3.21133 1.44 0.888975 0.372355
-1.46595 3.29257 1.44 0.90534 0.386926
-1.72705 3.38953 1.96 0.895742 0.283044
-0.447846 0.173205 -0 0.53647 0.997453
-0.447846 0.178201 -0 0.537741 0.997299
-0.447846 0.34641 -0 0.583499 0.989997
-0.447846 0.178201 -0 0.537741 0.997299
-0.447846 0.356403 -0 0.585716 0.99048
-0.447846 0.34641 -0 0.583499 0.989997
-0.447846 0.34641 -0 0.583499 0.989997
-0.447846 0.356403 -0 0.585716 0.99048
-0.447846 0.519615 -0 0.627002 0.978861
-0.447846 0.356403 -0 0.585716 0.99048
-0.447846 0.534604 -0 0.630303 0.977645
-0.447846 0.519615 -0 0.627002 0.978861
-0.447846 0.519615 -0 0.627002 0.978861
-0.447846 0.534604 -0 0.630303 0.977645
-0.447846 0.69282 -0 0.666567 0.963178
-0.447846 0.534604 -0 0.630303 0.977645
-0.447846 0.712805 -0 0.671483 0.960779
-0.447846 0.69282 -0 0.666567 0.963178
-0.447846 0.69282 -0 0.666567 0.963178
-0.447846 0.712805 -0 0.671483 0.960779
-0.5 0.866025 -0 0.699483 0.928824
-0.447846 0.712805 -0 0.671483 0.960779
-0.453991 0.891007 -0 0.706658 0.940456
-0.5 0.866025 -0 0.699483 0.928824
-0.5 0.866025 -0 0.699483 0.928824
-0.453991 0.891007 -0 0.706658 0.940456
-0.6 1.03923 -0 0.72463 0.882985
-0.453991 0.891007 -0 0.706658 0.940456
-0.544789 1.06921 -0 0.732586 0.895788
-0.6 1.03923 -0 0.72463 0.882985
-0.6 1.03923 -0 0.72463 0.882985
-0.544789 1.06921 -0 0.732586 0.895788
-0.7 1.21244 -0 0.744173 0.841067
-0.544789 1.06921 -0 0.732586 0.895788
-0.635587 1.24741 -0 0.753719 0.854445
-0.7 1.21244 -0 0.744173 0.841067
-0.7 1.21244 -0 0.744173 0.841067
-0.635587 1.24741 -0 0.753719 0.854445
-0.8 1.38564 -0 0.760655 0.803476
-0.635587 1.24741 -0 0.753719 0.854445
-0.726385 1.42561 -0 0.770526 0.816808
-0.8 1.38564 -0 0.760655 0.803476
-0.8 1.38564 -0 0.760655 0.803476
-0.726385 1.42561 -0 0.770526 0.816808
-0.9 1.55885 -0 0.773764 0.770498
-0.726385 1.42561 -0 0.770526 0.816808
-0.817183 1.60381 -0 0.784374 0.784563
-0.9 1.55885 -0 0.773764 0.770498
-0.9 1.55885 -0 0.773764 0.770498
-0.817183 1.60381 -0 0.784374 0.784563
-1 1.73205 -0 0.7841 0.741147
-0.817183 1.60381 -0 0.784374 0.784563
-0.907981 1.78201 -0 0.79513 0.754726
-1 1.73205 -0 0.7841 0.741147
-1 1.73205 -0 0.7841 0.741147
-0.907981 1.78201 -0 0.79513 0.754726
-1.1 1.90526 -0 0.792844 0.713586
-0.907981 1.78201 -0 0.79513 0.754726
-0.998779 1.96021 -0 0.804381 0.729473
-1.1 1.90526 -0 0.792844 0.713586
-1.1 1.90526 -0 0.792844 0.713586
-0.998779 1.96021 -0 0.804381 0.729473
-1.30208 2.25527 0.04 0.809003 0.662969
-0.998779 1.96021 -0 0.804381 0.729473
-1.18227 2.32033 0.04 0.821099 0.677495
-1.30208 2.25527 0.04 0.809003 0.662969
-1.30208 2.25527 0.04 0.809003 0.662969
-1.18227 2.32033 0.04 0.821099 0.677495
-1.40208 2.42848 0.16 0.820266 0.624863
-1.18227 2.32033 0.04 0.821099 0.677495
-1.27306 2.49853 0.16 0.83362 0.638636
-1.40208 2.42848 0.16 0.820266 0.624863
-1.40208 2.42848 0.16 0.820266 0.624863
-1.27306 2.49853 0.16 0.83362 0.638636
-1.50208 2.60168 0.36 0.834319 0.57438
-1.27306 2.49853 0.16 0.83362 0.638636
-1.36386 2.67673 0.36 0.848091 0.590141
-1.50208 2.60168 0.36 0.834319 0.57438
-1.50208 2.60168 0.36 0.834319 0.57438
-1.36386 2.67673 0.36 0.848091 0.590141
-1.60208 2.77489 0.64 0.848383 0.513478
-1.36386 2.67673 0.36 0.848091 0.590141
-1.45466 2.85493 0.64 0.863241 0.528915
-1.60208 2.77489 0.64 0.848383 0.513478
-1.60208 2.77489 0.64 0.848383 0.513478
-1.45466 2.85493 0.64 0.863241 0.528915
-1.70208 2.94809 1 0.862052 0.441456
-1.45466 2.85493 0.64 0.863241 0.528915
-1.54546 3.03313 1 0.877713 0.455732
-1.70208 2.94809 1 0.862052 0.441456
-1.70208 2.94809 1 0.862052 0.441456
-1.54546 3.03313 1 0.877713 0.455732
-1.80208 3.1213 1.44 0.872592 0.359041
-1.54546 3.03313 1 0.877713 0.455732
-1.63626 3.21133 1.44 0.888975 0.372355
-1.80208 3.1213 1.44 0.872592 0.359041
-1.80208 3.1213 1.44 0.872592 0.359041
-1.63626 3.21133 1.44 0.888975 0.372355
-1.90208 3.2945 1.96 0.878615 0.271173
-1.63626 3.21133 1.44 0.888975 0.372355
-1.72705 3.38953 1.96 0.895742 0.283044
-1.90208 3.2945 1.96 0.878615 0.271173
-0.447846 0.167734 -0 0.535198 0.997602
-0.447846 0.173205 -0 0.53647 0.997453
-0.447846 0.335468 -0 0.581086 0.990576
-0.447846 0.173205 -0 0.53647 0.997453
-0.447846 0.34641 -0 0.583499 0.989997
-0.447846 0.335468 -0 0.581086 0.990576
-0.447846 0.335468 -0 0.581086 0.990576
-0.447846 0.34641 -0 0.583499 0.989997
-0.447846 0.503202 -0 0.623923 0.978962
-0.447846 0.34641 -0 0.583499 0.989997
-0.447846 0.519615 -0 0.627002 0.978861
-0.447846 0.503202 -0 0.623923 0.978962
-0.447846 0.503202 -0 0.623923 0.978962
-0.447846 0.519615 -0 0.627002 0.978861
-0.447846 0.670936 -0 0.661868 0.964423
-0.447846 0.519615 -0 0.627002 0.978861
-0.447846 0.69282 -0 0.666567 0.963178
-0.447846 0.670936 -0 0.661868 0.964423
-0.447846 0.670936 -0 0.661868 0.964423
-0.447846 0.69282 -0 0.666567 0.963178
-0.544639 0.838671 -0 0.691826 0.917907
-0.447846 0.69282 -0 0.666567 0.963178
-0.5 0.866025 -0 0.699483 0.928824
-0.544639 0.838671 -0 0.691826 0.917907
-0.544639 0.838671 -0 0.691826 0.917907
-0.5 0.866025 -0 0.699483 0.928824
-0.653567 1.0064 -0 0.715942 0.870996
-0.5 0.866025 -0 0.699483 0.928824
-0.6 1.03923 -0 0.72463 0.882985
-0.653567 1.0064 -0 0.715942 0.870996
-0.653567 1.0064 -0 0.715942 0.870996
-0.6 1.03923 -0 0.72463 0.882985
-0.762495 1.17414 -0 0.734951 0.829133
-0.6 1.03923 -0 0.72463 0.882985
-0.7 1.21244 -0 0.744173 0.841067
-0.762495 1.17414 -0 0.734951 0.829133
-0.762495 1.17414 -0 0.734951 0.829133
-0.7 1.21244 -0 0.744173 0.841067
-0.871422 1.34187 -0 0.750414 0.790779
-0.7 1.21244 -0 0.744173 0.841067
-0.8 1.38564 -0 0.760655 0.803476
-0.871422 1.34187 -0 0.750414 0.790779
-0.871422 1.34187 -0 0.750414 0.790779
-0.8 1.38564 -0 0.760655 0.803476
-0.98035 1.50961 -0 0.76252 0.757113
-0.8 1.38564 -0 0.760655 0.803476
-0.9 1.55885 -0 0.773764 0.770498
-0.98035 1.50961 -0 0.76252 0.757113
-0.98035 1.50961 -0 0.76252 0.757113
-0.9 1.55885 -0 0.773764 0.770498
-1.08928 1.67734 -0 0.772578 0.726679
-0.9 1.55885 -0 0.773764 0.770498
-1 1.73205 -0 0.7841 0.741147
-1.08928 1.67734 -0 0.772578 0.726679
-1.08928 1.67734 -0 0.772578 0.726679
-1 1.73205 -0 0.7841 0.741147
-1.19821 1.84508 -0 0.781483 0.699565
-1 1.73205 -0 0.7841 0.741147
-1.1 1.90526 -0 0.792844 0.713586
-1.19821 1.84508 -0 0.781483 0.699565
-1.19821 1.84508 -0 0.781483 0.699565
-1.1 1.90526 -0 0.792844 0.713586
-1.41833 2.18404 0.04 0.795743 0.649635
-1.1 1.90526 -0 0.792844 0.713586
-1.30208 2.25527 0.04 0.809003 0.662969
-1.41833 2.18404 0.04 0.795743 0.649635
-1.41833 2.18404 0.04 0.795743 0.649635
-1.30208 2.25527 0.04 0.809003 0.662969
-1.52726 2.35177 0.16 0.807238 0.609879
-1.30208 2.25527 0.04 0.809003 0.662969
-1.40208 2.42848 0.16 0.820266 0.624863
-1.52726 2.35177 0.16 0.807238 0.609879
-1.52726 2.35177 0.16 0.807238 0.609879
-1.40208 2.42848 0.16 0.820266 0.624863
-1.63618 2.5195 0.36 0.819632 0.561419
-1.40208 2.42848 0.16 0.820266 0.624863
-1.50208 2.60168 0.36 0.834319 0.57438
-1.63618 2.5195 0.36 0.819632 0.561419
-1.63618 2.5195 0.36 0.819632 0.561419
-1.50208 2.60168 0.36 0.834319 0.57438
-1.74511 2.68724 0.64 0.833398 0.499233
-1.50208 2.60168 0.36 0.834319 0.57438
-1.60208 2.77489 0.64 0.848383 0.513478
-1.74511 2.68724 0.64 0.833398 0.499233
-1.74511 2.68724 0.64 0.833398 0.499233
-1.60208 2.77489 0.64 0.848383 0.513478
-1.85404 2.85497 1 0.846062 0.427644
-1.60208 2.77489 0.64 0.848383 0.513478
-1.70208 2.94809 1 0.862052 0.441456
-1.85404 2.85497 1 0.846062 0.427644
-1.85404 2.85497 1 0.846062 0.427644
-1.70208 2.94809 1 0.862052 0.441456
-1.96297 3.02271 1.44 0.855828 0.346606
-1.70208 2.94809 1 0.862052 0.441456
-1.80208 3.1213 1.44 0.872592 0.359041
-1.96297 3.02271 1.44 0.855828 0.346606
-1.96297 3.02271 1.44 0.855828 0.346606
-1.80208 3.1213 1.44 0.872592 0.359041
-2.0719 3.19044 1.96 0.861023 0.258733
-1.80208 3.1213 1.44 0.872592 0.359041
-1.90208 3.2945 1.96 0.878615 0.271173
-2.0719 3.19044 1.96 0.861023 0.258733
-2.0719 3.19044 1.96 0.861023 0.258733
-1.90208 3.2945 1.96 0.878615 0.271173
-2.18082 3.35817 2.56 0.861397 0.171756
-0.447846 0.161803 -0 0.533924 0.997748
-0.447846 0.167734 -0 0.535198 0.997602
-0.447846 0.323607 -0 0.57745 0.991418
-0.447846 0.167734 -0 0.535198 0.997602
-0.447846 0.335468 -0 0.581086 0.990576
-0.447846 0.323607 -0 0.57745 0.991418
-0.447846 0.323607 -0 0.57745 0.991418
-0.447846 0.335468 -0 0.581086 0.990576
-0.447846 0.48541 -0 0.619442 0.980522
-0.447846 0.335468 -0 0.581086 0.990576
-0.447846 0.503202 -0 0.623923 0.978962
-0.447846 0.48541 -0 0.619442 0.980522
-0.447846 0.48541 -0 0.619442 0.980522
-0.447846 0.503202 -0 0.623923 0.978962
-0.470228 0.647214 -0 0.655717 0.960205
-0.447846 0.503202 -0 0.623923 0.978962
-0.447846 0.670936 -0 0.661868 0.964423
-0.470228 0.647214 -0 0.655717 0.960205
-0.470228 0.647214 -0 0.655717 0.960205
-0.447846 0.670936 -0 0.661868 0.964423
-0.587785 0.809017 -0 0.683778 0.90802
-0.447846 0.670936 -0 0.661868 0.964423
-0.544639 0.838671 -0 0.691826 0.917907
-0.587785 0.809017 -0 0.683778 0.90802
-0.587785 0.809017 -0 0.683778 0.90802
-0.544639 0.838671 -0 0.691826 0.917907
-0.705342 0.97082 -0 0.706596 0.860171
-0.544639 0.838671 -0 0.691826 0.917907
-0.653567 1.0064 -0 0.715942 0.870996
-0.705342 0.97082 -0 0.706596 0.860171
-0.705342 0.97082 -0 0.706596 0.860171
-0.653567 1.0064 -0 0.715942 0.870996
-0.822899 1.13262 -0 0.725258 0.816979
-0.653567 1.0064 -0 0.715942 0.870996
-0.762495 1.17414 -0 0.734951 0.829133
-0.822899 1.13262 -0 0.725258 0.816979
-0.822899 1.13262 -0 0.725258 0.816979
-0.762495 1.17414 -0 0.734951 0.829133
-0.940456 1.29443 -0 0.739437 0.777823
-0.762495 1.17414 -0 0.734951 0.829133
-0.871422 1.34187 -0 0.750414 0.790779
-0.940456 1.29443 -0 0.739437 0.777823
-0.940456 1.29443 -0 0.739437 0.777823
-0.871422 1.34187 -0 0.750414 0.790779
-1.05801 1.45623 -0 0.750853 0.744868
-0.871422 1.34187 -0 0.750414 0.790779
-0.98035 1.50961 -0 0.76252 0.757113
-1.05801 1.45623 -0 0.750853 0.744868
-1.05801 1.45623 -0 0.750853 0.744868
-0.98035 1.50961 -0 0.76252 0.757113
-1.17557 1.61803 -0 0.761306 0.713038
-0.98035 1.50961 -0 0.76252 0.757113
-1.08928 1.67734 -0 0.772578 0.726679
-1.17557 1.61803 -0 0.761306 0.713038
-1.17557 1.61803 -0 0.761306 0.713038
-1.08928 1.67734 -0 0.772578 0.726679
-1.29313 1.77984 -0 0.768816 0.687397
-1.08928 1.67734 -0 0.772578 0.726679
-1.19821 1.84508 -0 0.781483 0.699565
-1.29313 1.77984 -0 0.768816 0.687397
-1.29313 1.77984 -0 0.768816 0.687397
-1.19821 1.84508 -0 0.781483 0.699565
-1.53069 2.10681 0.04 0.783061 0.635485
-1.19821 1.84508 -0 0.781483 0.699565
-1.41833 2.18404 0.04 0.795743 0.649635
-1.53069 2.10681 0.04 0.783061 0.635485
-1.53069 2.10681 0.04 0.783061 0.635485
-1.41833 2.18404 0.04 0.795743 0.649635
-1.64825 2.26862 0.16 0.793135 0.596636
-1.41833 2.18404 0.04 0.795743 0.649635
-1.52726 2.35177 0.16 0.807238 0.609879
-1.64825 2.26862 0.16 0.793135 0.596636
-1.64825 2.26862 0.16 0.793135 0.596636
-1.52726 2.35177 0.16 0.807238 0.609879
-1.7658 2.43042 0.36 0.805278 0.546213
-1.52726 2.35177 0.16 0.807238 0.609879
-1.63618 2.5195 0.36 0.819632 0.561419
-1.7658 2.43042 0.36 0.805278 0.546213
-1.7658 2.43042 0.36 0.805278 0.546213
-1.63618 2.5195 0.36 0.819632 0.561419
-1.88336 2.59222 0.64 0.818165 0.485138
-1.63618 2.5195 0.36 0.819632 0.561419
-1.74511 2.68724 0.64 0.833398 0.499233
-1.88336 2.59222 0.64 0.818165 0.485138
-1.88336 2.59222 0.64 0.818165 0.485138
-1.74511 2.68724 0.64 0.833398 0.499233
-2.00092 2.75403 1 0.829932 0.414813
-1.74511 2.68724 0.64 0.833398 0.499233
-1.85404 2.85497 1 0.846062 0.427644
-2.00092 2.75403 1 0.829932 0.414813
-2.00092 2.75403 1 0.829932 0.414813
-1.85404 2.85497 1 0.846062 0.427644
-2.11847 2.91583 1.44 0.838753 0.333683
-1.85404 2.85497 1 0.846062 0.427644
-1.96297 3.02271 1.44 0.855828 0.346606
-2.11847 2.91583 1.44 0.838753 0.333683
-2.11847 2.91583 1.44 0.838753 0.333683
-1.96297 3.02271 1.44 0.855828 0.346606
-2.23603 3.07763 1.96 0.843503 0.247771
-1.96297 3.02271 1.44 0.855828 0.346606
-2.0719 3.19044 1.96 0.861023 0.258733
-2.23603 3.07763 1.96 0.843503 0.247771
-2.23603 3.07763 1.96 0.843503 0.247771
-2.0719 3.19044 1.96 0.861023 0.258733
-2.35359 3.23944 2.56 0.843492 0.162154
-2.0719 3.19044 1.96 0.861023 0.258733
-2.18082 3.35817 2.56 0.861397 0.171756
-2.35359 3.23944 2.56 0.843492 0.162154
-0.447846 0.155429 -0 0.531374 0.998026
-0.447846 0.161803 -0 0.533924 0.997748
-0.447846 0.310858 -0 0.573795 0.992229
-0.447846 0.161803 -0 0.533924 0.997748
-0.447846 0.323607 -0 0.57745 0.991418
-0.447846 0.310858 -0 0.573795 0.992229
-0.447846 0.310858 -0 0.573795 0.992229
-0.447846 0.323607 -0 0.57745 0.991418
-0.447846 0.466288 -0 0.613781 0.982412
-0.447846 0.323607 -0 0.57745 0.991418
-0.447846 0.48541 -0 0.619442 0.980522
-0.447846 0.466288 -0 0.613781 0.982412
-0.447846 0.466288 -0 0.613781 0.982412
-0.447846 0.48541 -0 0.619442 0.980522
-0.503456 0.621717 -0 0.64931 0.95134
-0.447846 0.48541 -0 0.619442 0.980522
-0.470228 0.647214 -0 0.655717 0.960205
-0.503456 0.621717 -0 0.64931 0.95134
-0.503456 0.621717 -0 0.64931 0.95134
-0.470228 0.647214 -0 0.655717 0.960205
-0.62932 0.777146 -0 0.675761 0.898059
-0.470228 0.647214 -0 0.655717 0.960205
-0.587785 0.809017 -0 0.683778 0.90802
-0.62932 0.777146 -0 0.675761 0.898059
-0.62932 0.777146 -0 0.675761 0.898059
-0.587785 0.809017 -0 0.683778 0.90802
-0.755184 0.932575 -0 0.69701 0.849259
-0.587785 0.809017 -0 0.683778 0.90802
-0.705342 0.97082 -0 0.706596 0.860171
-0.755184 0.932575 -0 0.69701 0.849259
-0.755184 0.932575 -0 0.69701 0.849259
-0.705342 0.97082 -0 0.706596 0.860171
-0.881049 1.088 -0 0.714176 0.805223
-0.705342 0.97082 -0 0.706596 0.860171
-0.822899 1.13262 -0 0.725258 0.816979
-0.881049 1.088 -0 0.714176 0.805223
-0.881049 1.088 -0 0.714176 0.805223
-0.822899 1.13262 -0 0.725258 0.816979
-1.00691 1.24343 -0 0.728458 0.766203
-0.822899 1.13262 -0 0.725258 0.816979
-0.940456 1.29443 -0 0.739437 0.777823
-1.00691 1.24343 -0 0.728458 0.766203
-1.00691 1.24343 -0 0.728458 0.766203
-0.940456 1.29443 -0 0.739437 0.777823
-1.13278 1.39886 -0 0.739301 0.732296
-0.940456 1.29443 -0 0.739437 0.777823
-1.05801 1.45623 -0 0.750853 0.744868
-1.13278 1.39886 -0 0.739301 0.732296
-1.13278 1.39886 -0 0.739301 0.732296
-1.05801 1.45623 -0 0.750853 0.744868
-1.25864 1.55429 -0 0.748118 0.701908
-1.05801 1.45623 -0 0.750853 0.744868
-1.17557 1.61803 -0 0.761306 0.713038
-1.25864 1.55429 -0 0.748118 0.701908
-1.25864 1.55429 -0 0.748118 0.701908
-1.17557 1.61803 -0 0.761306 0.713038
-1.3845 1.70972 -0 0.755946 0.675171
-1.17557 1.61803 -0 0.761306 0.713038
-1.29313 1.77984 -0 0.768816 0.687397
-1.3845 1.70972 -0 0.755946 0.675171
-1.3845 1.70972 -0 0.755946 0.675171
-1.29313 1.77984 -0 0.768816 0.687397
-1.63885 2.02381 0.04 0.769074 0.623724
-1.29313 1.77984 -0 0.768816 0.687397
-1.53069 2.10681 0.04 0.783061 0.635485
-1.63885 2.02381 0.04 0.769074 0.623724
-1.63885 2.02381 0.04 0.769074 0.623724
-1.53069 2.10681 0.04 0.783061 0.635485
-1.76472 2.17924 0.16 0.779008 0.583442
-1.53069 2.10681 0.04 0.783061 0.635485
-1.64825 2.26862 0.16 0.793135 0.596636
-1.76472 2.17924 0.16 0.779008 0.583442
-1.76472 2.17924 0.16 0.779008 0.583442
-1.64825 2.26862 0.16 0.793135 0.596636
-1.89058 2.33467 0.36 0.790571 0.533264
-1.64825 2.26862 0.16 0.793135 0.596636
-1.7658 2.43042 0.36 0.805278 0.546213
-1.89058 2.33467 0.36 0.790571 0.533264
-1.89058 2.33467 0.36 0.790571 0.533264
-1.7658 2.43042 0.36 0.805278 0.546213
-2.01645 2.4901 0.64 0.802196 0.473618
-1.7658 2.43042 0.36 0.805278 0.546213
-1.88336 2.59222 0.64 0.818165 0.485138
-2.01645 2.4901 0.64 0.802196 0.473618
-2.01645 2.4901 0.64 0.802196 0.473618
-1.88336 2.59222 0.64 0.818165 0.485138
-2.14231 2.64553 1 0.813428 0.401454
-1.88336 2.59222 0.64 0.818165 0.485138
-2.00092 2.75403 1 0.829932 0.414813
-2.14231 2.64553 1 0.813428 0.401454
-2.14231 2.64553 1 0.813428 0.401454
-2.00092 2.75403 1 0.829932 0.414813
-2.26817 2.80096 1.44 0.821581 0.323096
-2.00092 2.75403 1 0.829932 0.414813
-2.11847 2.91583 1.44 0.838753 0.333683
-2.26817 2.80096 1.44 0.821581 0.323096
-2.26817 2.80096 1.44 0.821581 0.323096
-2.11847 2.91583 1.44 0.838753 0.333683
-2.39404 2.95639 1.96 0.825837 0.237314
-2.11847 2.91583 1.44 0.838753 0.333683
-2.23603 3.07763 1.96 0.843503 0.247771
-2.39404 2.95639 1.96 0.825837 0.237314
-2.39404 2.95639 1.96 0.825837 0.237314
-2.23603 3.07763 1.96 0.843503 0.247771
-2.5199 3.11182 2.56 0.825456 0.152546
-2.23603 3.07763 1.96 0.843503 0.247771
-2.35359 3.23944 2.56 0.843492 0.162154
-2.5199 3.11182 2.56 0.825456 0.152546
-0.447846 0.148629 -0 0.530097 0.998159
-0.447846 0.155429 -0 0.531374 0.998026
-0.447846 0.297258 -0 0.570123 0.993009
-0.447846 0.155429 -0 0.531374 0.998026
-0.447846 0.310858 -0 0.573795 0.992229
-0.447846 0.297258 -0 0.570123 0.993009
-0.447846 0.297258 -0 0.570123 0.993009
-0.447846 0.310858 -0 0.573795 0.992229
-0.447846 0.445887 -0 0.609203 0.983875
-0.447846 0.310858 -0 0.573795 0.992229
-0.447846 0.466288 -0 0.613781 0.982412
-0.447846 0.445887 -0 0.609203 0.983875
-0.447846 0.445887 -0 0.609203 0.983875
-0.447846 0.466288 -0 0.613781 0.982412
-0.535304 0.594516 -0 0.641041 0.943417
-0.447846 0.466288 -0 0.613781 0.982412
-0.503456 0.621717 -0 0.64931 0.95134
-0.535304 0.594516 -0 0.641041 0.943417
-0.535304 0.594516 -0 0.641041 0.943417
-0.503456 0.621717 -0 0.64931 0.95134
-0.669131 0.743145 -0 0.666772 0.888643
-0.503456 0.621717 -0 0.64931 0.95134
-0.62932 0.777146 -0 0.675761 0.898059
-0.669131 0.743145 -0 0.666772 0.888643
-0.669131 0.743145 -0 0.666772 0.888643
-0.62932 0.777146 -0 0.675761 0.898059
-0.802957 0.891774 -0 0.686998 0.84012
-0.62932 0.777146 -0 0.675761 0.898059
-0.755184 0.932575 -0 0.69701 0.849259
-0.802957 0.891774 -0 0.686998 0.84012
-0.802957 0.891774 -0 0.686998 0.84012
-0.755184 0.932575 -0 0.69701 0.849259
-0.936783 1.0404 -0 0.703446 0.794931
-0.755184 0.932575 -0 0.69701 0.849259
-0.881049 1.088 -0 0.714176 0.805223
-0.936783 1.0404 -0 0.703446 0.794931
-0.936783 1.0404 -0 0.703446 0.794931
-0.881049 1.088 -0 0.714176 0.805223
-1.07061 1.18903 -0 0.717054 0.754882
-0.881049 1.088 -0 0.714176 0.805223
-1.00691 1.24343 -0 0.728458 0.766203
-1.07061 1.18903 -0 0.717054 0.754882
-1.07061 1.18903 -0 0.717054 0.754882
-1.00691 1.24343 -0 0.728458 0.766203
-1.20444 1.33766 -0 0.727172 0.720039
-1.00691 1.24343 -0 0.728458 0.766203
-1.13278 1.39886 -0 0.739301 0.732296
-1.20444 1.33766 -0 0.727172 0.720039
-1.20444 1.33766 -0 0.727172 0.720039
-1.13278 1.39886 -0 0.739301 0.732296
-1.33826 1.48629 -0 0.736007 0.690568
-1.13278 1.39886 -0 0.739301 0.732296
-1.25864 1.55429 -0 0.748118 0.701908
-1.33826 1.48629 -0 0.736007 0.690568
-1.33826 1.48629 -0 0.736007 0.690568
-1.25864 1.55429 -0 0.748118 0.701908
-1.47209 1.63492 -0 0.742229 0.663461
-1.25864 1.55429 -0 0.748118 0.701908
-1.3845 1.70972 -0 0.755946 0.675171
-1.47209 1.63492 -0 0.742229 0.663461
-1.47209 1.63492 -0 0.742229 0.663461
-1.3845 1.70972 -0 0.755946 0.675171
-1.74253 1.93527 0.04 0.755 0.610228
-1.3845 1.70972 -0 0.755946 0.675171
-1.63885 2.02381 0.04 0.769074 0.623724
-1.74253 1.93527 0.04 0.755 0.610228
-1.74253 1.93527 0.04 0.755 0.610228
-1.63885 2.02381 0.04 0.769074 0.623724
-1.87635 2.0839 0.16 0.764435 0.573043
-1.63885 2.02381 0.04 0.769074 0.623724
-1.76472 2.17924 0.16 0.779008 0.583442
-1.87635 2.0839 0.16 0.764435 0.573043
-1.87635 2.0839 0.16 0.764435 0.573043
-1.76472 2.17924 0.16 0.779008 0.583442
-2.01018 2.23253 0.36 0.775239 0.523311
-1.76472 2.17924 0.16 0.779008 0.583442
-1.89058 2.33467 0.36 0.790571 0.533264
-2.01018 2.23253 0.36 0.775239 0.523311
-2.01018 2.23253 0.36 0.775239 0.523311
-1.89058 2.33467 0.36 0.790571 0.533264
-2.144 2.38116 0.64 0.785792 0.461164
-1.89058 2.33467 0.36 0.790571 0.533264
-2.01645 2.4901 0.64 0.802196 0.473618
-2.144 2.38116 0.64 0.785792 0.461164
-2.144 2.38116 0.64 0.785792 0.461164
-2.01645 2.4901 0.64 0.802196 0.473618
-2.27783 2.52979 1 0.796266 0.39135
-2.01645 2.4901 0.64 0.802196 0.473618
-2.14231 2.64553 1 0.813428 0.401454
-2.27783 2.52979 1 0.796266 0.39135
-2.27783 2.52979 1 0.796266 0.39135
-2.14231 2.64553 1 0.813428 0.401454
-2.41166 2.67842 1.44 0.804317 0.311917
-2.14231 2.64553 1 0.813428 0.401454
-2.26817 2.80096 1.44 0.821581 0.323096
-2.41166 2.67842 1.44 0.804317 0.311917
-2.41166 2.67842 1.44 0.804317 0.311917
-2.26817 2.80096 1.44 0.821581 0.323096
-2.54548 2.82704 1.96 0.807651 0.227566
-2.26817 2.80096 1.44 0.821581 0.323096
-2.39404 2.95639 1.96 0.825837 0.237314
-2.54548 2.82704 1.96 0.807651 0.227566
-2.54548 2.82704 1.96 0.807651 0.227566
-2.39404 2.95639 1.96 0.825837 0.237314
-2.67931 2.97567 2.56 0.807413 0.144449
-2.39404 2.95639 1.96 0.825837 0.237314
-2.5199 3.11182 2.56 0.825456 0.152546
-2.67931 2.97567 2.56 0.807413 0.144449
-0.447846 0.141421 -0 0.52754 0.998413
-0.447846 0.148629 -0 0.530097 0.998159
-0.447846 0.282843 -0 0.566433 0.993756
-0.447846 0.148629 -0 0.530097 0.998159
-0.447846 0.297258 -0 0.570123 0.993009
-0.447846 0.282843 -0 0.566433 0.993756
-0.447846 0.282843 -0 0.566433 0.993756
-0.447846 0.297258 -0 0.570123 0.993009
-0.447846 0.424264 -0 0.603423 0.98564
-0.447846 0.297258 -0 0.570123 0.993009
-0.447846 0.445887 -0 0.609203 0.983875
-0.447846 0.424264 -0 0.603423 0.98564
-0.447846 0.424264 -0 0.603423 0.98564
-0.447846 0.445887 -0 0.609203 0.983875
-0.565685 0.565685 -0 0.633105 0.93565
-0.447846 0.445887 -0 0.609203 0.983875
-0.535304 0.594516 -0 0.641041 0.943417
-0.565685 0.565685 -0 0.633105 0.93565
-0.565685 0.565685 -0 0.633105 0.93565
-0.535304 0.594516 -0 0.641041 0.943417
-0.707107 0.707107 -0 0.65767 0.880999
-0.535304 0.594516 -0 0.641041 0.943417
-0.669131 0.743145 -0 0.666772 0.888643
-0.707107 0.707107 -0 0.65767 0.880999
-0.707107 0.707107 -0 0.65767 0.880999
-0.669131 0.743145 -0 0.666772 0.888643
-0.848528 0.848528 -0 0.6773 0.829609
-0.669131 0.743145 -0 0.666772 0.888643
-0.802957 0.891774 -0 0.686998 0.84012
-0.848528 0.848528 -0 0.6773 0.829609
-0.848528 0.848528 -0 0.6773 0.829609
-0.802957 0.891774 -0 0.686998 0.84012
-0.98995 0.98995 -0 0.692582 0.785101
-0.802957 0.891774 -0 0.686998 0.84012
-0.936783 1.0404 -0 0.703446 0.794931
-0.98995 0.98995 -0 0.692582 0.785101
-0.98995 0.98995 -0 0.692582 0.785101
-0.936783 1.0404 -0 0.703446 0.794931
-1.13137 1.13137 -0 0.704007 0.746539
-0.936783 1.0404 -0 0.703446 0.794931
-1.07061 1.18903 -0 0.717054 0.754882
-1.13137 1.13137 -0 0.704007 0.746539
-1.13137 1.13137 -0 0.704007 0.746539
-1.07061 1.18903 -0 0.717054 0.754882
-1.27279 1.27279 -0 0.714364 0.710482
-1.07061 1.18903 -0 0.717054 0.754882
-1.20444 1.33766 -0 0.727172 0.720039
-1.27279 1.27279 -0 0.714364 0.710482
-1.27279 1.27279 -0 0.714364 0.710482
-1.20444 1.33766 -0 0.727172 0.720039
-1.41421 1.41421 -0 0.722429 0.68034
-1.20444 1.33766 -0 0.727172 0.720039
-1.33826 1.48629 -0 0.736007 0.690568
-1.41421 1.41421 -0 0.722429 0.68034
-1.41421 1.41421 -0 0.722429 0.68034
-1.33826 1.48629 -0 0.736007 0.690568
-1.55563 1.55563 -0 0.728797 0.652234
-1.33826 1.48629 -0 0.736007 0.690568
-1.47209 1.63492 -0 0.742229 0.663461
-1.55563 1.55563 -0 0.728797 0.652234
-1.55563 1.55563 -0 0.728797 0.652234
-1.47209 1.63492 -0 0.742229 0.663461
-1.84142 1.84142 0.04 0.740909 0.599681
-1.47209 1.63492 -0 0.742229 0.663461
-1.74253 1.93527 0.04 0.755 0.610228
-1.84142 1.84142 0.04 0.740909 0.599681
-1.84142 1.84142 0.04 0.740909 0.599681
-1.74253 1.93527 0.04 0.755 0.610228
-1.98284 1.98284 0.16 0.748995 0.561521
-1.74253 1.93527 0.04 0.755 0.610228
-1.87635 2.0839 0.16 0.764435 0.573043
-1.98284 1.98284 0.16 0.748995 0.561521
-1.98284 1.98284 0.16 0.748995 0.561521
-1.87635 2.0839 0.16 0.764435 0.573043
-2.12426 2.12426 0.36 0.758754 0.510111
-1.87635 2.0839 0.16 0.764435 0.573043
-2.01018 2.23253 0.36 0.775239 0.523311
-2.12426 2.12426 0.36 0.758754 0.510111
-2.12426 2.12426 0.36 0.758754 0.510111
-2.01018 2.23253 0.36 0.775239 0.523311
-2.26569 2.26569 0.64 0.769487 0.450156
-2.01018 2.23253 0.36 0.775239 0.523311
-2.144 2.38116 0.64 0.785792 0.461164
-2.26569 2.26569 0.64 0.769487 0.450156
-2.26569 2.26569 0.64 0.769487 0.450156
-2.144 2.38116 0.64 0.785792 0.461164
-2.40711 2.40711 1 0.779148 0.379388
-2.144 2.38116 0.64 0.785792 0.461164
-2.27783 2.52979 1 0.796266 0.39135
-2.40711 2.40711 1 0.779148 0.379388
-2.40711 2.40711 1 0.779148 0.379388
-2.27783 2.52979 1 0.796266 0.39135
-2.54853 2.54853 1.44 0.786129 0.30103
-2.27783 2.52979 1 0.796266 0.39135
-2.41166 2.67842 1.44 0.804317 0.311917
-2.54853 2.54853 1.44 0.786129 0.30103
-2.54853 2.54853 1.44 0.786129 0.30103
-2.41166 2.67842 1.44 0.804317 0.311917
-2.68995 2.68995 1.96 0.78985 0.218977
-2.41166 2.67842 1.44 0.804317 0.311917
-2.54548 2.82704 1.96 0.807651 0.227566
-2.68995 2.68995 1.96 0.78985 0.218977
-2.68995 2.68995 1.96 0.78985 0.218977
-2.54548 2.82704 1.96 0.807651 0.227566
-2.83137 2.83137 2.56 0.788918 0.135872
-2.54548 2.82704 1.96 0.807651 0.227566
-2.67931 2.97567 2.56 0.807413 0.144449
-2.83137 2.83137 2.56 0.788918 0.135872
-0.447846 0.133826 -0 0.52626 0.998534
-0.447846 0.141421 -0 0.52754 0.998413
-0.447846 0.267652 -0 0.562726 0.99447
-0.447846 0.141421 -0 0.52754 0.998413
-0.447846 0.282843 -0 0.566433 0.993756
-0.447846 0.267652 -0 0.562726 0.99447
-0.447846 0.267652 -0 0.562726 0.99447
-0.447846 0.282843 -0 0.566433 0.993756
-0.447846 0.401478 -0 0.597581 0.987331
-0.447846 0.282843 -0 0.566433 0.993756
-0.447846 0.424264 -0 0.603423 0.98564
-0.447846 0.401478 -0 0.597581 0.987331
-0.447846 0.401478 -0 0.597581 0.987331
-0.447846 0.424264 -0 0.603423 0.98564
-0.594516 0.535304 -0 0.625632 0.928188
-0.447846 0.424264 -0 0.603423 0.98564
-0.565685 0.565685 -0 0.633105 0.93565
-0.594516 0.535304 -0 0.625632 0.928188
-0.594516 0.535304 -0 0.625632 0.928188
-0.565685 0.565685 -0 0.633105 0.93565
-0.743145 0.669131 -0 0.647956 0.872665
-0.565685 0.565685 -0 0.633105 0.93565
-0.707107 0.707107 -0 0.65767 0.880999
-0.743145 0.669131 -0 0.647956 0.872665
-0.743145 0.669131 -0 0.647956 0.872665
-0.707107 0.707107 -0 0.65767 0.880999
-0.891774 0.802957 -0 0.666277 0.821834
-0.707107 0.707107 -0 0.65767 0.880999
-0.848528 0.848528 -0 0.6773 0.829609
-0.891774 0.802957 -0 0.666277 0.821834
-0.891774 0.802957 -0 0.666277 0.821834
-0.848528 0.848528 -0 0.6773 0.829609
-1.0404 0.936783 -0 0.680553 0.776363
-0.848528 0.848528 -0 0.6773 0.829609
-0.98995 0.98995 -0 0.692582 0.785101
-1.0404 0.936783 -0 0.680553 0.776363
-1.0404 0.936783 -0 0.680553 0.776363
-0.98995 0.98995 -0 0.692582 0.785101
-1.18903 1.07061 -0 0.692121 0.736529
-0.98995 0.98995 -0 0.692582 0.785101
-1.13137 1.13137 -0 0.704007 0.746539
-1.18903 1.07061 -0 0.692121 0.736529
-1.18903 1.07061 -0 0.692121 0.736529
-1.13137 1.13137 -0 0.704007 0.746539
-1.33766 1.20444 -0 0.701505 0.699643
-1.13137 1.13137 -0 0.704007 0.746539
-1.27279 1.27279 -0 0.714364 0.710482
-1.33766 1.20444 -0 0.701505 0.699643
-1.33766 1.20444 -0 0.701505 0.699643
-1.27279 1.27279 -0 0.714364 0.710482
-1.48629 1.33826 -0 0.708614 0.668798
-1.27279 1.27279 -0 0.714364 0.710482
-1.41421 1.41421 -0 0.722429 0.68034
-1.48629 1.33826 -0 0.708614 0.668798
-1.48629 1.33826 -0 0.708614 0.668798
-1.41421 1.41421 -0 0.722429 0.68034
-1.63492 1.47209 -0 0.714945 0.642071
-1.41421 1.41421 -0 0.722429 0.68034
-1.55563 1.55563 -0 0.728797 0.652234
-1.63492 1.47209 -0 0.714945 0.642071
-1.63492 1.47209 -0 0.714945 0.642071
-1.55563 1.55563 -0 0.728797 0.652234
-1.93527 1.74253 0.04 0.725232 0.590609
-1.55563 1.55563 -0 0.728797 0.652234
-1.84142 1.84142 0.04 0.740909 0.599681
-1.93527 1.74253 0.04 0.725232 0.590609
-1.93527 1.74253 0.04 0.725232 0.590609
-1.84142 1.84142 0.04 0.740909 0.599681
-2.0839 1.87635 0.16 0.733732 0.551212
-1.84142 1.84142 0.04 0.740909 0.599681
-1.98284 1.98284 0.16 0.748995 0.561521
-2.0839 1.87635 0.16 0.733732 0.551212
-2.0839 1.87635 0.16 0.733732 0.551212
-1.98284 1.98284 0.16 0.748995 0.561521
-2.23253 2.01018 0.36 0.743089 0.500606
-1.98284 1.98284 0.16 0.748995 0.561521
-2.12426 2.12426 0.36 0.758754 0.510111
-2.23253 2.01018 0.36 0.743089 0.500606
-2.23253 2.01018 0.36 0.743089 0.500606
-2.12426 2.12426 0.36 0.758754 0.510111
-2.38116 2.144 0.64 0.752981 0.440894
-2.12426 2.12426 0.36 0.758754 0.510111
-2.26569 2.26569 0.64 0.769487 0.450156
-2.38116 2.144 0.64 0.752981 0.440894
-2.38116 2.144 0.64 0.752981 0.440894
-2.26569 2.26569 0.64 0.769487 0.450156
-2.52979 2.27783 1 0.761481 0.369283
-2.26569 2.26569 0.64 0.769487 0.450156
-2.40711 2.40711 1 0.779148 0.379388
-2.52979 2.27783 1 0.761481 0.369283
-2.52979 2.27783 1 0.761481 0.369283
-2.40711 2.40711 1 0.779148 0.379388
-2.67842 2.41166 1.44 0.768152 0.291119
-2.40711 2.40711 1 0.779148 0.379388
-2.54853 2.54853 1.44 0.786129 0.30103
-2.67842 2.41166 1.44 0.768152 0.291119
-2.67842 2.41166 1.44 0.768152 0.291119
-2.54853 2.54853 1.44 0.786129 0.30103
-2.82704 2.54548 1.96 0.771516 0.210462
-2.54853 2.54853 1.44 0.786129 0.30103
-2.68995 2.68995 1.96 0.78985 0.218977
-2.82704 2.54548 1.96 0.771516 0.210462
-2.82704 2.54548 1.96 0.771516 0.210462
-2.68995 2.68995 1.96 0.78985 0.218977
-2.97567 2.67931 2.56 0.770545 0.128278
-2.68995 2.68995 1.96 0.78985 0.218977
-2.83137 2.83137 2.56 0.788918 0.135872
-2.97567 2.67931 2.56 0.770545 0.128278
-0.447846 0.125864 -0 0.523698 0.998764
-0.447846 0.133826 -0 0.52626 0.998534
-0.447846 0.251728 -0 0.55776 0.99537
-0.447846 0.133826 -0 0.52626 0.998534
-0.447846 0.267652 -0 0.562726 0.99447
-0.447846 0.251728 -0 0.55776 0.99537
-0.447846 0.251728 -0 0.55776 0.99537
-0.447846 0.267652 -0 0.562726 0.99447
-0.466288 0.377592 -0 0.591866 0.981598
-0.447846 0.267652 -0 0.562726 0.99447
-0.447846 0.401478 -0 0.597581 0.987331
-0.466288 0.377592 -0 0.591866 0.981598
-0.466288 0.377592 -0 0.591866 0.981598
-0.447846 0.401478 -0 0.597581 0.987331
-0.621717 0.503456 -0 0.617501 0.921573
-0.447846 0.401478 -0 0.597581 0.987331
-0.594516 0.535304 -0 0.625632 0.928188
-0.621717 0.503456 -0 0.617501 0.921573
-0.621717 0.503456 -0 0.617501 0.921573
-0.594516 0.535304 -0 0.625632 0.928188
-0.777146 0.62932 -0 0.638608 0.864857
-0.594516 0.535304 -0 0.625632 0.928188
-0.743145 0.669131 -0 0.647956 0.872665
-0.777146 0.62932 -0 0.638608 0.864857
-0.777146 0.62932 -0 0.638608 0.864857
-0.743145 0.669131 -0 0.647956 0.872665
-0.932575 0.755184 -0 0.655746 0.812903
-0.743145 0.669131 -0 0.647956 0.872665
-0.891774 0.802957 -0 0.666277 0.821834
-0.932575 0.755184 -0 0.655746 0.812903
-0.932575 0.755184 -0 0.655746 0.812903
-0.891774 0.802957 -0 0.666277 0.821834
-1.088 0.881049 -0 0.668842 0.766387
-0.891774 0.802957 -0 0.666277 0.821834
-1.0404 0.936783 -0 0.680553 0.776363
-1.088 0.881049 -0 0.668842 0.766387
-1.088 0.881049 -0 0.668842 0.766387
-1.0404 0.936783 -0 0.680553 0.776363
-1.24343 1.00691 -0 0.679269 0.725629
-1.0404 0.936783 -0 0.680553 0.776363
-1.18903 1.07061 -0 0.692121 0.736529
-1.24343 1.00691 -0 0.679269 0.725629
-1.24343 1.00691 -0 0.679269 0.725629
-1.18903 1.07061 -0 0.692121 0.736529
-1.39886 1.13278 -0 0.688542 0.689848
-1.18903 1.07061 -0 0.692121 0.736529
-1.33766 1.20444 -0 0.701505 0.699643
-1.39886 1.13278 -0 0.688542 0.689848
-1.39886 1.13278 -0 0.688542 0.689848
-1.33766 1.20444 -0 0.701505 0.699643
-1.55429 1.25864 -0 0.694367 0.660729
-1.33766 1.20444 -0 0.701505 0.699643
-1.48629 1.33826 -0 0.708614 0.668798
-1.55429 1.25864 -0 0.694367 0.660729
-1.55429 1.25864 -0 0.694367 0.660729
-1.48629 1.33826 -0 0.708614 0.668798
-1.70972 1.3845 -0 0.700861 0.633238
-1.48629 1.33826 -0 0.708614 0.668798
-1.63492 1.47209 -0 0.714945 0.642071
-1.70972 1.3845 -0 0.700861 0.633238
-1.70972 1.3845 -0 0.700861 0.633238
-1.63492 1.47209 -0 0.714945 0.642071
-2.02381 1.63885 0.04 0.710263 0.58046
-1.63492 1.47209 -0 0.714945 0.642071
-1.93527 1.74253 0.04 0.725232 0.590609
-2.02381 1.63885 0.04 0.710263 0.58046
-2.02381 1.63885 0.04 0.710263 0.58046
-1.93527 1.74253 0.04 0.725232 0.590609
-2.17924 1.76472 0.16 0.718017 0.540044
-1.93527 1.74253 0.04 0.725232 0.590609
-2.0839 1.87635 0.16 0.733732 0.551212
-2.17924 1.76472 0.16 0.718017 0.540044
-2.17924 1.76472 0.16 0.718017 0.540044
-2.0839 1.87635 0.16 0.733732 0.551212
-2.33467 1.89058 0.36 0.726823 0.490476
-2.0839 1.87635 0.16 0.733732 0.551212
-2.23253 2.01018 0.36 0.743089 0.500606
-2.33467 1.89058 0.36 0.726823 0.490476
-2.33467 1.89058 0.36 0.726823 0.490476
-2.23253 2.01018 0.36 0.743089 0.500606
-2.4901 2.01645 0.64 0.735572 0.43122
-2.23253 2.01018 0.36 0.743089 0.500606
-2.38116 2.144 0.64 0.752981 0.440894
-2.4901 2.01645 0.64 0.735572 0.43122
-2.4901 2.01645 0.64 0.735572 0.43122
-2.38116 2.144 0.64 0.752981 0.440894
-2.64553 2.14231 1 0.743424 0.359241
-2.38116 2.144 0.64 0.752981 0.440894
-2.52979 2.27783 1 0.761481 0.369283
-2.64553 2.14231 1 0.743424 0.359241
-2.64553 2.14231 1 0.743424 0.359241
-2.52979 2.27783 1 0.761481 0.369283
-2.80096 2.26817 1.44 0.749707 0.283562
-2.52979 2.27783 1 0.761481 0.369283
-2.67842 2.41166 1.44 0.768152 0.291119
-2.80096 2.26817 1.44 0.749707 0.283562
-2.80096 2.26817 1.44 0.749707 0.283562
-2.67842 2.41166 1.44 0.768152 0.291119
-2.95639 2.39404 1.96 0.752451 0.201691
-2.67842 2.41166 1.44 0.768152 0.291119
-2.82704 2.54548 1.96 0.771516 0.210462
-2.95639 2.39404 1.96 0.752451 0.201691
-2.95639 2.39404 1.96 0.752451 0.201691
-2.82704 2.54548 1.96 0.771516 0.210462
-3.11182 2.5199 2.56 0.751561 0.121549
-2.82704 2.54548 1.96 0.771516 0.210462
-2.97567 2.67931 2.56 0.770545 0.128278
-3.11182 2.5199 2.56 0.751561 0.121549
-0.447846 0.117557 -0 0.521132 0.998976
-0.447846 0.125864 -0 0.523698 0.998764
-0.447846 0.235114 -0 0.554017 0.996006
-0.447846 0.125864 -0 0.523698 0.998764
-0.447846 0.251728 -0 0.55776 0.99537
-0.447846 0.235114 -0 0.554017 0.996006
-0.447846 0.235114 -0 0.554017 0.996006
-0.447846 0.251728 -0 0.55776 0.99537
-0.48541 0.352671 -0 0.584496 0.976964
-0.447846 0.251728 -0 0.55776 0.99537
-0.466288 0.377592 -0 0.591866 0.981598
-0.48541 0.352671 -0 0.584496 0.976964
-0.48541 0.352671 -0 0.584496 0.976964
-0.466288 0.377592 -0 0.591866 0.981598
-0.647214 0.470228 -0 0.608957 0.914447
-0.466288 0.377592 -0 0.591866 0.981598
-0.621717 0.503456 -0 0.617501 0.921573
-0.647214 0.470228 -0 0.608957 0.914447
-0.647214 0.470228 -0 0.608957 0.914447
-0.621717 0.503456 -0 0.617501 0.921573
-0.809017 0.587785 -0 0.62847 0.858157
-0.621717 0.503456 -0 0.617501 0.921573
-0.777146 0.62932 -0 0.638608 0.864857
-0.809017 0.587785 -0 0.62847 0.858157
-0.809017 0.587785 -0 0.62847 0.858157
-0.777146 0.62932 -0 0.638608 0.864857
-0.97082 0.705342 -0 0.644279 0.805198
-0.777146 0.62932 -0 0.638608 0.864857
-0.932575 0.755184 -0 0.655746 0.812903
-0.97082 0.705342 -0 0.644279 0.805198
-0.97082 0.705342 -0 0.644279 0.805198
-0.932575 0.755184 -0 0.655746 0.812903
-1.13262 0.822899 -0 0.655823 0.759877
-0.932575 0.755184 -0 0.655746 0.812903
-1.088 0.881049 -0 0.668842 0.766387
-1.13262 0.822899 -0 0.655823 0.759877
-1.13262 0.822899 -0 0.655823 0.759877
-1.088 0.881049 -0 0.668842 0.766387
-1.29443 0.940456 -0 0.666298 0.718055
-1.088 0.881049 -0 0.668842 0.766387
-1.24343 1.00691 -0 0.679269 0.725629
-1.29443 0.940456 -0 0.666298 0.718055
-1.29443 0.940456 -0 0.666298 0.718055
-1.24343 1.00691 -0 0.679269 0.725629
-1.45623 1.05801 -0 0.674392 0.681641
-1.24343 1.00691 -0 0.679269 0.725629
-1.39886 1.13278 -0 0.688542 0.689848
-1.45623 1.05801 -0 0.674392 0.681641
-1.45623 1.05801 -0 0.674392 0.681641
-1.39886 1.13278 -0 0.688542 0.689848
-1.61803 1.17557 -0 0.680256 0.651706
-1.39886 1.13278 -0 0.688542 0.689848
-1.55429 1.25864 -0 0.694367 0.660729
-1.61803 1.17557 -0 0.680256 0.651706
-1.61803 1.17557 -0 0.680256 0.651706
-1.55429 1.25864 -0 0.694367 0.660729
-1.77984 1.29313 -0 0.685626 0.623699
-1.55429 1.25864 -0 0.694367 0.660729
-1.70972 1.3845 -0 0.700861 0.633238
-1.77984 1.29313 -0 0.685626 0.623699
-1.77984 1.29313 -0 0.685626 0.623699
-1.70972 1.3845 -0 0.700861 0.633238
-2.10681 1.53069 0.04 0.695205 0.569457
-1.70972 1.3845 -0 0.700861 0.633238
-2.02381 1.63885 0.04 0.710263 0.58046
-2.10681 1.53069 0.04 0.695205 0.569457
-2.10681 1.53069 0.04 0.695205 0.569457
-2.02381 1.63885 0.04 0.710263 0.58046
-2.26862 1.64825 0.16 0.701996 0.530637
-2.02381 1.63885 0.04 0.710263 0.58046
-2.17924 1.76472 0.16 0.718017 0.540044
-2.26862 1.64825 0.16 0.701996 0.530637
-2.26862 1.64825 0.16 0.701996 0.530637
-2.17924 1.76472 0.16 0.718017 0.540044
-2.43042 1.7658 0.36 0.710151 0.482308
-2.17924 1.76472 0.16 0.718017 0.540044
-2.33467 1.89058 0.36 0.726823 0.490476
-2.43042 1.7658 0.36 0.710151 0.482308
-2.43042 1.7658 0.36 0.710151 0.482308
-2.33467 1.89058 0.36 0.726823 0.490476
-2.59222 1.88336 0.64 0.718492 0.42139
-2.33467 1.89058 0.36 0.726823 0.490476
-2.4901 2.01645 0.64 0.735572 0.43122
-2.59222 1.88336 0.64 0.718492 0.42139
-2.59222 1.88336 0.64 0.718492 0.42139
-2.4901 2.01645 0.64 0.735572 0.43122
-2.75403 2.00092 1 0.725553 0.35166
-2.4901 2.01645 0.64 0.735572 0.43122
-2.64553 2.14231 1 0.743424 0.359241
-2.75403 2.00092 1 0.725553 0.35166
-2.75403 2.00092 1 0.725553 0.35166
-2.64553 2.14231 1 0.743424 0.359241
-2.91583 2.11847 1.44 0.73155 0.27521
-2.64553 2.14231 1 0.743424 0.359241
-2.80096 2.26817 1.44 0.749707 0.283562
-2.91583 2.11847 1.44 0.73155 0.27521
-2.91583 2.11847 1.44 0.73155 0.27521
-2.80096 2.26817 1.44 0.749707 0.283562
-3.07763 2.23603 1.96 0.734306 0.194901
-2.80096 2.26817 1.44 0.749707 0.283562
-2.95639 2.39404 1.96 0.752451 0.201691
-3.07763 2.23603 1.96 0.734306 0.194901
-3.07763 2.23603 1.96 0.734306 0.194901
-2.95639 2.39404 1.96 0.752451 0.201691
-3.23944 2.35359 2.56 0.732948 0.115191
-2.95639 2.39404 1.96 0.752451 0.201691
-3.11182 2.5199 2.56 0.751561 0.121549
-3.23944 2.35359 2.56 0.732948 0.115191
-0.447846 0.108928 -0 0.518563 0.999172
-0.447846 0.117557 -0 0.521132 0.998976
-0.447846 0.217856 -0 0.549005 0.9968
-0.447846 0.117557 -0 0.521132 0.998976
-0.447846 0.235114 -0 0.554017 0.996006
-0.447846 0.217856 -0 0.549005 0.9968
-0.447846 0.217856 -0 0.549005 0.9968
-0.447846 0.235114 -0 0.554017 0.996006
-0.503202 0.326783 -0 0.576845 0.971993
-0.447846 0.235114 -0 0.554017 0.996006
-0.48541 0.352671 -0 0.584496 0.976964
-0.503202 0.326783 -0 0.576845 0.971993
-0.503202 0.326783 -0 0.576845 0.971993
-0.48541 0.352671 -0 0.584496 0.976964
-0.670936 0.435711 -0 0.599563 0.909796
-0.48541 0.352671 -0 0.584496 0.976964
-0.647214 0.470228 -0 0.608957 0.914447
-0.670936 0.435711 -0 0.599563 0.909796
-0.670936 0.435711 -0 0.599563 0.909796
-0.647214 0.470228 -0 0.608957 0.914447
-0.838671 0.544639 -0 0.617793 0.850888
-0.647214 0.470228 -0 0.608957 0.914447
-0.809017 0.587785 -0 0.62847 0.858157
-0.838671 0.544639 -0 0.617793 0.850888
-0.838671 0.544639 -0 0.617793 0.850888
-0.809017 0.587785 -0 0.62847 0.858157
-1.0064 0.653567 -0 0.631897 0.798859
-0.809017 0.587785 -0 0.62847 0.858157
-0.97082 0.705342 -0 0.644279 0.805198
-1.0064 0.653567 -0 0.631897 0.798859
-1.0064 0.653567 -0 0.631897 0.798859
-0.97082 0.705342 -0 0.644279 0.805198
-1.17414 0.762495 -0 0.64337 0.752404
-0.97082 0.705342 -0 0.644279 0.805198
-1.13262 0.822899 -0 0.655823 0.759877
-1.17414 0.762495 -0 0.64337 0.752404
-1.17414 0.762495 -0 0.64337 0.752404
-1.13262 0.822899 -0 0.655823 0.759877
-1.34187 0.871422 -0 0.652475 0.709841
-1.13262 0.822899 -0 0.655823 0.759877
-1.29443 0.940456 -0 0.666298 0.718055
-1.34187 0.871422 -0 0.652475 0.709841
-1.34187 0.871422 -0 0.652475 0.709841
-1.29443 0.940456 -0 0.666298 0.718055
-1.50961 0.98035 -0 0.660431 0.674941
-1.29443 0.940456 -0 0.666298 0.718055
-1.45623 1.05801 -0 0.674392 0.681641
-1.50961 0.98035 -0 0.660431 0.674941
-1.50961 0.98035 -0 0.660431 0.674941
-1.45623 1.05801 -0 0.674392 0.681641
-1.67734 1.08928 -0 0.666472 0.641771
-1.45623 1.05801 -0 0.674392 0.681641
-1.61803 1.17557 -0 0.680256 0.651706
-1.67734 1.08928 -0 0.666472 0.641771
-1.67734 1.08928 -0 0.666472 0.641771
-1.61803 1.17557 -0 0.680256 0.651706
-1.84508 1.19821 -0 0.670424 0.615825
-1.61803 1.17557 -0 0.680256 0.651706
-1.77984 1.29313 -0 0.685626 0.623699
-1.84508 1.19821 -0 0.670424 0.615825
-1.84508 1.19821 -0 0.670424 0.615825
-1.77984 1.29313 -0 0.685626 0.623699
-2.18404 1.41833 0.04 0.678826 0.563012
-1.77984 1.29313 -0 0.685626 0.623699
-2.10681 1.53069 0.04 0.695205 0.569457
-2.18404 1.41833 0.04 0.678826 0.563012
-2.18404 1.41833 0.04 0.678826 0.563012
-2.10681 1.53069 0.04 0.695205 0.569457
-2.35177 1.52726 0.16 0.685906 0.523268
-2.10681 1.53069 0.04 0.695205 0.569457
-2.26862 1.64825 0.16 0.701996 0.530637
-2.35177 1.52726 0.16 0.685906 0.523268
-2.35177 1.52726 0.16 0.685906 0.523268
-2.26862 1.64825 0.16 0.701996 0.530637
-2.5195 1.63618 0.36 0.693254 0.473787
-2.26862 1.64825 0.16 0.701996 0.530637
-2.43042 1.7658 0.36 0.710151 0.482308
-2.5195 1.63618 0.36 0.693254 0.473787
-2.5195 1.63618 0.36 0.693254 0.473787
-2.43042 1.7658 0.36 0.710151 0.482308
-2.68724 1.74511 0.64 0.701134 0.41383
-2.43042 1.7658 0.36 0.710151 0.482308
-2.59222 1.88336 0.64 0.718492 0.42139
-2.68724 1.74511 0.64 0.701134 0.41383
-2.68724 1.74511 0.64 0.701134 0.41383
-2.59222 1.88336 0.64 0.718492 0.42139
-2.85497 1.85404 1 0.70813 0.34455
-2.59222 1.88336 0.64 0.718492 0.42139
-2.75403 2.00092 1 0.725553 0.35166
-2.85497 1.85404 1 0.70813 0.34455
-2.85497 1.85404 1 0.70813 0.34455
-2.75403 2.00092 1 0.725553 0.35166
-3.02271 1.96297 1.44 0.712507 0.26724
-2.75403 2.00092 1 0.725553 0.35166
-2.91583 2.11847 1.44 0.73155 0.27521
-3.02271 1.96297 1.44 0.712507 0.26724
-3.02271 1.96297 1.44 0.712507 0.26724
-2.91583 2.11847 1.44 0.73155 0.27521
-3.19044 2.0719 1.96 0.71471 0.187127
-2.91583 2.11847 1.44 0.73155 0.27521
-3.07763 2.23603 1.96 0.734306 0.194901
-3.19044 2.0719 1.96 0.71471 0.187127
-3.19044 2.0719 1.96 0.71471 0.187127
-3.07763 2.23603 1.96 0.734306 0.194901
-3.35817 2.18082 2.56 0.713872 0.108181
-3.07763 2.23603 1.96 0.734306 0.194901
-3.23944 2.35359 2.56 0.732948 0.115191
-3.35817 2.18082 2.56 0.713872 0.108181
-0.447846 0.1 -0 0.515991 0.999351
-0.447846 0.108928 -0 0.518563 0.999172
-0.447846 0.2 -0 0.543969 0.997532
-0.447846 0.108928 -0 0.518563 0.999172
-0.447846 0.217856 -0 0.549005 0.9968
-0.447846 0.2 -0 0.543969 0.997532
-0.447846 0.2 -0 0.543969 0.997532
-0.447846 0.217856 -0 0.549005 0.9968
-0.519615 0.3 -0 0.570035 0.967618
-0.447846 0.217856 -0 0.549005 0.9968
-0.503202 0.326783 -0 0.576845 0.971993
-0.519615 0.3 -0 0.570035 0.967618
-0.519615 0.3 -0 0.570035 0.967618
-0.503202 0.326783 -0 0.576845 0.971993
-0.69282 0.4 -0 0.58979 0.904744
-0.503202 0.326783 -0 0.576845 0.971993
-0.670936 0.435711 -0 0.599563 0.909796
-0.69282 0.4 -0 0.58979 0.904744
-0.69282 0.4 -0 0.58979 0.904744
-0.670936 0.435711 -0 0.599563 0.909796
-0.866025 0.5 -0 0.606357 0.844863
-0.670936 0.435711 -0 0.599563 0.909796
-0.838671 0.544639 -0 0.617793 0.850888
-0.866025 0.5 -0 0.606357 0.844863
-0.866025 0.5 -0 0.606357 0.844863
-0.838671 0.544639 -0 0.617793 0.850888
-1.03923 0.6 -0 0.620282 0.7916
-0.838671 0.544639 -0 0.617793 0.850888
-1.0064 0.653567 -0 0.631897 0.798859
-1.03923 0.6 -0 0.620282 0.7916
-1.03923 0.6 -0 0.620282 0.7916
-1.0064 0.653567 -0 0.631897 0.798859
-1.21244 0.7 -0 0.630206 0.744319
-1.0064 0.653567 -0 0.631897 0.798859
-1.17414 0.762495 -0 0.64337 0.752404
-1.21244 0.7 -0 0.630206 0.744319
-1.21244 0.7 -0 0.630206 0.744319
-1.17414 0.762495 -0 0.64337 0.752404
-1.38564 0.8 -0 0.639059 0.703108
-1.17414 0.762495 -0 0.64337 0.752404
-1.34187 0.871422 -0 0.652475 0.709841
-1.38564 0.8 -0 0.639059 0.703108
-1.38564 0.8 -0 0.639059 0.703108
-1.34187 0.871422 -0 0.652475 0.709841
-1.55885 0.9 -0 0.64561 0.667703
-1.34187 0.871422 -0 0.652475 0.709841
-1.50961 0.98035 -0 0.660431 0.674941
-1.55885 0.9 -0 0.64561 0.667703
-1.55885 0.9 -0 0.64561 0.667703
-1.50961 0.98035 -0 0.660431 0.674941
-1.73205 1 -0 0.65154 0.636367
-1.50961 0.98035 -0 0.660431 0.674941
-1.67734 1.08928 -0 0.666472 0.641771
-1.73205 1 -0 0.65154 0.636367
-1.73205 1 -0 0.65154 0.636367
-1.67734 1.08928 -0 0.666472 0.641771
-1.90526 1.1 -0 0.655611 0.607236
-1.67734 1.08928 -0 0.666472 0.641771
-1.84508 1.19821 -0 0.670424 0.615825
-1.90526 1.1 -0 0.655611 0.607236
-1.90526 1.1 -0 0.655611 0.607236
-1.84508 1.19821 -0 0.670424 0.615825
-2.25527 1.30208 0.04 0.662711 0.553374
-1.84508 1.19821 -0 0.670424 0.615825
-2.18404 1.41833 0.04 0.678826 0.563012
-2.25527 1.30208 0.04 0.662711 0.553374
-2.25527 1.30208 0.04 0.662711 0.553374
-2.18404 1.41833 0.04 0.678826 0.563012
-2.42848 1.40208 0.16 0.668636 0.515512
-2.18404 1.41833 0.04 0.678826 0.563012
-2.35177 1.52726 0.16 0.685906 0.523268
-2.42848 1.40208 0.16 0.668636 0.515512
-2.42848 1.40208 0.16 0.668636 0.515512
-2.35177 1.52726 0.16 0.685906 0.523268
-2.60168 1.50208 0.36 0.676359 0.464982
-2.35177 1.52726 0.16 0.685906 0.523268
-2.5195 1.63618 0.36 0.693254 0.473787
-2.60168 1.50208 0.36 0.676359 0.464982
-2.60168 1.50208 0.36 0.676359 0.464982
-2.5195 1.63618 0.36 0.693254 0.473787
-2.77489 1.60208 0.64 0.68233 0.406072
-2.5195 1.63618 0.36 0.693254 0.473787
-2.68724 1.74511 0.64 0.701134 0.41383
-2.77489 1.60208 0.64 0.68233 0.406072
-2.77489 1.60208 0.64 0.68233 0.406072
-2.68724 1.74511 0.64 0.701134 0.41383
-2.94809 1.70208 1 0.689009 0.335061
-2.68724 1.74511 0.64 0.701134 0.41383
-2.85497 1.85404 1 0.70813 0.34455
-2.94809 1.70208 1 0.689009 0.335061
-2.94809 1.70208 1 0.689009 0.335061
-2.85497 1.85404 1 0.70813 0.34455
-3.1213 1.80208 1.44 0.693885 0.260192
-2.85497 1.85404 1 0.70813 0.34455
-3.02271 1.96297 1.44 0.712507 0.26724
-3.1213 1.80208 1.44 0.693885 0.260192
-3.1213 1.80208 1.44 0.693885 0.260192
-3.02271 1.96297 1.44 0.712507 0.26724
-3.2945 1.90208 1.96 0.695135 0.180603
-3.02271 1.96297 1.44 0.712507 0.26724
-3.19044 2.0719 1.96 0.71471 0.187127
-3.2945 1.90208 1.96 0.695135 0.180603
-3.2945 1.90208 1.96 0.695135 0.180603
-3.19044 2.0719 1.96 0.71471 0.187127
-3.46771 2.00208 2.56 0.694566 0.102589
-3.19044 2.0719 1.96 0.71471 0.187127
-3.35817 2.18082 2.56 0.713872 0.108181
-3.46771 2.00208 2.56 0.694566 0.102589
-0.447846 0.0907981 -0 0.513416 0.999514
-0.447846 0.1 -0 0.515991 0.999351
-0.447846 0.181596 -0 0.539011 0.997142
-0.447846 0.1 -0 0.515991 0.999351
-0.447846 0.2 -0 0.543969 0.997532
-0.447846 0.181596 -0 0.539011 0.997142
-0.447846 0.181596 -0 0.539011 0.997142
-0.447846 0.2 -0 0.543969 0.997532
-0.534604 0.272394 -0 0.561702 0.963207
-0.447846 0.2 -0 0.543969 0.997532
-0.519615 0.3 -0 0.570035 0.967618
-0.534604 0.272394 -0 0.561702 0.963207
-0.534604 0.272394 -0 0.561702 0.963207
-0.519615 0.3 -0 0.570035 0.967618
-0.712805 0.363192 -0 0.581036 0.898982
-0.519615 0.3 -0 0.570035 0.967618
-0.69282 0.4 -0 0.58979 0.904744
-0.712805 0.363192 -0 0.581036 0.898982
-0.712805 0.363192 -0 0.581036 0.898982
-0.69282 0.4 -0 0.58979 0.904744
-0.891007 0.453991 -0 0.595668 0.839899
-0.69282 0.4 -0 0.58979 0.904744
-0.866025 0.5 -0 0.606357 0.844863
-0.891007 0.453991 -0 0.595668 0.839899
-0.891007 0.453991 -0 0.595668 0.839899
-0.866025 0.5 -0 0.606357 0.844863
-1.06921 0.544789 -0 0.607912 0.785922
-0.866025 0.5 -0 0.606357 0.844863
-1.03923 0.6 -0 0.620282 0.7916
-1.06921 0.544789 -0 0.607912 0.785922
-1.06921 0.544789 -0 0.607912 0.785922
-1.03923 0.6 -0 0.620282 0.7916
-1.24741 0.635587 -0 0.617657 0.737661
-1.03923 0.6 -0 0.620282 0.7916
-1.21244 0.7 -0 0.630206 0.744319
-1.24741 0.635587 -0 0.617657 0.737661
-1.24741 0.635587 -0 0.617657 0.737661
-1.21244 0.7 -0 0.630206 0.744319
-1.42561 0.726385 -0 0.624933 0.695857
-1.21244 0.7 -0 0.630206 0.744319
-1.38564 0.8 -0 0.639059 0.703108
-1.42561 0.726385 -0 0.624933 0.695857
-1.42561 0.726385 -0 0.624933 0.695857
-1.38564 0.8 -0 0.639059 0.703108
-1.60381 0.817183 -0 0.631432 0.6597
-1.38564 0.8 -0 0.639059 0.703108
-1.55885 0.9 -0 0.64561 0.667703
-1.60381 0.817183 -0 0.631432 0.6597
-1.60381 0.817183 -0 0.631432 0.6597
-1.55885 0.9 -0 0.64561 0.667703
-1.78201 0.907981 -0 0.635865 0.627895
-1.55885 0.9 -0 0.64561 0.667703
-1.73205 1 -0 0.65154 0.636367
-1.78201 0.907981 -0 0.635865 0.627895
-1.78201 0.907981 -0 0.635865 0.627895
-1.73205 1 -0 0.65154 0.636367
-1.96021 0.998779 -0 0.639825 0.600829
-1.73205 1 -0 0.65154 0.636367
-1.90526 1.1 -0 0.655611 0.607236
-1.96021 0.998779 -0 0.639825 0.600829
-1.96021 0.998779 -0 0.639825 0.600829
-1.90526 1.1 -0 0.655611 0.607236
-2.32033 1.18227 0.04 0.646956 0.548671
-1.90526 1.1 -0 0.655611 0.607236
-2.25527 1.30208 0.04 0.662711 0.553374
-2.32033 1.18227 0.04 0.646956 0.548671
-2.32033 1.18227 0.04 0.646956 0.548671
-2.25527 1.30208 0.04 0.662711 0.553374
-2.49853 1.27306 0.16 0.651634 0.507392
-2.25527 1.30208 0.04 0.662711 0.553374
-2.42848 1.40208 0.16 0.668636 0.515512
-2.49853 1.27306 0.16 0.651634 0.507392
-2.49853 1.27306 0.16 0.651634 0.507392
-2.42848 1.40208 0.16 0.668636 0.515512
-2.67673 1.36386 0.36 0.658349 0.458575
-2.42848 1.40208 0.16 0.668636 0.515512
-2.60168 1.50208 0.36 0.676359 0.464982
-2.67673 1.36386 0.36 0.658349 0.458575
-2.67673 1.36386 0.36 0.658349 0.458575
-2.60168 1.50208 0.36 0.676359 0.464982
-2.85493 1.45466 0.64 0.664806 0.398552
-2.60168 1.50208 0.36 0.676359 0.464982
-2.77489 1.60208 0.64 0.68233 0.406072
-2.85493 1.45466 0.64 0.664806 0.398552
-2.85493 1.45466 0.64 0.664806 0.398552
-2.77489 1.60208 0.64 0.68233 0.406072
-3.03313 1.54546 1 0.669838 0.328213
-2.77489 1.60208 0.64 0.68233 0.406072
-2.94809 1.70208 1 0.689009 0.335061
-3.03313 1.54546 1 0.669838 0.328213
-3.03313 1.54546 1 0.669838 0.328213
-2.94809 1.70208 1 0.689009 0.335061
-3.21133 1.63626 1.44 0.674931 0.253746
-2.94809 1.70208 1 0.689009 0.335061
-3.1213 1.80208 1.44 0.693885 0.260192
-3.21133 1.63626 1.44 0.674931 0.253746
-3.21133 1.63626 1.44 0.674931 0.253746
-3.1213 1.80208 1.44 0.693885 0.260192
-3.38953 1.72705 1.96 0.676003 0.175429
-3.1213 1.80208 1.44 0.693885 0.260192
-3.2945 1.90208 1.96 0.695135 0.180603
-3.38953 1.72705 1.96 0.676003 0.175429
-3.38953 1.72705 1.96 0.676003 0.175429
-3.2945 1.90208 1.96 0.695135 0.180603
-3.56774 1.81785 2.56 0.675048 0.0972302
-3.2945 1.90208 1.96 0.695135 0.180603
-3.46771 2.00208 2.56 0.694566 0.102589
-3.56774 1.81785 2.56 0.675048 0.0972302
-0.447846 0.0813473 -0 0.510839 0.999659
-0.447846 0.0907981 -0 0.513416 0.999514
-0.447846 0.162695 -0 0.533924 0.997748
-0.447846 0.0907981 -0 0.513416 0.999514
-0.447846 0.181596 -0 0.539011 0.997142
-0.447846 0.162695 -0 0.533924 0.997748
-0.447846 0.162695 -0 0.533924 0.997748
-0.447846 0.181596 -0 0.539011 0.997142
-0.548127 0.244042 -0 0.554311 0.959522
-0.447846 0.181596 -0 0.539011 0.997142
-0.534604 0.272394 -0 0.561702 0.963207
-0.548127 0.244042 -0 0.554311 0.959522
-0.548127 0.244042 -0 0.554311 0.959522
-0.534604 0.272394 -0 0.561702 0.963207
-0.730836 0.325389 -0 0.571807 0.894449
-0.534604 0.272394 -0 0.561702 0.963207
-0.712805 0.363192 -0 0.581036 0.898982
-0.730836 0.325389 -0 0.571807 0.894449
-0.730836 0.325389 -0 0.571807 0.894449
-0.712805 0.363192 -0 0.581036 0.898982
-0.913545 0.406737 -0 0.584584 0.834527
-0.712805 0.363192 -0 0.581036 0.898982
-0.891007 0.453991 -0 0.595668 0.839899
-0.913545 0.406737 -0 0.584584 0.834527
-0.913545 0.406737 -0 0.584584 0.834527
-0.891007 0.453991 -0 0.595668 0.839899
-1.09625 0.488084 -0 0.596547 0.779494
-0.891007 0.453991 -0 0.595668 0.839899
-1.06921 0.544789 -0 0.607912 0.785922
-1.09625 0.488084 -0 0.596547 0.779494
-1.09625 0.488084 -0 0.596547 0.779494
-1.06921 0.544789 -0 0.607912 0.785922
-1.27896 0.569431 -0 0.604394 0.732908
-1.06921 0.544789 -0 0.607912 0.785922
-1.24741 0.635587 -0 0.617657 0.737661
-1.27896 0.569431 -0 0.604394 0.732908
-1.27896 0.569431 -0 0.604394 0.732908
-1.24741 0.635587 -0 0.617657 0.737661
-1.46167 0.650779 -0 0.611536 0.690395
-1.24741 0.635587 -0 0.617657 0.737661
-1.42561 0.726385 -0 0.624933 0.695857
-1.46167 0.650779 -0 0.611536 0.690395
-1.46167 0.650779 -0 0.611536 0.690395
-1.42561 0.726385 -0 0.624933 0.695857
-1.64438 0.732126 -0 0.61642 0.653819
-1.42561 0.726385 -0 0.624933 0.695857
-1.60381 0.817183 -0 0.631432 0.6597
-1.64438 0.732126 -0 0.61642 0.653819
-1.64438 0.732126 -0 0.61642 0.653819
-1.60381 0.817183 -0 0.631432 0.6597
-1.82709 0.813473 -0 0.6208 0.621443
-1.60381 0.817183 -0 0.631432 0.6597
-1.78201 0.907981 -0 0.635865 0.627895
-1.82709 0.813473 -0 0.6208 0.621443
-1.82709 0.813473 -0 0.6208 0.621443
-1.78201 0.907981 -0 0.635865 0.627895
-2.0098 0.894821 -0 0.624756 0.593909
-1.78201 0.907981 -0 0.635865 0.627895
-1.96021 0.998779 -0 0.639825 0.600829
-2.0098 0.894821 -0 0.624756 0.593909
-2.0098 0.894821 -0 0.624756 0.593909
-1.96021 0.998779 -0 0.639825 0.600829
-2.37902 1.05921 0.04 0.630391 0.54094
-1.96021 0.998779 -0 0.639825 0.600829
-2.32033 1.18227 0.04 0.646956 0.548671
-2.37902 1.05921 0.04 0.630391 0.54094
-2.37902 1.05921 0.04 0.630391 0.54094
-2.32033 1.18227 0.04 0.646956 0.548671
-2.56173 1.14056 0.16 0.635169 0.501768
-2.32033 1.18227 0.04 0.646956 0.548671
-2.49853 1.27306 0.16 0.651634 0.507392
-2.56173 1.14056 0.16 0.635169 0.501768
-2.56173 1.14056 0.16 0.635169 0.501768
-2.49853 1.27306 0.16 0.651634 0.507392
-2.74444 1.2219 0.36 0.640694 0.452104
-2.49853 1.27306 0.16 0.651634 0.507392
-2.67673 1.36386 0.36 0.658349 0.458575
-2.74444 1.2219 0.36 0.640694 0.452104
-2.74444 1.2219 0.36 0.640694 0.452104
-2.67673 1.36386 0.36 0.658349 0.458575
-2.92715 1.30325 0.64 0.646176 0.39097
-2.67673 1.36386 0.36 0.658349 0.458575
-2.85493 1.45466 0.64 0.664806 0.398552
-2.92715 1.30325 0.64 0.646176 0.39097
-2.92715 1.30325 0.64 0.646176 0.39097
-2.85493 1.45466 0.64 0.664806 0.398552
-3.10986 1.3846 1 0.650865 0.324204
-2.85493 1.45466 0.64 0.664806 0.398552
-3.03313 1.54546 1 0.669838 0.328213
-3.10986 1.3846 1 0.650865 0.324204
-3.10986 1.3846 1 0.650865 0.324204
-3.03313 1.54546 1 0.669838 0.328213
-3.29257 1.46595 1.44 0.654568 0.247606
-3.03313 1.54546 1 0.669838 0.328213
-3.21133 1.63626 1.44 0.674931 0.253746
-3.29257 1.46595 1.44 0.654568 0.247606
-3.29257 1.46595 1.44 0.654568 0.247606
-3.21133 1.63626 1.44 0.674931 0.253746
-3.47528 1.54729 1.96 0.656265 0.169473
-3.21133 1.63626 1.44 0.674931 0.253746
-3.38953 1.72705 1.96 0.676003 0.175429
-3.47528 1.54729 1.96 0.656265 0.169473
-3.47528 1.54729 1.96 0.656265 0.169473
-3.38953 1.72705 1.96 0.676003 0.175429
-3.65798 1.62864 2.56 0.656021 0.0934421
-3.38953 1.72705 1.96 0.676003 0.175429
-3.56774 1.81785 2.56 0.675048 0.0972302
-3.65798 1.62864 2.56 0.656021 0.0934421
-0.447846 0.0716736 -0 0.50826 0.999788
-0.447846 0.0813473 -0 0.510839 0.999659
-0.447846 0.143347 -0 0.528819 0.998289
-0.447846 0.0813473 -0 0.510839 0.999659
-0.447846 0.162695 -0 0.533924 0.997748
-0.447846 0.143347 -0 0.528819 0.998289
-0.447846 0.143347 -0 0.528819 0.998289
-0.447846 0.162695 -0 0.533924 0.997748
-0.560148 0.215021 -0 0.546617 0.956883
-0.447846 0.162695 -0 0.533924 0.997748
-0.548127 0.244042 -0 0.554311 0.959522
-0.560148 0.215021 -0 0.546617 0.956883
-0.560148 0.215021 -0 0.546617 0.956883
-0.548127 0.244042 -0 0.554311 0.959522
-0.746864 0.286694 -0 0.562157 0.891232
-0.548127 0.244042 -0 0.554311 0.959522
-0.730836 0.325389 -0 0.571807 0.894449
-0.746864 0.286694 -0 0.562157 0.891232
-0.746864 0.286694 -0 0.562157 0.891232
-0.730836 0.325389 -0 0.571807 0.894449
-0.93358 0.358368 -0 0.57296 0.8307
-0.730836 0.325389 -0 0.571807 0.894449
-0.913545 0.406737 -0 0.584584 0.834527
-0.93358 0.358368 -0 0.57296 0.8307
-0.93358 0.358368 -0 0.57296 0.8307
-0.913545 0.406737 -0 0.584584 0.834527
-1.1203 0.430042 -0 0.583032 0.775098
-0.913545 0.406737 -0 0.584584 0.834527
-1.09625 0.488084 -0 0.596547 0.779494
-1.1203 0.430042 -0 0.583032 0.775098
-1.1203 0.430042 -0 0.583032 0.775098
-1.09625 0.488084 -0 0.596547 0.779494
-1.30701 0.501715 -0 0.590619 0.727751
-1.09625 0.488084 -0 0.596547 0.779494
-1.27896 0.569431 -0 0.604394 0.732908
-1.30701 0.501715 -0 0.590619 0.727751
-1.30701 0.501715 -0 0.590619 0.727751
-1.27896 0.569431 -0 0.604394 0.732908
-1.49373 0.573389 -0 0.597605 0.684548
-1.27896 0.569431 -0 0.604394 0.732908
-1.46167 0.650779 -0 0.611536 0.690395
-1.49373 0.573389 -0 0.597605 0.684548
-1.49373 0.573389 -0 0.597605 0.684548
-1.46167 0.650779 -0 0.611536 0.690395
-1.68044 0.645062 -0 0.602367 0.647371
-1.46167 0.650779 -0 0.611536 0.690395
-1.64438 0.732126 -0 0.61642 0.653819
-1.68044 0.645062 -0 0.602367 0.647371
-1.68044 0.645062 -0 0.602367 0.647371
-1.64438 0.732126 -0 0.61642 0.653819
-1.86716 0.716736 -0 0.604977 0.61736
-1.64438 0.732126 -0 0.61642 0.653819
-1.82709 0.813473 -0 0.6208 0.621443
-1.86716 0.716736 -0 0.604977 0.61736
-1.86716 0.716736 -0 0.604977 0.61736
-1.82709 0.813473 -0 0.6208 0.621443
-2.05388 0.788409 -0 0.608941 0.589431
-1.82709 0.813473 -0 0.6208 0.621443
-2.0098 0.894821 -0 0.624756 0.593909
-2.05388 0.788409 -0 0.608941 0.589431
-2.05388 0.788409 -0 0.608941 0.589431
-2.0098 0.894821 -0 0.624756 0.593909
-2.4312 0.933249 0.04 0.6146 0.535697
-2.0098 0.894821 -0 0.624756 0.593909
-2.37902 1.05921 0.04 0.630391 0.54094
-2.4312 0.933249 0.04 0.6146 0.535697
-2.4312 0.933249 0.04 0.6146 0.535697
-2.37902 1.05921 0.04 0.630391 0.54094
-2.61791 1.00492 0.16 0.617894 0.495977
-2.37902 1.05921 0.04 0.630391 0.54094
-2.56173 1.14056 0.16 0.635169 0.501768
-2.61791 1.00492 0.16 0.617894 0.495977
-2.61791 1.00492 0.16 0.617894 0.495977
-2.56173 1.14056 0.16 0.635169 0.501768
-2.80463 1.0766 0.36 0.622088 0.445534
-2.56173 1.14056 0.16 0.635169 0.501768
-2.74444 1.2219 0.36 0.640694 0.452104
-2.80463 1.0766 0.36 0.622088 0.445534
-2.80463 1.0766 0.36 0.622088 0.445534
-2.74444 1.2219 0.36 0.640694 0.452104
-2.99134 1.14827 0.64 0.628115 0.386226
-2.74444 1.2219 0.36 0.640694 0.452104
-2.92715 1.30325 0.64 0.646176 0.39097
-2.99134 1.14827 0.64 0.628115 0.386226
-2.99134 1.14827 0.64 0.628115 0.386226
-2.92715 1.30325 0.64 0.646176 0.39097
-3.17806 1.21994 1 0.632012 0.318283
-2.92715 1.30325 0.64 0.646176 0.39097
-3.10986 1.3846 1 0.650865 0.324204
-3.17806 1.21994 1 0.632012 0.318283
-3.17806 1.21994 1 0.632012 0.318283
-3.10986 1.3846 1 0.650865 0.324204
-3.36478 1.29162 1.44 0.635602 0.242594
-3.10986 1.3846 1 0.650865 0.324204
-3.29257 1.46595 1.44 0.654568 0.247606
-3.36478 1.29162 1.44 0.635602 0.242594
-3.36478 1.29162 1.44 0.635602 0.242594
-3.29257 1.46595 1.44 0.654568 0.247606
-3.55149 1.36329 1.96 0.636457 0.16449
-3.29257 1.46595 1.44 0.654568 0.247606
-3.47528 1.54729 1.96 0.656265 0.169473
-3.55149 1.36329 1.96 0.636457 0.16449
-3.55149 1.36329 1.96 0.636457 0.16449
-3.47528 1.54729 1.96 0.656265 0.169473
-3.73821 1.43496 2.56 0.636167 0.0881214
-3.47528 1.54729 1.96 0.656265 0.169473
-3.65798 1.62864 2.56 0.656021 0.0934421
-3.73821 1.43496 2.56 0.636167 0.0881214
-0.447846 0.0618034 -0 0.505678 0.999899
-0.447846 0.0716736 -0 0.50826 0.999788
-0.447846 0.123607 -0 0.522415 0.998872
-0.447846 0.0716736 -0 0.50826 0.999788
-0.447846 0.143347 -0 0.528819 0.998289
-0.447846 0.123607 -0 0.522415 0.998872
-0.447846 0.123607 -0 0.522415 0.998872
-0.447846 0.143347 -0 0.528819 0.998289
-0.570634 0.18541 -0 0.538769 0.954039
-0.447846 0.143347 -0 0.528819 0.998289
-0.560148 0.215021 -0 0.546617 0.956883
-0.570634 0.18541 -0 0.538769 0.954039
-0.570634 0.18541 -0 0.538769 0.954039
-0.560148 0.215021 -0 0.546617 0.956883
-0.760845 0.247214 -0 0.552268 0.887726
-0.560148 0.215021 -0 0.546617 0.956883
-0.746864 0.286694 -0 0.562157 0.891232
-0.760845 0.247214 -0 0.552268 0.887726
-0.760845 0.247214 -0 0.552268 0.887726
-0.746864 0.286694 -0 0.562157 0.891232
-0.951057 0.309017 -0 0.56256 0.8263
-0.746864 0.286694 -0 0.562157 0.891232
-0.93358 0.358368 -0 0.57296 0.8307
-0.951057 0.309017 -0 0.56256 0.8263
-0.951057 0.309017 -0 0.56256 0.8263
-0.93358 0.358368 -0 0.57296 0.8307
-1.14127 0.37082 -0 0.570678 0.77007
-0.93358 0.358368 -0 0.57296 0.8307
-1.1203 0.430042 -0 0.583032 0.775098
-1.14127 0.37082 -0 0.570678 0.77007
-1.14127 0.37082 -0 0.570678 0.77007
-1.1203 0.430042 -0 0.583032 0.775098
-1.33148 0.432624 -0 0.576357 0.722179
-1.1203 0.430042 -0 0.583032 0.775098
-1.30701 0.501715 -0 0.590619 0.727751
-1.33148 0.432624 -0 0.576357 0.722179
-1.33148 0.432624 -0 0.576357 0.722179
-1.30701 0.501715 -0 0.590619 0.727751
-1.52169 0.494427 -0 0.581396 0.681091
-1.30701 0.501715 -0 0.590619 0.727751
-1.49373 0.573389 -0 0.597605 0.684548
-1.52169 0.494427 -0 0.581396 0.681091
-1.52169 0.494427 -0 0.581396 0.681091
-1.49373 0.573389 -0 0.597605 0.684548
-1.7119 0.556231 -0 0.586031 0.643417
-1.49373 0.573389 -0 0.597605 0.684548
-1.68044 0.645062 -0 0.602367 0.647371
-1.7119 0.556231 -0 0.586031 0.643417
-1.7119 0.556231 -0 0.586031 0.643417
-1.68044 0.645062 -0 0.602367 0.647371
-1.90211 0.618034 -0 0.590224 0.612883
-1.68044 0.645062 -0 0.602367 0.647371
-1.86716 0.716736 -0 0.604977 0.61736
-1.90211 0.618034 -0 0.590224 0.612883
-1.90211 0.618034 -0 0.590224 0.612883
-1.86716 0.716736 -0 0.604977 0.61736
-2.09232 0.679837 -0 0.5925 0.584698
-1.86716 0.716736 -0 0.604977 0.61736
-2.05388 0.788409 -0 0.608941 0.589431
-2.09232 0.679837 -0 0.5925 0.584698
-2.09232 0.679837 -0 0.5925 0.584698
-2.05388 0.788409 -0 0.608941 0.589431
-2.47671 0.804731 0.04 0.596496 0.530295
-2.05388 0.788409 -0 0.608941 0.589431
-2.4312 0.933249 0.04 0.6146 0.535697
-2.47671 0.804731 0.04 0.596496 0.530295
-2.47671 0.804731 0.04 0.596496 0.530295
-2.4312 0.933249 0.04 0.6146 0.535697
-2.66692 0.866534 0.16 0.599869 0.492917
-2.4312 0.933249 0.04 0.6146 0.535697
-2.61791 1.00492 0.16 0.617894 0.495977
-2.66692 0.866534 0.16 0.599869 0.492917
-2.66692 0.866534 0.16 0.599869 0.492917
-2.61791 1.00492 0.16 0.617894 0.495977
-2.85713 0.928337 0.36 0.60429 0.441811
-2.61791 1.00492 0.16 0.617894 0.495977
-2.80463 1.0766 0.36 0.622088 0.445534
-2.85713 0.928337 0.36 0.60429 0.441811
-2.85713 0.928337 0.36 0.60429 0.441811
-2.80463 1.0766 0.36 0.622088 0.445534
-3.04734 0.990141 0.64 0.609179 0.381602
-2.80463 1.0766 0.36 0.622088 0.445534
-2.99134 1.14827 0.64 0.628115 0.386226
-3.04734 0.990141 0.64 0.609179 0.381602
-3.04734 0.990141 0.64 0.609179 0.381602
-2.99134 1.14827 0.64 0.628115 0.386226
-3.23755 1.05194 1 0.613742 0.312855
-2.99134 1.14827 0.64 0.628115 0.386226
-3.17806 1.21994 1 0.632012 0.318283
-3.23755 1.05194 1 0.613742 0.312855
-3.23755 1.05194 1 0.613742 0.312855
-3.17806 1.21994 1 0.632012 0.318283
-3.42776 1.11375 1.44 0.615604 0.238025
-3.17806 1.21994 1 0.632012 0.318283
-3.36478 1.29162 1.44 0.635602 0.242594
-3.42776 1.11375 1.44 0.615604 0.238025
-3.42776 1.11375 1.44 0.615604 0.238025
-3.36478 1.29162 1.44 0.635602 0.242594
-3.61797 1.17555 1.96 0.616829 0.160513
-3.36478 1.29162 1.44 0.635602 0.242594
-3.55149 1.36329 1.96 0.636457 0.16449
-3.61797 1.17555 1.96 0.616829 0.160513
-3.61797 1.17555 1.96 0.616829 0.160513
-3.55149 1.36329 1.96 0.636457 0.16449
-3.80819 1.23735 2.56 0.616552 0.0852913
-3.55149 1.36329 1.96 0.636457 0.16449
-3.73821 1.43496 2.56 0.636167 0.0881214
-3.80819 1.23735 2.56 0.616552 0.0852913
-0.447846 0.0517638 -0 0.503096 0.999994
-0.447846 0.0618034 -0 0.505678 0.999899
-0.447846 0.103528 -0 0.517277 0.999264
-0.447846 0.0618034 -0 0.505678 0.999899
-0.447846 0.123607 -0 0.522415 0.998872
-0.447846 0.103528 -0 0.517277 0.999264
-0.447846 0.103528 -0 0.517277 0.999264
-0.447846 0.123607 -0 0.522415 0.998872
-0.579556 0.155291 -0 0.530772 0.950981
-0.447846 0.123607 -0 0.522415 0.998872
-0.570634 0.18541 -0 0.538769 0.954039
-0.579556 0.155291 -0 0.530772 0.950981
-0.579556 0.155291 -0 0.530772 0.950981
-0.570634 0.18541 -0 0.538769 0.954039
-0.772741 0.207055 -0 0.542151 0.883921
-0.570634 0.18541 -0 0.538769 0.954039
-0.760845 0.247214 -0 0.552268 0.887726
-0.772741 0.207055 -0 0.542151 0.883921
-0.772741 0.207055 -0 0.542151 0.883921
-0.760845 0.247214 -0 0.552268 0.887726
-0.965926 0.258819 -0 0.550309 0.821759
-0.760845 0.247214 -0 0.552268 0.887726
-0.951057 0.309017 -0 0.56256 0.8263
-0.965926 0.258819 -0 0.550309 0.821759
-0.965926 0.258819 -0 0.550309 0.821759
-0.951057 0.309017 -0 0.56256 0.8263
-1.15911 0.310583 -0 0.557864 0.766974
-0.951057 0.309017 -0 0.56256 0.8263
-1.14127 0.37082 -0 0.570678 0.77007
-1.15911 0.310583 -0 0.557864 0.766974
-1.15911 0.310583 -0 0.557864 0.766974
-1.14127 0.37082 -0 0.570678 0.77007
-1.3523 0.362347 -0 0.563232 0.718544
-1.14127 0.37082 -0 0.570678 0.77007
-1.33148 0.432624 -0 0.576357 0.722179
-1.3523 0.362347 -0 0.563232 0.718544
-1.3523 0.362347 -0 0.563232 0.718544
-1.33148 0.432624 -0 0.576357 0.722179
-1.54548 0.41411 -0 0.568078 0.677001
-1.33148 0.432624 -0 0.576357 0.722179
-1.52169 0.494427 -0 0.581396 0.681091
-1.54548 0.41411 -0 0.568078 0.677001
-1.54548 0.41411 -0 0.568078 0.677001
-1.52169 0.494427 -0 0.581396 0.681091
-1.73867 0.465874 -0 0.570869 0.63903
-1.52169 0.494427 -0 0.581396 0.681091
-1.7119 0.556231 -0 0.586031 0.643417
-1.73867 0.465874 -0 0.570869 0.63903
-1.73867 0.465874 -0 0.570869 0.63903
-1.7119 0.556231 -0 0.586031 0.643417
-1.93185 0.517638 -0 0.573277 0.608247
-1.7119 0.556231 -0 0.586031 0.643417
-1.90211 0.618034 -0 0.590224 0.612883
-1.93185 0.517638 -0 0.573277 0.608247
-1.93185 0.517638 -0 0.573277 0.608247
-1.90211 0.618034 -0 0.590224 0.612883
-2.12504 0.569402 -0 0.575487 0.57972
-1.90211 0.618034 -0 0.590224 0.612883
-2.09232 0.679837 -0 0.5925 0.584698
-2.12504 0.569402 -0 0.575487 0.57972
-2.12504 0.569402 -0 0.575487 0.57972
-2.09232 0.679837 -0 0.5925 0.584698
-2.51543 0.674007 0.04 0.579426 0.527603
-2.09232 0.679837 -0 0.5925 0.584698
-2.47671 0.804731 0.04 0.596496 0.530295
-2.51543 0.674007 0.04 0.579426 0.527603
-2.51543 0.674007 0.04 0.579426 0.527603
-2.47671 0.804731 0.04 0.596496 0.530295
-2.70861 0.725771 0.16 0.582869 0.486936
-2.47671 0.804731 0.04 0.596496 0.530295
-2.66692 0.866534 0.16 0.599869 0.492917
-2.70861 0.725771 0.16 0.582869 0.486936
-2.70861 0.725771 0.16 0.582869 0.486936
-2.66692 0.866534 0.16 0.599869 0.492917
-2.9018 0.777535 0.36 0.587506 0.438208
-2.66692 0.866534 0.16 0.599869 0.492917
-2.85713 0.928337 0.36 0.60429 0.441811
-2.9018 0.777535 0.36 0.587506 0.438208
-2.9018 0.777535 0.36 0.587506 0.438208
-2.85713 0.928337 0.36 0.60429 0.441811
-3.09498 0.829298 0.64 0.591107 0.377289
-2.85713 0.928337 0.36 0.60429 0.441811
-3.04734 0.990141 0.64 0.609179 0.381602
-3.09498 0.829298 0.64 0.591107 0.377289
-3.09498 0.829298 0.64 0.591107 0.377289
-3.04734 0.990141 0.64 0.609179 0.381602
-3.28817 0.881062 1 0.593238 0.309993
-3.04734 0.990141 0.64 0.609179 0.381602
-3.23755 1.05194 1 0.613742 0.312855
-3.28817 0.881062 1 0.593238 0.309993
-3.28817 0.881062 1 0.593238 0.309993
-3.23755 1.05194 1 0.613742 0.312855
-3.48135 0.932826 1.44 0.596172 0.234267
-3.23755 1.05194 1 0.613742 0.312855
-3.42776 1.11375 1.44 0.615604 0.238025
-3.48135 0.932826 1.44 0.596172 0.234267
-3.48135 0.932826 1.44 0.596172 0.234267
-3.42776 1.11375 1.44 0.615604 0.238025
-3.67454 0.98459 1.96 0.597629 0.157541
-3.42776 1.11375 1.44 0.615604 0.238025
-3.61797 1.17555 1.96 0.616829 0.160513
-3.67454 0.98459 1.96 0.597629 0.157541
-3.67454 0.98459 1.96 0.597629 0.157541
-3.61797 1.17555 1.96 0.616829 0.160513
-3.86772 1.03635 2.56 0.596893 0.0822916
-3.61797 1.17555 1.96 0.616829 0.160513
-3.80819 1.23735 2.56 0.616552 0.0852913
-3.86772 1.03635 2.56 0.596893 0.0822916
-0.447846 0.0415823 -0 0.500512 1.00007
-0.447846 0.0517638 -0 0.503096 0.999994
-0.447846 0.0831647 -0 0.512128 0.999588
-0.447846 0.0517638 -0 0.503096 0.999994
-0.447846 0.103528 -0 0.517277 0.999264
-0.447846 0.0831647 -0 0.512128 0.999588
-0.447846 0.0831647 -0 0.512128 0.999588
-0.447846 0.103528 -0 0.517277 0.999264
-0.586889 0.124747 -0 0.522561 0.949045
-0.447846 0.103528 -0 0.517277 0.999264
-0.579556 0.155291 -0 0.530772 0.950981
-0.586889 0.124747 -0 0.522561 0.949045
-0.586889 0.124747 -0 0.522561 0.949045
-0.579556 0.155291 -0 0.530772 0.950981
-0.782518 0.166329 -0 0.531734 0.881533
-0.579556 0.155291 -0 0.530772 0.950981
-0.772741 0.207055 -0 0.542151 0.883921
-0.782518 0.166329 -0 0.531734 0.881533
-0.782518 0.166329 -0 0.531734 0.881533
-0.772741 0.207055 -0 0.542151 0.883921
-0.978148 0.207912 -0 0.539288 0.818756
-0.772741 0.207055 -0 0.542151 0.883921
-0.965926 0.258819 -0 0.550309 0.821759
-0.978148 0.207912 -0 0.539288 0.818756
-0.978148 0.207912 -0 0.539288 0.818756
-0.965926 0.258819 -0 0.550309 0.821759
-1.17378 0.249494 -0 0.544765 0.763561
-0.965926 0.258819 -0 0.550309 0.821759
-1.15911 0.310583 -0 0.557864 0.766974
-1.17378 0.249494 -0 0.544765 0.763561
-1.17378 0.249494 -0 0.544765 0.763561
-1.15911 0.310583 -0 0.557864 0.766974
-1.36941 0.291076 -0 0.549803 0.714616
-1.15911 0.310583 -0 0.557864 0.766974
-1.3523 0.362347 -0 0.563232 0.718544
-1.36941 0.291076 -0 0.549803 0.714616
-1.36941 0.291076 -0 0.549803 0.714616
-1.3523 0.362347 -0 0.563232 0.718544
-1.56504 0.332659 -0 0.552698 0.672755
-1.3523 0.362347 -0 0.563232 0.718544
-1.54548 0.41411 -0 0.568078 0.677001
-1.56504 0.332659 -0 0.552698 0.672755
-1.56504 0.332659 -0 0.552698 0.672755
-1.54548 0.41411 -0 0.568078 0.677001
-1.76067 0.374241 -0 0.555248 0.63715
-1.54548 0.41411 -0 0.568078 0.677001
-1.73867 0.465874 -0 0.570869 0.63903
-1.76067 0.374241 -0 0.555248 0.63715
-1.76067 0.374241 -0 0.555248 0.63715
-1.73867 0.465874 -0 0.570869 0.63903
-1.9563 0.415823 -0 0.557605 0.603267
-1.73867 0.465874 -0 0.570869 0.63903
-1.93185 0.517638 -0 0.573277 0.608247
-1.9563 0.415823 -0 0.557605 0.603267
-1.9563 0.415823 -0 0.557605 0.603267
-1.93185 0.517638 -0 0.573277 0.608247
-2.15192 0.457406 -0 0.559716 0.577355
-1.93185 0.517638 -0 0.573277 0.608247
-2.12504 0.569402 -0 0.575487 0.57972
-2.15192 0.457406 -0 0.559716 0.577355
-2.15192 0.457406 -0 0.559716 0.577355
-2.12504 0.569402 -0 0.575487 0.57972
-2.54726 0.541436 0.04 0.563642 0.521884
-2.12504 0.569402 -0 0.575487 0.57972
-2.51543 0.674007 0.04 0.579426 0.527603
-2.54726 0.541436 0.04 0.563642 0.521884
-2.54726 0.541436 0.04 0.563642 0.521884
-2.51543 0.674007 0.04 0.579426 0.527603
-2.74289 0.583018 0.16 0.565376 0.483806
-2.51543 0.674007 0.04 0.579426 0.527603
-2.70861 0.725771 0.16 0.582869 0.486936
-2.74289 0.583018 0.16 0.565376 0.483806
-2.74289 0.583018 0.16 0.565376 0.483806
-2.70861 0.725771 0.16 0.582869 0.486936
-2.93851 0.624601 0.36 0.568464 0.434601
-2.70861 0.725771 0.16 0.582869 0.486936
-2.9018 0.777535 0.36 0.587506 0.438208
-2.93851 0.624601 0.36 0.568464 0.434601
-2.93851 0.624601 0.36 0.568464 0.434601
-2.9018 0.777535 0.36 0.587506 0.438208
-3.13414 0.666183 0.64 0.570721 0.373046
-2.9018 0.777535 0.36 0.587506 0.438208
-3.09498 0.829298 0.64 0.591107 0.377289
-3.13414 0.666183 0.64 0.570721 0.373046
-3.13414 0.666183 0.64 0.570721 0.373046
-3.09498 0.829298 0.64 0.591107 0.377289
-3.32977 0.707765 1 0.573474 0.305245
-3.09498 0.829298 0.64 0.591107 0.377289
-3.28817 0.881062 1 0.593238 0.309993
-3.32977 0.707765 1 0.573474 0.305245
-3.32977 0.707765 1 0.573474 0.305245
-3.28817 0.881062 1 0.593238 0.309993
-3.5254 0.749348 1.44 0.575993 0.23106
-3.28817 0.881062 1 0.593238 0.309993
-3.48135 0.932826 1.44 0.596172 0.234267
-3.5254 0.749348 1.44 0.575993 0.23106
-3.5254 0.749348 1.44 0.575993 0.23106
-3.48135 0.932826 1.44 0.596172 0.234267
-3.72103 0.79093 1.96 0.577468 0.153494
-3.48135 0.932826 1.44 0.596172 0.234267
-3.67454 0.98459 1.96 0.597629 0.157541
-3.72103 0.79093 1.96 0.577468 0.153494
-3.72103 0.79093 1.96 0.577468 0.153494
-3.67454 0.98459 1.96 0.597629 0.157541
-3.91666 0.832512 2.56 0.577503 0.0790777
-3.67454 0.98459 1.96 0.597629 0.157541
-3.86772 1.03635 2.56 0.596893 0.0822916
-3.91666 0.832512 2.56 0.577503 0.0790777
-0.447846 0.0312869 -0 0.496633 1.00016
-0.447846 0.0415823 -0 0.500512 1.00007
-0.447846 0.0625738 -0 0.505678 0.999899
-0.447846 0.0415823 -0 0.500512 1.00007
-0.447846 0.0831647 -0 0.512128 0.999588
-0.447846 0.0625738 -0 0.505678 0.999899
-0.447846 0.0625738 -0 0.505678 0.999899
-0.447846 0.0831647 -0 0.512128 0.999588
-0.592613 0.0938607 -0 0.514244 0.946918
-0.447846 0.0831647 -0 0.512128 0.999588
-0.586889 0.124747 -0 0.522561 0.949045
-0.592613 0.0938607 -0 0.514244 0.946918
-0.592613 0.0938607 -0 0.514244 0.946918
-0.586889 0.124747 -0 0.522561 0.949045
-0.790151 0.125148 -0 0.521155 0.878876
-0.586889 0.124747 -0 0.522561 0.949045
-0.782518 0.166329 -0 0.531734 0.881533
-0.790151 0.125148 -0 0.521155 0.878876
-0.790151 0.125148 -0 0.521155 0.878876
-0.782518 0.166329 -0 0.531734 0.881533
-0.987688 0.156434 -0 0.52638 0.817669
-0.782518 0.166329 -0 0.531734 0.881533
-0.978148 0.207912 -0 0.539288 0.818756
-0.987688 0.156434 -0 0.52638 0.817669
-0.987688 0.156434 -0 0.52638 0.817669
-0.978148 0.207912 -0 0.539288 0.818756
-1.18523 0.187721 -0 0.531348 0.762178
-0.978148 0.207912 -0 0.539288 0.818756
-1.17378 0.249494 -0 0.544765 0.763561
-1.18523 0.187721 -0 0.531348 0.762178
-1.18523 0.187721 -0 0.531348 0.762178
-1.17378 0.249494 -0 0.544765 0.763561
-1.38276 0.219008 -0 0.534301 0.713047
-1.17378 0.249494 -0 0.544765 0.763561
-1.36941 0.291076 -0 0.549803 0.714616
-1.38276 0.219008 -0 0.534301 0.713047
-1.38276 0.219008 -0 0.534301 0.713047
-1.36941 0.291076 -0 0.549803 0.714616
-1.5803 0.250295 -0 0.536928 0.6709
-1.36941 0.291076 -0 0.549803 0.714616
-1.56504 0.332659 -0 0.552698 0.672755
-1.5803 0.250295 -0 0.536928 0.6709
-1.5803 0.250295 -0 0.536928 0.6709
-1.56504 0.332659 -0 0.552698 0.672755
-1.77784 0.281582 -0 0.539349 0.632249
-1.56504 0.332659 -0 0.552698 0.672755
-1.76067 0.374241 -0 0.555248 0.63715
-1.77784 0.281582 -0 0.539349 0.632249
-1.77784 0.281582 -0 0.539349 0.632249
-1.76067 0.374241 -0 0.555248 0.63715
-1.97538 0.312869 -0 0.541549 0.600936
-1.76067 0.374241 -0 0.555248 0.63715
-1.9563 0.415823 -0 0.557605 0.603267
-1.97538 0.312869 -0 0.541549 0.600936
-1.97538 0.312869 -0 0.541549 0.600936
-1.9563 0.415823 -0 0.557605 0.603267
-2.17291 0.344156 -0 0.543609 0.574851
-1.9563 0.415823 -0 0.557605 0.603267
-2.15192 0.457406 -0 0.559716 0.577355
-2.17291 0.344156 -0 0.543609 0.574851
-2.17291 0.344156 -0 0.543609 0.574851
-2.15192 0.457406 -0 0.559716 0.577355
-2.5721 0.407381 0.04 0.545692 0.519019
-2.15192 0.457406 -0 0.559716 0.577355
-2.54726 0.541436 0.04 0.563642 0.521884
-2.5721 0.407381 0.04 0.545692 0.519019
-2.5721 0.407381 0.04 0.545692 0.519019
-2.54726 0.541436 0.04 0.563642 0.521884
-2.76964 0.438668 0.16 0.547461 0.480678
-2.54726 0.541436 0.04 0.563642 0.521884
-2.74289 0.583018 0.16 0.565376 0.483806
-2.76964 0.438668 0.16 0.547461 0.480678
-2.76964 0.438668 0.16 0.547461 0.480678
-2.74289 0.583018 0.16 0.565376 0.483806
-2.96718 0.469955 0.36 0.550704 0.431154
-2.74289 0.583018 0.16 0.565376 0.483806
-2.93851 0.624601 0.36 0.568464 0.434601
-2.96718 0.469955 0.36 0.550704 0.431154
-2.96718 0.469955 0.36 0.550704 0.431154
-2.93851 0.624601 0.36 0.568464 0.434601
-3.16471 0.501242 0.64 0.553326 0.372013
-2.93851 0.624601 0.36 0.568464 0.434601
-3.13414 0.666183 0.64 0.570721 0.373046
-3.16471 0.501242 0.64 0.553326 0.372013
-3.16471 0.501242 0.64 0.553326 0.372013
-3.13414 0.666183 0.64 0.570721 0.373046
-3.36225 0.532528 1 0.554947 0.303562
-3.13414 0.666183 0.64 0.570721 0.373046
-3.32977 0.707765 1 0.573474 0.305245
-3.36225 0.532528 1 0.554947 0.303562
-3.36225 0.532528 1 0.554947 0.303562
-3.32977 0.707765 1 0.573474 0.305245
-3.55979 0.563815 1.44 0.556798 0.228653
-3.32977 0.707765 1 0.573474 0.305245
-3.5254 0.749348 1.44 0.575993 0.23106
-3.55979 0.563815 1.44 0.556798 0.228653
-3.55979 0.563815 1.44 0.556798 0.228653
-3.5254 0.749348 1.44 0.575993 0.23106
-3.75733 0.595102 1.96 0.556807 0.151997
-3.5254 0.749348 1.44 0.575993 0.23106
-3.72103 0.79093 1.96 0.577468 0.153494
-3.75733 0.595102 1.96 0.556807 0.151997
-3.75733 0.595102 1.96 0.556807 0.151997
-3.72103 0.79093 1.96 0.577468 0.153494
-3.95487 0.626389 2.56 0.557469 0.0767137
-3.72103 0.79093 1.96 0.577468 0.153494
-3.91666 0.832512 2.56 0.577503 0.0790777
-3.95487 0.626389 2.56 0.557469 0.0767137
-0.447846 0.0209057 -0 0.494047 1.00019
-0.447846 0.0312869 -0 0.496633 1.00016
-0.447846 0.0418114 -0 0.500512 1.00007
-0.447846 0.0312869 -0 0.496633 1.00016
-0.447846 0.0625738 -0 0.505678 0.999899
-0.447846 0.0418114 -0 0.500512 1.00007
-0.447846 0.0418114 -0 0.500512 1.00007
-0.447846 0.0625738 -0 0.505678 0.999899
-0.596713 0.0627171 -0 0.505798 0.94596
-0.447846 0.0625738 -0 0.505678 0.999899
-0.592613 0.0938607 -0 0.514244 0.946918
-0.596713 0.0627171 -0 0.505798 0.94596
-0.596713 0.0627171 -0 0.505798 0.94596
-0.592613 0.0938607 -0 0.514244 0.946918
-0.795618 0.0836228 -0 0.51039 0.8777
-0.592613 0.0938607 -0 0.514244 0.946918
-0.790151 0.125148 -0 0.521155 0.878876
-0.795618 0.0836228 -0 0.51039 0.8777
-0.795618 0.0836228 -0 0.51039 0.8777
-0.790151 0.125148 -0 0.521155 0.878876
-0.994522 0.104528 -0 0.514965 0.816203
-0.790151 0.125148 -0 0.521155 0.878876
-0.987688 0.156434 -0 0.52638 0.817669
-0.994522 0.104528 -0 0.514965 0.816203
-0.994522 0.104528 -0 0.514965 0.816203
-0.987688 0.156434 -0 0.52638 0.817669
-1.19343 0.125434 -0 0.517758 0.760511
-0.987688 0.156434 -0 0.52638 0.817669
-1.18523 0.187721 -0 0.531348 0.762178
-1.19343 0.125434 -0 0.517758 0.760511
-1.19343 0.125434 -0 0.517758 0.760511
-1.18523 0.187721 -0 0.531348 0.762178
-1.39233 0.14634 -0 0.520331 0.711106
-1.18523 0.187721 -0 0.531348 0.762178
-1.38276 0.219008 -0 0.534301 0.713047
-1.39233 0.14634 -0 0.520331 0.711106
-1.39233 0.14634 -0 0.520331 0.711106
-1.38276 0.219008 -0 0.534301 0.713047
-1.59124 0.167246 -0 0.522706 0.668729
-1.38276 0.219008 -0 0.534301 0.713047
-1.5803 0.250295 -0 0.536928 0.6709
-1.59124 0.167246 -0 0.522706 0.668729
-1.59124 0.167246 -0 0.522706 0.668729
-1.5803 0.250295 -0 0.536928 0.6709
-1.79014 0.188151 -0 0.524926 0.632691
-1.5803 0.250295 -0 0.536928 0.6709
-1.77784 0.281582 -0 0.539349 0.632249
-1.79014 0.188151 -0 0.524926 0.632691
-1.79014 0.188151 -0 0.524926 0.632691
-1.77784 0.281582 -0 0.539349 0.632249
-1.98904 0.209057 -0 0.525232 0.598435
-1.77784 0.281582 -0 0.539349 0.632249
-1.97538 0.312869 -0 0.541549 0.600936
-1.98904 0.209057 -0 0.525232 0.598435
-1.98904 0.209057 -0 0.525232 0.598435
-1.97538 0.312869 -0 0.541549 0.600936
-2.18795 0.229963 -0 0.527234 0.572215
-1.97538 0.312869 -0 0.541549 0.600936
-2.17291 0.344156 -0 0.543609 0.574851
-2.18795 0.229963 -0 0.527234 0.572215
-2.18795 0.229963 -0 0.527234 0.572215
-2.17291 0.344156 -0 0.543609 0.574851
-2.5899 0.272209 0.04 0.529248 0.519064
-2.17291 0.344156 -0 0.543609 0.574851
-2.5721 0.407381 0.04 0.545692 0.519019
-2.5899 0.272209 0.04 0.529248 0.519064
-2.5899 0.272209 0.04 0.529248 0.519064
-2.5721 0.407381 0.04 0.545692 0.519019
-2.7888 0.293115 0.16 0.529214 0.47757
-2.5721 0.407381 0.04 0.545692 0.519019
-2.76964 0.438668 0.16 0.547461 0.480678
-2.7888 0.293115 0.16 0.529214 0.47757
-2.7888 0.293115 0.16 0.529214 0.47757
-2.76964 0.438668 0.16 0.547461 0.480678
-2.98771 0.314021 0.36 0.53079 0.427784
-2.76964 0.438668 0.16 0.547461 0.480678
-2.96718 0.469955 0.36 0.550704 0.431154
-2.98771 0.314021 0.36 0.53079 0.427784
-2.98771 0.314021 0.36 0.53079 0.427784
-2.96718 0.469955 0.36 0.550704 0.431154
-3.18661 0.334926 0.64 0.533751 0.368394
-2.96718 0.469955 0.36 0.550704 0.431154
-3.16471 0.501242 0.64 0.553326 0.372013
-3.18661 0.334926 0.64 0.533751 0.368394
-3.18661 0.334926 0.64 0.533751 0.368394
-3.16471 0.501242 0.64 0.553326 0.372013
-3.38551 0.355832 1 0.534281 0.302191
-3.16471 0.501242 0.64 0.553326 0.372013
-3.36225 0.532528 1 0.554947 0.303562
-3.38551 0.355832 1 0.534281 0.302191
-3.38551 0.355832 1 0.534281 0.302191
-3.36225 0.532528 1 0.554947 0.303562
-3.58442 0.376738 1.44 0.537165 0.226829
-3.36225 0.532528 1 0.554947 0.303562
-3.55979 0.563815 1.44 0.556798 0.228653
-3.58442 0.376738 1.44 0.537165 0.226829
-3.58442 0.376738 1.44 0.537165 0.226829
-3.55979 0.563815 1.44 0.556798 0.228653
-3.78332 0.397643 1.96 0.537015 0.149722
-3.55979 0.563815 1.44 0.556798 0.228653
-3.75733 0.595102 1.96 0.556807 0.151997
-3.78332 0.397643 1.96 0.537015 0.149722
-3.78332 0.397643 1.96 0.537015 0.149722
-3.75733 0.595102 1.96 0.556807 0.151997
-3.98223 0.418549 2.56 0.536897 0.075284
-3.75733 0.595102 1.96 0.556807 0.151997
-3.95487 0.626389 2.56 0.557469 0.0767137
-3.98223 0.418549 2.56 0.536897 0.075284
-0.447846 0.0104672 -0 0.491463 0.999152
-0.447846 0.0209057 -0 0.494047 1.00019
-0.447846 0.0209344 -0 0.494047 1.00019
-0.447846 0.0209057 -0 0.494047 1.00019
-0.447846 0.0418114 -0 0.500512 1.00007
-0.447846 0.0209344 -0 0.494047 1.00019
-0.447846 0.0209344 -0 0.494047 1.00019
-0.447846 0.0418114 -0 0.500512 1.00007
-0.599178 0.0314016 -0 0.497298 0.944825
-0.447846 0.0418114 -0 0.500512 1.00007
-0.596713 0.0627171 -0 0.505798 0.94596
-0.599178 0.0314016 -0 0.497298 0.944825
-0.599178 0.0314016 -0 0.497298 0.944825
-0.596713 0.0627171 -0 0.505798 0.94596
-0.798904 0.0418688 -0 0.5011 0.876242
-0.596713 0.0627171 -0 0.505798 0.94596
-0.795618 0.0836228 -0 0.51039 0.8777
-0.798904 0.0418688 -0 0.5011 0.876242
-0.798904 0.0418688 -0 0.5011 0.876242
-0.795618 0.0836228 -0 0.51039 0.8777
-0.99863 0.052336 -0 0.503453 0.814494
-0.795618 0.0836228 -0 0.51039 0.8777
-0.994522 0.104528 -0 0.514965 0.816203
-0.99863 0.052336 -0 0.503453 0.814494
-0.99863 0.052336 -0 0.503453 0.814494
-0.994522 0.104528 -0 0.514965 0.816203
-1.19836 0.0628031 -0 0.504035 0.758558
-0.994522 0.104528 -0 0.514965 0.816203
-1.19343 0.125434 -0 0.517758 0.760511
-1.19836 0.0628031 -0 0.504035 0.758558
-1.19836 0.0628031 -0 0.504035 0.758558
-1.19343 0.125434 -0 0.517758 0.760511
-1.39808 0.0732703 -0 0.50622 0.708914
-1.19343 0.125434 -0 0.517758 0.760511
-1.39233 0.14634 -0 0.520331 0.711106
-1.39808 0.0732703 -0 0.50622 0.708914
-1.39808 0.0732703 -0 0.50622 0.708914
-1.39233 0.14634 -0 0.520331 0.711106
-1.59781 0.0837375 -0 0.508337 0.666346
-1.39233 0.14634 -0 0.520331 0.711106
-1.59124 0.167246 -0 0.522706 0.668729
-1.59781 0.0837375 -0 0.508337 0.666346
-1.59781 0.0837375 -0 0.508337 0.666346
-1.59124 0.167246 -0 0.522706 0.668729
-1.79753 0.0942047 -0 0.508564 0.630183
-1.59124 0.167246 -0 0.522706 0.668729
-1.79014 0.188151 -0 0.524926 0.632691
-1.79753 0.0942047 -0 0.508564 0.630183
-1.79753 0.0942047 -0 0.508564 0.630183
-1.79014 0.188151 -0 0.524926 0.632691
-1.99726 0.104672 -0 0.508715 0.59867
-1.79014 0.188151 -0 0.524926 0.632691
-1.98904 0.209057 -0 0.525232 0.598435
-1.99726 0.104672 -0 0.508715 0.59867
-1.99726 0.104672 -0 0.508715 0.59867
-1.98904 0.209057 -0 0.525232 0.598435
-2.19699 0.115139 -0 0.510665 0.569455
-1.98904 0.209057 -0 0.525232 0.598435
-2.18795 0.229963 -0 0.527234 0.572215
-2.19699 0.115139 -0 0.510665 0.569455
-2.19699 0.115139 -0 0.510665 0.569455
-2.18795 0.229963 -0 0.527234 0.572215
-2.60059 0.136291 0.04 0.51076 0.516121
-2.18795 0.229963 -0 0.527234 0.572215
-2.5899 0.272209 0.04 0.529248 0.519064
-2.60059 0.136291 0.04 0.51076 0.516121
-2.60059 0.136291 0.04 0.51076 0.516121
-2.5899 0.272209 0.04 0.529248 0.519064
-2.80032 0.146759 0.16 0.512599 0.477476
-2.5899 0.272209 0.04 0.529248 0.519064
-2.7888 0.293115 0.16 0.529214 0.47757
-2.80032 0.146759 0.16 0.512599 0.477476
-2.80032 0.146759 0.16 0.512599 0.477476
-2.7888 0.293115 0.16 0.529214 0.47757
-3.00005 0.157226 0.36 0.512461 0.427507
-2.7888 0.293115 0.16 0.529214 0.47757
-2.98771 0.314021 0.36 0.53079 0.427784
-3.00005 0.157226 0.36 0.512461 0.427507
-3.00005 0.157226 0.36 0.512461 0.427507
-2.98771 0.314021 0.36 0.53079 0.427784
-3.19977 0.167693 0.64 0.513936 0.36784
-2.98771 0.314021 0.36 0.53079 0.427784
-3.18661 0.334926 0.64 0.533751 0.368394
-3.19977 0.167693 0.64 0.513936 0.36784
-3.19977 0.167693 0.64 0.513936 0.36784
-3.18661 0.334926 0.64 0.533751 0.368394
-3.3995 0.17816 1 0.515006 0.298853
-3.18661 0.334926 0.64 0.533751 0.368394
-3.38551 0.355832 1 0.534281 0.302191
-3.3995 0.17816 1 0.515006 0.298853
-3.3995 0.17816 1 0.515006 0.298853
-3.38551 0.355832 1 0.534281 0.302191
-3.59922 0.188627 1.44 0.515542 0.225558
-3.38551 0.355832 1 0.534281 0.302191
-3.58442 0.376738 1.44 0.537165 0.226829
-3.59922 0.188627 1.44 0.515542 0.225558
-3.59922 0.188627 1.44 0.515542 0.225558
-3.58442 0.376738 1.44 0.537165 0.226829
-3.79895 0.199095 1.96 0.51691 0.148233
-3.58442 0.376738 1.44 0.537165 0.226829
-3.78332 0.397643 1.96 0.537015 0.149722
-3.79895 0.199095 1.96 0.51691 0.148233
-3.79895 0.199095 1.96 0.51691 0.148233
-3.78332 0.397643 1.96 0.537015 0.149722
-3.99868 0.209562 2.56 0.517269 0.0735864
-3.78332 0.397643 1.96 0.537015 0.149722
-3.98223 0.418549 2.56 0.536897 0.075284
-3.99868 0.209562 2.56 0.517269 0.0735864
-0.447846 1.22465e-17 -0 0.488871 0.999152
-0.447846 0.0104672 -0 0.491463 0.999152
-0.447846 2.44929e-17 -0 0.488871 0.999152
-0.447846 0.0104672 -0 0.491463 0.999152
-0.447846 0.0209344 -0 0.494047 1.00019
-0.447846 2.44929e-17 -0 0.488871 0.999152
-0.447846 2.44929e-17 -0 0.488871 0.999152
-0.447846 0.0209344 -0 0.494047 1.00019
-0.6 3.67394e-17 -0 0.488756 0.944884
-0.447846 0.0209344 -0 0.494047 1.00019
-0.599178 0.0314016 -0 0.497298 0.944825
-0.6 3.67394e-17 -0 0.488756 0.944884
-0.6 3.67394e-17 -0 0.488756 0.944884
-0.599178 0.0314016 -0 0.497298 0.944825
-0.8 4.89859e-17 -0 0.490196 0.876365
-0.599178 0.0314016 -0 0.497298 0.944825
-0.798904 0.0418688 -0 0.5011 0.876242
-0.8 4.89859e-17 -0 0.490196 0.876365
-0.8 4.89859e-17 -0 0.490196 0.876365
-0.798904 0.0418688 -0 0.5011 0.876242
-1 6.12323e-17 -0 0.49021 0.814649
-0.798904 0.0418688 -0 0.5011 0.876242
-0.99863 0.052336 -0 0.503453 0.814494
-1 6.12323e-17 -0 0.49021 0.814649
-1 6.12323e-17 -0 0.49021 0.814649
-0.99863 0.052336 -0 0.503453 0.814494
-1.2 7.34788e-17 -0 0.491951 0.758695
-0.99863 0.052336 -0 0.503453 0.814494
-1.19836 0.0628031 -0 0.504035 0.758558
-1.2 7.34788e-17 -0 0.491951 0.758695
-1.2 7.34788e-17 -0 0.491951 0.758695
-1.19836 0.0628031 -0 0.504035 0.758558
-1.4 8.57253e-17 -0 0.492012 0.709064
-1.19836 0.0628031 -0 0.504035 0.758558
-1.39808 0.0732703 -0 0.50622 0.708914
-1.4 8.57253e-17 -0 0.492012 0.709064
-1.4 8.57253e-17 -0 0.492012 0.709064
-1.39808 0.0732703 -0 0.50622 0.708914
-1.6 9.79717e-17 -0 0.492056 0.666499
-1.39808 0.0732703 -0 0.50622 0.708914
-1.59781 0.0837375 -0 0.508337 0.666346
-1.6 9.79717e-17 -0 0.492056 0.666499
-1.6 9.79717e-17 -0 0.492056 0.666499
-1.59781 0.0837375 -0 0.508337 0.666346
-1.8 1.10218e-16 -0 0.492086 0.630305
-1.59781 0.0837375 -0 0.508337 0.666346
-1.79753 0.0942047 -0 0.508564 0.630183
-1.8 1.10218e-16 -0 0.492086 0.630305
-1.8 1.10218e-16 -0 0.492086 0.630305
-1.79753 0.0942047 -0 0.508564 0.630183
-2 1.22465e-16 -0 0.493955 0.598759
-1.79753 0.0942047 -0 0.508564 0.630183
-1.99726 0.104672 -0 0.508715 0.59867
-2 1.22465e-16 -0 0.493955 0.598759
-2 1.22465e-16 -0 0.493955 0.598759
-1.99726 0.104672 -0 0.508715 0.59867
-2.2 1.34711e-16 -0 0.493981 0.569529
-1.99726 0.104672 -0 0.508715 0.59867
-2.19699 0.115139 -0 0.510665 0.569455
-2.2 1.34711e-16 -0 0.493981 0.569529
-2.2 1.34711e-16 -0 0.493981 0.569529
-2.19699 0.115139 -0 0.510665 0.569455
-2.60416 1.59459e-16 0.04 0.494008 0.516132
-2.19699 0.115139 -0 0.510665 0.569455
-2.60059 0.136291 0.04 0.51076 0.516121
-2.60416 1.59459e-16 0.04 0.494008 0.516132
-2.60416 1.59459e-16 0.04 0.494008 0.516132
-2.60059 0.136291 0.04 0.51076 0.516121
-2.80416 1.71705e-16 0.16 0.494013 0.477434
-2.60059 0.136291 0.04 0.51076 0.516121
-2.80032 0.146759 0.16 0.512599 0.477476
-2.80416 1.71705e-16 0.16 0.494013 0.477434
-2.80416 1.71705e-16 0.16 0.494013 0.477434
-2.80032 0.146759 0.16 0.512599 0.477476
-3.00416 1.83952e-16 0.36 0.493999 0.427395
-2.80032 0.146759 0.16 0.512599 0.477476
-3.00005 0.157226 0.36 0.512461 0.427507
-3.00416 1.83952e-16 0.36 0.493999 0.427395
-3.00416 1.83952e-16 0.36 0.493999 0.427395
-3.00005 0.157226 0.36 0.512461 0.427507
-3.20416 1.96198e-16 0.64 0.495774 0.367622
-3.00005 0.157226 0.36 0.512461 0.427507
-3.19977 0.167693 0.64 0.513936 0.36784
-3.20416 1.96198e-16 0.64 0.495774 0.367622
-3.20416 1.96198e-16 0.64 0.495774 0.367622
-3.19977 0.167693 0.64 0.513936 0.36784
-3.40416 2.08445e-16 1 0.495627 0.298499
-3.19977 0.167693 0.64 0.513936 0.36784
-3.3995 0.17816 1 0.515006 0.298853
-3.40416 2.08445e-16 1 0.495627 0.298499
-3.40416 2.08445e-16 1 0.495627 0.298499
-3.3995 0.17816 1 0.515006 0.298853
-3.60416 2.20691e-16 1.44 0.495395 0.225065
-3.3995 0.17816 1 0.515006 0.298853
-3.59922 0.188627 1.44 0.515542 0.225558
-3.60416 2.20691e-16 1.44 0.495395 0.225065
-3.60416 2.20691e-16 1.44 0.495395 0.225065
-3.59922 0.188627 1.44 0.515542 0.225558
-3.80416 2.32938e-16 1.96 0.496623 0.147564
-3.59922 0.188627 1.44 0.515542 0.225558
-3.79895 0.199095 1.96 0.51691 0.148233
-3.80416 2.32938e-16 1.96 0.496623 0.147564
-3.80416 2.32938e-16 1.96 0.496623 0.147564
-3.79895 0.199095 1.96 0.51691 0.148233
-4.00416 2.45184e-16 2.56 0.497486 0.0741538
-3.79895 0.199095 1.96 0.51691 0.148233
-3.99868 0.209562 2.56 0.517269 0.0735864
-4.00416 2.45184e-16 2.56 0.497486 0.0741538
-0.447846 -0.0104672 -0 0.484983 0.999121
-0.447846 1.22465e-17 -0 0.488871 0.999152
-0.447846 -0.0209344 -0 0.482392 0.999079
-0.447846 1.22465e-17 -0 0.488871 0.999152
-0.447846 2.44929e-17 -0 0.488871 0.999152
-0.447846 -0.0209344 -0 0.482392 0.999079
-0.447846 -0.0209344 -0 0.482392 0.999079
-0.447846 2.44929e-17 -0 0.488871 0.999152
-0.599178 -0.0314016 -0 0.480216 0.944772
-0.447846 2.44929e-17 -0 0.488871 0.999152
-0.6 3.67394e-17 -0 0.488756 0.944884
-0.599178 -0.0314016 -0 0.480216 0.944772
-0.599178 -0.0314016 -0 0.480216 0.944772
-0.6 3.67394e-17 -0 0.488756 0.944884
-0.798904 -0.0418688 -0 0.479291 0.876247
-0.6 3.67394e-17 -0 0.488756 0.944884
-0.8 4.89859e-17 -0 0.490196 0.876365
-0.798904 -0.0418688 -0 0.479291 0.876247
-0.798904 -0.0418688 -0 0.479291 0.876247
-0.8 4.89859e-17 -0 0.490196 0.876365
-0.99863 -0.052336 -0 0.478621 0.814535
-0.8 4.89859e-17 -0 0.490196 0.876365
-1 6.12323e-17 -0 0.49021 0.814649
-0.99863 -0.052336 -0 0.478621 0.814535
-0.99863 -0.052336 -0 0.478621 0.814535
-1 6.12323e-17 -0 0.49021 0.814649
-1.19836 -0.0628031 -0 0.478137 0.758596
-1 6.12323e-17 -0 0.49021 0.814649
-1.2 7.34788e-17 -0 0.491951 0.758695
-1.19836 -0.0628031 -0 0.478137 0.758596
-1.19836 -0.0628031 -0 0.478137 0.758596
-1.2 7.34788e-17 -0 0.491951 0.758695
-1.39808 -0.0732703 -0 0.477799 0.708979
-1.2 7.34788e-17 -0 0.491951 0.758695
-1.4 8.57253e-17 -0 0.492012 0.709064
-1.39808 -0.0732703 -0 0.477799 0.708979
-1.39808 -0.0732703 -0 0.477799 0.708979
-1.4 8.57253e-17 -0 0.492012 0.709064
-1.59781 -0.0837375 -0 0.477574 0.66643
-1.4 8.57253e-17 -0 0.492012 0.709064
-1.6 9.79717e-17 -0 0.492056 0.666499
-1.59781 -0.0837375 -0 0.477574 0.66643
-1.59781 -0.0837375 -0 0.477574 0.66643
-1.6 9.79717e-17 -0 0.492056 0.666499
-1.79753 -0.0942047 -0 0.477429 0.630251
-1.6 9.79717e-17 -0 0.492056 0.666499
-1.8 1.10218e-16 -0 0.492086 0.630305
-1.79753 -0.0942047 -0 0.477429 0.630251
-1.79753 -0.0942047 -0 0.477429 0.630251
-1.8 1.10218e-16 -0 0.492086 0.630305
-1.99726 -0.104672 -0 0.477336 0.598723
-1.8 1.10218e-16 -0 0.492086 0.630305
-2 1.22465e-16 -0 0.493955 0.598759
-1.99726 -0.104672 -0 0.477336 0.598723
-1.99726 -0.104672 -0 0.477336 0.598723
-2 1.22465e-16 -0 0.493955 0.598759
-2.19699 -0.115139 -0 0.477278 0.569506
-2 1.22465e-16 -0 0.493955 0.598759
-2.2 1.34711e-16 -0 0.493981 0.569529
-2.19699 -0.115139 -0 0.477278 0.569506
-2.19699 -0.115139 -0 0.477278 0.569506
-2.2 1.34711e-16 -0 0.493981 0.569529
-2.60059 -0.136291 0.04 0.477238 0.516133
-2.2 1.34711e-16 -0 0.493981 0.569529
-2.60416 1.59459e-16 0.04 0.494008 0.516132
-2.60059 -0.136291 0.04 0.477238 0.516133
-2.60059 -0.136291 0.04 0.477238 0.516133
-2.60416 1.59459e-16 0.04 0.494008 0.516132
-2.80032 -0.146759 0.16 0.477262 0.477452
-2.60416 1.59459e-16 0.04 0.494008 0.516132
-2.80416 1.71705e-16 0.16 0.494013 0.477434
-2.80032 -0.146759 0.16 0.477262 0.477452
-2.80032 -0.146759 0.16 0.477262 0.477452
-2.80416 1.71705e-16 0.16 0.494013 0.477434
-3.00005 -0.157226 0.36 0.475515 0.427449
-2.80416 1.71705e-16 0.16 0.494013 0.477434
-3.00416 1.83952e-16 0.36 0.493999 0.427395
-3.00005 -0.157226 0.36 0.475515 0.427449
-3.00005 -0.157226 0.36 0.475515 0.427449
-3.00416 1.83952e-16 0.36 0.493999 0.427395
-3.19977 -0.167693 0.64 0.475764 0.367703
-3.00416 1.83952e-16 0.36 0.493999 0.427395
-3.20416 1.96198e-16 0.64 0.495774 0.367622
-3.19977 -0.167693 0.64 0.475764 0.367703
-3.19977 -0.167693 0.64 0.475764 0.367703
-3.20416 1.96198e-16 0.64 0.495774 0.367622
-3.3995 -0.17816 1 0.476214 0.298609
-3.20416 1.96198e-16 0.64 0.495774 0.367622
-3.40416 2.08445e-16 1 0.495627 0.298499
-3.3995 -0.17816 1 0.476214 0.298609
-3.3995 -0.17816 1 0.476214 0.298609
-3.40416 2.08445e-16 1 0.495627 0.298499
-3.59922 -0.188627 1.44 0.476894 0.225196
-3.40416 2.08445e-16 1 0.495627 0.298499
-3.60416 2.20691e-16 1.44 0.495395 0.225065
-3.59922 -0.188627 1.44 0.476894 0.225196
-3.59922 -0.188627 1.44 0.476894 0.225196
-3.60416 2.20691e-16 1.44 0.495395 0.225065
-3.79895 -0.199095 1.96 0.476293 0.147729
-3.60416 2.20691e-16 1.44 0.495395 0.225065
-3.80416 2.32938e-16 1.96 0.496623 0.147564
-3.79895 -0.199095 1.96 0.476293 0.147729
-3.79895 -0.199095 1.96 0.476293 0.147729
-3.80416 2.32938e-16 1.96 0.496623 0.147564
-3.99868 -0.209562 2.56 0.477629 0.0729349
-3.80416 2.32938e-16 1.96 0.496623 0.147564
-4.00416 2.45184e-16 2.56 0.497486 0.0741538
-3.99868 -0.209562 2.56 0.477629 0.0729349
-0.447846 -0.0209057 -0 0.482392 0.999079
-0.447846 -0.0104672 -0 0.484983 0.999121
-0.447846 -0.0418114 -0 0.477212 0.998943
-0.447846 -0.0104672 -0 0.484983 0.999121
-0.447846 -0.0209344 -0 0.482392 0.999079
-0.447846 -0.0418114 -0 0.477212 0.998943
-0.447846 -0.0418114 -0 0.477212 0.998943
-0.447846 -0.0209344 -0 0.482392 0.999079
-0.596713 -0.0627171 -0 0.471727 0.945854
-0.447846 -0.0209344 -0 0.482392 0.999079
-0.599178 -0.0314016 -0 0.480216 0.944772
-0.596713 -0.0627171 -0 0.471727 0.945854
-0.596713 -0.0627171 -0 0.471727 0.945854
-0.599178 -0.0314016 -0 0.480216 0.944772
-0.795618 -0.0836228 -0 0.470001 0.877709
-0.599178 -0.0314016 -0 0.480216 0.944772
-0.798904 -0.0418688 -0 0.479291 0.876247
-0.795618 -0.0836228 -0 0.470001 0.877709
-0.795618 -0.0836228 -0 0.470001 0.877709
-0.798904 -0.0418688 -0 0.479291 0.876247
-0.994522 -0.104528 -0 0.467059 0.814189
-0.798904 -0.0418688 -0 0.479291 0.876247
-0.99863 -0.052336 -0 0.478621 0.814535
-0.994522 -0.104528 -0 0.467059 0.814189
-0.994522 -0.104528 -0 0.467059 0.814189
-0.99863 -0.052336 -0 0.478621 0.814535
-1.19343 -0.125434 -0 0.464363 0.758223
-0.99863 -0.052336 -0 0.478621 0.814535
-1.19836 -0.0628031 -0 0.478137 0.758596
-1.19343 -0.125434 -0 0.464363 0.758223
-1.19343 -0.125434 -0 0.464363 0.758223
-1.19836 -0.0628031 -0 0.478137 0.758596
-1.39233 -0.14634 -0 0.463629 0.708661
-1.19836 -0.0628031 -0 0.478137 0.758596
-1.39808 -0.0732703 -0 0.477799 0.708979
-1.39233 -0.14634 -0 0.463629 0.708661
-1.39233 -0.14634 -0 0.463629 0.708661
-1.39808 -0.0732703 -0 0.477799 0.708979
-1.59124 -0.167246 -0 0.461341 0.666123
-1.39808 -0.0732703 -0 0.477799 0.708979
-1.59781 -0.0837375 -0 0.477574 0.66643
-1.59124 -0.167246 -0 0.461341 0.666123
-1.59124 -0.167246 -0 0.461341 0.666123
-1.59781 -0.0837375 -0 0.477574 0.66643
-1.79014 -0.188151 -0 0.461001 0.63001
-1.59781 -0.0837375 -0 0.477574 0.66643
-1.79753 -0.0942047 -0 0.477429 0.630251
-1.79014 -0.188151 -0 0.461001 0.63001
-1.79014 -0.188151 -0 0.461001 0.63001
-1.79753 -0.0942047 -0 0.477429 0.630251
-1.98904 -0.209057 -0 0.460781 0.598543
-1.79753 -0.0942047 -0 0.477429 0.630251
-1.99726 -0.104672 -0 0.477336 0.598723
-1.98904 -0.209057 -0 0.460781 0.598543
-1.98904 -0.209057 -0 0.460781 0.598543
-1.99726 -0.104672 -0 0.477336 0.598723
-2.18795 -0.229963 -0 0.460639 0.569386
-1.99726 -0.104672 -0 0.477336 0.598723
-2.19699 -0.115139 -0 0.477278 0.569506
-2.18795 -0.229963 -0 0.460639 0.569386
-2.18795 -0.229963 -0 0.460639 0.569386
-2.19699 -0.115139 -0 0.477278 0.569506
-2.5899 -0.272209 0.04 0.458683 0.516123
-2.19699 -0.115139 -0 0.477278 0.569506
-2.60059 -0.136291 0.04 0.477238 0.516133
-2.5899 -0.272209 0.04 0.458683 0.516123
-2.5899 -0.272209 0.04 0.458683 0.516123
-2.60059 -0.136291 0.04 0.477238 0.516133
-2.7888 -0.293115 0.16 0.45873 0.477536
-2.60059 -0.136291 0.04 0.477238 0.516133
-2.80032 -0.146759 0.16 0.477262 0.477452
-2.7888 -0.293115 0.16 0.45873 0.477536
-2.7888 -0.293115 0.16 0.45873 0.477536
-2.80032 -0.146759 0.16 0.477262 0.477452
-2.98771 -0.314021 0.36 0.457119 0.427669
-2.80032 -0.146759 0.16 0.477262 0.477452
-3.00005 -0.157226 0.36 0.475515 0.427449
-2.98771 -0.314021 0.36 0.457119 0.427669
-2.98771 -0.314021 0.36 0.457119 0.427669
-3.00005 -0.157226 0.36 0.475515 0.427449
-3.18661 -0.334926 0.64 0.457658 0.368066
-3.00005 -0.157226 0.36 0.475515 0.427449
-3.19977 -0.167693 0.64 0.475764 0.367703
-3.18661 -0.334926 0.64 0.457658 0.368066
-3.18661 -0.334926 0.64 0.457658 0.368066
-3.19977 -0.167693 0.64 0.475764 0.367703
-3.38551 -0.355832 1 0.456893 0.299181
-3.19977 -0.167693 0.64 0.475764 0.367703
-3.3995 -0.17816 1 0.476214 0.298609
-3.38551 -0.355832 1 0.456893 0.299181
-3.38551 -0.355832 1 0.456893 0.299181
-3.3995 -0.17816 1 0.476214 0.298609
-3.58442 -0.376738 1.44 0.456803 0.225973
-3.3995 -0.17816 1 0.476214 0.298609
-3.59922 -0.188627 1.44 0.476894 0.225196
-3.58442 -0.376738 1.44 0.456803 0.225973
-3.58442 -0.376738 1.44 0.456803 0.225973
-3.59922 -0.188627 1.44 0.476894 0.225196
-3.78332 -0.397643 1.96 0.45606 0.148726
-3.59922 -0.188627 1.44 0.476894 0.225196
-3.79895 -0.199095 1.96 0.476293 0.147729
-3.78332 -0.397643 1.96 0.45606 0.148726
-3.78332 -0.397643 1.96 0.45606 0.148726
-3.79895 -0.199095 1.96 0.476293 0.147729
-3.98223 -0.418549 2.56 0.456461 0.0741054
-3.79895 -0.199095 1.96 0.476293 0.147729
-3.99868 -0.209562 2.56 0.477629 0.0729349
-3.98223 -0.418549 2.56 0.456461 0.0741054
-0.447846 -0.0312869 -0 0.479801 0.999019
-0.447846 -0.0209057 -0 0.482392 0.999079
-0.447846 -0.0625738 -0 0.470745 0.998677
-0.447846 -0.0209057 -0 0.482392 0.999079
-0.447846 -0.0418114 -0 0.477212 0.998943
-0.447846 -0.0625738 -0 0.470745 0.998677
-0.447846 -0.0625738 -0 0.470745 0.998677
-0.447846 -0.0418114 -0 0.477212 0.998943
-0.592613 -0.0938607 -0 0.464651 0.945489
-0.447846 -0.0418114 -0 0.477212 0.998943
-0.596713 -0.0627171 -0 0.471727 0.945854
-0.592613 -0.0938607 -0 0.464651 0.945489
-0.592613 -0.0938607 -0 0.464651 0.945489
-0.596713 -0.0627171 -0 0.471727 0.945854
-0.790151 -0.125148 -0 0.459236 0.87889
-0.596713 -0.0627171 -0 0.471727 0.945854
-0.795618 -0.0836228 -0 0.470001 0.877709
-0.790151 -0.125148 -0 0.459236 0.87889
-0.790151 -0.125148 -0 0.459236 0.87889
-0.795618 -0.0836228 -0 0.470001 0.877709
-0.987688 -0.156434 -0 0.453975 0.815605
-0.795618 -0.0836228 -0 0.470001 0.877709
-0.994522 -0.104528 -0 0.467059 0.814189
-0.987688 -0.156434 -0 0.453975 0.815605
-0.987688 -0.156434 -0 0.453975 0.815605
-0.994522 -0.104528 -0 0.467059 0.814189
-1.18523 -0.187721 -0 0.450734 0.759945
-0.994522 -0.104528 -0 0.467059 0.814189
-1.19343 -0.125434 -0 0.464363 0.758223
-1.18523 -0.187721 -0 0.450734 0.759945
-1.18523 -0.187721 -0 0.450734 0.759945
-1.19343 -0.125434 -0 0.464363 0.758223
-1.38276 -0.219008 -0 0.449605 0.710683
-1.19343 -0.125434 -0 0.464363 0.758223
-1.39233 -0.14634 -0 0.463629 0.708661
-1.38276 -0.219008 -0 0.449605 0.710683
-1.38276 -0.219008 -0 0.449605 0.710683
-1.39233 -0.14634 -0 0.463629 0.708661
-1.5803 -0.250295 -0 0.447066 0.668366
-1.39233 -0.14634 -0 0.463629 0.708661
-1.59124 -0.167246 -0 0.461341 0.666123
-1.5803 -0.250295 -0 0.447066 0.668366
-1.5803 -0.250295 -0 0.447066 0.668366
-1.59124 -0.167246 -0 0.461341 0.666123
-1.77784 -0.281582 -0 0.446547 0.632452
-1.59124 -0.167246 -0 0.461341 0.666123
-1.79014 -0.188151 -0 0.461001 0.63001
-1.77784 -0.281582 -0 0.446547 0.632452
-1.77784 -0.281582 -0 0.446547 0.632452
-1.79014 -0.188151 -0 0.461001 0.63001
-1.97538 -0.312869 -0 0.444367 0.598222
-1.79014 -0.188151 -0 0.461001 0.63001
-1.98904 -0.209057 -0 0.460781 0.598543
-1.97538 -0.312869 -0 0.444367 0.598222
-1.97538 -0.312869 -0 0.444367 0.598222
-1.98904 -0.209057 -0 0.460781 0.598543
-2.17291 -0.344156 -0 0.444163 0.572094
-1.98904 -0.209057 -0 0.460781 0.598543
-2.18795 -0.229963 -0 0.460639 0.569386
-2.17291 -0.344156 -0 0.444163 0.572094
-2.17291 -0.344156 -0 0.444163 0.572094
-2.18795 -0.229963 -0 0.460639 0.569386
-2.5721 -0.407381 0.04 0.442146 0.519063
-2.18795 -0.229963 -0 0.460639 0.569386
-2.5899 -0.272209 0.04 0.458683 0.516123
-2.5721 -0.407381 0.04 0.442146 0.519063
-2.5721 -0.407381 0.04 0.442146 0.519063
-2.5899 -0.272209 0.04 0.458683 0.516123
-2.76964 -0.438668 0.16 0.440388 0.477685
-2.5899 -0.272209 0.04 0.458683 0.516123
-2.7888 -0.293115 0.16 0.45873 0.477536
-2.76964 -0.438668 0.16 0.440388 0.477685
-2.76964 -0.438668 0.16 0.440388 0.477685
-2.7888 -0.293115 0.16 0.45873 0.477536
-2.96718 -0.469955 0.36 0.438922 0.428051
-2.7888 -0.293115 0.16 0.45873 0.477536
-2.98771 -0.314021 0.36 0.457119 0.427669
-2.96718 -0.469955 0.36 0.438922 0.428051
-2.96718 -0.469955 0.36 0.438922 0.428051
-2.98771 -0.314021 0.36 0.457119 0.427669
-3.16471 -0.501242 0.64 0.437961 0.368776
-2.98771 -0.314021 0.36 0.457119 0.427669
-3.18661 -0.334926 0.64 0.457658 0.368066
-3.16471 -0.501242 0.64 0.437961 0.368776
-3.16471 -0.501242 0.64 0.437961 0.368776
-3.18661 -0.334926 0.64 0.457658 0.368066
-3.36225 -0.532528 1 0.436066 0.300316
-3.18661 -0.334926 0.64 0.457658 0.368066
-3.38551 -0.355832 1 0.456893 0.299181
-3.36225 -0.532528 1 0.436066 0.300316
-3.36225 -0.532528 1 0.436066 0.300316
-3.38551 -0.355832 1 0.456893 0.299181
-3.55979 -0.563815 1.44 0.435397 0.225356
-3.38551 -0.355832 1 0.456893 0.299181
-3.58442 -0.376738 1.44 0.456803 0.225973
-3.55979 -0.563815 1.44 0.435397 0.225356
-3.55979 -0.563815 1.44 0.435397 0.225356
-3.58442 -0.376738 1.44 0.456803 0.225973
-3.75733 -0.595102 1.96 0.436165 0.148755
-3.58442 -0.376738 1.44 0.456803 0.225973
-3.78332 -0.397643 1.96 0.45606 0.148726
-3.75733 -0.595102 1.96 0.436165 0.148755
-3.75733 -0.595102 1.96 0.436165 0.148755
-3.78332 -0.397643 1.96 0.45606 0.148726
-3.95487 -0.626389 2.56 0.437032 0.0747748
-3.78332 -0.397643 1.96 0.45606 0.148726
-3.98223 -0.418549 2.56 0.456461 0.0741054
-3.95487 -0.626389 2.56 0.437032 0.0747748
-0.447846 -0.0415823 -0 0.477212 0.998943
-0.447846 -0.0312869 -0 0.479801 0.999019
-0.447846 -0.0831647 -0 0.46558 0.998387
-0.447846 -0.0312869 -0 0.479801 0.999019
-0.447846 -0.0625738 -0 0.470745 0.998677
-0.447846 -0.0831647 -0 0.46558 0.998387
-0.447846 -0.0831647 -0 0.46558 0.998387
-0.447846 -0.0625738 -0 0.470745 0.998677
-0.586889 -0.124747 -0 0.456328 0.947607
-0.447846 -0.0625738 -0 0.470745 0.998677
-0.592613 -0.0938607 -0 0.464651 0.945489
-0.586889 -0.124747 -0 0.456328 0.947607
-0.586889 -0.124747 -0 0.456328 0.947607
-0.592613 -0.0938607 -0 0.464651 0.945489
-0.782518 -0.166329 -0 0.448574 0.879825
-0.592613 -0.0938607 -0 0.464651 0.945489
-0.790151 -0.125148 -0 0.459236 0.87889
-0.782518 -0.166329 -0 0.448574 0.879825
-0.782518 -0.166329 -0 0.448574 0.879825
-0.790151 -0.125148 -0 0.459236 0.87889
-0.978148 -0.207912 -0 0.442661 0.816849
-0.790151 -0.125148 -0 0.459236 0.87889
-0.987688 -0.156434 -0 0.453975 0.815605
-0.978148 -0.207912 -0 0.442661 0.816849
-0.978148 -0.207912 -0 0.442661 0.816849
-0.987688 -0.156434 -0 0.453975 0.815605
-1.17378 -0.249494 -0 0.438956 0.761511
-0.987688 -0.156434 -0 0.453975 0.815605
-1.18523 -0.187721 -0 0.450734 0.759945
-1.17378 -0.249494 -0 0.438956 0.761511
-1.17378 -0.249494 -0 0.438956 0.761511
-1.18523 -0.187721 -0 0.450734 0.759945
-1.36941 -0.291076 -0 0.43403 0.712343
-1.18523 -0.187721 -0 0.450734 0.759945
-1.38276 -0.219008 -0 0.449605 0.710683
-1.36941 -0.291076 -0 0.43403 0.712343
-1.36941 -0.291076 -0 0.43403 0.712343
-1.38276 -0.219008 -0 0.449605 0.710683
-1.56504 -0.332659 -0 0.432975 0.670399
-1.38276 -0.219008 -0 0.449605 0.710683
-1.5803 -0.250295 -0 0.447066 0.668366
-1.56504 -0.332659 -0 0.432975 0.670399
-1.56504 -0.332659 -0 0.432975 0.670399
-1.5803 -0.250295 -0 0.447066 0.668366
-1.76067 -0.374241 -0 0.430504 0.634643
-1.5803 -0.250295 -0 0.447066 0.668366
-1.77784 -0.281582 -0 0.446547 0.632452
-1.76067 -0.374241 -0 0.430504 0.634643
-1.76067 -0.374241 -0 0.430504 0.634643
-1.77784 -0.281582 -0 0.446547 0.632452
-1.9563 -0.415823 -0 0.428209 0.600631
-1.77784 -0.281582 -0 0.446547 0.632452
-1.97538 -0.312869 -0 0.444367 0.598222
-1.9563 -0.415823 -0 0.428209 0.600631
-1.9563 -0.415823 -0 0.428209 0.600631
-1.97538 -0.312869 -0 0.444367 0.598222
-2.15192 -0.457406 -0 0.427922 0.574675
-1.97538 -0.312869 -0 0.444367 0.598222
-2.17291 -0.344156 -0 0.444163 0.572094
-2.15192 -0.457406 -0 0.427922 0.574675
-2.15192 -0.457406 -0 0.427922 0.574675
-2.17291 -0.344156 -0 0.444163 0.572094
-2.54726 -0.541436 0.04 0.424048 0.519012
-2.17291 -0.344156 -0 0.444163 0.572094
-2.5721 -0.407381 0.04 0.442146 0.519063
-2.54726 -0.541436 0.04 0.424048 0.519012
-2.54726 -0.541436 0.04 0.424048 0.519012
-2.5721 -0.407381 0.04 0.442146 0.519063
-2.74289 -0.583018 0.16 0.422328 0.480826
-2.5721 -0.407381 0.04 0.442146 0.519063
-2.76964 -0.438668 0.16 0.440388 0.477685
-2.74289 -0.583018 0.16 0.422328 0.480826
-2.74289 -0.583018 0.16 0.422328 0.480826
-2.76964 -0.438668 0.16 0.440388 0.477685
-2.93851 -0.624601 0.36 0.420986 0.431459
-2.76964 -0.438668 0.16 0.440388 0.477685
-2.96718 -0.469955 0.36 0.438922 0.428051
-2.93851 -0.624601 0.36 0.420986 0.431459
-2.93851 -0.624601 0.36 0.420986 0.431459
-2.96718 -0.469955 0.36 0.438922 0.428051
-3.13414 -0.666183 0.64 0.418621 0.369794
-2.96718 -0.469955 0.36 0.438922 0.428051
-3.16471 -0.501242 0.64 0.437961 0.368776
-3.13414 -0.666183 0.64 0.418621 0.369794
-3.13414 -0.666183 0.64 0.418621 0.369794
-3.16471 -0.501242 0.64 0.437961 0.368776
-3.32977 -0.707765 1 0.41733 0.301803
-3.16471 -0.501242 0.64 0.437961 0.368776
-3.36225 -0.532528 1 0.436066 0.300316
-3.32977 -0.707765 1 0.41733 0.301803
-3.32977 -0.707765 1 0.41733 0.301803
-3.36225 -0.532528 1 0.436066 0.300316
-3.5254 -0.749348 1.44 0.415962 0.227445
-3.36225 -0.532528 1 0.436066 0.300316
-3.55979 -0.563815 1.44 0.435397 0.225356
-3.5254 -0.749348 1.44 0.415962 0.227445
-3.5254 -0.749348 1.44 0.415962 0.227445
-3.55979 -0.563815 1.44 0.435397 0.225356
-3.72103 -0.79093 1.96 0.416562 0.15133
-3.55979 -0.563815 1.44 0.435397 0.225356
-3.75733 -0.595102 1.96 0.436165 0.148755
-3.72103 -0.79093 1.96 0.416562 0.15133
-3.72103 -0.79093 1.96 0.416562 0.15133
-3.75733 -0.595102 1.96 0.436165 0.148755
-3.91666 -0.832512 2.56 0.416652 0.0765354
-3.75733 -0.595102 1.96 0.436165 0.148755
-3.95487 -0.626389 2.56 0.437032 0.0747748
-3.91666 -0.832512 2.56 0.416652 0.0765354
-0.447846 -0.0517638 -0 0.47333 0.998796
-0.447846 -0.0415823 -0 0.477212 0.998943
-0.447846 -0.103528 -0 0.459139 0.997931
-0.447846 -0.0415823 -0 0.477212 0.998943
-0.447846 -0.0831647 -0 0.46558 0.998387
-0.447846 -0.103528 -0 0.459139 0.997931
-0.447846 -0.103528 -0 0.459139 0.997931
-0.447846 -0.0831647 -0 0.46558 0.998387
-0.579556 -0.155291 -0 0.448112 0.949534
-0.447846 -0.0831647 -0 0.46558 0.998387
-0.586889 -0.124747 -0 0.456328 0.947607
-0.579556 -0.155291 -0 0.448112 0.949534
-0.579556 -0.155291 -0 0.448112 0.949534
-0.586889 -0.124747 -0 0.456328 0.947607
-0.772741 -0.207055 -0 0.438135 0.882236
-0.586889 -0.124747 -0 0.456328 0.947607
-0.782518 -0.166329 -0 0.448574 0.879825
-0.772741 -0.207055 -0 0.438135 0.882236
-0.772741 -0.207055 -0 0.438135 0.882236
-0.782518 -0.166329 -0 0.448574 0.879825
-0.965926 -0.258819 -0 0.431596 0.819912
-0.782518 -0.166329 -0 0.448574 0.879825
-0.978148 -0.207912 -0 0.442661 0.816849
-0.965926 -0.258819 -0 0.431596 0.819912
-0.965926 -0.258819 -0 0.431596 0.819912
-0.978148 -0.207912 -0 0.442661 0.816849
-1.15911 -0.310583 -0 0.425778 0.765024
-0.978148 -0.207912 -0 0.442661 0.816849
-1.17378 -0.249494 -0 0.438956 0.761511
-1.15911 -0.310583 -0 0.425778 0.765024
-1.15911 -0.310583 -0 0.425778 0.765024
-1.17378 -0.249494 -0 0.438956 0.761511
-1.3523 -0.362347 -0 0.420518 0.716364
-1.17378 -0.249494 -0 0.438956 0.761511
-1.36941 -0.291076 -0 0.43403 0.712343
-1.3523 -0.362347 -0 0.420518 0.716364
-1.3523 -0.362347 -0 0.420518 0.716364
-1.36941 -0.291076 -0 0.43403 0.712343
-1.54548 -0.41411 -0 0.417391 0.672101
-1.36941 -0.291076 -0 0.43403 0.712343
-1.56504 -0.332659 -0 0.432975 0.670399
-1.54548 -0.41411 -0 0.417391 0.672101
-1.54548 -0.41411 -0 0.417391 0.672101
-1.56504 -0.332659 -0 0.432975 0.670399
-1.73867 -0.465874 -0 0.41476 0.636619
-1.56504 -0.332659 -0 0.432975 0.670399
-1.76067 -0.374241 -0 0.430504 0.634643
-1.73867 -0.465874 -0 0.41476 0.636619
-1.73867 -0.465874 -0 0.41476 0.636619
-1.76067 -0.374241 -0 0.430504 0.634643
-1.93185 -0.517638 -0 0.412357 0.602868
-1.76067 -0.374241 -0 0.430504 0.634643
-1.9563 -0.415823 -0 0.428209 0.600631
-1.93185 -0.517638 -0 0.412357 0.602868
-1.93185 -0.517638 -0 0.412357 0.602868
-1.9563 -0.415823 -0 0.428209 0.600631
-2.12504 -0.569402 -0 0.410236 0.577067
-1.9563 -0.415823 -0 0.428209 0.600631
-2.15192 -0.457406 -0 0.427922 0.574675
-2.12504 -0.569402 -0 0.410236 0.577067
-2.12504 -0.569402 -0 0.410236 0.577067
-2.15192 -0.457406 -0 0.427922 0.574675
-2.51543 -0.674007 0.04 0.40809 0.521871
-2.15192 -0.457406 -0 0.427922 0.574675
-2.54726 -0.541436 0.04 0.424048 0.519012
-2.51543 -0.674007 0.04 0.40809 0.521871
-2.51543 -0.674007 0.04 0.40809 0.521871
-2.54726 -0.541436 0.04 0.424048 0.519012
-2.70861 -0.725771 0.16 0.404655 0.48398
-2.54726 -0.541436 0.04 0.424048 0.519012
-2.74289 -0.583018 0.16 0.422328 0.480826
-2.70861 -0.725771 0.16 0.404655 0.48398
-2.70861 -0.725771 0.16 0.404655 0.48398
-2.74289 -0.583018 0.16 0.422328 0.480826
-2.9018 -0.777535 0.36 0.4017 0.435041
-2.74289 -0.583018 0.16 0.422328 0.480826
-2.93851 -0.624601 0.36 0.420986 0.431459
-2.9018 -0.777535 0.36 0.4017 0.435041
-2.9018 -0.777535 0.36 0.4017 0.435041
-2.93851 -0.624601 0.36 0.420986 0.431459
-3.09498 -0.829298 0.64 0.39967 0.373817
-2.93851 -0.624601 0.36 0.420986 0.431459
-3.13414 -0.666183 0.64 0.418621 0.369794
-3.09498 -0.829298 0.64 0.39967 0.373817
-3.09498 -0.829298 0.64 0.39967 0.373817
-3.13414 -0.666183 0.64 0.418621 0.369794
-3.28817 -0.881062 1 0.397284 0.306365
-3.13414 -0.666183 0.64 0.418621 0.369794
-3.32977 -0.707765 1 0.41733 0.301803
-3.28817 -0.881062 1 0.397284 0.306365
-3.28817 -0.881062 1 0.397284 0.306365
-3.32977 -0.707765 1 0.41733 0.301803
-3.48135 -0.932826 1.44 0.395454 0.230345
-3.32977 -0.707765 1 0.41733 0.301803
-3.5254 -0.749348 1.44 0.415962 0.227445
-3.48135 -0.932826 1.44 0.395454 0.230345
-3.48135 -0.932826 1.44 0.395454 0.230345
-3.5254 -0.749348 1.44 0.415962 0.227445
-3.67454 -0.98459 1.96 0.396159 0.153134
-3.5254 -0.749348 1.44 0.415962 0.227445
-3.72103 -0.79093 1.96 0.416562 0.15133
-3.67454 -0.98459 1.96 0.396159 0.153134
-3.67454 -0.98459 1.96 0.396159 0.153134
-3.72103 -0.79093 1.96 0.416562 0.15133
-3.86772 -1.03635 2.56 0.39703 0.0778594
-3.72103 -0.79093 1.96 0.416562 0.15133
-3.91666 -0.832512 2.56 0.416652 0.0765354
-3.86772 -1.03635 2.56 0.39703 0.0778594
-0.447846 -0.0618034 -0 0.470745 0.998677
-0.447846 -0.0517638 -0 0.47333 0.998796
-0.447846 -0.123607 -0 0.454001 0.99749
-0.447846 -0.0517638 -0 0.47333 0.998796
-0.447846 -0.103528 -0 0.459139 0.997931
-0.447846 -0.123607 -0 0.454001 0.99749
-0.447846 -0.123607 -0 0.454001 0.99749
-0.447846 -0.103528 -0 0.459139 0.997931
-0.570634 -0.18541 -0 0.438637 0.951108
-0.447846 -0.103528 -0 0.459139 0.997931
-0.579556 -0.155291 -0 0.448112 0.949534
-0.570634 -0.18541 -0 0.438637 0.951108
-0.570634 -0.18541 -0 0.438637 0.951108
-0.579556 -0.155291 -0 0.448112 0.949534
-0.760845 -0.247214 -0 0.427874 0.884385
-0.579556 -0.155291 -0 0.448112 0.949534
-0.772741 -0.207055 -0 0.438135 0.882236
-0.760845 -0.247214 -0 0.427874 0.884385
-0.760845 -0.247214 -0 0.427874 0.884385
-0.772741 -0.207055 -0 0.438135 0.882236
-0.951057 -0.309017 -0 0.419164 0.822509
-0.772741 -0.207055 -0 0.438135 0.882236
-0.965926 -0.258819 -0 0.431596 0.819912
-0.951057 -0.309017 -0 0.419164 0.822509
-0.951057 -0.309017 -0 0.419164 0.822509
-0.965926 -0.258819 -0 0.431596 0.819912
-1.14127 -0.37082 -0 0.412879 0.768219
-0.965926 -0.258819 -0 0.431596 0.819912
-1.15911 -0.310583 -0 0.425778 0.765024
-1.14127 -0.37082 -0 0.412879 0.768219
-1.14127 -0.37082 -0 0.412879 0.768219
-1.15911 -0.310583 -0 0.425778 0.765024
-1.33148 -0.432624 -0 0.407196 0.717603
-1.15911 -0.310583 -0 0.425778 0.765024
-1.3523 -0.362347 -0 0.420518 0.716364
-1.33148 -0.432624 -0 0.407196 0.717603
-1.33148 -0.432624 -0 0.407196 0.717603
-1.3523 -0.362347 -0 0.420518 0.716364
-1.52169 -0.494427 -0 0.402245 0.676188
-1.3523 -0.362347 -0 0.420518 0.716364
-1.54548 -0.41411 -0 0.417391 0.672101
-1.52169 -0.494427 -0 0.402245 0.676188
-1.52169 -0.494427 -0 0.402245 0.676188
-1.54548 -0.41411 -0 0.417391 0.672101
-1.7119 -0.556231 -0 0.399375 0.638378
-1.54548 -0.41411 -0 0.417391 0.672101
-1.73867 -0.465874 -0 0.41476 0.636619
-1.7119 -0.556231 -0 0.399375 0.638378
-1.7119 -0.556231 -0 0.399375 0.638378
-1.73867 -0.465874 -0 0.41476 0.636619
-1.90211 -0.618034 -0 0.396933 0.607741
-1.73867 -0.465874 -0 0.41476 0.636619
-1.93185 -0.517638 -0 0.412357 0.602868
-1.90211 -0.618034 -0 0.396933 0.607741
-1.90211 -0.618034 -0 0.396933 0.607741
-1.93185 -0.517638 -0 0.412357 0.602868
-2.09232 -0.679837 -0 0.394716 0.579363
-1.93185 -0.517638 -0 0.412357 0.602868
-2.12504 -0.569402 -0 0.410236 0.577067
-2.09232 -0.679837 -0 0.394716 0.579363
-2.09232 -0.679837 -0 0.394716 0.579363
-2.12504 -0.569402 -0 0.410236 0.577067
-2.47671 -0.804731 0.04 0.390815 0.527542
-2.12504 -0.569402 -0 0.410236 0.577067
-2.51543 -0.674007 0.04 0.40809 0.521871
-2.47671 -0.804731 0.04 0.390815 0.527542
-2.47671 -0.804731 0.04 0.390815 0.527542
-2.51543 -0.674007 0.04 0.40809 0.521871
-2.66692 -0.866534 0.16 0.387456 0.487125
-2.51543 -0.674007 0.04 0.40809 0.521871
-2.70861 -0.725771 0.16 0.404655 0.48398
-2.66692 -0.866534 0.16 0.387456 0.487125
-2.66692 -0.866534 0.16 0.387456 0.487125
-2.70861 -0.725771 0.16 0.404655 0.48398
-2.85713 -0.928337 0.36 0.384706 0.435811
-2.70861 -0.725771 0.16 0.404655 0.48398
-2.9018 -0.777535 0.36 0.4017 0.435041
-2.85713 -0.928337 0.36 0.384706 0.435811
-2.85713 -0.928337 0.36 0.384706 0.435811
-2.9018 -0.777535 0.36 0.4017 0.435041
-3.04734 -0.990141 0.64 0.381265 0.378051
-2.9018 -0.777535 0.36 0.4017 0.435041
-3.09498 -0.829298 0.64 0.39967 0.373817
-3.04734 -0.990141 0.64 0.381265 0.378051
-3.04734 -0.990141 0.64 0.381265 0.378051
-3.09498 -0.829298 0.64 0.39967 0.373817
-3.23755 -1.05194 1 0.377983 0.308836
-3.09498 -0.829298 0.64 0.39967 0.373817
-3.28817 -0.881062 1 0.397284 0.306365
-3.23755 -1.05194 1 0.377983 0.308836
-3.23755 -1.05194 1 0.377983 0.308836
-3.28817 -0.881062 1 0.397284 0.306365
-3.42776 -1.11375 1.44 0.375633 0.233839
-3.28817 -0.881062 1 0.397284 0.306365
-3.48135 -0.932826 1.44 0.395454 0.230345
-3.42776 -1.11375 1.44 0.375633 0.233839
-3.42776 -1.11375 1.44 0.375633 0.233839
-3.48135 -0.932826 1.44 0.395454 0.230345
-3.61797 -1.17555 1.96 0.376488 0.155696
-3.48135 -0.932826 1.44 0.395454 0.230345
-3.67454 -0.98459 1.96 0.396159 0.153134
-3.61797 -1.17555 1.96 0.376488 0.155696
-3.61797 -1.17555 1.96 0.376488 0.155696
-3.67454 -0.98459 1.96 0.396159 0.153134
-3.80819 -1.23735 2.56 0.376882 0.0803575
-3.67454 -0.98459 1.96 0.396159 0.153134
-3.86772 -1.03635 2.56 0.39703 0.0778594
-3.80819 -1.23735 2.56 0.376882 0.0803575
-0.447846 -0.0716736 -0 0.468161 0.998541
-0.447846 -0.0618034 -0 0.470745 0.998677
-0.447846 -0.143347 -0 0.448877 0.996983
-0.447846 -0.0618034 -0 0.470745 0.998677
-0.447846 -0.123607 -0 0.454001 0.99749
-0.447846 -0.143347 -0 0.448877 0.996983
-0.447846 -0.143347 -0 0.448877 0.996983
-0.447846 -0.123607 -0 0.454001 0.99749
-0.560148 -0.215021 -0 0.430792 0.953947
-0.447846 -0.123607 -0 0.454001 0.99749
-0.570634 -0.18541 -0 0.438637 0.951108
-0.560148 -0.215021 -0 0.430792 0.953947
-0.560148 -0.215021 -0 0.430792 0.953947
-0.570634 -0.18541 -0 0.438637 0.951108
-0.746864 -0.286694 -0 0.417805 0.886279
-0.570634 -0.18541 -0 0.438637 0.951108
-0.760845 -0.247214 -0 0.427874 0.884385
-0.746864 -0.286694 -0 0.417805 0.886279
-0.746864 -0.286694 -0 0.417805 0.886279
-0.760845 -0.247214 -0 0.427874 0.884385
-0.93358 -0.358368 -0 0.407011 0.824784
-0.760845 -0.247214 -0 0.427874 0.884385
-0.951057 -0.309017 -0 0.419164 0.822509
-0.93358 -0.358368 -0 0.407011 0.824784
-0.93358 -0.358368 -0 0.407011 0.824784
-0.951057 -0.309017 -0 0.419164 0.822509
-1.1203 -0.430042 -0 0.398701 0.770879
-0.951057 -0.309017 -0 0.419164 0.822509
-1.14127 -0.37082 -0 0.412879 0.768219
-1.1203 -0.430042 -0 0.398701 0.770879
-1.1203 -0.430042 -0 0.398701 0.770879
-1.14127 -0.37082 -0 0.412879 0.768219
-1.30701 -0.501715 -0 0.3928 0.723332
-1.14127 -0.37082 -0 0.412879 0.768219
-1.33148 -0.432624 -0 0.407196 0.717603
-1.30701 -0.501715 -0 0.3928 0.723332
-1.30701 -0.501715 -0 0.3928 0.723332
-1.33148 -0.432624 -0 0.407196 0.717603
-1.49373 -0.573389 -0 0.387526 0.679964
-1.33148 -0.432624 -0 0.407196 0.717603
-1.52169 -0.494427 -0 0.402245 0.676188
-1.49373 -0.573389 -0 0.387526 0.679964
-1.49373 -0.573389 -0 0.387526 0.679964
-1.52169 -0.494427 -0 0.402245 0.676188
-1.68044 -0.645062 -0 0.384489 0.642636
-1.52169 -0.494427 -0 0.402245 0.676188
-1.7119 -0.556231 -0 0.399375 0.638378
-1.68044 -0.645062 -0 0.384489 0.642636
-1.68044 -0.645062 -0 0.384489 0.642636
-1.7119 -0.556231 -0 0.399375 0.638378
-1.86716 -0.716736 -0 0.380302 0.612261
-1.7119 -0.556231 -0 0.399375 0.638378
-1.90211 -0.618034 -0 0.396933 0.607741
-1.86716 -0.716736 -0 0.380302 0.612261
-1.86716 -0.716736 -0 0.380302 0.612261
-1.90211 -0.618034 -0 0.396933 0.607741
-2.05388 -0.788409 -0 0.378024 0.584248
-1.90211 -0.618034 -0 0.396933 0.607741
-2.09232 -0.679837 -0 0.394716 0.579363
-2.05388 -0.788409 -0 0.378024 0.584248
-2.05388 -0.788409 -0 0.378024 0.584248
-2.09232 -0.679837 -0 0.394716 0.579363
-2.4312 -0.933249 0.04 0.374073 0.530205
-2.09232 -0.679837 -0 0.394716 0.579363
-2.47671 -0.804731 0.04 0.390815 0.527542
-2.4312 -0.933249 0.04 0.374073 0.530205
-2.4312 -0.933249 0.04 0.374073 0.530205
-2.47671 -0.804731 0.04 0.390815 0.527542
-2.61791 -1.00492 0.16 0.370801 0.490245
-2.47671 -0.804731 0.04 0.390815 0.527542
-2.66692 -0.866534 0.16 0.387456 0.487125
-2.61791 -1.00492 0.16 0.370801 0.490245
-2.61791 -1.00492 0.16 0.370801 0.490245
-2.66692 -0.866534 0.16 0.387456 0.487125
-2.80463 -1.0766 0.36 0.366535 0.442369
-2.66692 -0.866534 0.16 0.387456 0.487125
-2.85713 -0.928337 0.36 0.384706 0.435811
-2.80463 -1.0766 0.36 0.366535 0.442369
-2.80463 -1.0766 0.36 0.366535 0.442369
-2.85713 -0.928337 0.36 0.384706 0.435811
-2.99134 -1.14827 0.64 0.362025 0.37995
-2.85713 -0.928337 0.36 0.384706 0.435811
-3.04734 -0.990141 0.64 0.381265 0.378051
-2.99134 -1.14827 0.64 0.362025 0.37995
-2.99134 -1.14827 0.64 0.362025 0.37995
-3.04734 -0.990141 0.64 0.381265 0.378051
-3.17806 -1.21994 1 0.359424 0.311673
-3.04734 -0.990141 0.64 0.381265 0.378051
-3.23755 -1.05194 1 0.377983 0.308836
-3.17806 -1.21994 1 0.359424 0.311673
-3.17806 -1.21994 1 0.359424 0.311673
-3.23755 -1.05194 1 0.377983 0.308836
-3.36478 -1.29162 1.44 0.356595 0.237849
-3.23755 -1.05194 1 0.377983 0.308836
-3.42776 -1.11375 1.44 0.375633 0.233839
-3.36478 -1.29162 1.44 0.356595 0.237849
-3.36478 -1.29162 1.44 0.356595 0.237849
-3.42776 -1.11375 1.44 0.375633 0.233839
-3.55149 -1.36329 1.96 0.356302 0.159302
-3.42776 -1.11375 1.44 0.375633 0.233839
-3.61797 -1.17555 1.96 0.376488 0.155696
-3.55149 -1.36329 1.96 0.356302 0.159302
-3.55149 -1.36329 1.96 0.356302 0.159302
-3.61797 -1.17555 1.96 0.376488 0.155696
-3.73821 -1.43496 2.56 0.357637 0.0836734
-3.61797 -1.17555 1.96 0.376488 0.155696
-3.80819 -1.23735 2.56 0.376882 0.0803575
-3.73821 -1.43496 2.56 0.357637 0.0836734
-0.447846 -0.0813473 -0 0.46558 0.998387
-0.447846 -0.0716736 -0 0.468161 0.998541
-0.447846 -0.162695 -0 0.4424 0.995187
-0.447846 -0.0716736 -0 0.468161 0.998541
-0.447846 -0.143347 -0 0.448877 0.996983
-0.447846 -0.162695 -0 0.4424 0.995187
-0.447846 -0.162695 -0 0.4424 0.995187
-0.447846 -0.143347 -0 0.448877 0.996983
-0.548127 -0.244042 -0 0.423105 0.95658
-0.447846 -0.143347 -0 0.448877 0.996983
-0.560148 -0.215021 -0 0.430792 0.953947
-0.548127 -0.244042 -0 0.423105 0.95658
-0.548127 -0.244042 -0 0.423105 0.95658
-0.560148 -0.215021 -0 0.430792 0.953947
-0.730836 -0.325389 -0 0.408099 0.889582
-0.560148 -0.215021 -0 0.430792 0.953947
-0.746864 -0.286694 -0 0.417805 0.886279
-0.730836 -0.325389 -0 0.408099 0.889582
-0.730836 -0.325389 -0 0.408099 0.889582
-0.746864 -0.286694 -0 0.417805 0.886279
-0.913545 -0.406737 -0 0.396828 0.828985
-0.746864 -0.286694 -0 0.417805 0.886279
-0.93358 -0.358368 -0 0.407011 0.824784
-0.913545 -0.406737 -0 0.396828 0.828985
-0.913545 -0.406737 -0 0.396828 0.828985
-0.93358 -0.358368 -0 0.407011 0.824784
-1.09625 -0.488084 -0 0.386639 0.775656
-0.93358 -0.358368 -0 0.407011 0.824784
-1.1203 -0.430042 -0 0.398701 0.770879
-1.09625 -0.488084 -0 0.386639 0.775656
-1.09625 -0.488084 -0 0.386639 0.775656
-1.1203 -0.430042 -0 0.398701 0.770879
-1.27896 -0.569431 -0 0.37874 0.726233
-1.1203 -0.430042 -0 0.398701 0.770879
-1.30701 -0.501715 -0 0.3928 0.723332
-1.27896 -0.569431 -0 0.37874 0.726233
-1.27896 -0.569431 -0 0.37874 0.726233
-1.30701 -0.501715 -0 0.3928 0.723332
-1.46167 -0.650779 -0 0.373401 0.685992
-1.30701 -0.501715 -0 0.3928 0.723332
-1.49373 -0.573389 -0 0.387526 0.679964
-1.46167 -0.650779 -0 0.373401 0.685992
-1.46167 -0.650779 -0 0.373401 0.685992
-1.49373 -0.573389 -0 0.387526 0.679964
-1.64438 -0.732126 -0 0.368594 0.649113
-1.49373 -0.573389 -0 0.387526 0.679964
-1.68044 -0.645062 -0 0.384489 0.642636
-1.64438 -0.732126 -0 0.368594 0.649113
-1.64438 -0.732126 -0 0.368594 0.649113
-1.68044 -0.645062 -0 0.384489 0.642636
-1.82709 -0.813473 -0 0.364271 0.616496
-1.68044 -0.645062 -0 0.384489 0.642636
-1.86716 -0.716736 -0 0.380302 0.612261
-1.82709 -0.813473 -0 0.364271 0.616496
-1.82709 -0.813473 -0 0.364271 0.616496
-1.86716 -0.716736 -0 0.380302 0.612261
-2.0098 -0.894821 -0 0.361938 0.588886
-1.86716 -0.716736 -0 0.380302 0.612261
-2.05388 -0.788409 -0 0.378024 0.584248
-2.0098 -0.894821 -0 0.361938 0.588886
-2.0098 -0.894821 -0 0.361938 0.588886
-2.05388 -0.788409 -0 0.378024 0.584248
-2.37902 -1.05921 0.04 0.356369 0.535554
-2.05388 -0.788409 -0 0.378024 0.584248
-2.4312 -0.933249 0.04 0.374073 0.530205
-2.37902 -1.05921 0.04 0.356369 0.535554
-2.37902 -1.05921 0.04 0.356369 0.535554
-2.4312 -0.933249 0.04 0.374073 0.530205
-2.56173 -1.14056 0.16 0.353166 0.496154
-2.4312 -0.933249 0.04 0.374073 0.530205
-2.61791 -1.00492 0.16 0.370801 0.490245
-2.56173 -1.14056 0.16 0.353166 0.496154
-2.56173 -1.14056 0.16 0.353166 0.496154
-2.61791 -1.00492 0.16 0.370801 0.490245
-2.74444 -1.2219 0.36 0.347603 0.446224
-2.61791 -1.00492 0.16 0.370801 0.490245
-2.80463 -1.0766 0.36 0.366535 0.442369
-2.74444 -1.2219 0.36 0.347603 0.446224
-2.74444 -1.2219 0.36 0.347603 0.446224
-2.80463 -1.0766 0.36 0.366535 0.442369
-2.92715 -1.30325 0.64 0.34353 0.3847
-2.80463 -1.0766 0.36 0.366535 0.442369
-2.99134 -1.14827 0.64 0.362025 0.37995
-2.92715 -1.30325 0.64 0.34353 0.3847
-2.92715 -1.30325 0.64 0.34353 0.3847
-2.99134 -1.14827 0.64 0.362025 0.37995
-3.10986 -1.3846 1 0.340062 0.31751
-2.99134 -1.14827 0.64 0.362025 0.37995
-3.17806 -1.21994 1 0.359424 0.311673
-3.10986 -1.3846 1 0.340062 0.31751
-3.10986 -1.3846 1 0.340062 0.31751
-3.17806 -1.21994 1 0.359424 0.311673
-3.29257 -1.46595 1.44 0.337276 0.240546
-3.17806 -1.21994 1 0.359424 0.311673
-3.36478 -1.29162 1.44 0.356595 0.237849
-3.29257 -1.46595 1.44 0.337276 0.240546
-3.29257 -1.46595 1.44 0.337276 0.240546
-3.36478 -1.29162 1.44 0.356595 0.237849
-3.47528 -1.54729 1.96 0.335862 0.16397
-3.36478 -1.29162 1.44 0.356595 0.237849
-3.55149 -1.36329 1.96 0.356302 0.159302
-3.47528 -1.54729 1.96 0.335862 0.16397
-3.47528 -1.54729 1.96 0.335862 0.16397
-3.55149 -1.36329 1.96 0.356302 0.159302
-3.65798 -1.62864 2.56 0.337334 0.0872403
-3.55149 -1.36329 1.96 0.356302 0.159302
-3.73821 -1.43496 2.56 0.357637 0.0836734
-3.65798 -1.62864 2.56 0.337334 0.0872403
-0.447846 -0.0907981 -0 0.463002 0.998217
-0.447846 -0.0813473 -0 0.46558 0.998387
-0.447846 -0.181596 -0 0.437308 0.994532
-0.447846 -0.0813473 -0 0.46558 0.998387
-0.447846 -0.162695 -0 0.4424 0.995187
-0.447846 -0.181596 -0 0.437308 0.994532
-0.447846 -0.181596 -0 0.437308 0.994532
-0.447846 -0.162695 -0 0.4424 0.995187
-0.534604 -0.272394 -0 0.415728 0.960274
-0.447846 -0.162695 -0 0.4424 0.995187
-0.548127 -0.244042 -0 0.423105 0.95658
-0.534604 -0.272394 -0 0.415728 0.960274
-0.534604 -0.272394 -0 0.415728 0.960274
-0.548127 -0.244042 -0 0.423105 0.95658
-0.712805 -0.363192 -0 0.398816 0.894224
-0.548127 -0.244042 -0 0.423105 0.95658
-0.730836 -0.325389 -0 0.408099 0.889582
-0.712805 -0.363192 -0 0.398816 0.894224
-0.712805 -0.363192 -0 0.398816 0.894224
-0.730836 -0.325389 -0 0.408099 0.889582
-0.891007 -0.453991 -0 0.385643 0.834524
-0.730836 -0.325389 -0 0.408099 0.889582
-0.913545 -0.406737 -0 0.396828 0.828985
-0.891007 -0.453991 -0 0.385643 0.834524
-0.891007 -0.453991 -0 0.385643 0.834524
-0.913545 -0.406737 -0 0.396828 0.828985
-1.06921 -0.544789 -0 0.373467 0.779789
-0.913545 -0.406737 -0 0.396828 0.828985
-1.09625 -0.488084 -0 0.386639 0.775656
-1.06921 -0.544789 -0 0.373467 0.779789
-1.06921 -0.544789 -0 0.373467 0.779789
-1.09625 -0.488084 -0 0.386639 0.775656
-1.24741 -0.635587 -0 0.365317 0.731187
-1.09625 -0.488084 -0 0.386639 0.775656
-1.27896 -0.569431 -0 0.37874 0.726233
-1.24741 -0.635587 -0 0.365317 0.731187
-1.24741 -0.635587 -0 0.365317 0.731187
-1.27896 -0.569431 -0 0.37874 0.726233
-1.42561 -0.726385 -0 0.359662 0.689123
-1.27896 -0.569431 -0 0.37874 0.726233
-1.46167 -0.650779 -0 0.373401 0.685992
-1.42561 -0.726385 -0 0.359662 0.689123
-1.42561 -0.726385 -0 0.359662 0.689123
-1.46167 -0.650779 -0 0.373401 0.685992
-1.60381 -0.817183 -0 0.353238 0.652571
-1.46167 -0.650779 -0 0.373401 0.685992
-1.64438 -0.732126 -0 0.368594 0.649113
-1.60381 -0.817183 -0 0.353238 0.652571
-1.60381 -0.817183 -0 0.353238 0.652571
-1.64438 -0.732126 -0 0.368594 0.649113
-1.78201 -0.907981 -0 0.348883 0.620448
-1.64438 -0.732126 -0 0.368594 0.649113
-1.82709 -0.813473 -0 0.364271 0.616496
-1.78201 -0.907981 -0 0.348883 0.620448
-1.78201 -0.907981 -0 0.348883 0.620448
-1.82709 -0.813473 -0 0.364271 0.616496
-1.96021 -0.998779 -0 0.346503 0.593271
-1.82709 -0.813473 -0 0.364271 0.616496
-2.0098 -0.894821 -0 0.361938 0.588886
-1.96021 -0.998779 -0 0.346503 0.593271
-1.96021 -0.998779 -0 0.346503 0.593271
-2.0098 -0.894821 -0 0.361938 0.588886
-2.32033 -1.18227 0.04 0.340966 0.540737
-2.0098 -0.894821 -0 0.361938 0.588886
-2.37902 -1.05921 0.04 0.356369 0.535554
-2.32033 -1.18227 0.04 0.340966 0.540737
-2.32033 -1.18227 0.04 0.340966 0.540737
-2.37902 -1.05921 0.04 0.356369 0.535554
-2.49853 -1.27306 0.16 0.33632 0.501912
-2.37902 -1.05921 0.04 0.356369 0.535554
-2.56173 -1.14056 0.16 0.353166 0.496154
-2.49853 -1.27306 0.16 0.33632 0.501912
-2.49853 -1.27306 0.16 0.33632 0.501912
-2.56173 -1.14056 0.16 0.353166 0.496154
-2.67673 -1.36386 0.36 0.331001 0.452709
-2.56173 -1.14056 0.16 0.353166 0.496154
-2.74444 -1.2219 0.36 0.347603 0.446224
-2.67673 -1.36386 0.36 0.331001 0.452709
-2.67673 -1.36386 0.36 0.331001 0.452709
-2.74444 -1.2219 0.36 0.347603 0.446224
-2.85493 -1.45466 0.64 0.325814 0.392147
-2.74444 -1.2219 0.36 0.347603 0.446224
-2.92715 -1.30325 0.64 0.34353 0.3847
-2.85493 -1.45466 0.64 0.325814 0.392147
-2.85493 -1.45466 0.64 0.325814 0.392147
-2.92715 -1.30325 0.64 0.34353 0.3847
-3.03313 -1.54546 1 0.320509 0.321478
-2.92715 -1.30325 0.64 0.34353 0.3847
-3.10986 -1.3846 1 0.340062 0.31751
-3.03313 -1.54546 1 0.320509 0.321478
-3.03313 -1.54546 1 0.320509 0.321478
-3.10986 -1.3846 1 0.340062 0.31751
-3.21133 -1.63626 1.44 0.317516 0.246157
-3.10986 -1.3846 1 0.340062 0.31751
-3.29257 -1.46595 1.44 0.337276 0.240546
-3.21133 -1.63626 1.44 0.317516 0.246157
-3.21133 -1.63626 1.44 0.317516 0.246157
-3.29257 -1.46595 1.44 0.337276 0.240546
-3.38953 -1.72705 1.96 0.316893 0.167526
-3.29257 -1.46595 1.44 0.337276 0.240546
-3.47528 -1.54729 1.96 0.335862 0.16397
-3.38953 -1.72705 1.96 0.316893 0.167526
-3.38953 -1.72705 1.96 0.316893 0.167526
-3.47528 -1.54729 1.96 0.335862 0.16397
-3.56774 -1.81785 2.56 0.318305 0.0915294
-3.47528 -1.54729 1.96 0.335862 0.16397
-3.65798 -1.62864 2.56 0.337334 0.0872403
-3.56774 -1.81785 2.56 0.318305 0.0915294
-0.447846 -0.1 -0 0.460426 0.998031
-0.447846 -0.0907981 -0 0.463002 0.998217
-0.447846 -0.2 -0 0.432237 0.993813
-0.447846 -0.0907981 -0 0.463002 0.998217
-0.447846 -0.181596 -0 0.437308 0.994532
-0.447846 -0.2 -0 0.432237 0.993813
-0.447846 -0.2 -0 0.432237 0.993813
-0.447846 -0.181596 -0 0.437308 0.994532
-0.519615 -0.3 -0 0.40854 0.963738
-0.447846 -0.181596 -0 0.437308 0.994532
-0.534604 -0.272394 -0 0.415728 0.960274
-0.519615 -0.3 -0 0.40854 0.963738
-0.519615 -0.3 -0 0.40854 0.963738
-0.534604 -0.272394 -0 0.415728 0.960274
-0.69282 -0.4 -0 0.388446 0.898232
-0.534604 -0.272394 -0 0.415728 0.960274
-0.712805 -0.363192 -0 0.398816 0.894224
-0.69282 -0.4 -0 0.388446 0.898232
-0.69282 -0.4 -0 0.388446 0.898232
-0.712805 -0.363192 -0 0.398816 0.894224
-0.866025 -0.5 -0 0.373435 0.839324
-0.712805 -0.363192 -0 0.398816 0.894224
-0.891007 -0.453991 -0 0.385643 0.834524
-0.866025 -0.5 -0 0.373435 0.839324
-0.866025 -0.5 -0 0.373435 0.839324
-0.891007 -0.453991 -0 0.385643 0.834524
-1.03923 -0.6 -0 0.362434 0.785971
-0.891007 -0.453991 -0 0.385643 0.834524
-1.06921 -0.544789 -0 0.373467 0.779789
-1.03923 -0.6 -0 0.362434 0.785971
-1.03923 -0.6 -0 0.362434 0.785971
-1.06921 -0.544789 -0 0.373467 0.779789
-1.21244 -0.7 -0 0.352601 0.738073
-1.06921 -0.544789 -0 0.373467 0.779789
-1.24741 -0.635587 -0 0.365317 0.731187
-1.21244 -0.7 -0 0.352601 0.738073
-1.21244 -0.7 -0 0.352601 0.738073
-1.24741 -0.635587 -0 0.365317 0.731187
-1.38564 -0.8 -0 0.345287 0.696646
-1.24741 -0.635587 -0 0.365317 0.731187
-1.42561 -0.726385 -0 0.359662 0.689123
-1.38564 -0.8 -0 0.345287 0.696646
-1.38564 -0.8 -0 0.345287 0.696646
-1.42561 -0.726385 -0 0.359662 0.689123
-1.55885 -0.9 -0 0.338671 0.658285
-1.42561 -0.726385 -0 0.359662 0.689123
-1.60381 -0.817183 -0 0.353238 0.652571
-1.55885 -0.9 -0 0.338671 0.658285
-1.55885 -0.9 -0 0.338671 0.658285
-1.60381 -0.817183 -0 0.353238 0.652571
-1.73205 -1 -0 0.334276 0.626751
-1.60381 -0.817183 -0 0.353238 0.652571
-1.78201 -0.907981 -0 0.348883 0.620448
-1.73205 -1 -0 0.334276 0.626751
-1.73205 -1 -0 0.334276 0.626751
-1.78201 -0.907981 -0 0.348883 0.620448
-1.90526 -1.1 -0 0.330378 0.599938
-1.78201 -0.907981 -0 0.348883 0.620448
-1.96021 -0.998779 -0 0.346503 0.593271
-1.90526 -1.1 -0 0.330378 0.599938
-1.90526 -1.1 -0 0.330378 0.599938
-1.96021 -0.998779 -0 0.346503 0.593271
-2.25527 -1.30208 0.04 0.323413 0.548318
-1.96021 -0.998779 -0 0.346503 0.593271
-2.32033 -1.18227 0.04 0.340966 0.540737
-2.25527 -1.30208 0.04 0.323413 0.548318
-2.25527 -1.30208 0.04 0.323413 0.548318
-2.32033 -1.18227 0.04 0.340966 0.540737
-2.42848 -1.40208 0.16 0.318888 0.5075
-2.32033 -1.18227 0.04 0.340966 0.540737
-2.49853 -1.27306 0.16 0.33632 0.501912
-2.42848 -1.40208 0.16 0.318888 0.5075
-2.42848 -1.40208 0.16 0.318888 0.5075
-2.49853 -1.27306 0.16 0.33632 0.501912
-2.60168 -1.50208 0.36 0.312508 0.45659
-2.49853 -1.27306 0.16 0.33632 0.501912
-2.67673 -1.36386 0.36 0.331001 0.452709
-2.60168 -1.50208 0.36 0.312508 0.45659
-2.60168 -1.50208 0.36 0.312508 0.45659
-2.67673 -1.36386 0.36 0.331001 0.452709
-2.77489 -1.60208 0.64 0.306479 0.397392
-2.67673 -1.36386 0.36 0.331001 0.452709
-2.85493 -1.45466 0.64 0.325814 0.392147
-2.77489 -1.60208 0.64 0.306479 0.397392
-2.77489 -1.60208 0.64 0.306479 0.397392
-2.85493 -1.45466 0.64 0.325814 0.392147
-2.94809 -1.70208 1 0.301968 0.328035
-2.85493 -1.45466 0.64 0.325814 0.392147
-3.03313 -1.54546 1 0.320509 0.321478
-2.94809 -1.70208 1 0.301968 0.328035
-2.94809 -1.70208 1 0.301968 0.328035
-3.03313 -1.54546 1 0.320509 0.321478
-3.1213 -1.80208 1.44 0.297792 0.252517
-3.03313 -1.54546 1 0.320509 0.321478
-3.21133 -1.63626 1.44 0.317516 0.246157
-3.1213 -1.80208 1.44 0.297792 0.252517
-3.1213 -1.80208 1.44 0.297792 0.252517
-3.21133 -1.63626 1.44 0.317516 0.246157
-3.2945 -1.90208 1.96 0.296652 0.174203
-3.21133 -1.63626 1.44 0.317516 0.246157
-3.38953 -1.72705 1.96 0.316893 0.167526
-3.2945 -1.90208 1.96 0.296652 0.174203
-3.2945 -1.90208 1.96 0.296652 0.174203
-3.38953 -1.72705 1.96 0.316893 0.167526
-3.46771 -2.00208 2.56 0.298848 0.0960904
-3.38953 -1.72705 1.96 0.316893 0.167526
-3.56774 -1.81785 2.56 0.318305 0.0915294
-3.46771 -2.00208 2.56 0.298848 0.0960904
-0.447846 -0.108928 -0 0.457853 0.997827
-0.447846 -0.1 -0 0.460426 0.998031
-0.447846 -0.217856 -0 0.42719 0.993031
-0.447846 -0.1 -0 0.460426 0.998031
-0.447846 -0.2 -0 0.432237 0.993813
-0.447846 -0.217856 -0 0.42719 0.993031
-0.447846 -0.217856 -0 0.42719 0.993031
-0.447846 -0.2 -0 0.432237 0.993813
-0.503202 -0.326783 -0 0.400452 0.967902
-0.447846 -0.2 -0 0.432237 0.993813
-0.519615 -0.3 -0 0.40854 0.963738
-0.503202 -0.326783 -0 0.400452 0.967902
-0.503202 -0.326783 -0 0.400452 0.967902
-0.519615 -0.3 -0 0.40854 0.963738
-0.670936 -0.435711 -0 0.379976 0.903759
-0.519615 -0.3 -0 0.40854 0.963738
-0.69282 -0.4 -0 0.388446 0.898232
-0.670936 -0.435711 -0 0.379976 0.903759
-0.670936 -0.435711 -0 0.379976 0.903759
-0.69282 -0.4 -0 0.388446 0.898232
-0.838671 -0.544639 -0 0.363093 0.844029
-0.69282 -0.4 -0 0.388446 0.898232
-0.866025 -0.5 -0 0.373435 0.839324
-0.838671 -0.544639 -0 0.363093 0.844029
-0.838671 -0.544639 -0 0.363093 0.844029
-0.866025 -0.5 -0 0.373435 0.839324
-1.0064 -0.653567 -0 0.350438 0.791398
-0.866025 -0.5 -0 0.373435 0.839324
-1.03923 -0.6 -0 0.362434 0.785971
-1.0064 -0.653567 -0 0.350438 0.791398
-1.0064 -0.653567 -0 0.350438 0.791398
-1.03923 -0.6 -0 0.362434 0.785971
-1.17414 -0.762495 -0 0.33905 0.744166
-1.03923 -0.6 -0 0.362434 0.785971
-1.21244 -0.7 -0 0.352601 0.738073
-1.17414 -0.762495 -0 0.33905 0.744166
-1.17414 -0.762495 -0 0.33905 0.744166
-1.21244 -0.7 -0 0.352601 0.738073
-1.34187 -0.871422 -0 0.331623 0.703645
-1.21244 -0.7 -0 0.352601 0.738073
-1.38564 -0.8 -0 0.345287 0.696646
-1.34187 -0.871422 -0 0.331623 0.703645
-1.34187 -0.871422 -0 0.331623 0.703645
-1.38564 -0.8 -0 0.345287 0.696646
-1.50961 -0.98035 -0 0.324954 0.666109
-1.38564 -0.8 -0 0.345287 0.696646
-1.55885 -0.9 -0 0.338671 0.658285
-1.50961 -0.98035 -0 0.324954 0.666109
-1.50961 -0.98035 -0 0.324954 0.666109
-1.55885 -0.9 -0 0.338671 0.658285
-1.67734 -1.08928 -0 0.319116 0.635049
-1.55885 -0.9 -0 0.338671 0.658285
-1.73205 -1 -0 0.334276 0.626751
-1.67734 -1.08928 -0 0.319116 0.635049
-1.67734 -1.08928 -0 0.319116 0.635049
-1.73205 -1 -0 0.334276 0.626751
-1.84508 -1.19821 -0 0.315113 0.606209
-1.73205 -1 -0 0.334276 0.626751
-1.90526 -1.1 -0 0.330378 0.599938
-1.84508 -1.19821 -0 0.315113 0.606209
-1.84508 -1.19821 -0 0.315113 0.606209
-1.90526 -1.1 -0 0.330378 0.599938
-2.18404 -1.41833 0.04 0.308186 0.552943
-1.90526 -1.1 -0 0.330378 0.599938
-2.25527 -1.30208 0.04 0.323413 0.548318
-2.18404 -1.41833 0.04 0.308186 0.552943
-2.18404 -1.41833 0.04 0.308186 0.552943
-2.25527 -1.30208 0.04 0.323413 0.548318
-2.35177 -1.52726 0.16 0.302463 0.515531
-2.25527 -1.30208 0.04 0.323413 0.548318
-2.42848 -1.40208 0.16 0.318888 0.5075
-2.35177 -1.52726 0.16 0.302463 0.515531
-2.35177 -1.52726 0.16 0.302463 0.515531
-2.42848 -1.40208 0.16 0.318888 0.5075
-2.5195 -1.63618 0.36 0.295059 0.465633
-2.42848 -1.40208 0.16 0.318888 0.5075
-2.60168 -1.50208 0.36 0.312508 0.45659
-2.5195 -1.63618 0.36 0.295059 0.465633
-2.5195 -1.63618 0.36 0.295059 0.465633
-2.60168 -1.50208 0.36 0.312508 0.45659
-2.68724 -1.74511 0.64 0.288311 0.405147
-2.60168 -1.50208 0.36 0.312508 0.45659
-2.77489 -1.60208 0.64 0.306479 0.397392
-2.68724 -1.74511 0.64 0.288311 0.405147
-2.68724 -1.74511 0.64 0.288311 0.405147
-2.77489 -1.60208 0.64 0.306479 0.397392
-2.85497 -1.85404 1 0.28344 0.334989
-2.77489 -1.60208 0.64 0.306479 0.397392
-2.94809 -1.70208 1 0.301968 0.328035
-2.85497 -1.85404 1 0.28344 0.334989
-2.85497 -1.85404 1 0.28344 0.334989
-2.94809 -1.70208 1 0.301968 0.328035
-3.02271 -1.96297 1.44 0.279461 0.259133
-2.94809 -1.70208 1 0.301968 0.328035
-3.1213 -1.80208 1.44 0.297792 0.252517
-3.02271 -1.96297 1.44 0.279461 0.259133
-3.02271 -1.96297 1.44 0.279461 0.259133
-3.1213 -1.80208 1.44 0.297792 0.252517
-3.19044 -2.0719 1.96 0.277508 0.178467
-3.1213 -1.80208 1.44 0.297792 0.252517
-3.2945 -1.90208 1.96 0.296652 0.174203
-3.19044 -2.0719 1.96 0.277508 0.178467
-3.19044 -2.0719 1.96 0.277508 0.178467
-3.2945 -1.90208 1.96 0.296652 0.174203
-3.35817 -2.18082 2.56 0.279396 0.100946
-3.2945 -1.90208 1.96 0.296652 0.174203
-3.46771 -2.00208 2.56 0.298848 0.0960904
-3.35817 -2.18082 2.56 0.279396 0.100946
-0.447846 -0.117557 -0 0.455284 0.997607
-0.447846 -0.108928 -0 0.457853 0.997827
-0.447846 -0.235114 -0 0.423421 0.992404
-0.447846 -0.108928 -0 0.457853 0.997827
-0.447846 -0.217856 -0 0.42719 0.993031
-0.447846 -0.235114 -0 0.423421 0.992404
-0.447846 -0.235114 -0 0.423421 0.992404
-0.447846 -0.217856 -0 0.42719 0.993031
-0.48541 -0.352671 -0 0.392628 0.971767
-0.447846 -0.217856 -0 0.42719 0.993031
-0.503202 -0.326783 -0 0.400452 0.967902
-0.48541 -0.352671 -0 0.392628 0.971767
-0.48541 -0.352671 -0 0.392628 0.971767
-0.503202 -0.326783 -0 0.400452 0.967902
-0.647214 -0.470228 -0 0.370517 0.908568
-0.503202 -0.326783 -0 0.400452 0.967902
-0.670936 -0.435711 -0 0.379976 0.903759
-0.647214 -0.470228 -0 0.370517 0.908568
-0.647214 -0.470228 -0 0.370517 0.908568
-0.670936 -0.435711 -0 0.379976 0.903759
-0.809017 -0.587785 -0 0.352055 0.849779
-0.670936 -0.435711 -0 0.379976 0.903759
-0.838671 -0.544639 -0 0.363093 0.844029
-0.809017 -0.587785 -0 0.352055 0.849779
-0.809017 -0.587785 -0 0.352055 0.849779
-0.838671 -0.544639 -0 0.363093 0.844029
-0.97082 -0.705342 -0 0.337865 0.798034
-0.838671 -0.544639 -0 0.363093 0.844029
-1.0064 -0.653567 -0 0.350438 0.791398
-0.97082 -0.705342 -0 0.337865 0.798034
-0.97082 -0.705342 -0 0.337865 0.798034
-1.0064 -0.653567 -0 0.350438 0.791398
-1.13262 -0.822899 -0 0.326182 0.749756
-1.0064 -0.653567 -0 0.350438 0.791398
-1.17414 -0.762495 -0 0.33905 0.744166
-1.13262 -0.822899 -0 0.326182 0.749756
-1.13262 -0.822899 -0 0.326182 0.749756
-1.17414 -0.762495 -0 0.33905 0.744166
-1.29443 -0.940456 -0 0.317335 0.709832
-1.17414 -0.762495 -0 0.33905 0.744166
-1.34187 -0.871422 -0 0.331623 0.703645
-1.29443 -0.940456 -0 0.317335 0.709832
-1.29443 -0.940456 -0 0.317335 0.709832
-1.34187 -0.871422 -0 0.331623 0.703645
-1.45623 -1.05801 -0 0.310638 0.673172
-1.34187 -0.871422 -0 0.331623 0.703645
-1.50961 -0.98035 -0 0.324954 0.666109
-1.45623 -1.05801 -0 0.310638 0.673172
-1.45623 -1.05801 -0 0.310638 0.673172
-1.50961 -0.98035 -0 0.324954 0.666109
-1.61803 -1.17557 -0 0.304837 0.642816
-1.50961 -0.98035 -0 0.324954 0.666109
-1.67734 -1.08928 -0 0.319116 0.635049
-1.61803 -1.17557 -0 0.304837 0.642816
-1.61803 -1.17557 -0 0.304837 0.642816
-1.67734 -1.08928 -0 0.319116 0.635049
-1.77984 -1.29313 -0 0.299524 0.614458
-1.67734 -1.08928 -0 0.319116 0.635049
-1.84508 -1.19821 -0 0.315113 0.606209
-1.77984 -1.29313 -0 0.299524 0.614458
-1.77984 -1.29313 -0 0.299524 0.614458
-1.84508 -1.19821 -0 0.315113 0.606209
-2.10681 -1.53069 0.04 0.291378 0.562342
-1.84508 -1.19821 -0 0.315113 0.606209
-2.18404 -1.41833 0.04 0.308186 0.552943
-2.10681 -1.53069 0.04 0.291378 0.562342
-2.10681 -1.53069 0.04 0.291378 0.562342
-2.18404 -1.41833 0.04 0.308186 0.552943
-2.26862 -1.64825 0.16 0.285813 0.523191
-2.18404 -1.41833 0.04 0.308186 0.552943
-2.35177 -1.52726 0.16 0.302463 0.515531
-2.26862 -1.64825 0.16 0.285813 0.523191
-2.26862 -1.64825 0.16 0.285813 0.523191
-2.35177 -1.52726 0.16 0.302463 0.515531
-2.43042 -1.7658 0.36 0.278818 0.471806
-2.35177 -1.52726 0.16 0.302463 0.515531
-2.5195 -1.63618 0.36 0.295059 0.465633
-2.43042 -1.7658 0.36 0.278818 0.471806
-2.43042 -1.7658 0.36 0.278818 0.471806
-2.5195 -1.63618 0.36 0.295059 0.465633
-2.59222 -1.88336 0.64 0.271416 0.412748
-2.5195 -1.63618 0.36 0.295059 0.465633
-2.68724 -1.74511 0.64 0.288311 0.405147
-2.59222 -1.88336 0.64 0.271416 0.412748
-2.59222 -1.88336 0.64 0.271416 0.412748
-2.68724 -1.74511 0.64 0.288311 0.405147
-2.75403 -2.00092 1 0.264095 0.342577
-2.68724 -1.74511 0.64 0.288311 0.405147
-2.85497 -1.85404 1 0.28344 0.334989
-2.75403 -2.00092 1 0.264095 0.342577
-2.75403 -2.00092 1 0.264095 0.342577
-2.85497 -1.85404 1 0.28344 0.334989
-2.91583 -2.11847 1.44 0.259717 0.265195
-2.85497 -1.85404 1 0.28344 0.334989
-3.02271 -1.96297 1.44 0.279461 0.259133
-2.91583 -2.11847 1.44 0.259717 0.265195
-2.91583 -2.11847 1.44 0.259717 0.265195
-3.02271 -1.96297 1.44 0.279461 0.259133
-3.07763 -2.23603 1.96 0.258744 0.185225
-3.02271 -1.96297 1.44 0.279461 0.259133
-3.19044 -2.0719 1.96 0.277508 0.178467
-3.07763 -2.23603 1.96 0.258744 0.185225
-3.07763 -2.23603 1.96 0.258744 0.185225
-3.19044 -2.0719 1.96 0.277508 0.178467
-3.23944 -2.35359 2.56 0.260331 0.106068
-3.19044 -2.0719 1.96 0.277508 0.178467
-3.35817 -2.18082 2.56 0.279396 0.100946
-3.23944 -2.35359 2.56 0.260331 0.106068
-0.447846 -0.125864 -0 0.452718 0.99737
-0.447846 -0.117557 -0 0.455284 0.997607
-0.447846 -0.251728 -0 0.418419 0.991514
-0.447846 -0.117557 -0 0.455284 0.997607
-0.447846 -0.235114 -0 0.423421 0.992404
-0.447846 -0.251728 -0 0.418419 0.991514
-0.447846 -0.251728 -0 0.418419 0.991514
-0.447846 -0.235114 -0 0.423421 0.992404
-0.466288 -0.377592 -0 0.386473 0.976817
-0.447846 -0.235114 -0 0.423421 0.992404
-0.48541 -0.352671 -0 0.392628 0.971767
-0.466288 -0.377592 -0 0.386473 0.976817
-0.466288 -0.377592 -0 0.386473 0.976817
-0.48541 -0.352671 -0 0.392628 0.971767
-0.621717 -0.503456 -0 0.361675 0.914453
-0.48541 -0.352671 -0 0.392628 0.971767
-0.647214 -0.470228 -0 0.370517 0.908568
-0.621717 -0.503456 -0 0.361675 0.914453
-0.621717 -0.503456 -0 0.361675 0.914453
-0.647214 -0.470228 -0 0.370517 0.908568
-0.777146 -0.62932 -0 0.341786 0.856785
-0.647214 -0.470228 -0 0.370517 0.908568
-0.809017 -0.587785 -0 0.352055 0.849779
-0.777146 -0.62932 -0 0.341786 0.856785
-0.777146 -0.62932 -0 0.341786 0.856785
-0.809017 -0.587785 -0 0.352055 0.849779
-0.932575 -0.755184 -0 0.325959 0.804102
-0.809017 -0.587785 -0 0.352055 0.849779
-0.97082 -0.705342 -0 0.337865 0.798034
-0.932575 -0.755184 -0 0.325959 0.804102
-0.932575 -0.755184 -0 0.325959 0.804102
-0.97082 -0.705342 -0 0.337865 0.798034
-1.088 -0.881049 -0 0.314452 0.759158
-0.97082 -0.705342 -0 0.337865 0.798034
-1.13262 -0.822899 -0 0.326182 0.749756
-1.088 -0.881049 -0 0.314452 0.759158
-1.088 -0.881049 -0 0.314452 0.759158
-1.13262 -0.822899 -0 0.326182 0.749756
-1.24343 -1.00691 -0 0.304088 0.717765
-1.13262 -0.822899 -0 0.326182 0.749756
-1.29443 -0.940456 -0 0.317335 0.709832
-1.24343 -1.00691 -0 0.304088 0.717765
-1.24343 -1.00691 -0 0.304088 0.717765
-1.29443 -0.940456 -0 0.317335 0.709832
-1.39886 -1.13278 -0 0.296109 0.681787
-1.29443 -0.940456 -0 0.317335 0.709832
-1.45623 -1.05801 -0 0.310638 0.673172
-1.39886 -1.13278 -0 0.296109 0.681787
-1.39886 -1.13278 -0 0.296109 0.681787
-1.45623 -1.05801 -0 0.310638 0.673172
-1.55429 -1.25864 -0 0.290188 0.649822
-1.45623 -1.05801 -0 0.310638 0.673172
-1.61803 -1.17557 -0 0.304837 0.642816
-1.55429 -1.25864 -0 0.290188 0.649822
-1.55429 -1.25864 -0 0.290188 0.649822
-1.61803 -1.17557 -0 0.304837 0.642816
-1.70972 -1.3845 -0 0.284959 0.622159
-1.61803 -1.17557 -0 0.304837 0.642816
-1.77984 -1.29313 -0 0.299524 0.614458
-1.70972 -1.3845 -0 0.284959 0.622159
-1.70972 -1.3845 -0 0.284959 0.622159
-1.77984 -1.29313 -0 0.299524 0.614458
-2.02381 -1.63885 0.04 0.275693 0.568663
-1.77984 -1.29313 -0 0.299524 0.614458
-2.10681 -1.53069 0.04 0.291378 0.562342
-2.02381 -1.63885 0.04 0.275693 0.568663
-2.02381 -1.63885 0.04 0.275693 0.568663
-2.10681 -1.53069 0.04 0.291378 0.562342
-2.17924 -1.76472 0.16 0.269176 0.530421
-2.10681 -1.53069 0.04 0.291378 0.562342
-2.26862 -1.64825 0.16 0.285813 0.523191
-2.17924 -1.76472 0.16 0.269176 0.530421
-2.17924 -1.76472 0.16 0.269176 0.530421
-2.26862 -1.64825 0.16 0.285813 0.523191
-2.33467 -1.89058 0.36 0.26144 0.480362
-2.26862 -1.64825 0.16 0.285813 0.523191
-2.43042 -1.7658 0.36 0.278818 0.471806
-2.33467 -1.89058 0.36 0.26144 0.480362
-2.33467 -1.89058 0.36 0.26144 0.480362
-2.43042 -1.7658 0.36 0.278818 0.471806
-2.4901 -2.01645 0.64 0.253648 0.420499
-2.43042 -1.7658 0.36 0.278818 0.471806
-2.59222 -1.88336 0.64 0.271416 0.412748
-2.4901 -2.01645 0.64 0.253648 0.420499
-2.4901 -2.01645 0.64 0.253648 0.420499
-2.59222 -1.88336 0.64 0.271416 0.412748
-2.64553 -2.14231 1 0.246405 0.350084
-2.59222 -1.88336 0.64 0.271416 0.412748
-2.75403 -2.00092 1 0.264095 0.342577
-2.64553 -2.14231 1 0.246405 0.350084
-2.64553 -2.14231 1 0.246405 0.350084
-2.75403 -2.00092 1 0.264095 0.342577
-2.80096 -2.26817 1.44 0.241513 0.273309
-2.75403 -2.00092 1 0.264095 0.342577
-2.91583 -2.11847 1.44 0.259717 0.265195
-2.80096 -2.26817 1.44 0.241513 0.273309
-2.80096 -2.26817 1.44 0.241513 0.273309
-2.91583 -2.11847 1.44 0.259717 0.265195
-2.95639 -2.39404 1.96 0.239437 0.192104
-2.91583 -2.11847 1.44 0.259717 0.265195
-3.07763 -2.23603 1.96 0.258744 0.185225
-2.95639 -2.39404 1.96 0.239437 0.192104
-2.95639 -2.39404 1.96 0.239437 0.192104
-3.07763 -2.23603 1.96 0.258744 0.185225
-3.11182 -2.5199 2.56 0.241213 0.111923
-3.07763 -2.23603 1.96 0.258744 0.185225
-3.23944 -2.35359 2.56 0.260331 0.106068
-3.11182 -2.5199 2.56 0.241213 0.111923
-0.447846 -0.133826 -0 0.451437 0.997245
-0.447846 -0.125864 -0 0.452718 0.99737
-0.447846 -0.267652 -0 0.414687 0.990807
-0.447846 -0.125864 -0 0.452718 0.99737
-0.447846 -0.251728 -0 0.418419 0.991514
-0.447846 -0.267652 -0 0.414687 0.990807
-0.447846 -0.267652 -0 0.414687 0.990807
-0.447846 -0.251728 -0 0.418419 0.991514
-0.447846 -0.401478 -0 0.379359 0.981243
-0.447846 -0.251728 -0 0.418419 0.991514
-0.466288 -0.377592 -0 0.386473 0.976817
-0.447846 -0.401478 -0 0.379359 0.981243
-0.447846 -0.401478 -0 0.379359 0.981243
-0.466288 -0.377592 -0 0.386473 0.976817
-0.594516 -0.535304 -0 0.353479 0.921315
-0.466288 -0.377592 -0 0.386473 0.976817
-0.621717 -0.503456 -0 0.361675 0.914453
-0.594516 -0.535304 -0 0.353479 0.921315
-0.594516 -0.535304 -0 0.353479 0.921315
-0.621717 -0.503456 -0 0.361675 0.914453
-0.743145 -0.669131 -0 0.332315 0.864922
-0.621717 -0.503456 -0 0.361675 0.914453
-0.777146 -0.62932 -0 0.341786 0.856785
-0.743145 -0.669131 -0 0.332315 0.864922
-0.743145 -0.669131 -0 0.332315 0.864922
-0.777146 -0.62932 -0 0.341786 0.856785
-0.891774 -0.802957 -0 0.315232 0.81344
-0.777146 -0.62932 -0 0.341786 0.856785
-0.932575 -0.755184 -0 0.325959 0.804102
-0.891774 -0.802957 -0 0.315232 0.81344
-0.891774 -0.802957 -0 0.315232 0.81344
-0.932575 -0.755184 -0 0.325959 0.804102
-1.0404 -0.936783 -0 0.30222 0.767477
-0.932575 -0.755184 -0 0.325959 0.804102
-1.088 -0.881049 -0 0.314452 0.759158
-1.0404 -0.936783 -0 0.30222 0.767477
-1.0404 -0.936783 -0 0.30222 0.767477
-1.088 -0.881049 -0 0.314452 0.759158
-1.18903 -1.07061 -0 0.290484 0.724721
-1.088 -0.881049 -0 0.314452 0.759158
-1.24343 -1.00691 -0 0.304088 0.717765
-1.18903 -1.07061 -0 0.290484 0.724721
-1.18903 -1.07061 -0 0.290484 0.724721
-1.24343 -1.00691 -0 0.304088 0.717765
-1.33766 -1.20444 -0 0.282578 0.689729
-1.24343 -1.00691 -0 0.304088 0.717765
-1.39886 -1.13278 -0 0.296109 0.681787
-1.33766 -1.20444 -0 0.282578 0.689729
-1.33766 -1.20444 -0 0.282578 0.689729
-1.39886 -1.13278 -0 0.296109 0.681787
-1.48629 -1.33826 -0 0.275537 0.658381
-1.39886 -1.13278 -0 0.296109 0.681787
-1.55429 -1.25864 -0 0.290188 0.649822
-1.48629 -1.33826 -0 0.275537 0.658381
-1.48629 -1.33826 -0 0.275537 0.658381
-1.55429 -1.25864 -0 0.290188 0.649822
-1.63492 -1.47209 -0 0.27039 0.631507
-1.55429 -1.25864 -0 0.290188 0.649822
-1.70972 -1.3845 -0 0.284959 0.622159
-1.63492 -1.47209 -0 0.27039 0.631507
-1.63492 -1.47209 -0 0.27039 0.631507
-1.70972 -1.3845 -0 0.284959 0.622159
-1.93527 -1.74253 0.04 0.260207 0.579337
-1.70972 -1.3845 -0 0.284959 0.622159
-2.02381 -1.63885 0.04 0.275693 0.568663
-1.93527 -1.74253 0.04 0.260207 0.579337
-1.93527 -1.74253 0.04 0.260207 0.579337
-2.02381 -1.63885 0.04 0.275693 0.568663
-2.0839 -1.87635 0.16 0.253861 0.539677
-2.02381 -1.63885 0.04 0.275693 0.568663
-2.17924 -1.76472 0.16 0.269176 0.530421
-2.0839 -1.87635 0.16 0.253861 0.539677
-2.0839 -1.87635 0.16 0.253861 0.539677
-2.17924 -1.76472 0.16 0.269176 0.530421
-2.23253 -2.01018 0.36 0.244456 0.490942
-2.17924 -1.76472 0.16 0.269176 0.530421
-2.33467 -1.89058 0.36 0.26144 0.480362
-2.23253 -2.01018 0.36 0.244456 0.490942
-2.23253 -2.01018 0.36 0.244456 0.490942
-2.33467 -1.89058 0.36 0.26144 0.480362
-2.38116 -2.144 0.64 0.236446 0.428131
-2.33467 -1.89058 0.36 0.26144 0.480362
-2.4901 -2.01645 0.64 0.253648 0.420499
-2.38116 -2.144 0.64 0.236446 0.428131
-2.38116 -2.144 0.64 0.236446 0.428131
-2.4901 -2.01645 0.64 0.253648 0.420499
-2.52979 -2.27783 1 0.228483 0.358028
-2.4901 -2.01645 0.64 0.253648 0.420499
-2.64553 -2.14231 1 0.246405 0.350084
-2.52979 -2.27783 1 0.228483 0.358028
-2.52979 -2.27783 1 0.228483 0.358028
-2.64553 -2.14231 1 0.246405 0.350084
-2.67842 -2.41166 1.44 0.22278 0.280731
-2.64553 -2.14231 1 0.246405 0.350084
-2.80096 -2.26817 1.44 0.241513 0.273309
-2.67842 -2.41166 1.44 0.22278 0.280731
-2.67842 -2.41166 1.44 0.22278 0.280731
-2.80096 -2.26817 1.44 0.241513 0.273309
-2.82704 -2.54548 1.96 0.220627 0.200085
-2.80096 -2.26817 1.44 0.241513 0.273309
-2.95639 -2.39404 1.96 0.239437 0.192104
-2.82704 -2.54548 1.96 0.220627 0.200085
-2.82704 -2.54548 1.96 0.220627 0.200085
-2.95639 -2.39404 1.96 0.239437 0.192104
-2.97567 -2.67931 2.56 0.222513 0.118407
-2.95639 -2.39404 1.96 0.239437 0.192104
-3.11182 -2.5199 2.56 0.241213 0.111923
-2.97567 -2.67931 2.56 0.222513 0.118407
-0.447846 -0.141421 -0 0.448877 0.996983
-0.447846 -0.133826 -0 0.451437 0.997245
-0.447846 -0.282843 -0 0.409737 0.989814
-0.447846 -0.133826 -0 0.451437 0.997245
-0.447846 -0.267652 -0 0.414687 0.990807
-0.447846 -0.282843 -0 0.409737 0.989814
-0.447846 -0.282843 -0 0.409737 0.989814
-0.447846 -0.267652 -0 0.414687 0.990807
-0.447846 -0.424264 -0 0.373495 0.979507
-0.447846 -0.267652 -0 0.414687 0.990807
-0.447846 -0.401478 -0 0.379359 0.981243
-0.447846 -0.424264 -0 0.373495 0.979507
-0.447846 -0.424264 -0 0.373495 0.979507
-0.447846 -0.401478 -0 0.379359 0.981243
-0.565685 -0.565685 -0 0.344508 0.927268
-0.447846 -0.401478 -0 0.379359 0.981243
-0.594516 -0.535304 -0 0.353479 0.921315
-0.565685 -0.565685 -0 0.344508 0.927268
-0.565685 -0.565685 -0 0.344508 0.927268
-0.594516 -0.535304 -0 0.353479 0.921315
-0.707107 -0.707107 -0 0.322196 0.871999
-0.594516 -0.535304 -0 0.353479 0.921315
-0.743145 -0.669131 -0 0.332315 0.864922
-0.707107 -0.707107 -0 0.322196 0.871999
-0.707107 -0.707107 -0 0.322196 0.871999
-0.743145 -0.669131 -0 0.332315 0.864922
-0.848528 -0.848528 -0 0.304013 0.821605
-0.743145 -0.669131 -0 0.332315 0.864922
-0.891774 -0.802957 -0 0.315232 0.81344
-0.848528 -0.848528 -0 0.304013 0.821605
-0.848528 -0.848528 -0 0.304013 0.821605
-0.891774 -0.802957 -0 0.315232 0.81344
-0.98995 -0.98995 -0 0.289642 0.774691
-0.891774 -0.802957 -0 0.315232 0.81344
-1.0404 -0.936783 -0 0.30222 0.767477
-0.98995 -0.98995 -0 0.289642 0.774691
-0.98995 -0.98995 -0 0.289642 0.774691
-1.0404 -0.936783 -0 0.30222 0.767477
-1.13137 -1.13137 -0 0.27829 0.735302
-1.0404 -0.936783 -0 0.30222 0.767477
-1.18903 -1.07061 -0 0.290484 0.724721
-1.13137 -1.13137 -0 0.27829 0.735302
-1.13137 -1.13137 -0 0.27829 0.735302
-1.18903 -1.07061 -0 0.290484 0.724721
-1.27279 -1.27279 -0 0.269111 0.698912
-1.18903 -1.07061 -0 0.290484 0.724721
-1.33766 -1.20444 -0 0.282578 0.689729
-1.27279 -1.27279 -0 0.269111 0.698912
-1.27279 -1.27279 -0 0.269111 0.698912
-1.33766 -1.20444 -0 0.282578 0.689729
-1.41421 -1.41421 -0 0.262182 0.66853
-1.33766 -1.20444 -0 0.282578 0.689729
-1.48629 -1.33826 -0 0.275537 0.658381
-1.41421 -1.41421 -0 0.262182 0.66853
-1.41421 -1.41421 -0 0.262182 0.66853
-1.48629 -1.33826 -0 0.275537 0.658381
-1.55563 -1.55563 -0 0.256043 0.642228
-1.48629 -1.33826 -0 0.275537 0.658381
-1.63492 -1.47209 -0 0.27039 0.631507
-1.55563 -1.55563 -0 0.256043 0.642228
-1.55563 -1.55563 -0 0.256043 0.642228
-1.63492 -1.47209 -0 0.27039 0.631507
-1.84142 -1.84142 0.04 0.245995 0.589285
-1.63492 -1.47209 -0 0.27039 0.631507
-1.93527 -1.74253 0.04 0.260207 0.579337
-1.84142 -1.84142 0.04 0.245995 0.589285
-1.84142 -1.84142 0.04 0.245995 0.589285
-1.93527 -1.74253 0.04 0.260207 0.579337
-1.98284 -1.98284 0.16 0.237884 0.550578
-1.93527 -1.74253 0.04 0.260207 0.579337
-2.0839 -1.87635 0.16 0.253861 0.539677
-1.98284 -1.98284 0.16 0.237884 0.550578
-1.98284 -1.98284 0.16 0.237884 0.550578
-2.0839 -1.87635 0.16 0.253861 0.539677
-2.12426 -2.12426 0.36 0.229019 0.498567
-2.0839 -1.87635 0.16 0.253861 0.539677
-2.23253 -2.01018 0.36 0.244456 0.490942
-2.12426 -2.12426 0.36 0.229019 0.498567
-2.12426 -2.12426 0.36 0.229019 0.498567
-2.23253 -2.01018 0.36 0.244456 0.490942
-2.26569 -2.26569 0.64 0.219017 0.437957
-2.23253 -2.01018 0.36 0.244456 0.490942
-2.38116 -2.144 0.64 0.236446 0.428131
-2.26569 -2.26569 0.64 0.219017 0.437957
-2.26569 -2.26569 0.64 0.219017 0.437957
-2.38116 -2.144 0.64 0.236446 0.428131
-2.40711 -2.40711 1 0.210565 0.368336
-2.38116 -2.144 0.64 0.236446 0.428131
-2.52979 -2.27783 1 0.228483 0.358028
-2.40711 -2.40711 1 0.210565 0.368336
-2.40711 -2.40711 1 0.210565 0.368336
-2.52979 -2.27783 1 0.228483 0.358028
-2.54853 -2.54853 1.44 0.204348 0.290636
-2.52979 -2.27783 1 0.228483 0.358028
-2.67842 -2.41166 1.44 0.22278 0.280731
-2.54853 -2.54853 1.44 0.204348 0.290636
-2.54853 -2.54853 1.44 0.204348 0.290636
-2.67842 -2.41166 1.44 0.22278 0.280731
-2.68995 -2.68995 1.96 0.202224 0.207971
-2.67842 -2.41166 1.44 0.22278 0.280731
-2.82704 -2.54548 1.96 0.220627 0.200085
-2.68995 -2.68995 1.96 0.202224 0.207971
-2.68995 -2.68995 1.96 0.202224 0.207971
-2.82704 -2.54548 1.96 0.220627 0.200085
-2.83137 -2.83137 2.56 0.204001 0.125883
-2.82704 -2.54548 1.96 0.220627 0.200085
-2.97567 -2.67931 2.56 0.222513 0.118407
-2.83137 -2.83137 2.56 0.204001 0.125883
-0.447846 -0.148629 -0 0.446232 0.995636
-0.447846 -0.141421 -0 0.448877 0.996983
-0.447846 -0.297258 -0 0.406044 0.98903
-0.447846 -0.141421 -0 0.448877 0.996983
-0.447846 -0.282843 -0 0.409737 0.989814
-0.447846 -0.297258 -0 0.406044 0.98903
-0.447846 -0.297258 -0 0.406044 0.98903
-0.447846 -0.282843 -0 0.409737 0.989814
-0.447846 -0.445887 -0 0.367697 0.977697
-0.447846 -0.282843 -0 0.409737 0.989814
-0.447846 -0.424264 -0 0.373495 0.979507
-0.447846 -0.445887 -0 0.367697 0.977697
-0.447846 -0.445887 -0 0.367697 0.977697
-0.447846 -0.424264 -0 0.373495 0.979507
-0.535304 -0.594516 -0 0.336551 0.935355
-0.447846 -0.424264 -0 0.373495 0.979507
-0.565685 -0.565685 -0 0.344508 0.927268
-0.535304 -0.594516 -0 0.336551 0.935355
-0.535304 -0.594516 -0 0.336551 0.935355
-0.565685 -0.565685 -0 0.344508 0.927268
-0.669131 -0.743145 -0 0.31297 0.880032
-0.565685 -0.565685 -0 0.344508 0.927268
-0.707107 -0.707107 -0 0.322196 0.871999
-0.669131 -0.743145 -0 0.31297 0.880032
-0.669131 -0.743145 -0 0.31297 0.880032
-0.707107 -0.707107 -0 0.322196 0.871999
-0.802957 -0.891774 -0 0.293542 0.829066
-0.707107 -0.707107 -0 0.322196 0.871999
-0.848528 -0.848528 -0 0.304013 0.821605
-0.802957 -0.891774 -0 0.293542 0.829066
-0.802957 -0.891774 -0 0.293542 0.829066
-0.848528 -0.848528 -0 0.304013 0.821605
-0.936783 -1.0404 -0 0.278497 0.785074
-0.848528 -0.848528 -0 0.304013 0.821605
-0.98995 -0.98995 -0 0.289642 0.774691
-0.936783 -1.0404 -0 0.278497 0.785074
-0.936783 -1.0404 -0 0.278497 0.785074
-0.98995 -0.98995 -0 0.289642 0.774691
-1.07061 -1.18903 -0 0.265974 0.744622
-0.98995 -0.98995 -0 0.289642 0.774691
-1.13137 -1.13137 -0 0.27829 0.735302
-1.07061 -1.18903 -0 0.265974 0.744622
-1.07061 -1.18903 -0 0.265974 0.744622
-1.13137 -1.13137 -0 0.27829 0.735302
-1.20444 -1.33766 -0 0.256927 0.709451
-1.13137 -1.13137 -0 0.27829 0.735302
-1.27279 -1.27279 -0 0.269111 0.698912
-1.20444 -1.33766 -0 0.256927 0.709451
-1.20444 -1.33766 -0 0.256927 0.709451
-1.27279 -1.27279 -0 0.269111 0.698912
-1.33826 -1.48629 -0 0.249093 0.679755
-1.27279 -1.27279 -0 0.269111 0.698912
-1.41421 -1.41421 -0 0.262182 0.66853
-1.33826 -1.48629 -0 0.249093 0.679755
-1.33826 -1.48629 -0 0.249093 0.679755
-1.41421 -1.41421 -0 0.262182 0.66853
-1.47209 -1.63492 -0 0.241946 0.651827
-1.41421 -1.41421 -0 0.262182 0.66853
-1.55563 -1.55563 -0 0.256043 0.642228
-1.47209 -1.63492 -0 0.241946 0.651827
-1.47209 -1.63492 -0 0.241946 0.651827
-1.55563 -1.55563 -0 0.256043 0.642228
-1.74253 -1.93527 0.04 0.231117 0.598178
-1.55563 -1.55563 -0 0.256043 0.642228
-1.84142 -1.84142 0.04 0.245995 0.589285
-1.74253 -1.93527 0.04 0.231117 0.598178
-1.74253 -1.93527 0.04 0.231117 0.598178
-1.84142 -1.84142 0.04 0.245995 0.589285
-1.87635 -2.0839 0.16 0.222519 0.560591
-1.84142 -1.84142 0.04 0.245995 0.589285
-1.98284 -1.98284 0.16 0.237884 0.550578
-1.87635 -2.0839 0.16 0.222519 0.560591
-1.87635 -2.0839 0.16 0.222519 0.560591
-1.98284 -1.98284 0.16 0.237884 0.550578
-2.01018 -2.23253 0.36 0.212477 0.510237
-1.98284 -1.98284 0.16 0.237884 0.550578
-2.12426 -2.12426 0.36 0.229019 0.498567
-2.01018 -2.23253 0.36 0.212477 0.510237
-2.01018 -2.23253 0.36 0.212477 0.510237
-2.12426 -2.12426 0.36 0.229019 0.498567
-2.144 -2.38116 0.64 0.202546 0.449485
-2.12426 -2.12426 0.36 0.229019 0.498567
-2.26569 -2.26569 0.64 0.219017 0.437957
-2.144 -2.38116 0.64 0.202546 0.449485
-2.144 -2.38116 0.64 0.202546 0.449485
-2.26569 -2.26569 0.64 0.219017 0.437957
-2.27783 -2.52979 1 0.193195 0.378648
-2.26569 -2.26569 0.64 0.219017 0.437957
-2.40711 -2.40711 1 0.210565 0.368336
-2.27783 -2.52979 1 0.193195 0.378648
-2.27783 -2.52979 1 0.193195 0.378648
-2.40711 -2.40711 1 0.210565 0.368336
-2.41166 -2.67842 1.44 0.187005 0.299171
-2.40711 -2.40711 1 0.210565 0.368336
-2.54853 -2.54853 1.44 0.204348 0.290636
-2.41166 -2.67842 1.44 0.187005 0.299171
-2.41166 -2.67842 1.44 0.187005 0.299171
-2.54853 -2.54853 1.44 0.204348 0.290636
-2.54548 -2.82704 1.96 0.184058 0.216121
-2.54853 -2.54853 1.44 0.204348 0.290636
-2.68995 -2.68995 1.96 0.202224 0.207971
-2.54548 -2.82704 1.96 0.184058 0.216121
-2.54548 -2.82704 1.96 0.184058 0.216121
-2.68995 -2.68995 1.96 0.202224 0.207971
-2.67931 -2.97567 2.56 0.185236 0.133452
-2.68995 -2.68995 1.96 0.202224 0.207971
-2.83137 -2.83137 2.56 0.204001 0.125883
-2.67931 -2.97567 2.56 0.185236 0.133452
-0.447846 -0.155429 -0 0.444954 0.995491
-0.447846 -0.148629 -0 0.446232 0.995636
-0.447846 -0.310858 -0 0.402371 0.988215
-0.447846 -0.148629 -0 0.446232 0.995636
-0.447846 -0.297258 -0 0.406044 0.98903
-0.447846 -0.310858 -0 0.402371 0.988215
-0.447846 -0.310858 -0 0.402371 0.988215
-0.447846 -0.297258 -0 0.406044 0.98903
-0.447846 -0.466288 -0 0.363107 0.976199
-0.447846 -0.297258 -0 0.406044 0.98903
-0.447846 -0.445887 -0 0.367697 0.977697
-0.447846 -0.466288 -0 0.363107 0.976199
-0.447846 -0.466288 -0 0.363107 0.976199
-0.447846 -0.445887 -0 0.367697 0.977697
-0.503456 -0.621717 -0 0.32907 0.942814
-0.447846 -0.445887 -0 0.367697 0.977697
-0.535304 -0.594516 -0 0.336551 0.935355
-0.503456 -0.621717 -0 0.32907 0.942814
-0.503456 -0.621717 -0 0.32907 0.942814
-0.535304 -0.594516 -0 0.336551 0.935355
-0.62932 -0.777146 -0 0.303557 0.888414
-0.535304 -0.594516 -0 0.336551 0.935355
-0.669131 -0.743145 -0 0.31297 0.880032
-0.62932 -0.777146 -0 0.303557 0.888414
-0.62932 -0.777146 -0 0.303557 0.888414
-0.669131 -0.743145 -0 0.31297 0.880032
-0.755184 -0.932575 -0 0.283328 0.838771
-0.669131 -0.743145 -0 0.31297 0.880032
-0.802957 -0.891774 -0 0.293542 0.829066
-0.755184 -0.932575 -0 0.283328 0.838771
-0.755184 -0.932575 -0 0.283328 0.838771
-0.802957 -0.891774 -0 0.293542 0.829066
-0.881049 -1.088 -0 0.267202 0.79411
-0.802957 -0.891774 -0 0.293542 0.829066
-0.936783 -1.0404 -0 0.278497 0.785074
-0.881049 -1.088 -0 0.267202 0.79411
-0.881049 -1.088 -0 0.267202 0.79411
-0.936783 -1.0404 -0 0.278497 0.785074
-1.00691 -1.24343 -0 0.253933 0.754643
-0.936783 -1.0404 -0 0.278497 0.785074
-1.07061 -1.18903 -0 0.265974 0.744622
-1.00691 -1.24343 -0 0.253933 0.754643
-1.00691 -1.24343 -0 0.253933 0.754643
-1.07061 -1.18903 -0 0.265974 0.744622
-1.13278 -1.39886 -0 0.244084 0.72039
-1.07061 -1.18903 -0 0.265974 0.744622
-1.20444 -1.33766 -0 0.256927 0.709451
-1.13278 -1.39886 -0 0.244084 0.72039
-1.13278 -1.39886 -0 0.244084 0.72039
-1.20444 -1.33766 -0 0.256927 0.709451
-1.25864 -1.55429 -0 0.235314 0.689362
-1.20444 -1.33766 -0 0.256927 0.709451
-1.33826 -1.48629 -0 0.249093 0.679755
-1.25864 -1.55429 -0 0.235314 0.689362
-1.25864 -1.55429 -0 0.235314 0.689362
-1.33826 -1.48629 -0 0.249093 0.679755
-1.3845 -1.70972 -0 0.228412 0.662439
-1.33826 -1.48629 -0 0.249093 0.679755
-1.47209 -1.63492 -0 0.241946 0.651827
-1.3845 -1.70972 -0 0.228412 0.662439
-1.3845 -1.70972 -0 0.228412 0.662439
-1.47209 -1.63492 -0 0.241946 0.651827
-1.63885 -2.02381 0.04 0.216203 0.61031
-1.47209 -1.63492 -0 0.241946 0.651827
-1.74253 -1.93527 0.04 0.231117 0.598178
-1.63885 -2.02381 0.04 0.216203 0.61031
-1.63885 -2.02381 0.04 0.216203 0.61031
-1.74253 -1.93527 0.04 0.231117 0.598178
-1.76472 -2.17924 0.16 0.207951 0.57188
-1.74253 -1.93527 0.04 0.231117 0.598178
-1.87635 -2.0839 0.16 0.222519 0.560591
-1.76472 -2.17924 0.16 0.207951 0.57188
-1.76472 -2.17924 0.16 0.207951 0.57188
-1.87635 -2.0839 0.16 0.222519 0.560591
-1.89058 -2.33467 0.36 0.196981 0.520995
-1.87635 -2.0839 0.16 0.222519 0.560591
-2.01018 -2.23253 0.36 0.212477 0.510237
-1.89058 -2.33467 0.36 0.196981 0.520995
-1.89058 -2.33467 0.36 0.196981 0.520995
-2.01018 -2.23253 0.36 0.212477 0.510237
-2.01645 -2.4901 0.64 0.185848 0.460539
-2.01018 -2.23253 0.36 0.212477 0.510237
-2.144 -2.38116 0.64 0.202546 0.449485
-2.01645 -2.4901 0.64 0.185848 0.460539
-2.01645 -2.4901 0.64 0.185848 0.460539
-2.144 -2.38116 0.64 0.202546 0.449485
-2.14231 -2.64553 1 0.176032 0.389043
-2.144 -2.38116 0.64 0.202546 0.449485
-2.27783 -2.52979 1 0.193195 0.378648
-2.14231 -2.64553 1 0.176032 0.389043
-2.14231 -2.64553 1 0.176032 0.389043
-2.27783 -2.52979 1 0.193195 0.378648
-2.26817 -2.80096 1.44 0.169025 0.309104
-2.27783 -2.52979 1 0.193195 0.378648
-2.41166 -2.67842 1.44 0.187005 0.299171
-2.26817 -2.80096 1.44 0.169025 0.309104
-2.26817 -2.80096 1.44 0.169025 0.309104
-2.41166 -2.67842 1.44 0.187005 0.299171
-2.39404 -2.95639 1.96 0.165655 0.225247
-2.41166 -2.67842 1.44 0.187005 0.299171
-2.54548 -2.82704 1.96 0.184058 0.216121
-2.39404 -2.95639 1.96 0.165655 0.225247
-2.39404 -2.95639 1.96 0.165655 0.225247
-2.54548 -2.82704 1.96 0.184058 0.216121
-2.5199 -3.11182 2.56 0.16711 0.140942
-2.54548 -2.82704 1.96 0.184058 0.216121
-2.67931 -2.97567 2.56 0.185236 0.133452
-2.5199 -3.11182 2.56 0.16711 0.140942
-0.447846 -0.161803 -0 0.443676 0.995341
-0.447846 -0.155429 -0 0.444954 0.995491
-0.447846 -0.323607 -0 0.399754 0.98656
-0.447846 -0.155429 -0 0.444954 0.995491
-0.447846 -0.310858 -0 0.402371 0.988215
-0.447846 -0.323607 -0 0.399754 0.98656
-0.447846 -0.323607 -0 0.399754 0.98656
-0.447846 -0.310858 -0 0.402371 0.988215
-0.447846 -0.48541 -0 0.358317 0.973532
-0.447846 -0.310858 -0 0.402371 0.988215
-0.447846 -0.466288 -0 0.363107 0.976199
-0.447846 -0.48541 -0 0.358317 0.973532
-0.447846 -0.48541 -0 0.358317 0.973532
-0.447846 -0.466288 -0 0.363107 0.976199
-0.470228 -0.647214 -0 0.322324 0.950902
-0.447846 -0.466288 -0 0.363107 0.976199
-0.503456 -0.621717 -0 0.32907 0.942814
-0.470228 -0.647214 -0 0.322324 0.950902
-0.470228 -0.647214 -0 0.322324 0.950902
-0.503456 -0.621717 -0 0.32907 0.942814
-0.587785 -0.809017 -0 0.295114 0.897481
-0.503456 -0.621717 -0 0.32907 0.942814
-0.62932 -0.777146 -0 0.303557 0.888414
-0.587785 -0.809017 -0 0.295114 0.897481
-0.587785 -0.809017 -0 0.295114 0.897481
-0.62932 -0.777146 -0 0.303557 0.888414
-0.705342 -0.97082 -0 0.273233 0.848711
-0.62932 -0.777146 -0 0.303557 0.888414
-0.755184 -0.932575 -0 0.283328 0.838771
-0.705342 -0.97082 -0 0.273233 0.848711
-0.705342 -0.97082 -0 0.273233 0.848711
-0.755184 -0.932575 -0 0.283328 0.838771
-0.822899 -1.13262 -0 0.25647 0.805333
-0.755184 -0.932575 -0 0.283328 0.838771
-0.881049 -1.088 -0 0.267202 0.79411
-0.822899 -1.13262 -0 0.25647 0.805333
-0.822899 -1.13262 -0 0.25647 0.805333
-0.881049 -1.088 -0 0.267202 0.79411
-0.940456 -1.29443 -0 0.242593 0.767003
-0.881049 -1.088 -0 0.267202 0.79411
-1.00691 -1.24343 -0 0.253933 0.754643
-0.940456 -1.29443 -0 0.242593 0.767003
-0.940456 -1.29443 -0 0.242593 0.767003
-1.00691 -1.24343 -0 0.253933 0.754643
-1.05801 -1.45623 -0 0.231818 0.731841
-1.00691 -1.24343 -0 0.253933 0.754643
-1.13278 -1.39886 -0 0.244084 0.72039
-1.05801 -1.45623 -0 0.231818 0.731841
-1.05801 -1.45623 -0 0.231818 0.731841
-1.13278 -1.39886 -0 0.244084 0.72039
-1.17557 -1.61803 -0 0.223304 0.702042
-1.13278 -1.39886 -0 0.244084 0.72039
-1.25864 -1.55429 -0 0.235314 0.689362
-1.17557 -1.61803 -0 0.223304 0.702042
-1.17557 -1.61803 -0 0.223304 0.702042
-1.25864 -1.55429 -0 0.235314 0.689362
-1.29313 -1.77984 -0 0.215574 0.673817
-1.25864 -1.55429 -0 0.235314 0.689362
-1.3845 -1.70972 -0 0.228412 0.662439
-1.29313 -1.77984 -0 0.215574 0.673817
-1.29313 -1.77984 -0 0.215574 0.673817
-1.3845 -1.70972 -0 0.228412 0.662439
-1.53069 -2.10681 0.04 0.202884 0.621348
-1.3845 -1.70972 -0 0.228412 0.662439
-1.63885 -2.02381 0.04 0.216203 0.61031
-1.53069 -2.10681 0.04 0.202884 0.621348
-1.53069 -2.10681 0.04 0.202884 0.621348
-1.63885 -2.02381 0.04 0.216203 0.61031
-1.64825 -2.26862 0.16 0.192869 0.583868
-1.63885 -2.02381 0.04 0.216203 0.61031
-1.76472 -2.17924 0.16 0.207951 0.57188
-1.64825 -2.26862 0.16 0.192869 0.583868
-1.64825 -2.26862 0.16 0.192869 0.583868
-1.76472 -2.17924 0.16 0.207951 0.57188
-1.7658 -2.43042 0.36 0.181933 0.532836
-1.76472 -2.17924 0.16 0.207951 0.57188
-1.89058 -2.33467 0.36 0.196981 0.520995
-1.7658 -2.43042 0.36 0.181933 0.532836
-1.7658 -2.43042 0.36 0.181933 0.532836
-1.89058 -2.33467 0.36 0.196981 0.520995
-1.88336 -2.59222 0.64 0.16996 0.472826
-1.89058 -2.33467 0.36 0.196981 0.520995
-2.01645 -2.4901 0.64 0.185848 0.460539
-1.88336 -2.59222 0.64 0.16996 0.472826
-1.88336 -2.59222 0.64 0.16996 0.472826
-2.01645 -2.4901 0.64 0.185848 0.460539
-2.00092 -2.75403 1 0.15937 0.401113
-2.01645 -2.4901 0.64 0.185848 0.460539
-2.14231 -2.64553 1 0.176032 0.389043
-2.00092 -2.75403 1 0.15937 0.401113
-2.00092 -2.75403 1 0.15937 0.401113
-2.14231 -2.64553 1 0.176032 0.389043
-2.11847 -2.91583 1.44 0.151688 0.319685
-2.14231 -2.64553 1 0.176032 0.389043
-2.26817 -2.80096 1.44 0.169025 0.309104
-2.11847 -2.91583 1.44 0.151688 0.319685
-2.11847 -2.91583 1.44 0.151688 0.319685
-2.26817 -2.80096 1.44 0.169025 0.309104
-2.23603 -3.07763 1.96 0.147811 0.234985
-2.26817 -2.80096 1.44 0.169025 0.309104
-2.39404 -2.95639 1.96 0.165655 0.225247
-2.23603 -3.07763 1.96 0.147811 0.234985
-2.23603 -3.07763 1.96 0.147811 0.234985
-2.39404 -2.95639 1.96 0.165655 0.225247
-2.35359 -3.23944 2.56 0.149123 0.149472
-2.39404 -2.95639 1.96 0.165655 0.225247
-2.5199 -3.11182 2.56 0.16711 0.140942
-2.35359 -3.23944 2.56 0.149123 0.149472
-0.447846 -0.167734 -0 0.441125 0.99503
-0.447846 -0.161803 -0 0.443676 0.995341
-0.447846 -0.335468 -0 0.396106 0.985691
-0.447846 -0.161803 -0 0.443676 0.995341
-0.447846 -0.323607 -0 0.399754 0.98656
-0.447846 -0.335468 -0 0.396106 0.985691
-0.447846 -0.335468 -0 0.396106 0.985691
-0.447846 -0.323607 -0 0.399754 0.98656
-0.447846 -0.503202 -0 0.35381 0.971946
-0.447846 -0.323607 -0 0.399754 0.98656
-0.447846 -0.48541 -0 0.358317 0.973532
-0.447846 -0.503202 -0 0.35381 0.971946
-0.447846 -0.503202 -0 0.35381 0.971946
-0.447846 -0.48541 -0 0.358317 0.973532
-0.447846 -0.670936 -0 0.315113 0.954918
-0.447846 -0.48541 -0 0.358317 0.973532
-0.470228 -0.647214 -0 0.322324 0.950902
-0.447846 -0.670936 -0 0.315113 0.954918
-0.447846 -0.670936 -0 0.315113 0.954918
-0.470228 -0.647214 -0 0.322324 0.950902
-0.544639 -0.838671 -0 0.286956 0.907959
-0.470228 -0.647214 -0 0.322324 0.950902
-0.587785 -0.809017 -0 0.295114 0.897481
-0.544639 -0.838671 -0 0.286956 0.907959
-0.544639 -0.838671 -0 0.286956 0.907959
-0.587785 -0.809017 -0 0.295114 0.897481
-0.653567 -1.0064 -0 0.264304 0.859236
-0.587785 -0.809017 -0 0.295114 0.897481
-0.705342 -0.97082 -0 0.273233 0.848711
-0.653567 -1.0064 -0 0.264304 0.859236
-0.653567 -1.0064 -0 0.264304 0.859236
-0.705342 -0.97082 -0 0.273233 0.848711
-0.762495 -1.17414 -0 0.246138 0.816648
-0.705342 -0.97082 -0 0.273233 0.848711
-0.822899 -1.13262 -0 0.25647 0.805333
-0.762495 -1.17414 -0 0.246138 0.816648
-0.762495 -1.17414 -0 0.246138 0.816648
-0.822899 -1.13262 -0 0.25647 0.805333
-0.871422 -1.34187 -0 0.231514 0.777712
-0.822899 -1.13262 -0 0.25647 0.805333
-0.940456 -1.29443 -0 0.242593 0.767003
-0.871422 -1.34187 -0 0.231514 0.777712
-0.871422 -1.34187 -0 0.231514 0.777712
-0.940456 -1.29443 -0 0.242593 0.767003
-0.98035 -1.50961 -0 0.220231 0.743596
-0.940456 -1.29443 -0 0.242593 0.767003
-1.05801 -1.45623 -0 0.231818 0.731841
-0.98035 -1.50961 -0 0.220231 0.743596
-0.98035 -1.50961 -0 0.220231 0.743596
-1.05801 -1.45623 -0 0.231818 0.731841
-1.08928 -1.67734 -0 0.210439 0.714296
-1.05801 -1.45623 -0 0.231818 0.731841
-1.17557 -1.61803 -0 0.223304 0.702042
-1.08928 -1.67734 -0 0.210439 0.714296
-1.08928 -1.67734 -0 0.210439 0.714296
-1.17557 -1.61803 -0 0.223304 0.702042
-1.19821 -1.84508 -0 0.203001 0.687322
-1.17557 -1.61803 -0 0.223304 0.702042
-1.29313 -1.77984 -0 0.215574 0.673817
-1.19821 -1.84508 -0 0.203001 0.687322
-1.19821 -1.84508 -0 0.203001 0.687322
-1.29313 -1.77984 -0 0.215574 0.673817
-1.41833 -2.18404 0.04 0.189233 0.634623
-1.29313 -1.77984 -0 0.215574 0.673817
-1.53069 -2.10681 0.04 0.202884 0.621348
-1.41833 -2.18404 0.04 0.189233 0.634623
-1.41833 -2.18404 0.04 0.189233 0.634623
-1.53069 -2.10681 0.04 0.202884 0.621348
-1.52726 -2.35177 0.16 0.179057 0.596503
-1.53069 -2.10681 0.04 0.202884 0.621348
-1.64825 -2.26862 0.16 0.192869 0.583868
-1.52726 -2.35177 0.16 0.179057 0.596503
-1.52726 -2.35177 0.16 0.179057 0.596503
-1.64825 -2.26862 0.16 0.192869 0.583868
-1.63618 -2.5195 0.36 0.167024 0.545347
-1.64825 -2.26862 0.16 0.192869 0.583868
-1.7658 -2.43042 0.36 0.181933 0.532836
-1.63618 -2.5195 0.36 0.167024 0.545347
-1.63618 -2.5195 0.36 0.167024 0.545347
-1.7658 -2.43042 0.36 0.181933 0.532836
-1.74511 -2.68724 0.64 0.154105 0.484216
-1.7658 -2.43042 0.36 0.181933 0.532836
-1.88336 -2.59222 0.64 0.16996 0.472826
-1.74511 -2.68724 0.64 0.154105 0.484216
-1.74511 -2.68724 0.64 0.154105 0.484216
-1.88336 -2.59222 0.64 0.16996 0.472826
-1.85404 -2.85497 1 0.142796 0.413037
-1.88336 -2.59222 0.64 0.16996 0.472826
-2.00092 -2.75403 1 0.15937 0.401113
-1.85404 -2.85497 1 0.142796 0.413037
-1.85404 -2.85497 1 0.142796 0.413037
-2.00092 -2.75403 1 0.15937 0.401113
-1.96297 -3.02271 1.44 0.134226 0.331481
-2.00092 -2.75403 1 0.15937 0.401113
-2.11847 -2.91583 1.44 0.151688 0.319685
-1.96297 -3.02271 1.44 0.134226 0.331481
-1.96297 -3.02271 1.44 0.134226 0.331481
-2.11847 -2.91583 1.44 0.151688 0.319685
-2.0719 -3.19044 1.96 0.130288 0.244917
-2.11847 -2.91583 1.44 0.151688 0.319685
-2.23603 -3.07763 1.96 0.147811 0.234985
-2.0719 -3.19044 1.96 0.130288 0.244917
-2.0719 -3.19044 1.96 0.130288 0.244917
-2.23603 -3.07763 1.96 0.147811 0.234985
-2.18082 -3.35817 2.56 0.131107 0.158298
-2.23603 -3.07763 1.96 0.147811 0.234985
-2.35359 -3.23944 2.56 0.149123 0.149472
-2.18082 -3.35817 2.56 0.131107 0.158298
-0.447846 -0.173205 -0 0.439851 0.994868
-0.447846 -0.167734 -0 0.441125 0.99503
-0.447846 -0.34641 -0 0.393685 0.985095
-0.447846 -0.167734 -0 0.441125 0.99503
-0.447846 -0.335468 -0 0.396106 0.985691
-0.447846 -0.34641 -0 0.393685 0.985095
-0.447846 -0.34641 -0 0.393685 0.985095
-0.447846 -0.335468 -0 0.396106 0.985691
-0.447846 -0.519615 -0 0.350461 0.970731
-0.447846 -0.335468 -0 0.396106 0.985691
-0.447846 -0.503202 -0 0.35381 0.971946
-0.447846 -0.519615 -0 0.350461 0.970731
-0.447846 -0.519615 -0 0.350461 0.970731
-0.447846 -0.503202 -0 0.35381 0.971946
-0.447846 -0.69282 -0 0.311092 0.953005
-0.447846 -0.503202 -0 0.35381 0.971946
-0.447846 -0.670936 -0 0.315113 0.954918
-0.447846 -0.69282 -0 0.311092 0.953005
-0.447846 -0.69282 -0 0.311092 0.953005
-0.447846 -0.670936 -0 0.315113 0.954918
-0.5 -0.866025 -0 0.27888 0.918231
-0.447846 -0.670936 -0 0.315113 0.954918
-0.544639 -0.838671 -0 0.286956 0.907959
-0.5 -0.866025 -0 0.27888 0.918231
-0.5 -0.866025 -0 0.27888 0.918231
-0.544639 -0.838671 -0 0.286956 0.907959
-0.6 -1.03923 -0 0.255056 0.870622
-0.544639 -0.838671 -0 0.286956 0.907959
-0.653567 -1.0064 -0 0.264304 0.859236
-0.6 -1.03923 -0 0.255056 0.870622
-0.6 -1.03923 -0 0.255056 0.870622
-0.653567 -1.0064 -0 0.264304 0.859236
-0.7 -1.21244 -0 0.236293 0.827897
-0.653567 -1.0064 -0 0.264304 0.859236
-0.762495 -1.17414 -0 0.246138 0.816648
-0.7 -1.21244 -0 0.236293 0.827897
-0.7 -1.21244 -0 0.236293 0.827897
-0.762495 -1.17414 -0 0.246138 0.816648
-0.8 -1.38564 -0 0.221346 0.790206
-0.762495 -1.17414 -0 0.246138 0.816648
-0.871422 -1.34187 -0 0.231514 0.777712
-0.8 -1.38564 -0 0.221346 0.790206
-0.8 -1.38564 -0 0.221346 0.790206
-0.871422 -1.34187 -0 0.231514 0.777712
-0.9 -1.55885 -0 0.208933 0.756768
-0.871422 -1.34187 -0 0.231514 0.777712
-0.98035 -1.50961 -0 0.220231 0.743596
-0.9 -1.55885 -0 0.208933 0.756768
-0.9 -1.55885 -0 0.208933 0.756768
-0.98035 -1.50961 -0 0.220231 0.743596
-1 -1.73205 -0 0.198588 0.726629
-0.98035 -1.50961 -0 0.220231 0.743596
-1.08928 -1.67734 -0 0.210439 0.714296
-1 -1.73205 -0 0.198588 0.726629
-1 -1.73205 -0 0.198588 0.726629
-1.08928 -1.67734 -0 0.210439 0.714296
-1.1 -1.90526 -0 0.190766 0.700558
-1.08928 -1.67734 -0 0.210439 0.714296
-1.19821 -1.84508 -0 0.203001 0.687322
-1.1 -1.90526 -0 0.190766 0.700558
-1.1 -1.90526 -0 0.190766 0.700558
-1.19821 -1.84508 -0 0.203001 0.687322
-1.30208 -2.25527 0.04 0.175594 0.647605
-1.19821 -1.84508 -0 0.203001 0.687322
-1.41833 -2.18404 0.04 0.189233 0.634623
-1.30208 -2.25527 0.04 0.175594 0.647605
-1.30208 -2.25527 0.04 0.175594 0.647605
-1.41833 -2.18404 0.04 0.189233 0.634623
-1.40208 -2.42848 0.16 0.164839 0.608975
-1.41833 -2.18404 0.04 0.189233 0.634623
-1.52726 -2.35177 0.16 0.179057 0.596503
-1.40208 -2.42848 0.16 0.164839 0.608975
-1.40208 -2.42848 0.16 0.164839 0.608975
-1.52726 -2.35177 0.16 0.179057 0.596503
-1.50208 -2.60168 0.36 0.15222 0.55988
-1.52726 -2.35177 0.16 0.179057 0.596503
-1.63618 -2.5195 0.36 0.167024 0.545347
-1.50208 -2.60168 0.36 0.15222 0.55988
-1.50208 -2.60168 0.36 0.15222 0.55988
-1.63618 -2.5195 0.36 0.167024 0.545347
-1.60208 -2.77489 0.64 0.13875 0.498038
-1.63618 -2.5195 0.36 0.167024 0.545347
-1.74511 -2.68724 0.64 0.154105 0.484216
-1.60208 -2.77489 0.64 0.13875 0.498038
-1.60208 -2.77489 0.64 0.13875 0.498038
-1.74511 -2.68724 0.64 0.154105 0.484216
-1.70208 -2.94809 1 0.12655 0.424648
-1.74511 -2.68724 0.64 0.154105 0.484216
-1.85404 -2.85497 1 0.142796 0.413037
-1.70208 -2.94809 1 0.12655 0.424648
-1.70208 -2.94809 1 0.12655 0.424648
-1.85404 -2.85497 1 0.142796 0.413037
-1.80208 -3.1213 1.44 0.117163 0.344156
-1.85404 -2.85497 1 0.142796 0.413037
-1.96297 -3.02271 1.44 0.134226 0.331481
-1.80208 -3.1213 1.44 0.117163 0.344156
-1.80208 -3.1213 1.44 0.117163 0.344156
-1.96297 -3.02271 1.44 0.134226 0.331481
-1.90208 -3.2945 1.96 0.112518 0.25634
-1.96297 -3.02271 1.44 0.134226 0.331481
-2.0719 -3.19044 1.96 0.130288 0.244917
-1.90208 -3.2945 1.96 0.112518 0.25634
-1.90208 -3.2945 1.96 0.112518 0.25634
-2.0719 -3.19044 1.96 0.130288 0.244917
-2.00208 -3.46771 2.56 0.113147 0.167796
-2.0719 -3.19044 1.96 0.130288 0.244917
-2.18082 -3.35817 2.56 0.131107 0.158298
-2.00208 -3.46771 2.56 0.113147 0.167796
-0.447846 -0.178201 -0 0.438579 0.994702
-0.447846 -0.173205 -0 0.439851 0.994868
-0.447846 -0.356403 -0 0.391274 0.984485
-0.447846 -0.173205 -0 0.439851 0.994868
-0.447846 -0.34641 -0 0.393685 0.985095
-0.447846 -0.356403 -0 0.391274 0.984485
-0.447846 -0.356403 -0 0.391274 0.984485
-0.447846 -0.34641 -0 0.393685 0.985095
-0.447846 -0.534604 -0 0.346036 0.969076
-0.447846 -0.34641 -0 0.393685 0.985095
-0.447846 -0.519615 -0 0.350461 0.970731
-0.447846 -0.534604 -0 0.346036 0.969076
-0.447846 -0.534604 -0 0.346036 0.969076
-0.447846 -0.519615 -0 0.350461 0.970731
-0.447846 -0.712805 -0 0.306136 0.95058
-0.447846 -0.519615 -0 0.350461 0.970731
-0.447846 -0.69282 -0 0.311092 0.953005
-0.447846 -0.712805 -0 0.306136 0.95058
-0.447846 -0.712805 -0 0.306136 0.95058
-0.447846 -0.69282 -0 0.311092 0.953005
-0.453991 -0.891007 -0 0.271837 0.928716
-0.447846 -0.69282 -0 0.311092 0.953005
-0.5 -0.866025 -0 0.27888 0.918231
-0.453991 -0.891007 -0 0.271837 0.928716
-0.453991 -0.891007 -0 0.271837 0.928716
-0.5 -0.866025 -0 0.27888 0.918231
-0.544789 -1.06921 -0 0.247375 0.883541
-0.5 -0.866025 -0 0.27888 0.918231
-0.6 -1.03923 -0 0.255056 0.870622
-0.544789 -1.06921 -0 0.247375 0.883541
-0.544789 -1.06921 -0 0.247375 0.883541
-0.6 -1.03923 -0 0.255056 0.870622
-0.635587 -1.24741 -0 0.226879 0.841382
-0.6 -1.03923 -0 0.255056 0.870622
-0.7 -1.21244 -0 0.236293 0.827897
-0.635587 -1.24741 -0 0.226879 0.841382
-0.635587 -1.24741 -0 0.226879 0.841382
-0.7 -1.21244 -0 0.236293 0.827897
-0.726385 -1.42561 -0 0.210729 0.803086
-0.7 -1.21244 -0 0.236293 0.827897
-0.8 -1.38564 -0 0.221346 0.790206
-0.726385 -1.42561 -0 0.210729 0.803086
-0.726385 -1.42561 -0 0.210729 0.803086
-0.8 -1.38564 -0 0.221346 0.790206
-0.817183 -1.60381 -0 0.197886 0.76924
-0.8 -1.38564 -0 0.221346 0.790206
-0.9 -1.55885 -0 0.208933 0.756768
-0.817183 -1.60381 -0 0.197886 0.76924
-0.817183 -1.60381 -0 0.197886 0.76924
-0.9 -1.55885 -0 0.208933 0.756768
-0.907981 -1.78201 -0 0.187379 0.740159
-0.9 -1.55885 -0 0.208933 0.756768
-1 -1.73205 -0 0.198588 0.726629
-0.907981 -1.78201 -0 0.187379 0.740159
-0.907981 -1.78201 -0 0.187379 0.740159
-1 -1.73205 -0 0.198588 0.726629
-0.998779 -1.96021 -0 0.178467 0.712948
-1 -1.73205 -0 0.198588 0.726629
-1.1 -1.90526 -0 0.190766 0.700558
-0.998779 -1.96021 -0 0.178467 0.712948
-0.998779 -1.96021 -0 0.178467 0.712948
-1.1 -1.90526 -0 0.190766 0.700558
-1.18227 -2.32033 0.04 0.163043 0.662047
-1.1 -1.90526 -0 0.190766 0.700558
-1.30208 -2.25527 0.04 0.175594 0.647605
-1.18227 -2.32033 0.04 0.163043 0.662047
-1.18227 -2.32033 0.04 0.163043 0.662047
-1.30208 -2.25527 0.04 0.175594 0.647605
-1.27306 -2.49853 0.16 0.151384 0.622886
-1.30208 -2.25527 0.04 0.175594 0.647605
-1.40208 -2.42848 0.16 0.164839 0.608975
-1.27306 -2.49853 0.16 0.151384 0.622886
-1.27306 -2.49853 0.16 0.151384 0.622886
-1.40208 -2.42848 0.16 0.164839 0.608975
-1.36386 -2.67673 0.36 0.13798 0.573976
-1.40208 -2.42848 0.16 0.164839 0.608975
-1.50208 -2.60168 0.36 0.15222 0.55988
-1.36386 -2.67673 0.36 0.13798 0.573976
-1.36386 -2.67673 0.36 0.13798 0.573976
-1.50208 -2.60168 0.36 0.15222 0.55988
-1.45466 -2.85493 0.64 0.123972 0.511884
-1.50208 -2.60168 0.36 0.15222 0.55988
-1.60208 -2.77489 0.64 0.13875 0.498038
-1.45466 -2.85493 0.64 0.123972 0.511884
-1.45466 -2.85493 0.64 0.123972 0.511884
-1.60208 -2.77489 0.64 0.13875 0.498038
-1.54546 -3.03313 1 0.110765 0.438707
-1.60208 -2.77489 0.64 0.13875 0.498038
-1.70208 -2.94809 1 0.12655 0.424648
-1.54546 -3.03313 1 0.110765 0.438707
-1.54546 -3.03313 1 0.110765 0.438707
-1.70208 -2.94809 1 0.12655 0.424648
-1.63626 -3.21133 1.44 0.100615 0.35649
-1.70208 -2.94809 1 0.12655 0.424648
-1.80208 -3.1213 1.44 0.117163 0.344156
-1.63626 -3.21133 1.44 0.100615 0.35649
-1.63626 -3.21133 1.44 0.100615 0.35649
-1.80208 -3.1213 1.44 0.117163 0.344156
-1.72705 -3.38953 1.96 0.0953025 0.267548
-1.80208 -3.1213 1.44 0.117163 0.344156
-1.90208 -3.2945 1.96 0.112518 0.25634
-1.72705 -3.38953 1.96 0.0953025 0.267548
-0.447846 -0.182709 -0 0.437308 0.994532
-0.447846 -0.178201 -0 0.438579 0.994702
-0.447846 -0.365418 -0 0.388871 0.983862
-0.447846 -0.178201 -0 0.438579 0.994702
-0.447846 -0.356403 -0 0.391274 0.984485
-0.447846 -0.365418 -0 0.388871 0.983862
-0.447846 -0.365418 -0 0.388871 0.983862
-0.447846 -0.356403 -0 0.391274 0.984485
-0.447846 -0.548127 -0 0.342748 0.967811
-0.447846 -0.356403 -0 0.391274 0.984485
-0.447846 -0.534604 -0 0.346036 0.969076
-0.447846 -0.548127 -0 0.342748 0.967811
-0.447846 -0.548127 -0 0.342748 0.967811
-0.447846 -0.534604 -0 0.346036 0.969076
-0.447846 -0.730836 -0 0.30223 0.948616
-0.447846 -0.534604 -0 0.346036 0.969076
-0.447846 -0.712805 -0 0.306136 0.95058
-0.447846 -0.730836 -0 0.30223 0.948616
-0.447846 -0.730836 -0 0.30223 0.948616
-0.447846 -0.712805 -0 0.306136 0.95058
-0.447846 -0.913545 -0 0.267336 0.927952
-0.447846 -0.712805 -0 0.306136 0.95058
-0.453991 -0.891007 -0 0.271837 0.928716
-0.447846 -0.913545 -0 0.267336 0.927952
-0.447846 -0.913545 -0 0.267336 0.927952
-0.453991 -0.891007 -0 0.271837 0.928716
-0.488084 -1.09625 -0 0.238535 0.894807
-0.453991 -0.891007 -0 0.271837 0.928716
-0.544789 -1.06921 -0 0.247375 0.883541
-0.488084 -1.09625 -0 0.238535 0.894807
-0.488084 -1.09625 -0 0.238535 0.894807
-0.544789 -1.06921 -0 0.247375 0.883541
-0.569431 -1.27896 -0 0.218168 0.854212
-0.544789 -1.06921 -0 0.247375 0.883541
-0.635587 -1.24741 -0 0.226879 0.841382
-0.569431 -1.27896 -0 0.218168 0.854212
-0.569431 -1.27896 -0 0.218168 0.854212
-0.635587 -1.24741 -0 0.226879 0.841382
-0.650779 -1.46167 -0 0.201346 0.816902
-0.635587 -1.24741 -0 0.226879 0.841382
-0.726385 -1.42561 -0 0.210729 0.803086
-0.650779 -1.46167 -0 0.201346 0.816902
-0.650779 -1.46167 -0 0.201346 0.816902
-0.726385 -1.42561 -0 0.210729 0.803086
-0.732126 -1.64438 -0 0.187822 0.783937
-0.726385 -1.42561 -0 0.210729 0.803086
-0.817183 -1.60381 -0 0.197886 0.76924
-0.732126 -1.64438 -0 0.187822 0.783937
-0.732126 -1.64438 -0 0.187822 0.783937
-0.817183 -1.60381 -0 0.197886 0.76924
-0.813473 -1.82709 -0 0.176412 0.75401
-0.817183 -1.60381 -0 0.197886 0.76924
-0.907981 -1.78201 -0 0.187379 0.740159
-0.813473 -1.82709 -0 0.176412 0.75401
-0.813473 -1.82709 -0 0.176412 0.75401
-0.907981 -1.78201 -0 0.187379 0.740159
-0.894821 -2.0098 -0 0.167428 0.727893
-0.907981 -1.78201 -0 0.187379 0.740159
-0.998779 -1.96021 -0 0.178467 0.712948
-0.894821 -2.0098 -0 0.167428 0.727893
-0.894821 -2.0098 -0 0.167428 0.727893
-0.998779 -1.96021 -0 0.178467 0.712948
-1.05921 -2.37902 0.04 0.150745 0.676846
-0.998779 -1.96021 -0 0.178467 0.712948
-1.18227 -2.32033 0.04 0.163043 0.662047
-1.05921 -2.37902 0.04 0.150745 0.676846
-1.05921 -2.37902 0.04 0.150745 0.676846
-1.18227 -2.32033 0.04 0.163043 0.662047
-1.14056 -2.56173 0.16 0.138668 0.639055
-1.18227 -2.32033 0.04 0.163043 0.662047
-1.27306 -2.49853 0.16 0.151384 0.622886
-1.14056 -2.56173 0.16 0.138668 0.639055
-1.14056 -2.56173 0.16 0.138668 0.639055
-1.27306 -2.49853 0.16 0.151384 0.622886
-1.2219 -2.74444 0.36 0.124358 0.588783
-1.27306 -2.49853 0.16 0.151384 0.622886
-1.36386 -2.67673 0.36 0.13798 0.573976
-1.2219 -2.74444 0.36 0.124358 0.588783
-1.2219 -2.74444 0.36 0.124358 0.588783
-1.36386 -2.67673 0.36 0.13798 0.573976
-1.30325 -2.92715 0.64 0.109311 0.526761
-1.36386 -2.67673 0.36 0.13798 0.573976
-1.45466 -2.85493 0.64 0.123972 0.511884
-1.30325 -2.92715 0.64 0.109311 0.526761
-1.30325 -2.92715 0.64 0.109311 0.526761
-1.45466 -2.85493 0.64 0.123972 0.511884
-1.3846 -3.10986 1 0.0951777 0.453214
-1.45466 -2.85493 0.64 0.123972 0.511884
-1.54546 -3.03313 1 0.110765 0.438707
-1.3846 -3.10986 1 0.0951777 0.453214
-1.3846 -3.10986 1 0.0951777 0.453214
-1.54546 -3.03313 1 0.110765 0.438707
-1.46595 -3.29257 1.44 0.0841182 0.370282
-1.54546 -3.03313 1 0.110765 0.438707
-1.63626 -3.21133 1.44 0.100615 0.35649
-1.46595 -3.29257 1.44 0.0841182 0.370282
-0.447846 -0.186716 -0 0.436038 0.994358
-0.447846 -0.182709 -0 0.437308 0.994532
-0.447846 -0.373432 -0 0.386478 0.983227
-0.447846 -0.182709 -0 0.437308 0.994532
-0.447846 -0.365418 -0 0.388871 0.983862
-0.447846 -0.373432 -0 0.386478 0.983227
-0.447846 -0.373432 -0 0.386478 0.983227
-0.447846 -0.365418 -0 0.388871 0.983862
-0.447846 -0.560148 -0 0.340571 0.966956
-0.447846 -0.365418 -0 0.388871 0.983862
-0.447846 -0.548127 -0 0.342748 0.967811
-0.447846 -0.560148 -0 0.340571 0.966956
-0.447846 -0.560148 -0 0.340571 0.966956
-0.447846 -0.548127 -0 0.342748 0.967811
-0.447846 -0.746864 -0 0.299334 0.947129
-0.447846 -0.548127 -0 0.342748 0.967811
-0.447846 -0.730836 -0 0.30223 0.948616
-0.447846 -0.746864 -0 0.299334 0.947129
-0.447846 -0.746864 -0 0.299334 0.947129
-0.447846 -0.730836 -0 0.30223 0.948616
-0.447846 -0.93358 -0 0.263125 0.925313
-0.447846 -0.730836 -0 0.30223 0.948616
-0.447846 -0.913545 -0 0.267336 0.927952
-0.447846 -0.93358 -0 0.263125 0.925313
-0.447846 -0.93358 -0 0.263125 0.925313
-0.447846 -0.913545 -0 0.267336 0.927952
-0.447846 -1.1203 -0 0.232523 0.903337
-0.447846 -0.913545 -0 0.267336 0.927952
-0.488084 -1.09625 -0 0.238535 0.894807
-0.447846 -1.1203 -0 0.232523 0.903337
-0.447846 -1.1203 -0 0.232523 0.903337
-0.488084 -1.09625 -0 0.238535 0.894807
-0.501715 -1.30701 -0 0.209498 0.867868
-0.488084 -1.09625 -0 0.238535 0.894807
-0.569431 -1.27896 -0 0.218168 0.854212
-0.501715 -1.30701 -0 0.209498 0.867868
-0.501715 -1.30701 -0 0.209498 0.867868
-0.569431 -1.27896 -0 0.218168 0.854212
-0.573389 -1.49373 -0 0.192274 0.831684
-0.569431 -1.27896 -0 0.218168 0.854212
-0.650779 -1.46167 -0 0.201346 0.816902
-0.573389 -1.49373 -0 0.192274 0.831684
-0.573389 -1.49373 -0 0.192274 0.831684
-0.650779 -1.46167 -0 0.201346 0.816902
-0.645062 -1.68044 -0 0.177769 0.799238
-0.650779 -1.46167 -0 0.201346 0.816902
-0.732126 -1.64438 -0 0.187822 0.783937
-0.645062 -1.68044 -0 0.177769 0.799238
-0.645062 -1.68044 -0 0.177769 0.799238
-0.732126 -1.64438 -0 0.187822 0.783937
-0.716736 -1.86716 -0 0.166217 0.769223
-0.732126 -1.64438 -0 0.187822 0.783937
-0.813473 -1.82709 -0 0.176412 0.75401
-0.716736 -1.86716 -0 0.166217 0.769223
-0.716736 -1.86716 -0 0.166217 0.769223
-0.813473 -1.82709 -0 0.176412 0.75401
-0.788409 -2.05388 -0 0.156311 0.743478
-0.813473 -1.82709 -0 0.176412 0.75401
-0.894821 -2.0098 -0 0.167428 0.727893
-0.788409 -2.05388 -0 0.156311 0.743478
-0.788409 -2.05388 -0 0.156311 0.743478
-0.894821 -2.0098 -0 0.167428 0.727893
-0.933249 -2.4312 0.04 0.13926 0.693004
-0.894821 -2.0098 -0 0.167428 0.727893
-1.05921 -2.37902 0.04 0.150745 0.676846
-0.933249 -2.4312 0.04 0.13926 0.693004
-0.933249 -2.4312 0.04 0.13926 0.693004
-1.05921 -2.37902 0.04 0.150745 0.676846
-1.00492 -2.61791 0.16 0.126155 0.654602
-1.05921 -2.37902 0.04 0.150745 0.676846
-1.14056 -2.56173 0.16 0.138668 0.639055
-1.00492 -2.61791 0.16 0.126155 0.654602
-1.00492 -2.61791 0.16 0.126155 0.654602
-1.14056 -2.56173 0.16 0.138668 0.639055
-1.0766 -2.80463 0.36 0.111233 0.604842
-1.14056 -2.56173 0.16 0.138668 0.639055
-1.2219 -2.74444 0.36 0.124358 0.588783
-1.0766 -2.80463 0.36 0.111233 0.604842
-1.0766 -2.80463 0.36 0.111233 0.604842
-1.2219 -2.74444 0.36 0.124358 0.588783
-1.14827 -2.99134 0.64 0.0950307 0.541719
-1.2219 -2.74444 0.36 0.124358 0.588783
-1.30325 -2.92715 0.64 0.109311 0.526761
-1.14827 -2.99134 0.64 0.0950307 0.541719
-1.14827 -2.99134 0.64 0.0950307 0.541719
-1.30325 -2.92715 0.64 0.109311 0.526761
-1.21994 -3.17806 1 0.0799114 0.468809
-1.30325 -2.92715 0.64 0.109311 0.526761
-1.3846 -3.10986 1 0.0951777 0.453214
-1.21994 -3.17806 1 0.0799114 0.468809
-0.447846 -0.190211 -0 0.434769 0.99418
-0.447846 -0.186716 -0 0.436038 0.994358
-0.447846 -0.380423 -0 0.384095 0.982578
-0.447846 -0.186716 -0 0.436038 0.994358
-0.447846 -0.373432 -0 0.386478 0.983227
-0.447846 -0.380423 -0 0.384095 0.982578
-0.447846 -0.380423 -0 0.384095 0.982578
-0.447846 -0.373432 -0 0.386478 0.983227
-0.447846 -0.570634 -0 0.338406 0.966092
-0.447846 -0.373432 -0 0.386478 0.983227
-0.447846 -0.560148 -0 0.340571 0.966956
-0.447846 -0.570634 -0 0.338406 0.966092
-0.447846 -0.570634 -0 0.338406 0.966092
-0.447846 -0.560148 -0 0.340571 0.966956
-0.447846 -0.760845 -0 0.296466 0.945632
-0.447846 -0.560148 -0 0.340571 0.966956
-0.447846 -0.746864 -0 0.299334 0.947129
-0.447846 -0.760845 -0 0.296466 0.945632
-0.447846 -0.760845 -0 0.296466 0.945632
-0.447846 -0.746864 -0 0.299334 0.947129
-0.447846 -0.951057 -0 0.260635 0.923724
-0.447846 -0.746864 -0 0.299334 0.947129
-0.447846 -0.93358 -0 0.263125 0.925313
-0.447846 -0.951057 -0 0.260635 0.923724
-0.447846 -0.951057 -0 0.260635 0.923724
-0.447846 -0.93358 -0 0.263125 0.925313
-0.447846 -1.14127 -0 0.229667 0.901206
-0.447846 -0.93358 -0 0.263125 0.925313
-0.447846 -1.1203 -0 0.232523 0.903337
-0.447846 -1.14127 -0 0.229667 0.901206
-0.447846 -1.14127 -0 0.229667 0.901206
-0.447846 -1.1203 -0 0.232523 0.903337
-0.447846 -1.33148 -0 0.20219 0.877275
-0.447846 -1.1203 -0 0.232523 0.903337
-0.501715 -1.30701 -0 0.209498 0.867868
-0.447846 -1.33148 -0 0.20219 0.877275
-0.447846 -1.33148 -0 0.20219 0.877275
-0.501715 -1.30701 -0 0.209498 0.867868
-0.494427 -1.52169 -0 0.183209 0.846359
-0.501715 -1.30701 -0 0.209498 0.867868
-0.573389 -1.49373 -0 0.192274 0.831684
-0.494427 -1.52169 -0 0.183209 0.846359
-0.494427 -1.52169 -0 0.183209 0.846359
-0.573389 -1.49373 -0 0.192274 0.831684
-0.556231 -1.7119 -0 0.168294 0.813697
-0.573389 -1.49373 -0 0.192274 0.831684
-0.645062 -1.68044 -0 0.177769 0.799238
-0.556231 -1.7119 -0 0.168294 0.813697
-0.556231 -1.7119 -0 0.168294 0.813697
-0.645062 -1.68044 -0 0.177769 0.799238
-0.618034 -1.90211 -0 0.156333 0.785632
-0.645062 -1.68044 -0 0.177769 0.799238
-0.716736 -1.86716 -0 0.166217 0.769223
-0.618034 -1.90211 -0 0.156333 0.785632
-0.618034 -1.90211 -0 0.156333 0.785632
-0.716736 -1.86716 -0 0.166217 0.769223
-0.679837 -2.09232 -0 0.14601 0.759397
-0.716736 -1.86716 -0 0.166217 0.769223
-0.788409 -2.05388 -0 0.156311 0.743478
-0.679837 -2.09232 -0 0.14601 0.759397
-0.679837 -2.09232 -0 0.14601 0.759397
-0.788409 -2.05388 -0 0.156311 0.743478
-0.804731 -2.47671 0.04 0.127774 0.708833
-0.788409 -2.05388 -0 0.156311 0.743478
-0.933249 -2.4312 0.04 0.13926 0.693004
-0.804731 -2.47671 0.04 0.127774 0.708833
-0.804731 -2.47671 0.04 0.127774 0.708833
-0.933249 -2.4312 0.04 0.13926 0.693004
-0.866534 -2.66692 0.16 0.114323 0.671559
-0.933249 -2.4312 0.04 0.13926 0.693004
-1.00492 -2.61791 0.16 0.126155 0.654602
-0.866534 -2.66692 0.16 0.114323 0.671559
-0.866534 -2.66692 0.16 0.114323 0.671559
-1.00492 -2.61791 0.16 0.126155 0.654602
-0.928337 -2.85713 0.36 0.0981432 0.620564
-1.00492 -2.61791 0.16 0.126155 0.654602
-1.0766 -2.80463 0.36 0.111233 0.604842
-0.928337 -2.85713 0.36 0.0981432 0.620564
-0.928337 -2.85713 0.36 0.0981432 0.620564
-1.0766 -2.80463 0.36 0.111233 0.604842
-0.990141 -3.04734 0.64 0.0812179 0.559434
-1.0766 -2.80463 0.36 0.111233 0.604842
-1.14827 -2.99134 0.64 0.0950307 0.541719
-0.990141 -3.04734 0.64 0.0812179 0.559434
-0.990141 -3.04734 0.64 0.0812179 0.559434
-1.14827 -2.99134 0.64 0.0950307 0.541719
-1.05194 -3.23755 1 0.0650351 0.484497
-1.14827 -2.99134 0.64 0.0950307 0.541719
-1.21994 -3.17806 1 0.0799114 0.468809
-1.05194 -3.23755 1 0.0650351 0.484497
-0.447846 -0.193185 -0 0.434769 0.99418
-0.447846 -0.190211 -0 0.434769 0.99418
-0.447846 -0.38637 -0 0.382907 0.982249
-0.447846 -0.190211 -0 0.434769 0.99418
-0.447846 -0.380423 -0 0.384095 0.982578
-0.447846 -0.38637 -0 0.382907 0.982249
-0.447846 -0.38637 -0 0.382907 0.982249
-0.447846 -0.380423 -0 0.384095 0.982578
-0.447846 -0.579556 -0 0.336254 0.96522
-0.447846 -0.380423 -0 0.384095 0.982578
-0.447846 -0.570634 -0 0.338406 0.966092
-0.447846 -0.579556 -0 0.336254 0.96522
-0.447846 -0.579556 -0 0.336254 0.96522
-0.447846 -0.570634 -0 0.338406 0.966092
-0.447846 -0.772741 -0 0.294571 0.944628
-0.447846 -0.570634 -0 0.338406 0.966092
-0.447846 -0.760845 -0 0.296466 0.945632
-0.447846 -0.772741 -0 0.294571 0.944628
-0.447846 -0.772741 -0 0.294571 0.944628
-0.447846 -0.760845 -0 0.296466 0.945632
-0.447846 -0.965926 -0 0.258173 0.922133
-0.447846 -0.760845 -0 0.296466 0.945632
-0.447846 -0.951057 -0 0.260635 0.923724
-0.447846 -0.965926 -0 0.258173 0.922133
-0.447846 -0.965926 -0 0.258173 0.922133
-0.447846 -0.951057 -0 0.260635 0.923724
-0.447846 -1.15911 -0 0.226523 0.897877
-0.447846 -0.951057 -0 0.260635 0.923724
-0.447846 -1.14127 -0 0.229667 0.901206
-0.447846 -1.15911 -0 0.226523 0.897877
-0.447846 -1.15911 -0 0.226523 0.897877
-0.447846 -1.14127 -0 0.229667 0.901206
-0.447846 -1.3523 -0 0.1998 0.875218
-0.447846 -1.14127 -0 0.229667 0.901206
-0.447846 -1.33148 -0 0.20219 0.877275
-0.447846 -1.3523 -0 0.1998 0.875218
-0.447846 -1.3523 -0 0.1998 0.875218
-0.447846 -1.33148 -0 0.20219 0.877275
-0.447846 -1.54548 -0 0.177566 0.854032
-0.447846 -1.33148 -0 0.20219 0.877275
-0.494427 -1.52169 -0 0.183209 0.846359
-0.447846 -1.54548 -0 0.177566 0.854032
-0.447846 -1.54548 -0 0.177566 0.854032
-0.494427 -1.52169 -0 0.183209 0.846359
-0.465874 -1.73867 -0 0.159472 0.8298
-0.494427 -1.52169 -0 0.183209 0.846359
-0.556231 -1.7119 -0 0.168294 0.813697
-0.465874 -1.73867 -0 0.159472 0.8298
-0.465874 -1.73867 -0 0.159472 0.8298
-0.556231 -1.7119 -0 0.168294 0.813697
-0.517638 -1.93185 -0 0.146726 0.80196
-0.556231 -1.7119 -0 0.168294 0.813697
-0.618034 -1.90211 -0 0.156333 0.785632
-0.517638 -1.93185 -0 0.146726 0.80196
-0.517638 -1.93185 -0 0.146726 0.80196
-0.618034 -1.90211 -0 0.156333 0.785632
-0.569402 -2.12504 -0 0.136443 0.776808
-0.618034 -1.90211 -0 0.156333 0.785632
-0.679837 -2.09232 -0 0.14601 0.759397
-0.569402 -2.12504 -0 0.136443 0.776808
-0.569402 -2.12504 -0 0.136443 0.776808
-0.679837 -2.09232 -0 0.14601 0.759397
-0.674007 -2.51543 0.04 0.116915 0.725914
-0.679837 -2.09232 -0 0.14601 0.759397
-0.804731 -2.47671 0.04 0.127774 0.708833
-0.674007 -2.51543 0.04 0.116915 0.725914
-0.674007 -2.51543 0.04 0.116915 0.725914
-0.804731 -2.47671 0.04 0.127774 0.708833
-0.725771 -2.70861 0.16 0.10258 0.687878
-0.804731 -2.47671 0.04 0.127774 0.708833
-0.866534 -2.66692 0.16 0.114323 0.671559
-0.725771 -2.70861 0.16 0.10258 0.687878
-0.725771 -2.70861 0.16 0.10258 0.687878
-0.866534 -2.66692 0.16 0.114323 0.671559
-0.777535 -2.9018 0.36 0.0856169 0.638188
-0.866534 -2.66692 0.16 0.114323 0.671559
-0.928337 -2.85713 0.36 0.0981432 0.620564
-0.777535 -2.9018 0.36 0.0856169 0.638188
-0.777535 -2.9018 0.36 0.0856169 0.638188
-0.928337 -2.85713 0.36 0.0981432 0.620564
-0.829298 -3.09498 0.64 0.0677204 0.576409
-0.928337 -2.85713 0.36 0.0981432 0.620564
-0.990141 -3.04734 0.64 0.0812179 0.559434
-0.829298 -3.09498 0.64 0.0677204 0.576409
-0.447846 -0.19563 -0 0.433502 0.993999
-0.447846 -0.193185 -0 0.434769 0.99418
-0.447846 -0.391259 -0 0.381722 0.981917
-0.447846 -0.193185 -0 0.434769 0.99418
-0.447846 -0.38637 -0 0.382907 0.982249
-0.447846 -0.391259 -0 0.381722 0.981917
-0.447846 -0.391259 -0 0.381722 0.981917
-0.447846 -0.38637 -0 0.382907 0.982249
-0.447846 -0.586889 -0 0.334114 0.96434
-0.447846 -0.38637 -0 0.382907 0.982249
-0.447846 -0.579556 -0 0.336254 0.96522
-0.447846 -0.586889 -0 0.334114 0.96434
-0.447846 -0.586889 -0 0.334114 0.96434
-0.447846 -0.579556 -0 0.336254 0.96522
-0.447846 -0.782518 -0 0.291752 0.943114
-0.447846 -0.579556 -0 0.336254 0.96522
-0.447846 -0.772741 -0 0.294571 0.944628
-0.447846 -0.782518 -0 0.291752 0.943114
-0.447846 -0.782518 -0 0.291752 0.943114
-0.447846 -0.772741 -0 0.294571 0.944628
-0.447846 -0.978148 -0 0.255738 0.920538
-0.447846 -0.772741 -0 0.294571 0.944628
-0.447846 -0.965926 -0 0.258173 0.922133
-0.447846 -0.978148 -0 0.255738 0.920538
-0.447846 -0.978148 -0 0.255738 0.920538
-0.447846 -0.965926 -0 0.258173 0.922133
-0.447846 -1.17378 -0 0.224443 0.896285
-0.447846 -0.965926 -0 0.258173 0.922133
-0.447846 -1.15911 -0 0.226523 0.897877
-0.447846 -1.17378 -0 0.224443 0.896285
-0.447846 -1.17378 -0 0.224443 0.896285
-0.447846 -1.15911 -0 0.226523 0.897877
-0.447846 -1.36941 -0 0.198032 0.873681
-0.447846 -1.15911 -0 0.226523 0.897877
-0.447846 -1.3523 -0 0.1998 0.875218
-0.447846 -1.36941 -0 0.198032 0.873681
-0.447846 -1.36941 -0 0.198032 0.873681
-0.447846 -1.3523 -0 0.1998 0.875218
-0.447846 -1.56504 -0 0.175559 0.852096
-0.447846 -1.3523 -0 0.1998 0.875218
-0.447846 -1.54548 -0 0.177566 0.854032
-0.447846 -1.56504 -0 0.175559 0.852096
-0.447846 -1.56504 -0 0.175559 0.852096
-0.447846 -1.54548 -0 0.177566 0.854032
-0.447846 -1.76067 -0 0.156416 0.831831
-0.447846 -1.54548 -0 0.177566 0.854032
-0.465874 -1.73867 -0 0.159472 0.8298
-0.447846 -1.76067 -0 0.156416 0.831831
-0.447846 -1.76067 -0 0.156416 0.831831
-0.465874 -1.73867 -0 0.159472 0.8298
-0.447846 -1.9563 -0 0.140056 0.813006
-0.465874 -1.73867 -0 0.159472 0.8298
-0.517638 -1.93185 -0 0.146726 0.80196
-0.447846 -1.9563 -0 0.140056 0.813006
-0.447846 -1.9563 -0 0.140056 0.813006
-0.517638 -1.93185 -0 0.146726 0.80196
-0.457406 -2.15192 -0 0.126865 0.794256
-0.517638 -1.93185 -0 0.146726 0.80196
-0.569402 -2.12504 -0 0.136443 0.776808
-0.457406 -2.15192 -0 0.126865 0.794256
-0.457406 -2.15192 -0 0.126865 0.794256
-0.569402 -2.12504 -0 0.136443 0.776808
-0.541436 -2.54726 0.04 0.106484 0.744132
-0.569402 -2.12504 -0 0.136443 0.776808
-0.674007 -2.51543 0.04 0.116915 0.725914
-0.541436 -2.54726 0.04 0.106484 0.744132
-0.541436 -2.54726 0.04 0.106484 0.744132
-0.674007 -2.51543 0.04 0.116915 0.725914
-0.583018 -2.74289 0.16 0.0916131 0.706427
-0.674007 -2.51543 0.04 0.116915 0.725914
-0.725771 -2.70861 0.16 0.10258 0.687878
-0.583018 -2.74289 0.16 0.0916131 0.706427
-0.583018 -2.74289 0.16 0.0916131 0.706427
-0.725771 -2.70861 0.16 0.10258 0.687878
-0.624601 -2.93851 0.36 0.0737074 0.65706
-0.725771 -2.70861 0.16 0.10258 0.687878
-0.777535 -2.9018 0.36 0.0856169 0.638188
-0.624601 -2.93851 0.36 0.0737074 0.65706
