-0.447846 0.193185 -0 0.542707 0.997705
-0.447846 0.19563 -0 0.542707 0.997705
-0.447846 0.38637 -0 0.594046 0.988309
-0.447846 0.19563 -0 0.542707 0.997705
-0.447846 0.391259 -0 0.595226 0.987987
-0.447846 0.38637 -0 0.594046 0.988309
-0.447846 0.38637 -0 0.594046 0.988309
-0.447846 0.391259 -0 0.595226 0.987987
-0.447846 0.579556 -0 0.641121 0.973441
-0.447846 0.391259 -0 0.595226 0.987987
-0.447846 0.586889 -0 0.643249 0.972574
-0.447846 0.579556 -0 0.641121 0.973441
-0.447846 0.579556 -0 0.641121 0.973441
-0.447846 0.586889 -0 0.643249 0.972574
-0.447846 0.772741 -0 0.683904 0.954386
-0.447846 0.586889 -0 0.643249 0.972574
-0.447846 0.782518 -0 0.685769 0.953384
-0.447846 0.772741 -0 0.683904 0.954386
-0.447846 0.772741 -0 0.683904 0.954386
-0.447846 0.782518 -0 0.685769 0.953384
-0.447846 0.965926 -0 0.720978 0.933273
-0.447846 0.782518 -0 0.685769 0.953384
-0.447846 0.978148 -0 0.72338 0.931683
-0.447846 0.965926 -0 0.720978 0.933273
-0.447846 0.965926 -0 0.720978 0.933273
-0.447846 0.978148 -0 0.72338 0.931683
-0.447846 1.15911 -0 0.752661 0.911531
-0.447846 0.978148 -0 0.72338 0.931683
-0.447846 1.17378 -0 0.754376 0.91108
-0.447846 1.15911 -0 0.752661 0.911531
-0.447846 0.190211 -0 0.541443 0.997874
-0.447846 0.193185 -0 0.542707 0.997705
-0.447846 0.380423 -0 0.592863 0.988629
-0.447846 0.193185 -0 0.542707 0.997705
-0.447846 0.38637 -0 0.594046 0.988309
-0.447846 0.380423 -0 0.592863 0.988629
-0.447846 0.380423 -0 0.592863 0.988629
-0.447846 0.38637 -0 0.594046 0.988309
-0.447846 0.570634 -0 0.63898 0.9743
-0.447846 0.38637 -0 0.594046 0.988309
-0.447846 0.579556 -0 0.641121 0.973441
-0.447846 0.570634 -0 0.63898 0.9743
-0.447846 0.570634 -0 0.63898 0.9743
-0.447846 0.579556 -0 0.641121 0.973441
-0.447846 0.760845 -0 0.681084 0.95588
-0.447846 0.579556 -0 0.641121 0.973441
-0.447846 0.772741 -0 0.683904 0.954386
-0.447846 0.760845 -0 0.681084 0.95588
-0.447846 0.760845 -0 0.681084 0.95588
-0.447846 0.772741 -0 0.683904 0.954386
-0.447846 0.951057 -0 0.718549 0.93486
-0.447846 0.772741 -0 0.683904 0.954386
-0.447846 0.965926 -0 0.720978 0.933273
-0.447846 0.951057 -0 0.718549 0.93486
-0.447846 0.951057 -0 0.718549 0.93486
-0.447846 0.965926 -0 0.720978 0.933273
-0.447846 1.14127 -0 0.749895 0.913657
-0.447846 0.965926 -0 0.720978 0.933273
-0.447846 1.15911 -0 0.752661 0.911531
-0.447846 1.14127 -0 0.749895 0.913657
-0.447846 0.186716 -0 0.540178 0.998039
-0.447846 0.190211 -0 0.541443 0.997874
-0.447846 0.373432 -0 0.59049 0.989259
-0.447846 0.190211 -0 0.541443 0.997874
-0.447846 0.380423 -0 0.592863 0.988629
-0.447846 0.373432 -0 0.59049 0.989259
-0.447846 0.373432 -0 0.59049 0.989259
-0.447846 0.380423 -0 0.592863 0.988629
-0.447846 0.560148 -0 0.636828 0.97515
-0.447846 0.380423 -0 0.592863 0.988629
-0.447846 0.570634 -0 0.63898 0.9743
-0.447846 0.560148 -0 0.636828 0.97515
-0.447846 0.560148 -0 0.636828 0.97515
-0.447846 0.570634 -0 0.63898 0.9743
-0.447846 0.746864 -0 0.678236 0.957363
-0.447846 0.570634 -0 0.63898 0.9743
-0.447846 0.760845 -0 0.681084 0.95588
-0.447846 0.746864 -0 0.678236 0.957363
-0.447846 0.746864 -0 0.678236 0.957363
-0.447846 0.760845 -0 0.681084 0.95588
-0.447846 0.93358 -0 0.715269 0.936971
-0.447846 0.760845 -0 0.681084 0.95588
-0.447846 0.951057 -0 0.718549 0.93486
-0.447846 0.93358 -0 0.715269 0.936971
-0.447846 0.93358 -0 0.715269 0.936971
-0.447846 0.951057 -0 0.718549 0.93486
-0.447846 1.1203 -0 0.746379 0.916318
-0.447846 0.951057 -0 0.718549 0.93486
-0.447846 1.14127 -0 0.749895 0.913657
-0.447846 1.1203 -0 0.746379 0.916318
-0.447846 0.182709 -0 0.539011 0.997142
-0.447846 0.186716 -0 0.540178 0.998039
-0.447846 0.365418 -0 0.588107 0.989876
-0.447846 0.186716 -0 0.540178 0.998039
-0.447846 0.373432 -0 0.59049 0.989259
-0.447846 0.365418 -0 0.588107 0.989876
-0.447846 0.365418 -0 0.588107 0.989876
-0.447846 0.373432 -0 0.59049 0.989259
-0.447846 0.548127 -0 0.633579 0.976408
-0.447846 0.373432 -0 0.59049 0.989259
-0.447846 0.560148 -0 0.636828 0.97515
-0.447846 0.548127 -0 0.633579 0.976408
-0.447846 0.548127 -0 0.633579 0.976408
-0.447846 0.560148 -0 0.636828 0.97515
-0.447846 0.730836 -0 0.67536 0.958835
-0.447846 0.560148 -0 0.636828 0.97515
-0.447846 0.746864 -0 0.678236 0.957363
-0.447846 0.730836 -0 0.67536 0.958835
-0.447846 0.730836 -0 0.67536 0.958835
-0.447846 0.746864 -0 0.678236 0.957363
-0.447846 0.913545 -0 0.711103 0.939599
-0.447846 0.746864 -0 0.678236 0.957363
-0.447846 0.93358 -0 0.715269 0.936971
-0.447846 0.913545 -0 0.711103 0.939599
-0.447846 0.913545 -0 0.711103 0.939599
-0.447846 0.93358 -0 0.715269 0.936971
-0.488084 1.09625 -0 0.740102 0.907889
-0.447846 0.93358 -0 0.715269 0.936971
-0.447846 1.1203 -0 0.746379 0.916318
-0.488084 1.09625 -0 0.740102 0.907889
-0.488084 1.09625 -0 0.740102 0.907889
-0.447846 1.1203 -0 0.746379 0.916318
-0.569431 1.27896 -0 0.762164 0.868357
-0.447846 1.1203 -0 0.746379 0.916318
-0.501715 1.30701 -0 0.770181 0.882
-0.569431 1.27896 -0 0.762164 0.868357
-0.569431 1.27896 -0 0.762164 0.868357
-0.501715 1.30701 -0 0.770181 0.882
-0.650779 1.46167 -0 0.779541 0.83179
-0.447846 0.178201 -0 0.537741 0.997299
-0.447846 0.182709 -0 0.539011 0.997142
-0.447846 0.356403 -0 0.585716 0.99048
-0.447846 0.182709 -0 0.539011 0.997142
-0.447846 0.365418 -0 0.588107 0.989876
-0.447846 0.356403 -0 0.585716 0.99048
-0.447846 0.356403 -0 0.585716 0.99048
-0.447846 0.365418 -0 0.588107 0.989876
-0.447846 0.534604 -0 0.630303 0.977645
-0.447846 0.365418 -0 0.588107 0.989876
-0.447846 0.548127 -0 0.633579 0.976408
-0.447846 0.534604 -0 0.630303 0.977645
-0.447846 0.534604 -0 0.630303 0.977645
-0.447846 0.548127 -0 0.633579 0.976408
-0.447846 0.712805 -0 0.671483 0.960779
-0.447846 0.548127 -0 0.633579 0.976408
-0.447846 0.730836 -0 0.67536 0.958835
-0.447846 0.712805 -0 0.671483 0.960779
-0.447846 0.712805 -0 0.671483 0.960779
-0.447846 0.730836 -0 0.67536 0.958835
-0.453991 0.891007 -0 0.706658 0.940456
-0.447846 0.730836 -0 0.67536 0.958835
-0.447846 0.913545 -0 0.711103 0.939599
-0.453991 0.891007 -0 0.706658 0.940456
-0.453991 0.891007 -0 0.706658 0.940456
-0.447846 0.913545 -0 0.711103 0.939599
-0.544789 1.06921 -0 0.732586 0.895788
-0.447846 0.913545 -0 0.711103 0.939599
-0.488084 1.09625 -0 0.740102 0.907889
-0.544789 1.06921 -0 0.732586 0.895788
-0.544789 1.06921 -0 0.732586 0.895788
-0.488084 1.09625 -0 0.740102 0.907889
-0.635587 1.24741 -0 0.753719 0.854445
-0.488084 1.09625 -0 0.740102 0.907889
-0.569431 1.27896 -0 0.762164 0.868357
-0.635587 1.24741 -0 0.753719 0.854445
-0.635587 1.24741 -0 0.753719 0.854445
-0.569431 1.27896 -0 0.762164 0.868357
-0.726385 1.42561 -0 0.770526 0.816808
-0.569431 1.27896 -0 0.762164 0.868357
-0.650779 1.46167 -0 0.779541 0.83179
-0.726385 1.42561 -0 0.770526 0.816808
-0.726385 1.42561 -0 0.770526 0.816808
-0.650779 1.46167 -0 0.779541 0.83179
-0.817183 1.60381 -0 0.784374 0.784563
-0.650779 1.46167 -0 0.779541 0.83179
-0.732126 1.64438 -0 0.794207 0.798913
-0.817183 1.60381 -0 0.784374 0.784563
-0.817183 1.60381 -0 0.784374 0.784563
-0.732126 1.64438 -0 0.794207 0.798913
-0.907981 1.78201 -0 0.79513 0.754726
-0.732126 1.64438 -0 0.794207 0.798913
-0.813473 1.82709 -0 0.806108 0.769459
-0.907981 1.78201 -0 0.79513 0.754726
-0.907981 1.78201 -0 0.79513 0.754726
-0.813473 1.82709 -0 0.806108 0.769459
-0.998779 1.96021 -0 0.804381 0.729473
-0.813473 1.82709 -0 0.806108 0.769459
-0.894821 2.0098 -0 0.815577 0.743718
-0.998779 1.96021 -0 0.804381 0.729473
-0.998779 1.96021 -0 0.804381 0.729473
-0.894821 2.0098 -0 0.815577 0.743718
-1.18227 2.32033 0.04 0.821099 0.677495
-0.894821 2.0098 -0 0.815577 0.743718
-1.05921 2.37902 0.04 0.833108 0.693353
-1.18227 2.32033 0.04 0.821099 0.677495
-1.18227 2.32033 0.04 0.821099 0.677495
-1.05921 2.37902 0.04 0.833108 0.693353
-1.27306 2.49853 0.16 0.83362 0.638636
-1.05921 2.37902 0.04 0.833108 0.693353
-1.14056 2.56173 0.16 0.845882 0.655865
-1.27306 2.49853 0.16 0.83362 0.638636
-1.27306 2.49853 0.16 0.83362 0.638636
-1.14056 2.56173 0.16 0.845882 0.655865
-1.36386 2.67673 0.36 0.848091 0.590141
-1.14056 2.56173 0.16 0.845882 0.655865
-1.2219 2.74444 0.36 0.861395 0.60588
-1.36386 2.67673 0.36 0.848091 0.590141
-1.36386 2.67673 0.36 0.848091 0.590141
-1.2219 2.74444 0.36 0.861395 0.60588
-1.45466 2.85493 0.64 0.863241 0.528915
-1.2219 2.74444 0.36 0.861395 0.60588
-1.30325 2.92715 0.64 0.877574 0.543201
-1.45466 2.85493 0.64 0.863241 0.528915
-1.45466 2.85493 0.64 0.863241 0.528915
-1.30325 2.92715 0.64 0.877574 0.543201
-1.54546 3.03313 1 0.877713 0.455732
-0.447846 0.173205 -0 0.53647 0.997453
-0.447846 0.178201 -0 0.537741 0.997299
-0.447846 0.34641 -0 0.583499 0.989997
-0.447846 0.178201 -0 0.537741 0.997299
-0.447846 0.356403 -0 0.585716 0.99048
-0.447846 0.34641 -0 0.583499 0.989997
-0.447846 0.34641 -0 0.583499 0.989997
-0.447846 0.356403 -0 0.585716 0.99048
-0.447846 0.519615 -0 0.627002 0.978861
-0.447846 0.356403 -0 0.585716 0.99048
-0.447846 0.534604 -0 0.630303 0.977645
-0.447846 0.519615 -0 0.627002 0.978861
-0.447846 0.519615 -0 0.627002 0.978861
-0.447846 0.534604 -0 0.630303 0.977645
-0.447846 0.69282 -0 0.666567 0.963178
-0.447846 0.534604 -0 0.630303 0.977645
-0.447846 0.712805 -0 0.671483 0.960779
-0.447846 0.69282 -0 0.666567 0.963178
-0.447846 0.69282 -0 0.666567 0.963178
-0.447846 0.712805 -0 0.671483 0.960779
-0.5 0.866025 -0 0.699483 0.928824
-0.447846 0.712805 -0 0.671483 0.960779
-0.453991 0.891007 -0 0.706658 0.940456
-0.5 0.866025 -0 0.699483 0.928824
-0.5 0.866025 -0 0.699483 0.928824
-0.453991 0.891007 -0 0.706658 0.940456
-0.6 1.03923 -0 0.72463 0.882985
-0.453991 0.891007 -0 0.706658 0.940456
-0.544789 1.06921 -0 0.732586 0.895788
-0.6 1.03923 -0 0.72463 0.882985
-0.6 1.03923 -0 0.72463 0.882985
-0.544789 1.06921 -0 0.732586 0.895788
-0.7 1.21244 -0 0.744173 0.841067
-0.544789 1.06921 -0 0.732586 0.895788
-0.635587 1.24741 -0 0.753719 0.854445
-0.7 1.21244 -0 0.744173 0.841067
-0.7 1.21244 -0 0.744173 0.841067
-0.635587 1.24741 -0 0.753719 0.854445
-0.8 1.38564 -0 0.760655 0.803476
-0.635587 1.24741 -0 0.753719 0.854445
-0.726385 1.42561 -0 0.770526 0.816808
-0.8 1.38564 -0 0.760655 0.803476
-0.8 1.38564 -0 0.760655 0.803476
-0.726385 1.42561 -0 0.770526 0.816808
-0.9 1.55885 -0 0.773764 0.770498
-0.726385 1.42561 -0 0.770526 0.816808
-0.817183 1.60381 -0 0.784374 0.784563
-0.9 1.55885 -0 0.773764 0.770498
-0.9 1.55885 -0 0.773764 0.770498
-0.817183 1.60381 -0 0.784374 0.784563
-1 1.73205 -0 0.7841 0.741147
-0.817183 1.60381 -0 0.784374 0.784563
-0.907981 1.78201 -0 0.79513 0.754726
-1 1.73205 -0 0.7841 0.741147
-1 1.73205 -0 0.7841 0.741147
-0.907981 1.78201 -0 0.79513 0.754726
-1.1 1.90526 -0 0.792844 0.713586
-0.907981 1.78201 -0 0.79513 0.754726
-0.998779 1.96021 -0 0.804381 0.729473
-1.1 1.90526 -0 0.792844 0.713586
-1.1 1.90526 -0 0.792844 0.713586
-0.998779 1.96021 -0 0.804381 0.729473
-1.30208 2.25527 0.04 0.809003 0.662969
-0.998779 1.96021 -0 0.804381 0.729473
-1.18227 2.32033 0.04 0.821099 0.677495
-1.30208 2.25527 0.04 0.809003 0.662969
-1.30208 2.25527 0.04 0.809003 0.662969
-1.18227 2.32033 0.04 0.821099 0.677495
-1.40208 2.42848 0.16 0.820266 0.624863
-1.18227 2.32033 0.04 0.821099 0.677495
-1.27306 2.49853 0.16 0.83362 0.638636
-1.40208 2.42848 0.16 0.820266 0.624863
-1.40208 2.42848 0.16 0.820266 0.624863
-1.27306 2.49853 0.16 0.83362 0.638636
-1.50208 2.60168 0.36 0.834319 0.57438
-1.27306 2.49853 0.16 0.83362 0.638636
-1.36386 2.67673 0.36 0.848091 0.590141
-1.50208 2.60168 0.36 0.834319 0.57438
-1.50208 2.60168 0.36 0.834319 0.57438
-1.36386 2.67673 0.36 0.848091 0.590141
-1.60208 2.77489 0.64 0.848383 0.513478
-1.36386 2.67673 0.36 0.848091 0.590141
-1.45466 2.85493 0.64 0.863241 0.528915
-1.60208 2.77489 0.64 0.848383 0.513478
-1.60208 2.77489 0.64 0.848383 0.513478
-1.45466 2.85493 0.64 0.863241 0.528915
-1.70208 2.94809 1 0.862052 0.441456
-1.45466 2.85493 0.64 0.863241 0.528915
-1.54546 3.03313 1 0.877713 0.455732
-1.70208 2.94809 1 0.862052 0.441456
-1.70208 2.94809 1 0.862052 0.441456
-1.54546 3.03313 1 0.877713 0.455732
-1.80208 3.1213 1.44 0.872592 0.359041
-1.54546 3.03313 1 0.877713 0.455732
-1.63626 3.21133 1.44 0.888975 0.372355
-1.80208 3.1213 1.44 0.872592 0.359041
-1.80208 3.1213 1.44 0.872592 0.359041
-1.63626 3.21133 1.44 0.888975 0.372355
-1.90208 3.2945 1.96 0.878615 0.271173
-1.63626 3.21133 1.44 0.888975 0.372355
-1.72705 3.38953 1.96 0.895742 0.283044
-1.90208 3.2945 1.96 0.878615 0.271173
-0.447846 0.167734 -0 0.535198 0.997602
-0.447846 0.173205 -0 0.53647 0.997453
-0.447846 0.335468 -0 0.581086 0.990576
-0.447846 0.173205 -0 0.53647 0.997453
-0.447846 0.34641 -0 0.583499 0.989997
-0.447846 0.335468 -0 0.581086 0.990576
-0.447846 0.335468 -0 0.581086 0.990576
-0.447846 0.34641 -0 0.583499 0.989997
-0.447846 0.503202 -0 0.623923 0.978962
-0.447846 0.34641 -0 0.583499 0.989997
-0.447846 0.519615 -0 0.627002 0.978861
-0.447846 0.503202 -0 0.623923 0.978962
-0.447846 0.503202 -0 0.623923 0.978962
-0.447846 0.519615 -0 0.627002 0.978861
-0.447846 0.670936 -0 0.661868 0.964423
-0.447846 0.519615 -0 0.627002 0.978861
-0.447846 0.69282 -0 0.666567 0.963178
-0.447846 0.670936 -0 0.661868 0.964423
-0.447846 0.670936 -0 0.661868 0.964423
-0.447846 0.69282 -0 0.666567 0.963178
-0.544639 0.838671 -0 0.691826 0.917907
-0.447846 0.69282 -0 0.666567 0.963178
-0.5 0.866025 -0 0.699483 0.928824
-0.544639 0.838671 -0 0.691826 0.917907
-0.544639 0.838671 -0 0.691826 0.917907
-0.5 0.866025 -0 0.699483 0.928824
-0.653567 1.0064 -0 0.715942 0.870996
-0.5 0.866025 -0 0.699483 0.928824
-0.6 1.03923 -0 0.72463 0.882985
-0.653567 1.0064 -0 0.715942 0.870996
-0.653567 1.0064 -0 0.715942 0.870996
-0.6 1.03923 -0 0.72463 0.882985
-0.762495 1.17414 -0 0.734951 0.829133
-0.6 1.03923 -0 0.72463 0.882985
-0.7 1.21244 -0 0.744173 0.841067
-0.762495 1.17414 -0 0.734951 0.829133
-0.762495 1.17414 -0 0.734951 0.829133
-0.7 1.21244 -0 0.744173 0.841067
-0.871422 1.34187 -0 0.750414 0.790779
-0.7 1.21244 -0 0.744173 0.841067
-0.8 1.38564 -0 0.760655 0.803476
-0.871422 1.34187 -0 0.750414 0.790779
-0.871422 1.34187 -0 0.750414 0.790779
-0.8 1.38564 -0 0.760655 0.803476
-0.98035 1.50961 -0 0.76252 0.757113
-0.8 1.38564 -0 0.760655 0.803476
-0.9 1.55885 -0 0.773764 0.770498
-0.98035 1.50961 -0 0.76252 0.757113
-0.98035 1.50961 -0 0.76252 0.757113
-0.9 1.55885 -0 0.773764 0.770498
-1.08928 1.67734 -0 0.772578 0.726679
-0.9 1.55885 -0 0.773764 0.770498
-1 1.73205 -0 0.7841 0.741147
-1.08928 1.67734 -0 0.772578 0.726679
-1.08928 1.67734 -0 0.772578 0.726679
-1 1.73205 -0 0.7841 0.741147
-1.19821 1.84508 -0 0.781483 0.699565
-1 1.73205 -0 0.7841 0.741147
-1.1 1.90526 -0 0.792844 0.713586
-1.19821 1.84508 -0 0.781483 0.699565
-1.19821 1.84508 -0 0.781483 0.699565
-1.1 1.90526 -0 0.792844 0.713586
-1.41833 2.18404 0.04 0.795743 0.649635
-1.1 1.90526 -0 0.792844 0.713586
-1.30208 2.25527 0.04 0.809003 0.662969
-1.41833 2.18404 0.04 0.795743 0.649635
-1.41833 2.18404 0.04 0.795743 0.649635
-1.30208 2.25527 0.04 0.809003 0.662969
-1.52726 2.35177 0.16 0.807238 0.609879
-1.30208 2.25527 0.04 0.809003 0.662969
-1.40208 2.42848 0.16 0.820266 0.624863
-1.52726 2.35177 0.16 0.807238 0.609879
-1.52726 2.35177 0.16 0.807238 0.609879
-1.40208 2.42848 0.16 0.820266 0.624863
-1.63618 2.5195 0.36 0.819632 0.561419
-1.40208 2.42848 0.16 0.820266 0.624863
-1.50208 2.60168 0.36 0.834319 0.57438
-1.63618 2.5195 0.36 0.819632 0.561419
-1.63618 2.5195 0.36 0.819632 0.561419
-1.50208 2.60168 0.36 0.834319 0.57438
-1.74511 2.68724 0.64 0.833398 0.499233
-1.50208 2.60168 0.36 0.834319 0.57438
-1.60208 2.77489 0.64 0.848383 0.513478
-1.74511 2.68724 0.64 0.833398 0.499233
-1.74511 2.68724 0.64 0.833398 0.499233
-1.60208 2.77489 0.64 0.848383 0.513478
-1.85404 2.85497 1 0.846062 0.427644
-1.60208 2.77489 0.64 0.848383 0.513478
-1.70208 2.94809 1 0.862052 0.441456
-1.85404 2.85497 1 0.846062 0.427644
-1.85404 2.85497 1 0.846062 0.427644
-1.70208 2.94809 1 0.862052 0.441456
-1.96297 3.02271 1.44 0.855828 0.346606
-1.70208 2.94809 1 0.862052 0.441456
-1.80208 3.1213 1.44 0.872592 0.359041
-1.96297 3.02271 1.44 0.855828 0.346606
-1.96297 3.02271 1.44 0.855828 0.346606
-1.80208 3.1213 1.44 0.872592 0.359041
-2.0719 3.19044 1.96 0.861023 0.258733
-1.80208 3.1213 1.44 0.872592 0.359041
-1.90208 3.2945 1.96 0.878615 0.271173
-2.0719 3.19044 1.96 0.861023 0.258733
-2.0719 3.19044 1.96 0.861023 0.258733
-1.90208 3.2945 1.96 0.878615 0.271173
-2.18082 3.35817 2.56 0.861397 0.171756
-0.447846 0.161803 -0 0.533924 0.997748
-0.447846 0.167734 -0 0.535198 0.997602
-0.447846 0.323607 -0 0.57745 0.991418
-0.447846 0.167734 -0 0.535198 0.997602
-0.447846 0.335468 -0 0.581086 0.990576
-0.447846 0.323607 -0 0.57745 0.991418
-0.447846 0.323607 -0 0.57745 0.991418
-0.447846 0.335468 -0 0.581086 0.990576
-0.447846 0.48541 -0 0.619442 0.980522
-0.447846 0.335468 -0 0.581086 0.990576
-0.447846 0.503202 -0 0.623923 0.978962
-0.447846 0.48541 -0 0.619442 0.980522
-0.447846 0.48541 -0 0.619442 0.980522
-0.447846 0.503202 -0 0.623923 0.978962
-0.470228 0.647214 -0 0.655717 0.960205
-0.447846 0.503202 -0 0.623923 0.978962
-0.447846 0.670936 -0 0.661868 0.964423
-0.470228 0.647214 -0 0.655717 0.960205
-0.470228 0.647214 -0 0.655717 0.960205
-0.447846 0.670936 -0 0.661868 0.964423
-0.587785 0.809017 -0 0.683778 0.90802
-0.447846 0.670936 -0 0.661868 0.964423
-0.544639 0.838671 -0 0.691826 0.917907
-0.587785 0.809017 -0 0.683778 0.90802
-0.587785 0.809017 -0 0.683778 0.90802
-0.544639 0.838671 -0 0.691826 0.917907
-0.705342 0.97082 -0 0.706596 0.860171
-0.544639 0.838671 -0 0.691826 0.917907
-0.653567 1.0064 -0 0.715942 0.870996
-0.705342 0.97082 -0 0.706596 0.860171
-0.705342 0.97082 -0 0.706596 0.860171
-0.653567 1.0064 -0 0.715942 0.870996
-0.822899 1.13262 -0 0.725258 0.816979
-0.653567 1.0064 -0 0.715942 0.870996
-0.762495 1.17414 -0 0.734951 0.829133
-0.822899 1.13262 -0 0.725258 0.816979
-0.822899 1.13262 -0 0.725258 0.816979
-0.762495 1.17414 -0 0.734951 0.829133
-0.940456 1.29443 -0 0.739437 0.777823
-0.762495 1.17414 -0 0.734951 0.829133
-0.871422 1.34187 -0 0.750414 0.790779
-0.940456 1.29443 -0 0.739437 0.777823
-0.940456 1.29443 -0 0.739437 0.777823
-0.871422 1.34187 -0 0.750414 0.790779
-1.05801 1.45623 -0 0.750853 0.744868
-0.871422 1.34187 -0 0.750414 0.790779
-0.98035 1.50961 -0 0.76252 0.757113
-1.05801 1.45623 -0 0.750853 0.744868
-1.05801 1.45623 -0 0.750853 0.744868
-0.98035 1.50961 -0 0.76252 0.757113
-1.17557 1.61803 -0 0.761306 0.713038
-0.98035 1.50961 -0 0.76252 0.757113
-1.08928 1.67734 -0 0.772578 0.726679
-1.17557 1.61803 -0 0.761306 0.713038
-1.17557 1.61803 -0 0.761306 0.713038
-1.08928 1.67734 -0 0.772578 0.726679
-1.29313 1.77984 -0 0.768816 0.687397
-1.08928 1.67734 -0 0.772578 0.726679
-1.19821 1.84508 -0 0.781483 0.699565
-1.29313 1.77984 -0 0.768816 0.687397
-1.29313 1.77984 -0 0.768816 0.687397
-1.19821 1.84508 -0 0.781483 0.699565
-1.53069 2.10681 0.04 0.783061 0.635485
-1.19821 1.84508 -0 0.781483 0.699565
-1.41833 2.18404 0.04 0.795743 0.649635
-1.53069 2.10681 0.04 0.783061 0.635485
-1.53069 2.10681 0.04 0.783061 0.635485
-1.41833 2.18404 0.04 0.795743 0.649635
-1.64825 2.26862 0.16 0.793135 0.596636
-1.41833 2.18404 0.04 0.795743 0.649635
-1.52726 2.35177 0.16 0.807238 0.609879
-1.64825 2.26862 0.16 0.793135 0.596636
-1.64825 2.26862 0.16 0.793135 0.596636
-1.52726 2.35177 0.16 0.807238 0.609879
-1.7658 2.43042 0.36 0.805278 0.546213
-1.52726 2.35177 0.16 0.807238 0.609879
-1.63618 2.5195 0.36 0.819632 0.561419
-1.7658 2.43042 0.36 0.805278 0.546213
-1.7658 2.43042 0.36 0.805278 0.546213
-1.63618 2.5195 0.36 0.819632 0.561419
-1.88336 2.59222 0.64 0.818165 0.485138
-1.63618 2.5195 0.36 0.819632 0.561419
-1.74511 2.68724 0.64 0.833398 0.499233
-1.88336 2.59222 0.64 0.818165 0.485138
-1.88336 2.59222 0.64 0.818165 0.485138
-1.74511 2.68724 0.64 0.833398 0.499233
-2.00092 2.75403 1 0.829932 0.414813
-1.74511 2.68724 0.64 0.833398 0.499233
-1.85404 2.85497 1 0.846062 0.427644
-2.00092 2.75403 1 0.829932 0.414813
-2.00092 2.75403 1 0.829932 0.414813
-1.85404 2.85497 1 0.846062 0.427644
-2.11847 2.91583 1.44 0.838753 0.333683
-1.85404 2.85497 1 0.846062 0.427644
-1.96297 3.02271 1.44 0.855828 0.346606
-2.11847 2.91583 1.44 0.838753 0.333683
-2.11847 2.91583 1.44 0.838753 0.333683
-1.96297 3.02271 1.44 0.855828 0.346606
-2.23603 3.07763 1.96 0.843503 0.247771
-1.96297 3.02271 1.44 0.855828 0.346606
-2.0719 3.19044 1.96 0.861023 0.258733
-2.23603 3.07763 1.96 0.843503 0.247771
-2.23603 3.07763 1.96 0.843503 0.247771
-2.0719 3.19044 1.96 0.861023 0.258733
-2.35359 3.23944 2.56 0.843492 0.162154
-2.0719 3.19044 1.96 0.861023 0.258733
-2.18082 3.35817 2.56 0.861397 0.171756
-2.35359 3.23944 2.56 0.843492 0.162154
-0.447846 0.155429 -0 0.531374 0.998026
-0.447846 0.161803 -0 0.533924 0.997748
-0.447846 0.310858 -0 0.573795 0.992229
-0.447846 0.161803 -0 0.533924 0.997748
-0.447846 0.323607 -0 0.57745 0.991418
-0.447846 0.310858 -0 0.573795 0.992229
-0.447846 0.310858 -0 0.573795 0.992229
-0.447846 0.323607 -0 0.57745 0.991418
-0.447846 0.466288 -0 0.613781 0.982412
-0.447846 0.323607 -0 0.57745 0.991418
-0.447846 0.48541 -0 0.619442 0.980522
-0.447846 0.466288 -0 0.613781 0.982412
-0.447846 0.466288 -0 0.613781 0.982412
-0.447846 0.48541 -0 0.619442 0.980522
-0.503456 0.621717 -0 0.64931 0.95134
-0.447846 0.48541 -0 0.619442 0.980522
-0.470228 0.647214 -0 0.655717 0.960205
-0.503456 0.621717 -0 0.64931 0.95134
-0.503456 0.621717 -0 0.64931 0.95134
-0.470228 0.647214 -0 0.655717 0.960205
-0.62932 0.777146 -0 0.675761 0.898059
-0.470228 0.647214 -0 0.655717 0.960205
-0.587785 0.809017 -0 0.683778 0.90802
-0.62932 0.777146 -0 0.675761 0.898059
-0.62932 0.777146 -0 0.675761 0.898059
-0.587785 0.809017 -0 0.683778 0.90802
-0.755184 0.932575 -0 0.69701 0.849259
-0.587785 0.809017 -0 0.683778 0.90802
-0.705342 0.97082 -0 0.706596 0.860171
-0.755184 0.932575 -0 0.69701 0.849259
-0.755184 0.932575 -0 0.69701 0.849259
-0.705342 0.97082 -0 0.706596 0.860171
-0.881049 1.088 -0 0.714176 0.805223
-0.705342 0.97082 -0 0.706596 0.860171
-0.822899 1.13262 -0 0.725258 0.816979
-0.881049 1.088 -0 0.714176 0.805223
-0.881049 1.088 -0 0.714176 0.805223
-0.822899 1.13262 -0 0.725258 0.816979
-1.00691 1.24343 -0 0.728458 0.766203
-0.822899 1.13262 -0 0.725258 0.816979
-0.940456 1.29443 -0 0.739437 0.777823
-1.00691 1.24343 -0 0.728458 0.766203
-1.00691 1.24343 -0 0.728458 0.766203
-0.940456 1.29443 -0 0.739437 0.777823
-1.13278 1.39886 -0 0.739301 0.732296
-0.940456 1.29443 -0 0.739437 0.777823
-1.05801 1.45623 -0 0.750853 0.744868
-1.13278 1.39886 -0 0.739301 0.732296
-1.13278 1.39886 -0 0.739301 0.732296
-1.05801 1.45623 -0 0.750853 0.744868
-1.25864 1.55429 -0 0.748118 0.701908
-1.05801 1.45623 -0 0.750853 0.744868
-1.17557 1.61803 -0 0.761306 0.713038
-1.25864 1.55429 -0 0.748118 0.701908
-1.25864 1.55429 -0 0.748118 0.701908
-1.17557 1.61803 -0 0.761306 0.713038
-1.3845 1.70972 -0 0.755946 0.675171
-1.17557 1.61803 -0 0.761306 0.713038
-1.29313 1.77984 -0 0.768816 0.687397
-1.3845 1.70972 -0 0.755946 0.675171
-1.3845 1.70972 -0 0.755946 0.675171
-1.29313 1.77984 -0 0.768816 0.687397
-1.63885 2.02381 0.04 0.769074 0.623724
-1.29313 1.77984 -0 0.768816 0.687397
-1.53069 2.10681 0.04 0.783061 0.635485
-1.63885 2.02381 0.04 0.769074 0.623724
-1.63885 2.02381 0.04 0.769074 0.623724
-1.53069 2.10681 0.04 0.783061 0.635485
-1.76472 2.17924 0.16 0.779008 0.583442
-1.53069 2.10681 0.04 0.783061 0.635485
-1.64825 2.26862 0.16 0.793135 0.596636
-1.76472 2.17924 0.16 0.779008 0.583442
-1.76472 2.17924 0.16 0.779008 0.583442
-1.64825 2.26862 0.16 0.793135 0.596636
-1.89058 2.33467 0.36 0.790571 0.533264
-1.64825 2.26862 0.16 0.793135 0.596636
-1.7658 2.43042 0.36 0.805278 0.546213
-1.89058 2.33467 0.36 0.790571 0.533264
-1.89058 2.33467 0.36 0.790571 0.533264
-1.7658 2.43042 0.36 0.805278 0.546213
-2.01645 2.4901 0.64 0.802196 0.473618
-1.7658 2.43042 0.36 0.805278 0.546213
-1.88336 2.59222 0.64 0.818165 0.485138
-2.01645 2.4901 0.64 0.802196 0.473618
-2.01645 2.4901 0.64 0.802196 0.473618
-1.88336 2.59222 0.64 0.818165 0.485138
-2.14231 2.64553 1 0.813428 0.401454
-1.88336 2.59222 0.64 0.818165 0.485138
-2.00092 2.75403 1 0.829932 0.414813
-2.14231 2.64553 1 0.813428 0.401454
-2.14231 2.64553 1 0.813428 0.401454
-2.00092 2.75403 1 0.829932 0.414813
-2.26817 2.80096 1.44 0.821581 0.323096
-2.00092 2.75403 1 0.829932 0.414813
-2.11847 2.91583 1.44 0.838753 0.333683
-2.26817 2.80096 1.44 0.821581 0.323096
-2.26817 2.80096 1.44 0.821581 0.323096
-2.11847 2.91583 1.44 0.838753 0.333683
-2.39404 2.95639 1.96 0.825837 0.237314
-2.11847 2.91583 1.44 0.838753 0.333683
-2.23603 3.07763 1.96 0.843503 0.247771
-2.39404 2.95639 1.96 0.825837 0.237314
-2.39404 2.95639 1.96 0.825837 0.237314
-2.23603 3.07763 1.96 0.843503 0.247771
-2.5199 3.11182 2.56 0.825456 0.152546
-2.23603 3.07763 1.96 0.843503 0.247771
-2.35359 3.23944 2.56 0.843492 0.162154
-2.5199 3.11182 2.56 0.825456 0.152546
-0.447846 0.148629 -0 0.530097 0.998159
-0.447846 0.155429 -0 0.531374 0.998026
-0.447846 0.297258 -0 0.570123 0.993009
-0.447846 0.155429 -0 0.531374 0.998026
-0.447846 0.310858 -0 0.573795 0.992229
-0.447846 0.297258 -0 0.570123 0.993009
-0.447846 0.297258 -0 0.570123 0.993009
-0.447846 0.310858 -0 0.573795 0.992229
-0.447846 0.445887 -0 0.609203 0.983875
-0.447846 0.310858 -0 0.573795 0.992229
-0.447846 0.466288 -0 0.613781 0.982412
-0.447846 0.445887 -0 0.609203 0.983875
-0.447846 0.445887 -0 0.609203 0.983875
-0.447846 0.466288 -0 0.613781 0.982412
-0.535304 0.594516 -0 0.641041 0.943417
-0.447846 0.466288 -0 0.613781 0.982412
-0.503456 0.621717 -0 0.64931 0.95134
-0.535304 0.594516 -0 0.641041 0.943417
-0.535304 0.594516 -0 0.641041 0.943417
-0.503456 0.621717 -0 0.64931 0.95134
-0.669131 0.743145 -0 0.666772 0.888643
-0.503456 0.621717 -0 0.64931 0.95134
-0.62932 0.777146 -0 0.675761 0.898059
-0.669131 0.743145 -0 0.666772 0.888643
-0.669131 0.743145 -0 0.666772 0.888643
-0.62932 0.777146 -0 0.675761 0.898059
-0.802957 0.891774 -0 0.686998 0.84012
-0.62932 0.777146 -0 0.675761 0.898059
-0.755184 0.932575 -0 0.69701 0.849259
-0.802957 0.891774 -0 0.686998 0.84012
-0.802957 0.891774 -0 0.686998 0.84012
-0.755184 0.932575 -0 0.69701 0.849259
-0.936783 1.0404 -0 0.703446 0.794931
-0.755184 0.932575 -0 0.69701 0.849259
-0.881049 1.088 -0 0.714176 0.805223
-0.936783 1.0404 -0 0.703446 0.794931
-0.936783 1.0404 -0 0.703446 0.794931
-0.881049 1.088 -0 0.714176 0.805223
-1.07061 1.18903 -0 0.717054 0.754882
-0.881049 1.088 -0 0.714176 0.805223
-1.00691 1.24343 -0 0.728458 0.766203
-1.07061 1.18903 -0 0.717054 0.754882
-1.07061 1.18903 -0 0.717054 0.754882
-1.00691 1.24343 -0 0.728458 0.766203
-1.20444 1.33766 -0 0.727172 0.720039
-1.00691 1.24343 -0 0.728458 0.766203
-1.13278 1.39886 -0 0.739301 0.732296
-1.20444 1.33766 -0 0.727172 0.720039
-1.20444 1.33766 -0 0.727172 0.720039
-1.13278 1.39886 -0 0.739301 0.732296
-1.33826 1.48629 -0 0.736007 0.690568
-1.13278 1.39886 -0 0.739301 0.732296
-1.25864 1.55429 -0 0.748118 0.701908
-1.33826 1.48629 -0 0.736007 0.690568
-1.33826 1.48629 -0 0.736007 0.690568
-1.25864 1.55429 -0 0.748118 0.701908
-1.47209 1.63492 -0 0.742229 0.663461
-1.25864 1.55429 -0 0.748118 0.701908
-1.3845 1.70972 -0 0.755946 0.675171
-1.47209 1.63492 -0 0.742229 0.663461
-1.47209 1.63492 -0 0.742229 0.663461
-1.3845 1.70972 -0 0.755946 0.675171
-1.74253 1.93527 0.04 0.755 0.610228
-1.3845 1.70972 -0 0.755946 0.675171
-1.63885 2.02381 0.04 0.769074 0.623724
-1.74253 1.93527 0.04 0.755 0.610228
-1.74253 1.93527 0.04 0.755 0.610228
-1.63885 2.02381 0.04 0.769074 0.623724
-1.87635 2.0839 0.16 0.764435 0.573043
-1.63885 2.02381 0.04 0.769074 0.623724
-1.76472 2.17924 0.16 0.779008 0.583442
-1.87635 2.0839 0.16 0.764435 0.573043
-1.87635 2.0839 0.16 0.764435 0.573043
-1.76472 2.17924 0.16 0.779008 0.583442
-2.01018 2.23253 0.36 0.775239 0.523311
-1.76472 2.17924 0.16 0.779008 0.583442
-1.89058 2.33467 0.36 0.790571 0.533264
-2.01018 2.23253 0.36 0.775239 0.523311
-2.01018 2.23253 0.36 0.775239 0.523311
-1.89058 2.33467 0.36 0.790571 0.533264
-2.144 2.38116 0.64 0.785792 0.461164
-1.89058 2.33467 0.36 0.790571 0.533264
-2.01645 2.4901 0.64 0.802196 0.473618
-2.144 2.38116 0.64 0.785792 0.461164
-2.144 2.38116 0.64 0.785792 0.461164
-2.01645 2.4901 0.64 0.802196 0.473618
-2.27783 2.52979 1 0.796266 0.39135
-2.01645 2.4901 0.64 0.802196 0.473618
-2.14231 2.64553 1 0.813428 0.401454
-2.27783 2.52979 1 0.796266 0.39135
-2.27783 2.52979 1 0.796266 0.39135
-2.14231 2.64553 1 0.813428 0.401454
-2.41166 2.67842 1.44 0.804317 0.311917
-2.14231 2.64553 1 0.813428 0.401454
-2.26817 2.80096 1.44 0.821581 0.323096
-2.41166 2.67842 1.44 0.804317 0.311917
-2.41166 2.67842 1.44 0.804317 0.311917
-2.26817 2.80096 1.44 0.821581 0.323096
-2.54548 2.82704 1.96 0.807651 0.227566
-2.26817 2.80096 1.44 0.821581 0.323096
-2.39404 2.95639 1.96 0.825837 0.237314
-2.54548 2.82704 1.96 0.807651 0.227566
-2.54548 2.82704 1.96 0.807651 0.227566
-2.39404 2.95639 1.96 0.825837 0.237314
-2.67931 2.97567 2.56 0.807413 0.144449
-2.39404 2.95639 1.96 0.825837 0.237314
-2.5199 3.11182 2.56 0.825456 0.152546
-2.67931 2.97567 2.56 0.807413 0.144449
-0.447846 0.141421 -0 0.52754 0.998413
-0.447846 0.148629 -0 0.530097 0.998159
-0.447846 0.282843 -0 0.566433 0.993756
-0.447846 0.148629 -0 0.530097 0.998159
-0.447846 0.297258 -0 0.570123 0.993009
-0.447846 0.282843 -0 0.566433 0.993756
-0.447846 0.282843 -0 0.566433 0.993756
-0.447846 0.297258 -0 0.570123 0.993009
-0.447846 0.424264 -0 0.603423 0.98564
-0.447846 0.297258 -0 0.570123 0.993009
-0.447846 0.445887 -0 0.609203 0.983875
-0.447846 0.424264 -0 0.603423 0.98564
-0.447846 0.424264 -0 0.603423 0.98564
-0.447846 0.445887 -0 0.609203 0.983875
-0.565685 0.565685 -0 0.633105 0.93565
-0.447846 0.445887 -0 0.609203 0.983875
-0.535304 0.594516 -0 0.641041 0.943417
-0.565685 0.565685 -0 0.633105 0.93565
-0.565685 0.565685 -0 0.633105 0.93565
-0.535304 0.594516 -0 0.641041 0.943417
-0.707107 0.707107 -0 0.65767 0.880999
-0.535304 0.594516 -0 0.641041 0.943417
-0.669131 0.743145 -0 0.666772 0.888643
-0.707107 0.707107 -0 0.65767 0.880999
-0.707107 0.707107 -0 0.65767 0.880999
-0.669131 0.743145 -0 0.666772 0.888643
-0.848528 0.848528 -0 0.6773 0.829609
-0.669131 0.743145 -0 0.666772 0.888643
-0.802957 0.891774 -0 0.686998 0.84012
-0.848528 0.848528 -0 0.6773 0.829609
-0.848528 0.848528 -0 0.6773 0.829609
-0.802957 0.891774 -0 0.686998 0.84012
-0.98995 0.98995 -0 0.692582 0.785101
-0.802957 0.891774 -0 0.686998 0.84012
-0.936783 1.0404 -0 0.703446 0.794931
-0.98995 0.98995 -0 0.692582 0.785101
-0.98995 0.98995 -0 0.692582 0.785101
-0.936783 1.0404 -0 0.703446 0.794931
-1.13137 1.13137 -0 0.704007 0.746539
-0.936783 1.0404 -0 0.703446 0.794931
-1.07061 1.18903 -0 0.717054 0.754882
-1.13137 1.13137 -0 0.704007 0.746539
-1.13137 1.13137 -0 0.704007 0.746539
-1.07061 1.18903 -0 0.717054 0.754882
-1.27279 1.27279 -0 0.714364 0.710482
-1.07061 1.18903 -0 0.717054 0.754882
-1.20444 1.33766 -0 0.727172 0.720039
-1.27279 1.27279 -0 0.714364 0.710482
-1.27279 1.27279 -0 0.714364 0.710482
-1.20444 1.33766 -0 0.727172 0.720039
-1.41421 1.41421 -0 0.722429 0.68034
-1.20444 1.33766 -0 0.727172 0.720039
-1.33826 1.48629 -0 0.736007 0.690568
-1.41421 1.41421 -0 0.722429 0.68034
-1.41421 1.41421 -0 0.722429 0.68034
-1.33826 1.48629 -0 0.736007 0.690568
-1.55563 1.55563 -0 0.728797 0.652234
-1.33826 1.48629 -0 0.736007 0.690568
-1.47209 1.63492 -0 0.742229 0.663461
-1.55563 1.55563 -0 0.728797 0.652234
-1.55563 1.55563 -0 0.728797 0.652234
-1.47209 1.63492 -0 0.742229 0.663461
-1.84142 1.84142 0.04 0.740909 0.599681
-1.47209 1.63492 -0 0.742229 0.663461
-1.74253 1.93527 0.04 0.755 0.610228
-1.84142 1.84142 0.04 0.740909 0.599681
-1.84142 1.84142 0.04 0.740909 0.599681
-1.74253 1.93527 0.04 0.755 0.610228
-1.98284 1.98284 0.16 0.748995 0.561521
-1.74253 1.93527 0.04 0.755 0.610228
-1.87635 2.0839 0.16 0.764435 0.573043
-1.98284 1.98284 0.16 0.748995 0.561521
-1.98284 1.98284 0.16 0.748995 0.561521
-1.87635 2.0839 0.16 0.764435 0.573043
-2.12426 2.12426 0.36 0.758754 0.510111
-1.87635 2.0839 0.16 0.764435 0.573043
-2.01018 2.23253 0.36 0.775239 0.523311
-2.12426 2.12426 0.36 0.758754 0.510111
-2.12426 2.12426 0.36 0.758754 0.510111
-2.01018 2.23253 0.36 0.775239 0.523311
-2.26569 2.26569 0.64 0.769487 0.450156
-2.01018 2.23253 0.36 0.775239 0.523311
-2.144 2.38116 0.64 0.785792 0.461164
-2.26569 2.26569 0.64 0.769487 0.450156
-2.26569 2.26569 0.64 0.769487 0.450156
-2.144 2.38116 0.64 0.785792 0.461164
-2.40711 2.40711 1 0.779148 0.379388
-2.144 2.38116 0.64 0.785792 0.461164
-2.27783 2.52979 1 0.796266 0.39135
-2.40711 2.40711 1 0.779148 0.379388
-2.40711 2.40711 1 0.779148 0.379388
-2.27783 2.52979 1 0.796266 0.39135
-2.54853 2.54853 1.44 0.786129 0.30103
-2.27783 2.52979 1 0.796266 0.39135
-2.41166 2.67842 1.44 0.804317 0.311917
-2.54853 2.54853 1.44 0.786129 0.30103
-2.54853 2.54853 1.44 0.786129 0.30103
-2.41166 2.67842 1.44 0.804317 0.311917
-2.68995 2.68995 1.96 0.78985 0.218977
-2.41166 2.67842 1.44 0.804317 0.311917
-2.54548 2.82704 1.96 0.807651 0.227566
-2.68995 2.68995 1.96 0.78985 0.218977
-2.68995 2.68995 1.96 0.78985 0.218977
-2.54548 2.82704 1.96 0.807651 0.227566
-2.83137 2.83137 2.56 0.788918 0.135872
-2.54548 2.82704 1.96 0.807651 0.227566
-2.67931 2.97567 2.56 0.807413 0.144449
-2.83137 2.83137 2.56 0.788918 0.135872
-0.447846 0.133826 -0 0.52626 0.998534
-0.447846 0.141421 -0 0.52754 0.998413
-0.447846 0.267652 -0 0.562726 0.99447
-0.447846 0.141421 -0 0.52754 0.998413
-0.447846 0.282843 -0 0.566433 0.993756
-0.447846 0.267652 -0 0.562726 0.99447
-0.447846 0.267652 -0 0.562726 0.99447
-0.447846 0.282843 -0 0.566433 0.993756
-0.447846 0.401478 -0 0.597581 0.987331
-0.447846 0.282843 -0 0.566433 0.993756
-0.447846 0.424264 -0 0.603423 0.98564
-0.447846 0.401478 -0 0.597581 0.987331
-0.447846 0.401478 -0 0.597581 0.987331
-0.447846 0.424264 -0 0.603423 0.98564
-0.594516 0.535304 -0 0.625632 0.928188
-0.447846 0.424264 -0 0.603423 0.98564
-0.565685 0.565685 -0 0.633105 0.93565
-0.594516 0.535304 -0 0.625632 0.928188
-0.594516 0.535304 -0 0.625632 0.928188
-0.565685 0.565685 -0 0.633105 0.93565
-0.743145 0.669131 -0 0.647956 0.872665
-0.565685 0.565685 -0 0.633105 0.93565
-0.707107 0.707107 -0 0.65767 0.880999
-0.743145 0.669131 -0 0.647956 0.872665
-0.743145 0.669131 -0 0.647956 0.872665
-0.707107 0.707107 -0 0.65767 0.880999
-0.891774 0.802957 -0 0.666277 0.821834
-0.707107 0.707107 -0 0.65767 0.880999
-0.848528 0.848528 -0 0.6773 0.829609
-0.891774 0.802957 -0 0.666277 0.821834
-0.891774 0.802957 -0 0.666277 0.821834
-0.848528 0.848528 -0 0.6773 0.829609
-1.0404 0.936783 -0 0.680553 0.776363
-0.848528 0.848528 -0 0.6773 0.829609
-0.98995 0.98995 -0 0.692582 0.785101
-1.0404 0.936783 -0 0.680553 0.776363
-1.0404 0.936783 -0 0.680553 0.776363
-0.98995 0.98995 -0 0.692582 0.785101
-1.18903 1.07061 -0 0.692121 0.736529
-0.98995 0.98995 -0 0.692582 0.785101
-1.13137 1.13137 -0 0.704007 0.746539
-1.18903 1.07061 -0 0.692121 0.736529
-1.18903 1.07061 -0 0.692121 0.736529
-1.13137 1.13137 -0 0.704007 0.746539
-1.33766 1.20444 -0 0.701505 0.699643
-1.13137 1.13137 -0 0.704007 0.746539
-1.27279 1.27279 -0 0.714364 0.710482
-1.33766 1.20444 -0 0.701505 0.699643
-1.33766 1.20444 -0 0.701505 0.699643
-1.27279 1.27279 -0 0.714364 0.710482
-1.48629 1.33826 -0 0.708614 0.668798
-1.27279 1.27279 -0 0.714364 0.710482
-1.41421 1.41421 -0 0.722429 0.68034
-1.48629 1.33826 -0 0.708614 0.668798
-1.48629 1.33826 -0 0.708614 0.668798
-1.41421 1.41421 -0 0.722429 0.68034
-1.63492 1.47209 -0 0.714945 0.642071
-1.41421 1.41421 -0 0.722429 0.68034
-1.55563 1.55563 -0 0.728797 0.652234
-1.63492 1.47209 -0 0.714945 0.642071
-1.63492 1.47209 -0 0.714945 0.642071
-1.55563 1.55563 -0 0.728797 0.652234
-1.93527 1.74253 0.04 0.725232 0.590609
-1.55563 1.55563 -0 0.728797 0.652234
-1.84142 1.84142 0.04 0.740909 0.599681
-1.93527 1.74253 0.04 0.725232 0.590609
-1.93527 1.74253 0.04 0.725232 0.590609
-1.84142 1.84142 0.04 0.740909 0.599681
-2.0839 1.87635 0.16 0.733732 0.551212
-1.84142 1.84142 0.04 0.740909 0.599681
-1.98284 1.98284 0.16 0.748995 0.561521
-2.0839 1.87635 0.16 0.733732 0.551212
-2.0839 1.87635 0.16 0.733732 0.551212
-1.98284 1.98284 0.16 0.748995 0.561521
-2.23253 2.01018 0.36 0.743089 0.500606
-1.98284 1.98284 0.16 0.748995 0.561521
-2.12426 2.12426 0.36 0.758754 0.510111
-2.23253 2.01018 0.36 0.743089 0.500606
-2.23253 2.01018 0.36 0.743089 0.500606
-2.12426 2.12426 0.36 0.758754 0.510111
-2.38116 2.144 0.64 0.752981 0.440894
-2.12426 2.12426 0.36 0.758754 0.510111
-2.26569 2.26569 0.64 0.769487 0.450156
-2.38116 2.144 0.64 0.752981 0.440894
-2.38116 2.144 0.64 0.752981 0.440894
-2.26569 2.26569 0.64 0.769487 0.450156
-2.52979 2.27783 1 0.761481 0.369283
-2.26569 2.26569 0.64 0.769487 0.450156
-2.40711 2.40711 1 0.779148 0.379388
-2.52979 2.27783 1 0.761481 0.369283
-2.52979 2.27783 1 0.761481 0.369283
-2.40711 2.40711 1 0.779148 0.379388
-2.67842 2.41166 1.44 0.768152 0.291119
-2.40711 2.40711 1 0.779148 0.379388
-2.54853 2.54853 1.44 0.786129 0.30103
-2.67842 2.41166 1.44 0.768152 0.291119
-2.67842 2.41166 1.44 0.768152 0.291119
-2.54853 2.54853 1.44 0.786129 0.30103
-2.82704 2.54548 1.96 0.771516 0.210462
-2.54853 2.54853 1.44 0.786129 0.30103
-2.68995 2.68995 1.96 0.78985 0.218977
-2.82704 2.54548 1.96 0.771516 0.210462
-2.82704 2.54548 1.96 0.771516 0.210462
-2.68995 2.68995 1.96 0.78985 0.218977
-2.97567 2.67931 2.56 0.770545 0.128278
-2.68995 2.68995 1.96 0.78985 0.218977
-2.83137 2.83137 2.56 0.788918 0.135872
-2.97567 2.67931 2.56 0.770545 0.128278
-0.447846 0.125864 -0 0.523698 0.998764
-0.447846 0.133826 -0 0.52626 0.998534
-0.447846 0.251728 -0 0.55776 0.99537
-0.447846 0.133826 -0 0.52626 0.998534
-0.447846 0.267652 -0 0.562726 0.99447
-0.447846 0.251728 -0 0.55776 0.99537
-0.447846 0.251728 -0 0.55776 0.99537
-0.447846 0.267652 -0 0.562726 0.99447
-0.466288 0.377592 -0 0.591866 0.981598
-0.447846 0.267652 -0 0.562726 0.99447
-0.447846 0.401478 -0 0.597581 0.987331
-0.466288 0.377592 -0 0.591866 0.981598
-0.466288 0.377592 -0 0.591866 0.981598
-0.447846 0.401478 -0 0.597581 0.987331
-0.621717 0.503456 -0 0.617501 0.921573
-0.447846 0.401478 -0 0.597581 0.987331
-0.594516 0.535304 -0 0.625632 0.928188
-0.621717 0.503456 -0 0.617501 0.921573
-0.621717 0.503456 -0 0.617501 0.921573
-0.594516 0.535304 -0 0.625632 0.928188
-0.777146 0.62932 -0 0.638608 0.864857
-0.594516 0.535304 -0 0.625632 0.928188
-0.743145 0.669131 -0 0.647956 0.872665
-0.777146 0.62932 -0 0.638608 0.864857
-0.777146 0.62932 -0 0.638608 0.864857
-0.743145 0.669131 -0 0.647956 0.872665
-0.932575 0.755184 -0 0.655746 0.812903
-0.743145 0.669131 -0 0.647956 0.872665
-0.891774 0.802957 -0 0.666277 0.821834
-0.932575 0.755184 -0 0.655746 0.812903
-0.932575 0.755184 -0 0.655746 0.812903
-0.891774 0.802957 -0 0.666277 0.821834
-1.088 0.881049 -0 0.668842 0.766387
-0.891774 0.802957 -0 0.666277 0.821834
-1.0404 0.936783 -0 0.680553 0.776363
-1.088 0.881049 -0 0.668842 0.766387
-1.088 0.881049 -0 0.668842 0.766387
-1.0404 0.936783 -0 0.680553 0.776363
-1.24343 1.00691 -0 0.679269 0.725629
-1.0404 0.936783 -0 0.680553 0.776363
-1.18903 1.07061 -0 0.692121 0.736529
-1.24343 1.00691 -0 0.679269 0.725629
-1.24343 1.00691 -0 0.679269 0.725629
-1.18903 1.07061 -0 0.692121 0.736529
-1.39886 1.13278 -0 0.688542 0.689848
-1.18903 1.07061 -0 0.692121 0.736529
-1.33766 1.20444 -0 0.701505 0.699643
-1.39886 1.13278 -0 0.688542 0.689848
-1.39886 1.13278 -0 0.688542 0.689848
-1.33766 1.20444 -0 0.701505 0.699643
-1.55429 1.25864 -0 0.694367 0.660729
-1.33766 1.20444 -0 0.701505 0.699643
-1.48629 1.33826 -0 0.708614 0.668798
-1.55429 1.25864 -0 0.694367 0.660729
-1.55429 1.25864 -0 0.694367 0.660729
-1.48629 1.33826 -0 0.708614 0.668798
-1.70972 1.3845 -0 0.700861 0.633238
-1.48629 1.33826 -0 0.708614 0.668798
-1.63492 1.47209 -0 0.714945 0.642071
-1.70972 1.3845 -0 0.700861 0.633238
-1.70972 1.3845 -0 0.700861 0.633238
-1.63492 1.47209 -0 0.714945 0.642071
-2.02381 1.63885 0.04 0.710263 0.58046
-1.63492 1.47209 -0 0.714945 0.642071
-1.93527 1.74253 0.04 0.725232 0.590609
-2.02381 1.63885 0.04 0.710263 0.58046
-2.02381 1.63885 0.04 0.710263 0.58046
-1.93527 1.74253 0.04 0.725232 0.590609
-2.17924 1.76472 0.16 0.718017 0.540044
-1.93527 1.74253 0.04 0.725232 0.590609
-2.0839 1.87635 0.16 0.733732 0.551212
-2.17924 1.76472 0.16 0.718017 0.540044
-2.17924 1.76472 0.16 0.718017 0.540044
-2.0839 1.87635 0.16 0.733732 0.551212
-2.33467 1.89058 0.36 0.726823 0.490476
-2.0839 1.87635 0.16 0.733732 0.551212
-2.23253 2.01018 0.36 0.743089 0.500606
-2.33467 1.89058 0.36 0.726823 0.490476
-2.33467 1.89058 0.36 0.726823 0.490476
-2.23253 2.01018 0.36 0.743089 0.500606
-2.4901 2.01645 0.64 0.735572 0.43122
-2.23253 2.01018 0.36 0.743089 0.500606
-2.38116 2.144 0.64 0.752981 0.440894
-2.4901 2.01645 0.64 0.735572 0.43122
-2.4901 2.01645 0.64 0.735572 0.43122
-2.38116 2.144 0.64 0.752981 0.440894
-2.64553 2.14231 1 0.743424 0.359241
-2.38116 2.144 0.64 0.752981 0.440894
-2.52979 2.27783 1 0.761481 0.369283
-2.64553 2.14231 1 0.743424 0.359241
-2.64553 2.14231 1 0.743424 0.359241
-2.52979 2.27783 1 0.761481 0.369283
-2.80096 2.26817 1.44 0.749707 0.283562
-2.52979 2.27783 1 0.761481 0.369283
-2.67842 2.41166 1.44 0.768152 0.291119
-2.80096 2.26817 1.44 0.749707 0.283562
-2.80096 2.26817 1.44 0.749707 0.283562
-2.67842 2.41166 1.44 0.768152 0.291119
-2.95639 2.39404 1.96 0.752451 0.201691
-2.67842 2.41166 1.44 0.768152 0.291119
-2.82704 2.54548 1.96 0.771516 0.210462
-2.95639 2.39404 1.96 0.752451 0.201691
-2.95639 2.39404 1.96 0.752451 0.201691
-2.82704 2.54548 1.96 0.771516 0.210462
-3.11182 2.5199 2.56 0.751561 0.121549
-2.82704 2.54548 1.96 0.771516 0.210462
-2.97567 2.67931 2.56 0.770545 0.128278
-3.11182 2.5199 2.56 0.751561 0.121549
-0.447846 0.117557 -0 0.521132 0.998976
-0.447846 0.125864 -0 0.523698 0.998764
-0.447846 0.235114 -0 0.554017 0.996006
-0.447846 0.125864 -0 0.523698 0.998764
-0.447846 0.251728 -0 0.55776 0.99537
-0.447846 0.235114 -0 0.554017 0.996006
-0.447846 0.235114 -0 0.554017 0.996006
-0.447846 0.251728 -0 0.55776 0.99537
-0.48541 0.352671 -0 0.584496 0.976964
-0.447846 0.251728 -0 0.55776 0.99537
-0.466288 0.377592 -0 0.591866 0.981598
-0.48541 0.352671 -0 0.584496 0.976964
-0.48541 0.352671 -0 0.584496 0.976964
-0.466288 0.377592 -0 0.591866 0.981598
-0.647214 0.470228 -0 0.608957 0.914447
-0.466288 0.377592 -0 0.591866 0.981598
-0.621717 0.503456 -0 0.617501 0.921573
-0.647214 0.470228 -0 0.608957 0.914447
-0.647214 0.470228 -0 0.608957 0.914447
-0.621717 0.503456 -0 0.617501 0.921573
-0.809017 0.587785 -0 0.62847 0.858157
-0.621717 0.503456 -0 0.617501 0.921573
-0.777146 0.62932 -0 0.638608 0.864857
-0.809017 0.587785 -0 0.62847 0.858157
-0.809017 0.587785 -0 0.62847 0.858157
-0.777146 0.62932 -0 0.638608 0.864857
-0.97082 0.705342 -0 0.644279 0.805198
-0.777146 0.62932 -0 0.638608 0.864857
-0.932575 0.755184 -0 0.655746 0.812903
-0.97082 0.705342 -0 0.644279 0.805198
-0.97082 0.705342 -0 0.644279 0.805198
-0.932575 0.755184 -0 0.655746 0.812903
-1.13262 0.822899 -0 0.655823 0.759877
-0.932575 0.755184 -0 0.655746 0.812903
-1.088 0.881049 -0 0.668842 0.766387
-1.13262 0.822899 -0 0.655823 0.759877
-1.13262 0.822899 -0 0.655823 0.759877
-1.088 0.881049 -0 0.668842 0.766387
-1.29443 0.940456 -0 0.666298 0.718055
-1.088 0.881049 -0 0.668842 0.766387
-1.24343 1.00691 -0 0.679269 0.725629
-1.29443 0.940456 -0 0.666298 0.718055
-1.29443 0.940456 -0 0.666298 0.718055
-1.24343 1.00691 -0 0.679269 0.725629
-1.45623 1.05801 -0 0.674392 0.681641
-1.24343 1.00691 -0 0.679269 0.725629
-1.39886 1.13278 -0 0.688542 0.689848
-1.45623 1.05801 -0 0.674392 0.681641
-1.45623 1.05801 -0 0.674392 0.681641
-1.39886 1.13278 -0 0.688542 0.689848
-1.61803 1.17557 -0 0.680256 0.651706
-1.39886 1.13278 -0 0.688542 0.689848
-1.55429 1.25864 -0 0.694367 0.660729
-1.61803 1.17557 -0 0.680256 0.651706
-1.61803 1.17557 -0 0.680256 0.651706
-1.55429 1.25864 -0 0.694367 0.660729
-1.77984 1.29313 -0 0.685626 0.623699
-1.55429 1.25864 -0 0.694367 0.660729
-1.70972 1.3845 -0 0.700861 0.633238
-1.77984 1.29313 -0 0.685626 0.623699
-1.77984 1.29313 -0 0.685626 0.623699
-1.70972 1.3845 -0 0.700861 0.633238
-2.10681 1.53069 0.04 0.695205 0.569457
-1.70972 1.3845 -0 0.700861 0.633238
-2.02381 1.63885 0.04 0.710263 0.58046
-2.10681 1.53069 0.04 0.695205 0.569457
-2.10681 1.53069 0.04 0.695205 0.569457
-2.02381 1.63885 0.04 0.710263 0.58046
-2.26862 1.64825 0.16 0.701996 0.530637
-2.02381 1.63885 0.04 0.710263 0.58046
-2.17924 1.76472 0.16 0.718017 0.540044
-2.26862 1.64825 0.16 0.701996 0.530637
-2.26862 1.64825 0.16 0.701996 0.530637
-2.17924 1.76472 0.16 0.718017 0.540044
-2.43042 1.7658 0.36 0.710151 0.482308
-2.17924 1.76472 0.16 0.718017 0.540044
-2.33467 1.89058 0.36 0.726823 0.490476
-2.43042 1.7658 0.36 0.710151 0.482308
-2.43042 1.7658 0.36 0.710151 0.482308
-2.33467 1.89058 0.36 0.726823 0.490476
-2.59222 1.88336 0.64 0.718492 0.42139
-2.33467 1.89058 0.36 0.726823 0.490476
-2.4901 2.01645 0.64 0.735572 0.43122
-2.59222 1.88336 0.64 0.718492 0.42139
-2.59222 1.88336 0.64 0.718492 0.42139
-2.4901 2.01645 0.64 0.735572 0.43122
-2.75403 2.00092 1 0.725553 0.35166
-2.4901 2.01645 0.64 0.735572 0.43122
-2.64553 2.14231 1 0.743424 0.359241
-2.75403 2.00092 1 0.725553 0.35166
-2.75403 2.00092 1 0.725553 0.35166
-2.64553 2.14231 1 0.743424 0.359241
-2.91583 2.11847 1.44 0.73155 0.27521
-2.64553 2.14231 1 0.743424 0.359241
-2.80096 2.26817 1.44 0.749707 0.283562
-2.91583 2.11847 1.44 0.73155 0.27521
-2.91583 2.11847 1.44 0.73155 0.27521
-2.80096 2.26817 1.44 0.749707 0.283562
-3.07763 2.23603 1.96 0.734306 0.194901
-2.80096 2.26817 1.44 0.749707 0.283562
-2.95639 2.39404 1.96 0.752451 0.201691
-3.07763 2.23603 1.96 0.734306 0.194901
-3.07763 2.23603 1.96 0.734306 0.194901
-2.95639 2.39404 1.96 0.752451 0.201691
-3.23944 2.35359 2.56 0.732948 0.115191
-2.95639 2.39404 1.96 0.752451 0.201691
-3.11182 2.5199 2.56 0.751561 0.121549
-3.23944 2.35359 2.56 0.732948 0.115191
-0.447846 0.108928 -0 0.518563 0.999172
-0.447846 0.117557 -0 0.521132 0.998976
-0.447846 0.217856 -0 0.549005 0.9968
-0.447846 0.117557 -0 0.521132 0.998976
-0.447846 0.235114 -0 0.554017 0.996006
-0.447846 0.217856 -0 0.549005 0.9968
-0.447846 0.217856 -0 0.549005 0.9968
-0.447846 0.235114 -0 0.554017 0.996006
-0.503202 0.326783 -0 0.576845 0.971993
-0.447846 0.235114 -0 0.554017 0.996006
-0.48541 0.352671 -0 0.584496 0.976964
-0.503202 0.326783 -0 0.576845 0.971993
-0.503202 0.326783 -0 0.576845 0.971993
-0.48541 0.352671 -0 0.584496 0.976964
-0.670936 0.435711 -0 0.599563 0.909796
-0.48541 0.352671 -0 0.584496 0.976964
-0.647214 0.470228 -0 0.608957 0.914447
-0.670936 0.435711 -0 0.599563 0.909796
-0.670936 0.435711 -0 0.599563 0.909796
-0.647214 0.470228 -0 0.608957 0.914447
-0.838671 0.544639 -0 0.617793 0.850888
-0.647214 0.470228 -0 0.608957 0.914447
-0.809017 0.587785 -0 0.62847 0.858157
-0.838671 0.544639 -0 0.617793 0.850888
-0.838671 0.544639 -0 0.617793 0.850888
-0.809017 0.587785 -0 0.62847 0.858157
-1.0064 0.653567 -0 0.631897 0.798859
-0.809017 0.587785 -0 0.62847 0.858157
-0.97082 0.705342 -0 0.644279 0.805198
-1.0064 0.653567 -0 0.631897 0.798859
-1.0064 0.653567 -0 0.631897 0.798859
-0.97082 0.705342 -0 0.644279 0.805198
-1.17414 0.762495 -0 0.64337 0.752404
-0.97082 0.705342 -0 0.644279 0.805198
-1.13262 0.822899 -0 0.655823 0.759877
-1.17414 0.762495 -0 0.64337 0.752404
-1.17414 0.762495 -0 0.64337 0.752404
-1.13262 0.822899 -0 0.655823 0.759877
-1.34187 0.871422 -0 0.652475 0.709841
-1.13262 0.822899 -0 0.655823 0.759877
-1.29443 0.940456 -0 0.666298 0.718055
-1.34187 0.871422 -0 0.652475 0.709841
-1.34187 0.871422 -0 0.652475 0.709841
-1.29443 0.940456 -0 0.666298 0.718055
-1.50961 0.98035 -0 0.660431 0.674941
-1.29443 0.940456 -0 0.666298 0.718055
-1.45623 1.05801 -0 0.674392 0.681641
-1.50961 0.98035 -0 0.660431 0.674941
-1.50961 0.98035 -0 0.660431 0.674941
-1.45623 1.05801 -0 0.674392 0.681641
-1.67734 1.08928 -0 0.666472 0.641771
-1.45623 1.05801 -0 0.674392 0.681641
-1.61803 1.17557 -0 0.680256 0.651706
-1.67734 1.08928 -0 0.666472 0.641771
-1.67734 1.08928 -0 0.666472 0.641771
-1.61803 1.17557 -0 0.680256 0.651706
-1.84508 1.19821 -0 0.670424 0.615825
-1.61803 1.17557 -0 0.680256 0.651706
-1.77984 1.29313 -0 0.685626 0.623699
-1.84508 1.19821 -0 0.670424 0.615825
-1.84508 1.19821 -0 0.670424 0.615825
-1.77984 1.29313 -0 0.685626 0.623699
-2.18404 1.41833 0.04 0.678826 0.563012
-1.77984 1.29313 -0 0.685626 0.623699
-2.10681 1.53069 0.04 0.695205 0.569457
-2.18404 1.41833 0.04 0.678826 0.563012
-2.18404 1.41833 0.04 0.678826 0.563012
-2.10681 1.53069 0.04 0.695205 0.569457
-2.35177 1.52726 0.16 0.685906 0.523268
-2.10681 1.53069 0.04 0.695205 0.569457
-2.26862 1.64825 0.16 0.701996 0.530637
-2.35177 1.52726 0.16 0.685906 0.523268
-2.35177 1.52726 0.16 0.685906 0.523268
-2.26862 1.64825 0.16 0.701996 0.530637
-2.5195 1.63618 0.36 0.693254 0.473787
-2.26862 1.64825 0.16 0.701996 0.530637
-2.43042 1.7658 0.36 0.710151 0.482308
-2.5195 1.63618 0.36 0.693254 0.473787
-2.5195 1.63618 0.36 0.693254 0.473787
-2.43042 1.7658 0.36 0.710151 0.482308
-2.68724 1.74511 0.64 0.701134 0.41383
-2.43042 1.7658 0.36 0.710151 0.482308
-2.59222 1.88336 0.64 0.718492 0.42139
-2.68724 1.74511 0.64 0.701134 0.41383
-2.68724 1.74511 0.64 0.701134 0.41383
-2.59222 1.88336 0.64 0.718492 0.42139
-2.85497 1.85404 1 0.70813 0.34455
-2.59222 1.88336 0.64 0.718492 0.42139
-2.75403 2.00092 1 0.725553 0.35166
-2.85497 1.85404 1 0.70813 0.34455
-2.85497 1.85404 1 0.70813 0.34455
-2.75403 2.00092 1 0.725553 0.35166
-3.02271 1.96297 1.44 0.712507 0.26724
-2.75403 2.00092 1 0.725553 0.35166
-2.91583 2.11847 1.44 0.73155 0.27521
-3.02271 1.96297 1.44 0.712507 0.26724
-3.02271 1.96297 1.44 0.712507 0.26724
-2.91583 2.11847 1.44 0.73155 0.27521
-3.19044 2.0719 1.96 0.71471 0.187127
-2.91583 2.11847 1.44 0.73155 0.27521
-3.07763 2.23603 1.96 0.734306 0.194901
-3.19044 2.0719 1.96 0.71471 0.187127
-3.19044 2.0719 1.96 0.71471 0.187127
-3.07763 2.23603 1.96 0.734306 0.194901
-3.35817 2.18082 2.56 0.713872 0.108181
-3.07763 2.23603 1.96 0.734306 0.194901
-3.23944 2.35359 2.56 0.732948 0.115191
-3.35817 2.18082 2.56 0.713872 0.108181
-0.447846 0.1 -0 0.515991 0.999351
-0.447846 0.108928 -0 0.518563 0.999172
-0.447846 0.2 -0 0.543969 0.997532
-0.447846 0.108928 -0 0.518563 0.999172
-0.447846 0.217856 -0 0.549005 0.9968
-0.447846 0.2 -0 0.543969 0.997532
-0.447846 0.2 -0 0.543969 0.997532
-0.447846 0.217856 -0 0.549005 0.9968
-0.519615 0.3 -0 0.570035 0.967618
-0.447846 0.217856 -0 0.549005 0.9968
-0.503202 0.326783 -0 0.576845 0.971993
-0.519615 0.3 -0 0.570035 0.967618
-0.519615 0.3 -0 0.570035 0.967618
-0.503202 0.326783 -0 0.576845 0.971993
-0.69282 0.4 -0 0.58979 0.904744
-0.503202 0.326783 -0 0.576845 0.971993
-0.670936 0.435711 -0 0.599563 0.909796
-0.69282 0.4 -0 0.58979 0.904744
-0.69282 0.4 -0 0.58979 0.904744
-0.670936 0.435711 -0 0.599563 0.909796
-0.866025 0.5 -0 0.606357 0.844863
-0.670936 0.435711 -0 0.599563 0.909796
-0.838671 0.544639 -0 0.617793 0.850888
-0.866025 0.5 -0 0.606357 0.844863
-0.866025 0.5 -0 0.606357 0.844863
-0.838671 0.544639 -0 0.617793 0.850888
-1.03923 0.6 -0 0.620282 0.7916
-0.838671 0.544639 -0 0.617793 0.850888
-1.0064 0.653567 -0 0.631897 0.798859
-1.03923 0.6 -0 0.620282 0.7916
-1.03923 0.6 -0 0.620282 0.7916
-1.0064 0.653567 -0 0.631897 0.798859
-1.21244 0.7 -0 0.630206 0.744319
-1.0064 0.653567 -0 0.631897 0.798859
-1.17414 0.762495 -0 0.64337 0.752404
-1.21244 0.7 -0 0.630206 0.744319
-1.21244 0.7 -0 0.630206 0.744319
-1.17414 0.762495 -0 0.64337 0.752404
-1.38564 0.8 -0 0.639059 0.703108
-1.17414 0.762495 -0 0.64337 0.752404
-1.34187 0.871422 -0 0.652475 0.709841
-1.38564 0.8 -0 0.639059 0.703108
-1.38564 0.8 -0 0.639059 0.703108
-1.34187 0.871422 -0 0.652475 0.709841
-1.55885 0.9 -0 0.64561 0.667703
-1.34187 0.871422 -0 0.652475 0.709841
-1.50961 0.98035 -0 0.660431 0.674941
-1.55885 0.9 -0 0.64561 0.667703
-1.55885 0.9 -0 0.64561 0.667703
-1.50961 0.98035 -0 0.660431 0.674941
-1.73205 1 -0 0.65154 0.636367
-1.50961 0.98035 -0 0.660431 0.674941
-1.67734 1.08928 -0 0.666472 0.641771
-1.73205 1 -0 0.65154 0.636367
-1.73205 1 -0 0.65154 0.636367
-1.67734 1.08928 -0 0.666472 0.641771
-1.90526 1.1 -0 0.655611 0.607236
-1.67734 1.08928 -0 0.666472 0.641771
-1.84508 1.19821 -0 0.670424 0.615825
-1.90526 1.1 -0 0.655611 0.607236
-1.90526 1.1 -0 0.655611 0.607236
-1.84508 1.19821 -0 0.670424 0.615825
-2.25527 1.30208 0.04 0.662711 0.553374
-1.84508 1.19821 -0 0.670424 0.615825
-2.18404 1.41833 0.04 0.678826 0.563012
-2.25527 1.30208 0.04 0.662711 0.553374
-2.25527 1.30208 0.04 0.662711 0.553374
-2.18404 1.41833 0.04 0.678826 0.563012
-2.42848 1.40208 0.16 0.668636 0.515512
-2.18404 1.41833 0.04 0.678826 0.563012
-2.35177 1.52726 0.16 0.685906 0.523268
-2.42848 1.40208 0.16 0.668636 0.515512
-2.42848 1.40208 0.16 0.668636 0.515512
-2.35177 1.52726 0.16 0.685906 0.523268
-2.60168 1.50208 0.36 0.676359 0.464982
-2.35177 1.52726 0.16 0.685906 0.523268
-2.5195 1.63618 0.36 0.693254 0.473787
-2.60168 1.50208 0.36 0.676359 0.464982
-2.60168 1.50208 0.36 0.676359 0.464982
-2.5195 1.63618 0.36 0.693254 0.473787
-2.77489 1.60208 0.64 0.68233 0.406072
-2.5195 1.63618 0.36 0.693254 0.473787
-2.68724 1.74511 0.64 0.701134 0.41383
-2.77489 1.60208 0.64 0.68233 0.406072
-2.77489 1.60208 0.64 0.68233 0.406072
-2.68724 1.74511 0.64 0.701134 0.41383
-2.94809 1.70208 1 0.689009 0.335061
-2.68724 1.74511 0.64 0.701134 0.41383
-2.85497 1.85404 1 0.70813 0.34455
-2.94809 1.70208 1 0.689009 0.335061
-2.94809 1.70208 1 0.689009 0.335061
-2.85497 1.85404 1 0.70813 0.34455
-3.1213 1.80208 1.44 0.693885 0.260192
-2.85497 1.85404 1 0.70813 0.34455
-3.02271 1.96297 1.44 0.712507 0.26724
-3.1213 1.80208 1.44 0.693885 0.260192
-3.1213 1.80208 1.44 0.693885 0.260192
-3.02271 1.96297 1.44 0.712507 0.26724
-3.2945 1.90208 1.96 0.695135 0.180603
-3.02271 1.96297 1.44 0.712507 0.26724
-3.19044 2.0719 1.96 0.71471 0.187127
-3.2945 1.90208 1.96 0.695135 0.180603
-3.2945 1.90208 1.96 0.695135 0.180603
-3.19044 2.0719 1.96 0.71471 0.187127
-3.46771 2.00208 2.56 0.694566 0.102589
-3.19044 2.0719 1.96 0.71471 0.187127
-3.35817 2.18082 2.56 0.713872 0.108181
-3.46771 2.00208 2.56 0.694566 0.102589
-0.447846 0.0907981 -0 0.513416 0.999514
-0.447846 0.1 -0 0.515991 0.999351
-0.447846 0.181596 -0 0.539011 0.997142
-0.447846 0.1 -0 0.515991 0.999351
-0.447846 0.2 -0 0.543969 0.997532
-0.447846 0.181596 -0 0.539011 0.997142
-0.447846 0.181596 -0 0.539011 0.997142
-0.447846 0.2 -0 0.543969 0.997532
-0.534604 0.272394 -0 0.561702 0.963207
-0.447846 0.2 -0 0.543969 0.997532
-0.519615 0.3 -0 0.570035 0.967618
-0.534604 0.272394 -0 0.561702 0.963207
-0.534604 0.272394 -0 0.561702 0.963207
-0.519615 0.3 -0 0.570035 0.967618
-0.712805 0.363192 -0 0.581036 0.898982
-0.519615 0.3 -0 0.570035 0.967618
-0.69282 0.4 -0 0.58979 0.904744
-0.712805 0.363192 -0 0.581036 0.898982
-0.69282 0.4 -0 0.58979 0.904744
-0.866025 0.5 -0 0.606357 0.844863
-0.891007 0.453991 -0 0.595668 0.839899
-0.891007 0.453991 -0 0.595668 0.839899
-0.866025 0.5 -0 0.606357 0.844863
-1.06921 0.544789 -0 0.607912 0.785922
-0.866025 0.5 -0 0.606357 0.844863
-1.03923 0.6 -0 0.620282 0.7916
-1.06921 0.544789 -0 0.607912 0.785922
-1.06921 0.544789 -0 0.607912 0.785922
-1.03923 0.6 -0 0.620282 0.7916
-1.24741 0.635587 -0 0.617657 0.737661
-1.03923 0.6 -0 0.620282 0.7916
-1.21244 0.7 -0 0.630206 0.744319
-1.24741 0.635587 -0 0.617657 0.737661
-1.24741 0.635587 -0 0.617657 0.737661
-1.21244 0.7 -0 0.630206 0.744319
-1.42561 0.726385 -0 0.624933 0.695857
-1.21244 0.7 -0 0.630206 0.744319
-1.38564 0.8 -0 0.639059 0.703108
-1.42561 0.726385 -0 0.624933 0.695857
-1.42561 0.726385 -0 0.624933 0.695857
-1.38564 0.8 -0 0.639059 0.703108
-1.60381 0.817183 -0 0.631432 0.6597
-1.38564 0.8 -0 0.639059 0.703108
-1.55885 0.9 -0 0.64561 0.667703
-1.60381 0.817183 -0 0.631432 0.6597
-1.60381 0.817183 -0 0.631432 0.6597
-1.55885 0.9 -0 0.64561 0.667703
-1.78201 0.907981 -0 0.635865 0.627895
-1.55885 0.9 -0 0.64561 0.667703
-1.73205 1 -0 0.65154 0.636367
-1.78201 0.907981 -0 0.635865 0.627895
-1.78201 0.907981 -0 0.635865 0.627895
-1.73205 1 -0 0.65154 0.636367
-1.96021 0.998779 -0 0.639825 0.600829
-1.73205 1 -0 0.65154 0.636367
-1.90526 1.1 -0 0.655611 0.607236
-1.96021 0.998779 -0 0.639825 0.600829
-1.96021 0.998779 -0 0.639825 0.600829
-1.90526 1.1 -0 0.655611 0.607236
-2.32033 1.18227 0.04 0.646956 0.548671
-1.90526 1.1 -0 0.655611 0.607236
-2.25527 1.30208 0.04 0.662711 0.553374
-2.32033 1.18227 0.04 0.646956 0.548671
-2.32033 1.18227 0.04 0.646956 0.548671
-2.25527 1.30208 0.04 0.662711 0.553374
-2.49853 1.27306 0.16 0.651634 0.507392
-2.25527 1.30208 0.04 0.662711 0.553374
-2.42848 1.40208 0.16 0.668636 0.515512
-2.49853 1.27306 0.16 0.651634 0.507392
-2.49853 1.27306 0.16 0.651634 0.507392
-2.42848 1.40208 0.16 0.668636 0.515512
-2.67673 1.36386 0.36 0.658349 0.458575
-2.42848 1.40208 0.16 0.668636 0.515512
-2.60168 1.50208 0.36 0.676359 0.464982
-2.67673 1.36386 0.36 0.658349 0.458575
-2.67673 1.36386 0.36 0.658349 0.458575
-2.60168 1.50208 0.36 0.676359 0.464982
-2.85493 1.45466 0.64 0.664806 0.398552
-2.60168 1.50208 0.36 0.676359 0.464982
-2.77489 1.60208 0.64 0.68233 0.406072
-2.85493 1.45466 0.64 0.664806 0.398552
-3.38953 1.72705 1.96 0.676003 0.175429
-3.2945 1.90208 1.96 0.695135 0.180603
-3.56774 1.81785 2.56 0.675048 0.0972302
-3.2945 1.90208 1.96 0.695135 0.180603
-3.46771 2.00208 2.56 0.694566 0.102589
-3.56774 1.81785 2.56 0.675048 0.0972302
-0.447846 0.0813473 -0 0.510839 0.999659
-0.447846 0.0907981 -0 0.513416 0.999514
-0.447846 0.162695 -0 0.533924 0.997748
-0.447846 0.0907981 -0 0.513416 0.999514
-0.447846 0.181596 -0 0.539011 0.997142
-0.447846 0.162695 -0 0.533924 0.997748
-0.447846 0.162695 -0 0.533924 0.997748
-0.447846 0.181596 -0 0.539011 0.997142
-0.548127 0.244042 -0 0.554311 0.959522
-0.447846 0.181596 -0 0.539011 0.997142
-0.534604 0.272394 -0 0.561702 0.963207
-0.548127 0.244042 -0 0.554311 0.959522
-0.548127 0.244042 -0 0.554311 0.959522
-0.534604 0.272394 -0 0.561702 0.963207
-0.730836 0.325389 -0 0.571807 0.894449
-0.534604 0.272394 -0 0.561702 0.963207
-0.712805 0.363192 -0 0.581036 0.898982
-0.730836 0.325389 -0 0.571807 0.894449
-3.47528 1.54729 1.96 0.656265 0.169473
-3.38953 1.72705 1.96 0.676003 0.175429
-3.65798 1.62864 2.56 0.656021 0.0934421
-3.38953 1.72705 1.96 0.676003 0.175429
-3.56774 1.81785 2.56 0.675048 0.0972302
-3.65798 1.62864 2.56 0.656021 0.0934421
-0.447846 0.0716736 -0 0.50826 0.999788
-0.447846 0.0813473 -0 0.510839 0.999659
-0.447846 0.143347 -0 0.528819 0.998289
-0.447846 0.0813473 -0 0.510839 0.999659
-0.447846 0.162695 -0 0.533924 0.997748
-0.447846 0.143347 -0 0.528819 0.998289
-0.447846 0.143347 -0 0.528819 0.998289
-0.447846 0.162695 -0 0.533924 0.997748
-0.560148 0.215021 -0 0.546617 0.956883
-0.447846 0.162695 -0 0.533924 0.997748
-0.548127 0.244042 -0 0.554311 0.959522
-0.560148 0.215021 -0 0.546617 0.956883
-0.560148 0.215021 -0 0.546617 0.956883
-0.548127 0.244042 -0 0.554311 0.959522
-0.746864 0.286694 -0 0.562157 0.891232
-0.548127 0.244042 -0 0.554311 0.959522
-0.730836 0.325389 -0 0.571807 0.894449
-0.746864 0.286694 -0 0.562157 0.891232
-3.55149 1.36329 1.96 0.636457 0.16449
-3.47528 1.54729 1.96 0.656265 0.169473
-3.73821 1.43496 2.56 0.636167 0.0881214
-3.47528 1.54729 1.96 0.656265 0.169473
-3.65798 1.62864 2.56 0.656021 0.0934421
-3.73821 1.43496 2.56 0.636167 0.0881214
-0.447846 0.0618034 -0 0.505678 0.999899
-0.447846 0.0716736 -0 0.50826 0.999788
-0.447846 0.123607 -0 0.522415 0.998872
-0.447846 0.0716736 -0 0.50826 0.999788
-0.447846 0.143347 -0 0.528819 0.998289
-0.447846 0.123607 -0 0.522415 0.998872
-0.447846 0.123607 -0 0.522415 0.998872
-0.447846 0.143347 -0 0.528819 0.998289
-0.570634 0.18541 -0 0.538769 0.954039
-0.447846 0.143347 -0 0.528819 0.998289
-0.560148 0.215021 -0 0.546617 0.956883
-0.570634 0.18541 -0 0.538769 0.954039
-0.570634 0.18541 -0 0.538769 0.954039
-0.560148 0.215021 -0 0.546617 0.956883
-0.760845 0.247214 -0 0.552268 0.887726
-0.560148 0.215021 -0 0.546617 0.956883
-0.746864 0.286694 -0 0.562157 0.891232
-0.760845 0.247214 -0 0.552268 0.887726
-3.61797 1.17555 1.96 0.616829 0.160513
-3.55149 1.36329 1.96 0.636457 0.16449
-3.80819 1.23735 2.56 0.616552 0.0852913
-3.55149 1.36329 1.96 0.636457 0.16449
-3.73821 1.43496 2.56 0.636167 0.0881214
-3.80819 1.23735 2.56 0.616552 0.0852913
-0.447846 0.0517638 -0 0.503096 0.999994
-0.447846 0.0618034 -0 0.505678 0.999899
-0.447846 0.103528 -0 0.517277 0.999264
-0.447846 0.0618034 -0 0.505678 0.999899
-0.447846 0.123607 -0 0.522415 0.998872
-0.447846 0.103528 -0 0.517277 0.999264
-0.447846 0.103528 -0 0.517277 0.999264
-0.447846 0.123607 -0 0.522415 0.998872
-0.579556 0.155291 -0 0.530772 0.950981
-0.447846 0.123607 -0 0.522415 0.998872
-0.570634 0.18541 -0 0.538769 0.954039
-0.579556 0.155291 -0 0.530772 0.950981
-0.579556 0.155291 -0 0.530772 0.950981
-0.570634 0.18541 -0 0.538769 0.954039
-0.772741 0.207055 -0 0.542151 0.883921
-0.570634 0.18541 -0 0.538769 0.954039
-0.760845 0.247214 -0 0.552268 0.887726
-0.772741 0.207055 -0 0.542151 0.883921
-3.67454 0.98459 1.96 0.597629 0.157541
-3.61797 1.17555 1.96 0.616829 0.160513
-3.86772 1.03635 2.56 0.596893 0.0822916
-3.61797 1.17555 1.96 0.616829 0.160513
-3.80819 1.23735 2.56 0.616552 0.0852913
-3.86772 1.03635 2.56 0.596893 0.0822916
-0.447846 0.0415823 -0 0.500512 1.00007
-0.447846 0.0517638 -0 0.503096 0.999994
-0.447846 0.0831647 -0 0.512128 0.999588
-0.447846 0.0517638 -0 0.503096 0.999994
-0.447846 0.103528 -0 0.517277 0.999264
-0.447846 0.0831647 -0 0.512128 0.999588
-0.447846 0.0831647 -0 0.512128 0.999588
-0.447846 0.103528 -0 0.517277 0.999264
-0.586889 0.124747 -0 0.522561 0.949045
-0.447846 0.103528 -0 0.517277 0.999264
-0.579556 0.155291 -0 0.530772 0.950981
-0.586889 0.124747 -0 0.522561 0.949045
-0.586889 0.124747 -0 0.522561 0.949045
-0.579556 0.155291 -0 0.530772 0.950981
-0.782518 0.166329 -0 0.531734 0.881533
-0.579556 0.155291 -0 0.530772 0.950981
-0.772741 0.207055 -0 0.542151 0.883921
-0.782518 0.166329 -0 0.531734 0.881533
-3.72103 0.79093 1.96 0.577468 0.153494
-3.67454 0.98459 1.96 0.597629 0.157541
-3.91666 0.832512 2.56 0.577503 0.0790777
-3.67454 0.98459 1.96 0.597629 0.157541
-3.86772 1.03635 2.56 0.596893 0.0822916
-3.91666 0.832512 2.56 0.577503 0.0790777
-0.447846 0.0312869 -0 0.496633 1.00016
-0.447846 0.0415823 -0 0.500512 1.00007
-0.447846 0.0625738 -0 0.505678 0.999899
-0.447846 0.0415823 -0 0.500512 1.00007
-0.447846 0.0831647 -0 0.512128 0.999588
-0.447846 0.0625738 -0 0.505678 0.999899
-0.447846 0.0625738 -0 0.505678 0.999899
-0.447846 0.0831647 -0 0.512128 0.999588
-0.592613 0.0938607 -0 0.514244 0.946918
-0.447846 0.0831647 -0 0.512128 0.999588
-0.586889 0.124747 -0 0.522561 0.949045
-0.592613 0.0938607 -0 0.514244 0.946918
-0.592613 0.0938607 -0 0.514244 0.946918
-0.586889 0.124747 -0 0.522561 0.949045
-0.790151 0.125148 -0 0.521155 0.878876
-0.586889 0.124747 -0 0.522561 0.949045
-0.782518 0.166329 -0 0.531734 0.881533
-0.790151 0.125148 -0 0.521155 0.878876
-3.75733 0.595102 1.96 0.556807 0.151997
-3.72103 0.79093 1.96 0.577468 0.153494
-3.95487 0.626389 2.56 0.557469 0.0767137
-3.72103 0.79093 1.96 0.577468 0.153494
-3.91666 0.832512 2.56 0.577503 0.0790777
-3.95487 0.626389 2.56 0.557469 0.0767137
-0.447846 0.0209057 -0 0.494047 1.00019
-0.447846 0.0312869 -0 0.496633 1.00016
-0.447846 0.0418114 -0 0.500512 1.00007
-0.447846 0.0312869 -0 0.496633 1.00016
-0.447846 0.0625738 -0 0.505678 0.999899
-0.447846 0.0418114 -0 0.500512 1.00007
-0.447846 0.0418114 -0 0.500512 1.00007
-0.447846 0.0625738 -0 0.505678 0.999899
-0.596713 0.0627171 -0 0.505798 0.94596
-0.447846 0.0625738 -0 0.505678 0.999899
-0.592613 0.0938607 -0 0.514244 0.946918
-0.596713 0.0627171 -0 0.505798 0.94596
-3.78332 0.397643 1.96 0.537015 0.149722
-3.75733 0.595102 1.96 0.556807 0.151997
-3.98223 0.418549 2.56 0.536897 0.075284
-3.75733 0.595102 1.96 0.556807 0.151997
-3.95487 0.626389 2.56 0.557469 0.0767137
-3.98223 0.418549 2.56 0.536897 0.075284
-0.447846 0.0104672 -0 0.491463 0.999152
-0.447846 0.0209057 -0 0.494047 1.00019
-0.447846 0.0209344 -0 0.494047 1.00019
-0.447846 0.0209057 -0 0.494047 1.00019
-0.447846 0.0418114 -0 0.500512 1.00007
-0.447846 0.0209344 -0 0.494047 1.00019
-0.447846 0.0209344 -0 0.494047 1.00019
-0.447846 0.0418114 -0 0.500512 1.00007
-0.599178 0.0314016 -0 0.497298 0.944825
-0.447846 0.0418114 -0 0.500512 1.00007
-0.596713 0.0627171 -0 0.505798 0.94596
-0.599178 0.0314016 -0 0.497298 0.944825
-3.79895 0.199095 1.96 0.51691 0.148233
-3.78332 0.397643 1.96 0.537015 0.149722
-3.99868 0.209562 2.56 0.517269 0.0735864
-3.78332 0.397643 1.96 0.537015 0.149722
-3.98223 0.418549 2.56 0.536897 0.075284
-3.99868 0.209562 2.56 0.517269 0.0735864
-0.447846 1.22465e-17 -0 0.488871 0.999152
-0.447846 0.0104672 -0 0.491463 0.999152
-0.447846 2.44929e-17 -0 0.488871 0.999152
-0.447846 0.0104672 -0 0.491463 0.999152
-0.447846 0.0209344 -0 0.494047 1.00019
-0.447846 2.44929e-17 -0 0.488871 0.999152
-0.447846 2.44929e-17 -0 0.488871 0.999152
-0.447846 0.0209344 -0 0.494047 1.00019
-0.6 3.67394e-17 -0 0.488756 0.944884
-0.447846 0.0209344 -0 0.494047 1.00019
-0.599178 0.0314016 -0 0.497298 0.944825
-0.6 3.67394e-17 -0 0.488756 0.944884
-3.80416 2.32938e-16 1.96 0.496623 0.147564
-3.79895 0.199095 1.96 0.51691 0.148233
-4.00416 2.45184e-16 2.56 0.497486 0.0741538
-3.79895 0.199095 1.96 0.51691 0.148233
-3.99868 0.209562 2.56 0.517269 0.0735864
-4.00416 2.45184e-16 2.56 0.497486 0.0741538
-0.447846 -0.0104672 -0 0.484983 0.999121
-0.447846 1.22465e-17 -0 0.488871 0.999152
-0.447846 -0.0209344 -0 0.482392 0.999079
-0.447846 1.22465e-17 -0 0.488871 0.999152
-0.447846 2.44929e-17 -0 0.488871 0.999152
-0.447846 -0.0209344 -0 0.482392 0.999079
-0.447846 -0.0209344 -0 0.482392 0.999079
-0.447846 2.44929e-17 -0 0.488871 0.999152
-0.599178 -0.0314016 -0 0.480216 0.944772
-0.447846 2.44929e-17 -0 0.488871 0.999152
-0.6 3.67394e-17 -0 0.488756 0.944884
-0.599178 -0.0314016 -0 0.480216 0.944772
-3.79895 -0.199095 1.96 0.476293 0.147729
-3.80416 2.32938e-16 1.96 0.496623 0.147564
-3.99868 -0.209562 2.56 0.477629 0.0729349
-3.80416 2.32938e-16 1.96 0.496623 0.147564
-4.00416 2.45184e-16 2.56 0.497486 0.0741538
-3.99868 -0.209562 2.56 0.477629 0.0729349
-0.447846 -0.0209057 -0 0.482392 0.999079
-0.447846 -0.0104672 -0 0.484983 0.999121
-0.447846 -0.0418114 -0 0.477212 0.998943
-0.447846 -0.0104672 -0 0.484983 0.999121
-0.447846 -0.0209344 -0 0.482392 0.999079
-0.447846 -0.0418114 -0 0.477212 0.998943
-0.447846 -0.0418114 -0 0.477212 0.998943
-0.447846 -0.0209344 -0 0.482392 0.999079
-0.596713 -0.0627171 -0 0.471727 0.945854
-0.447846 -0.0209344 -0 0.482392 0.999079
-0.599178 -0.0314016 -0 0.480216 0.944772
-0.596713 -0.0627171 -0 0.471727 0.945854
-0.596713 -0.0627171 -0 0.471727 0.945854
-0.599178 -0.0314016 -0 0.480216 0.944772
-0.795618 -0.0836228 -0 0.470001 0.877709
-3.78332 -0.397643 1.96 0.45606 0.148726
-3.79895 -0.199095 1.96 0.476293 0.147729
-3.98223 -0.418549 2.56 0.456461 0.0741054
-3.79895 -0.199095 1.96 0.476293 0.147729
-3.99868 -0.209562 2.56 0.477629 0.0729349
-3.98223 -0.418549 2.56 0.456461 0.0741054
-0.447846 -0.0312869 -0 0.479801 0.999019
-0.447846 -0.0209057 -0 0.482392 0.999079
-0.447846 -0.0625738 -0 0.470745 0.998677
-0.447846 -0.0209057 -0 0.482392 0.999079
-0.447846 -0.0418114 -0 0.477212 0.998943
-0.447846 -0.0625738 -0 0.470745 0.998677
-0.447846 -0.0625738 -0 0.470745 0.998677
-0.447846 -0.0418114 -0 0.477212 0.998943
-0.592613 -0.0938607 -0 0.464651 0.945489
-0.447846 -0.0418114 -0 0.477212 0.998943
-0.596713 -0.0627171 -0 0.471727 0.945854
-0.592613 -0.0938607 -0 0.464651 0.945489
-0.592613 -0.0938607 -0 0.464651 0.945489
-0.596713 -0.0627171 -0 0.471727 0.945854
-0.790151 -0.125148 -0 0.459236 0.87889
-0.596713 -0.0627171 -0 0.471727 0.945854
-0.795618 -0.0836228 -0 0.470001 0.877709
-0.790151 -0.125148 -0 0.459236 0.87889
-3.75733 -0.595102 1.96 0.436165 0.148755
-3.78332 -0.397643 1.96 0.45606 0.148726
-3.95487 -0.626389 2.56 0.437032 0.0747748
-3.78332 -0.397643 1.96 0.45606 0.148726
-3.98223 -0.418549 2.56 0.456461 0.0741054
-3.95487 -0.626389 2.56 0.437032 0.0747748
-0.447846 -0.0415823 -0 0.477212 0.998943
-0.447846 -0.0312869 -0 0.479801 0.999019
-0.447846 -0.0831647 -0 0.46558 0.998387
-0.447846 -0.0312869 -0 0.479801 0.999019
-0.447846 -0.0625738 -0 0.470745 0.998677
-0.447846 -0.0831647 -0 0.46558 0.998387
-0.447846 -0.0831647 -0 0.46558 0.998387
-0.447846 -0.0625738 -0 0.470745 0.998677
-0.586889 -0.124747 -0 0.456328 0.947607
-0.447846 -0.0625738 -0 0.470745 0.998677
-0.592613 -0.0938607 -0 0.464651 0.945489
-0.586889 -0.124747 -0 0.456328 0.947607
-0.586889 -0.124747 -0 0.456328 0.947607
-0.592613 -0.0938607 -0 0.464651 0.945489
-0.782518 -0.166329 -0 0.448574 0.879825
-0.592613 -0.0938607 -0 0.464651 0.945489
-0.790151 -0.125148 -0 0.459236 0.87889
-0.782518 -0.166329 -0 0.448574 0.879825
-3.72103 -0.79093 1.96 0.416562 0.15133
-3.75733 -0.595102 1.96 0.436165 0.148755
-3.91666 -0.832512 2.56 0.416652 0.0765354
-3.75733 -0.595102 1.96 0.436165 0.148755
-3.95487 -0.626389 2.56 0.437032 0.0747748
-3.91666 -0.832512 2.56 0.416652 0.0765354
-0.447846 -0.0517638 -0 0.47333 0.998796
-0.447846 -0.0415823 -0 0.477212 0.998943
-0.447846 -0.103528 -0 0.459139 0.997931
-0.447846 -0.0415823 -0 0.477212 0.998943
-0.447846 -0.0831647 -0 0.46558 0.998387
-0.447846 -0.103528 -0 0.459139 0.997931
-0.447846 -0.103528 -0 0.459139 0.997931
-0.447846 -0.0831647 -0 0.46558 0.998387
-0.579556 -0.155291 -0 0.448112 0.949534
-0.447846 -0.0831647 -0 0.46558 0.998387
-0.586889 -0.124747 -0 0.456328 0.947607
-0.579556 -0.155291 -0 0.448112 0.949534
-0.579556 -0.155291 -0 0.448112 0.949534
-0.586889 -0.124747 -0 0.456328 0.947607
-0.772741 -0.207055 -0 0.438135 0.882236
-0.586889 -0.124747 -0 0.456328 0.947607
-0.782518 -0.166329 -0 0.448574 0.879825
-0.772741 -0.207055 -0 0.438135 0.882236
-3.67454 -0.98459 1.96 0.396159 0.153134
-3.72103 -0.79093 1.96 0.416562 0.15133
-3.86772 -1.03635 2.56 0.39703 0.0778594
-3.72103 -0.79093 1.96 0.416562 0.15133
-3.91666 -0.832512 2.56 0.416652 0.0765354
-3.86772 -1.03635 2.56 0.39703 0.0778594
-0.447846 -0.0618034 -0 0.470745 0.998677
-0.447846 -0.0517638 -0 0.47333 0.998796
-0.447846 -0.123607 -0 0.454001 0.99749
-0.447846 -0.0517638 -0 0.47333 0.998796
-0.447846 -0.103528 -0 0.459139 0.997931
-0.447846 -0.123607 -0 0.454001 0.99749
-0.447846 -0.123607 -0 0.454001 0.99749
-0.447846 -0.103528 -0 0.459139 0.997931
-0.570634 -0.18541 -0 0.438637 0.951108
-0.447846 -0.103528 -0 0.459139 0.997931
-0.579556 -0.155291 -0 0.448112 0.949534
-0.570634 -0.18541 -0 0.438637 0.951108
-0.570634 -0.18541 -0 0.438637 0.951108
-0.579556 -0.155291 -0 0.448112 0.949534
-0.760845 -0.247214 -0 0.427874 0.884385
-0.579556 -0.155291 -0 0.448112 0.949534
-0.772741 -0.207055 -0 0.438135 0.882236
-0.760845 -0.247214 -0 0.427874 0.884385
-3.61797 -1.17555 1.96 0.376488 0.155696
-3.67454 -0.98459 1.96 0.396159 0.153134
-3.80819 -1.23735 2.56 0.376882 0.0803575
-3.67454 -0.98459 1.96 0.396159 0.153134
-3.86772 -1.03635 2.56 0.39703 0.0778594
-3.80819 -1.23735 2.56 0.376882 0.0803575
-0.447846 -0.0716736 -0 0.468161 0.998541
-0.447846 -0.0618034 -0 0.470745 0.998677
-0.447846 -0.143347 -0 0.448877 0.996983
-0.447846 -0.0618034 -0 0.470745 0.998677
-0.447846 -0.123607 -0 0.454001 0.99749
-0.447846 -0.143347 -0 0.448877 0.996983
-0.447846 -0.143347 -0 0.448877 0.996983
-0.447846 -0.123607 -0 0.454001 0.99749
-0.560148 -0.215021 -0 0.430792 0.953947
-0.447846 -0.123607 -0 0.454001 0.99749
-0.570634 -0.18541 -0 0.438637 0.951108
-0.560148 -0.215021 -0 0.430792 0.953947
-0.560148 -0.215021 -0 0.430792 0.953947
-0.570634 -0.18541 -0 0.438637 0.951108
-0.746864 -0.286694 -0 0.417805 0.886279
-0.570634 -0.18541 -0 0.438637 0.951108
-0.760845 -0.247214 -0 0.427874 0.884385
-0.746864 -0.286694 -0 0.417805 0.886279
-3.55149 -1.36329 1.96 0.356302 0.159302
-3.61797 -1.17555 1.96 0.376488 0.155696
-3.73821 -1.43496 2.56 0.357637 0.0836734
-3.61797 -1.17555 1.96 0.376488 0.155696
-3.80819 -1.23735 2.56 0.376882 0.0803575
-3.73821 -1.43496 2.56 0.357637 0.0836734
-0.447846 -0.0813473 -0 0.46558 0.998387
-0.447846 -0.0716736 -0 0.468161 0.998541
-0.447846 -0.162695 -0 0.4424 0.995187
-0.447846 -0.0716736 -0 0.468161 0.998541
-0.447846 -0.143347 -0 0.448877 0.996983
-0.447846 -0.162695 -0 0.4424 0.995187
-0.447846 -0.162695 -0 0.4424 0.995187
-0.447846 -0.143347 -0 0.448877 0.996983
-0.548127 -0.244042 -0 0.423105 0.95658
-0.447846 -0.143347 -0 0.448877 0.996983
-0.560148 -0.215021 -0 0.430792 0.953947
-0.548127 -0.244042 -0 0.423105 0.95658
-0.548127 -0.244042 -0 0.423105 0.95658
-0.560148 -0.215021 -0 0.430792 0.953947
-0.730836 -0.325389 -0 0.408099 0.889582
-0.560148 -0.215021 -0 0.430792 0.953947
-0.746864 -0.286694 -0 0.417805 0.886279
-0.730836 -0.325389 -0 0.408099 0.889582
-3.47528 -1.54729 1.96 0.335862 0.16397
-3.55149 -1.36329 1.96 0.356302 0.159302
-3.65798 -1.62864 2.56 0.337334 0.0872403
-3.55149 -1.36329 1.96 0.356302 0.159302
-3.73821 -1.43496 2.56 0.357637 0.0836734
-3.65798 -1.62864 2.56 0.337334 0.0872403
-0.447846 -0.0907981 -0 0.463002 0.998217
-0.447846 -0.0813473 -0 0.46558 0.998387
-0.447846 -0.181596 -0 0.437308 0.994532
-0.447846 -0.0813473 -0 0.46558 0.998387
-0.447846 -0.162695 -0 0.4424 0.995187
-0.447846 -0.181596 -0 0.437308 0.994532
-0.447846 -0.181596 -0 0.437308 0.994532
-0.447846 -0.162695 -0 0.4424 0.995187
-0.534604 -0.272394 -0 0.415728 0.960274
-0.447846 -0.162695 -0 0.4424 0.995187
-0.548127 -0.244042 -0 0.423105 0.95658
-0.534604 -0.272394 -0 0.415728 0.960274
-0.534604 -0.272394 -0 0.415728 0.960274
-0.548127 -0.244042 -0 0.423105 0.95658
-0.712805 -0.363192 -0 0.398816 0.894224
-0.548127 -0.244042 -0 0.423105 0.95658
-0.730836 -0.325389 -0 0.408099 0.889582
-0.712805 -0.363192 -0 0.398816 0.894224
-0.712805 -0.363192 -0 0.398816 0.894224
-0.730836 -0.325389 -0 0.408099 0.889582
-0.891007 -0.453991 -0 0.385643 0.834524
-3.38953 -1.72705 1.96 0.316893 0.167526
-3.47528 -1.54729 1.96 0.335862 0.16397
-3.56774 -1.81785 2.56 0.318305 0.0915294
-3.47528 -1.54729 1.96 0.335862 0.16397
-3.65798 -1.62864 2.56 0.337334 0.0872403
-3.56774 -1.81785 2.56 0.318305 0.0915294
-0.447846 -0.1 -0 0.460426 0.998031
-0.447846 -0.0907981 -0 0.463002 0.998217
-0.447846 -0.2 -0 0.432237 0.993813
-0.447846 -0.0907981 -0 0.463002 0.998217
-0.447846 -0.181596 -0 0.437308 0.994532
-0.447846 -0.2 -0 0.432237 0.993813
-0.447846 -0.2 -0 0.432237 0.993813
-0.447846 -0.181596 -0 0.437308 0.994532
-0.519615 -0.3 -0 0.40854 0.963738
-0.447846 -0.181596 -0 0.437308 0.994532
-0.534604 -0.272394 -0 0.415728 0.960274
-0.519615 -0.3 -0 0.40854 0.963738
-0.519615 -0.3 -0 0.40854 0.963738
-0.534604 -0.272394 -0 0.415728 0.960274
-0.69282 -0.4 -0 0.388446 0.898232
-0.534604 -0.272394 -0 0.415728 0.960274
-0.712805 -0.363192 -0 0.398816 0.894224
-0.69282 -0.4 -0 0.388446 0.898232
-0.69282 -0.4 -0 0.388446 0.898232
-0.712805 -0.363192 -0 0.398816 0.894224
-0.866025 -0.5 -0 0.373435 0.839324
-0.712805 -0.363192 -0 0.398816 0.894224
-0.891007 -0.453991 -0 0.385643 0.834524
-0.866025 -0.5 -0 0.373435 0.839324
-0.866025 -0.5 -0 0.373435 0.839324
-0.891007 -0.453991 -0 0.385643 0.834524
-1.03923 -0.6 -0 0.362434 0.785971
-0.891007 -0.453991 -0 0.385643 0.834524
-1.06921 -0.544789 -0 0.373467 0.779789
-1.03923 -0.6 -0 0.362434 0.785971
-1.03923 -0.6 -0 0.362434 0.785971
-1.06921 -0.544789 -0 0.373467 0.779789
-1.21244 -0.7 -0 0.352601 0.738073
-1.06921 -0.544789 -0 0.373467 0.779789
-1.24741 -0.635587 -0 0.365317 0.731187
-1.21244 -0.7 -0 0.352601 0.738073
-1.21244 -0.7 -0 0.352601 0.738073
-1.24741 -0.635587 -0 0.365317 0.731187
-1.38564 -0.8 -0 0.345287 0.696646
-1.24741 -0.635587 -0 0.365317 0.731187
-1.42561 -0.726385 -0 0.359662 0.689123
-1.38564 -0.8 -0 0.345287 0.696646
-1.38564 -0.8 -0 0.345287 0.696646
-1.42561 -0.726385 -0 0.359662 0.689123
-1.55885 -0.9 -0 0.338671 0.658285
-1.42561 -0.726385 -0 0.359662 0.689123
-1.60381 -0.817183 -0 0.353238 0.652571
-1.55885 -0.9 -0 0.338671 0.658285
-1.55885 -0.9 -0 0.338671 0.658285
-1.60381 -0.817183 -0 0.353238 0.652571
-1.73205 -1 -0 0.334276 0.626751
-1.60381 -0.817183 -0 0.353238 0.652571
-1.78201 -0.907981 -0 0.348883 0.620448
-1.73205 -1 -0 0.334276 0.626751
-1.73205 -1 -0 0.334276 0.626751
-1.78201 -0.907981 -0 0.348883 0.620448
-1.90526 -1.1 -0 0.330378 0.599938
-1.78201 -0.907981 -0 0.348883 0.620448
-1.96021 -0.998779 -0 0.346503 0.593271
-1.90526 -1.1 -0 0.330378 0.599938
-1.90526 -1.1 -0 0.330378 0.599938
-1.96021 -0.998779 -0 0.346503 0.593271
-2.25527 -1.30208 0.04 0.323413 0.548318
-1.96021 -0.998779 -0 0.346503 0.593271
-2.32033 -1.18227 0.04 0.340966 0.540737
-2.25527 -1.30208 0.04 0.323413 0.548318
-2.25527 -1.30208 0.04 0.323413 0.548318
-2.32033 -1.18227 0.04 0.340966 0.540737
-2.42848 -1.40208 0.16 0.318888 0.5075
-2.32033 -1.18227 0.04 0.340966 0.540737
-2.49853 -1.27306 0.16 0.33632 0.501912
-2.42848 -1.40208 0.16 0.318888 0.5075
-2.42848 -1.40208 0.16 0.318888 0.5075
-2.49853 -1.27306 0.16 0.33632 0.501912
-2.60168 -1.50208 0.36 0.312508 0.45659
-2.49853 -1.27306 0.16 0.33632 0.501912
-2.67673 -1.36386 0.36 0.331001 0.452709
-2.60168 -1.50208 0.36 0.312508 0.45659
-2.60168 -1.50208 0.36 0.312508 0.45659
-2.67673 -1.36386 0.36 0.331001 0.452709
-2.77489 -1.60208 0.64 0.306479 0.397392
-3.2945 -1.90208 1.96 0.296652 0.174203
-3.38953 -1.72705 1.96 0.316893 0.167526
-3.46771 -2.00208 2.56 0.298848 0.0960904
-3.38953 -1.72705 1.96 0.316893 0.167526
-3.56774 -1.81785 2.56 0.318305 0.0915294
-3.46771 -2.00208 2.56 0.298848 0.0960904
-0.447846 -0.108928 -0 0.457853 0.997827
-0.447846 -0.1 -0 0.460426 0.998031
-0.447846 -0.217856 -0 0.42719 0.993031
-0.447846 -0.1 -0 0.460426 0.998031
-0.447846 -0.2 -0 0.432237 0.993813
-0.447846 -0.217856 -0 0.42719 0.993031
-0.447846 -0.217856 -0 0.42719 0.993031
-0.447846 -0.2 -0 0.432237 0.993813
-0.503202 -0.326783 -0 0.400452 0.967902
-0.447846 -0.2 -0 0.432237 0.993813
-0.519615 -0.3 -0 0.40854 0.963738
-0.503202 -0.326783 -0 0.400452 0.967902
-0.503202 -0.326783 -0 0.400452 0.967902
-0.519615 -0.3 -0 0.40854 0.963738
-0.670936 -0.435711 -0 0.379976 0.903759
-0.519615 -0.3 -0 0.40854 0.963738
-0.69282 -0.4 -0 0.388446 0.898232
-0.670936 -0.435711 -0 0.379976 0.903759
-0.670936 -0.435711 -0 0.379976 0.903759
-0.69282 -0.4 -0 0.388446 0.898232
-0.838671 -0.544639 -0 0.363093 0.844029
-0.69282 -0.4 -0 0.388446 0.898232
-0.866025 -0.5 -0 0.373435 0.839324
-0.838671 -0.544639 -0 0.363093 0.844029
-0.838671 -0.544639 -0 0.363093 0.844029
-0.866025 -0.5 -0 0.373435 0.839324
-1.0064 -0.653567 -0 0.350438 0.791398
-0.866025 -0.5 -0 0.373435 0.839324
-1.03923 -0.6 -0 0.362434 0.785971
-1.0064 -0.653567 -0 0.350438 0.791398
-1.0064 -0.653567 -0 0.350438 0.791398
-1.03923 -0.6 -0 0.362434 0.785971
-1.17414 -0.762495 -0 0.33905 0.744166
-1.03923 -0.6 -0 0.362434 0.785971
-1.21244 -0.7 -0 0.352601 0.738073
-1.17414 -0.762495 -0 0.33905 0.744166
-1.17414 -0.762495 -0 0.33905 0.744166
-1.21244 -0.7 -0 0.352601 0.738073
-1.34187 -0.871422 -0 0.331623 0.703645
-1.21244 -0.7 -0 0.352601 0.738073
-1.38564 -0.8 -0 0.345287 0.696646
-1.34187 -0.871422 -0 0.331623 0.703645
-1.34187 -0.871422 -0 0.331623 0.703645
-1.38564 -0.8 -0 0.345287 0.696646
-1.50961 -0.98035 -0 0.324954 0.666109
-1.38564 -0.8 -0 0.345287 0.696646
-1.55885 -0.9 -0 0.338671 0.658285
-1.50961 -0.98035 -0 0.324954 0.666109
-1.50961 -0.98035 -0 0.324954 0.666109
-1.55885 -0.9 -0 0.338671 0.658285
-1.67734 -1.08928 -0 0.319116 0.635049
-1.55885 -0.9 -0 0.338671 0.658285
-1.73205 -1 -0 0.334276 0.626751
-1.67734 -1.08928 -0 0.319116 0.635049
-1.67734 -1.08928 -0 0.319116 0.635049
-1.73205 -1 -0 0.334276 0.626751
-1.84508 -1.19821 -0 0.315113 0.606209
-1.73205 -1 -0 0.334276 0.626751
-1.90526 -1.1 -0 0.330378 0.599938
-1.84508 -1.19821 -0 0.315113 0.606209
-1.84508 -1.19821 -0 0.315113 0.606209
-1.90526 -1.1 -0 0.330378 0.599938
-2.18404 -1.41833 0.04 0.308186 0.552943
-1.90526 -1.1 -0 0.330378 0.599938
-2.25527 -1.30208 0.04 0.323413 0.548318
-2.18404 -1.41833 0.04 0.308186 0.552943
-2.18404 -1.41833 0.04 0.308186 0.552943
-2.25527 -1.30208 0.04 0.323413 0.548318
-2.35177 -1.52726 0.16 0.302463 0.515531
-2.25527 -1.30208 0.04 0.323413 0.548318
-2.42848 -1.40208 0.16 0.318888 0.5075
-2.35177 -1.52726 0.16 0.302463 0.515531
-2.35177 -1.52726 0.16 0.302463 0.515531
-2.42848 -1.40208 0.16 0.318888 0.5075
-2.5195 -1.63618 0.36 0.295059 0.465633
-2.42848 -1.40208 0.16 0.318888 0.5075
-2.60168 -1.50208 0.36 0.312508 0.45659
-2.5195 -1.63618 0.36 0.295059 0.465633
-2.5195 -1.63618 0.36 0.295059 0.465633
-2.60168 -1.50208 0.36 0.312508 0.45659
-2.68724 -1.74511 0.64 0.288311 0.405147
-2.60168 -1.50208 0.36 0.312508 0.45659
-2.77489 -1.60208 0.64 0.306479 0.397392
-2.68724 -1.74511 0.64 0.288311 0.405147
-2.68724 -1.74511 0.64 0.288311 0.405147
-2.77489 -1.60208 0.64 0.306479 0.397392
-2.85497 -1.85404 1 0.28344 0.334989
-2.77489 -1.60208 0.64 0.306479 0.397392
-2.94809 -1.70208 1 0.301968 0.328035
-2.85497 -1.85404 1 0.28344 0.334989
-2.85497 -1.85404 1 0.28344 0.334989
-2.94809 -1.70208 1 0.301968 0.328035
-3.02271 -1.96297 1.44 0.279461 0.259133
-2.94809 -1.70208 1 0.301968 0.328035
-3.1213 -1.80208 1.44 0.297792 0.252517
-3.02271 -1.96297 1.44 0.279461 0.259133
-3.02271 -1.96297 1.44 0.279461 0.259133
-3.1213 -1.80208 1.44 0.297792 0.252517
-3.19044 -2.0719 1.96 0.277508 0.178467
-3.1213 -1.80208 1.44 0.297792 0.252517
-3.2945 -1.90208 1.96 0.296652 0.174203
-3.19044 -2.0719 1.96 0.277508 0.178467
-3.19044 -2.0719 1.96 0.277508 0.178467
-3.2945 -1.90208 1.96 0.296652 0.174203
-3.35817 -2.18082 2.56 0.279396 0.100946
-3.2945 -1.90208 1.96 0.296652 0.174203
-3.46771 -2.00208 2.56 0.298848 0.0960904
-3.35817 -2.18082 2.56 0.279396 0.100946
-0.447846 -0.117557 -0 0.455284 0.997607
-0.447846 -0.108928 -0 0.457853 0.997827
-0.447846 -0.235114 -0 0.423421 0.992404
-0.447846 -0.108928 -0 0.457853 0.997827
-0.447846 -0.217856 -0 0.42719 0.993031
-0.447846 -0.235114 -0 0.423421 0.992404
-0.447846 -0.235114 -0 0.423421 0.992404
-0.447846 -0.217856 -0 0.42719 0.993031
-0.48541 -0.352671 -0 0.392628 0.971767
-0.447846 -0.217856 -0 0.42719 0.993031
-0.503202 -0.326783 -0 0.400452 0.967902
-0.48541 -0.352671 -0 0.392628 0.971767
-0.48541 -0.352671 -0 0.392628 0.971767
-0.503202 -0.326783 -0 0.400452 0.967902
-0.647214 -0.470228 -0 0.370517 0.908568
-0.503202 -0.326783 -0 0.400452 0.967902
-0.670936 -0.435711 -0 0.379976 0.903759
-0.647214 -0.470228 -0 0.370517 0.908568
-0.647214 -0.470228 -0 0.370517 0.908568
-0.670936 -0.435711 -0 0.379976 0.903759
-0.809017 -0.587785 -0 0.352055 0.849779
-0.670936 -0.435711 -0 0.379976 0.903759
-0.838671 -0.544639 -0 0.363093 0.844029
-0.809017 -0.587785 -0 0.352055 0.849779
-0.809017 -0.587785 -0 0.352055 0.849779
-0.838671 -0.544639 -0 0.363093 0.844029
-0.97082 -0.705342 -0 0.337865 0.798034
-0.838671 -0.544639 -0 0.363093 0.844029
-1.0064 -0.653567 -0 0.350438 0.791398
-0.97082 -0.705342 -0 0.337865 0.798034
-0.97082 -0.705342 -0 0.337865 0.798034
-1.0064 -0.653567 -0 0.350438 0.791398
-1.13262 -0.822899 -0 0.326182 0.749756
-1.0064 -0.653567 -0 0.350438 0.791398
-1.17414 -0.762495 -0 0.33905 0.744166
-1.13262 -0.822899 -0 0.326182 0.749756
-1.13262 -0.822899 -0 0.326182 0.749756
-1.17414 -0.762495 -0 0.33905 0.744166
-1.29443 -0.940456 -0 0.317335 0.709832
-1.17414 -0.762495 -0 0.33905 0.744166
-1.34187 -0.871422 -0 0.331623 0.703645
-1.29443 -0.940456 -0 0.317335 0.709832
-1.29443 -0.940456 -0 0.317335 0.709832
-1.34187 -0.871422 -0 0.331623 0.703645
-1.45623 -1.05801 -0 0.310638 0.673172
-1.34187 -0.871422 -0 0.331623 0.703645
-1.50961 -0.98035 -0 0.324954 0.666109
-1.45623 -1.05801 -0 0.310638 0.673172
-1.45623 -1.05801 -0 0.310638 0.673172
-1.50961 -0.98035 -0 0.324954 0.666109
-1.61803 -1.17557 -0 0.304837 0.642816
-1.50961 -0.98035 -0 0.324954 0.666109
-1.67734 -1.08928 -0 0.319116 0.635049
-1.61803 -1.17557 -0 0.304837 0.642816
-1.61803 -1.17557 -0 0.304837 0.642816
-1.67734 -1.08928 -0 0.319116 0.635049
-1.77984 -1.29313 -0 0.299524 0.614458
-1.67734 -1.08928 -0 0.319116 0.635049
-1.84508 -1.19821 -0 0.315113 0.606209
-1.77984 -1.29313 -0 0.299524 0.614458
-1.77984 -1.29313 -0 0.299524 0.614458
-1.84508 -1.19821 -0 0.315113 0.606209
-2.10681 -1.53069 0.04 0.291378 0.562342
-1.84508 -1.19821 -0 0.315113 0.606209
-2.18404 -1.41833 0.04 0.308186 0.552943
-2.10681 -1.53069 0.04 0.291378 0.562342
-2.10681 -1.53069 0.04 0.291378 0.562342
-2.18404 -1.41833 0.04 0.308186 0.552943
-2.26862 -1.64825 0.16 0.285813 0.523191
-2.18404 -1.41833 0.04 0.308186 0.552943
-2.35177 -1.52726 0.16 0.302463 0.515531
-2.26862 -1.64825 0.16 0.285813 0.523191
-2.26862 -1.64825 0.16 0.285813 0.523191
-2.35177 -1.52726 0.16 0.302463 0.515531
-2.43042 -1.7658 0.36 0.278818 0.471806
-2.35177 -1.52726 0.16 0.302463 0.515531
-2.5195 -1.63618 0.36 0.295059 0.465633
-2.43042 -1.7658 0.36 0.278818 0.471806
-2.43042 -1.7658 0.36 0.278818 0.471806
-2.5195 -1.63618 0.36 0.295059 0.465633
-2.59222 -1.88336 0.64 0.271416 0.412748
-2.5195 -1.63618 0.36 0.295059 0.465633
-2.68724 -1.74511 0.64 0.288311 0.405147
-2.59222 -1.88336 0.64 0.271416 0.412748
-2.59222 -1.88336 0.64 0.271416 0.412748
-2.68724 -1.74511 0.64 0.288311 0.405147
-2.75403 -2.00092 1 0.264095 0.342577
-2.68724 -1.74511 0.64 0.288311 0.405147
-2.85497 -1.85404 1 0.28344 0.334989
-2.75403 -2.00092 1 0.264095 0.342577
-2.75403 -2.00092 1 0.264095 0.342577
-2.85497 -1.85404 1 0.28344 0.334989
-2.91583 -2.11847 1.44 0.259717 0.265195
-2.85497 -1.85404 1 0.28344 0.334989
-3.02271 -1.96297 1.44 0.279461 0.259133
-2.91583 -2.11847 1.44 0.259717 0.265195
-2.91583 -2.11847 1.44 0.259717 0.265195
-3.02271 -1.96297 1.44 0.279461 0.259133
-3.07763 -2.23603 1.96 0.258744 0.185225
-3.02271 -1.96297 1.44 0.279461 0.259133
-3.19044 -2.0719 1.96 0.277508 0.178467
-3.07763 -2.23603 1.96 0.258744 0.185225
-3.07763 -2.23603 1.96 0.258744 0.185225
-3.19044 -2.0719 1.96 0.277508 0.178467
-3.23944 -2.35359 2.56 0.260331 0.106068
-3.19044 -2.0719 1.96 0.277508 0.178467
-3.35817 -2.18082 2.56 0.279396 0.100946
-3.23944 -2.35359 2.56 0.260331 0.106068
-0.447846 -0.125864 -0 0.452718 0.99737
-0.447846 -0.117557 -0 0.455284 0.997607
-0.447846 -0.251728 -0 0.418419 0.991514
-0.447846 -0.117557 -0 0.455284 0.997607
-0.447846 -0.235114 -0 0.423421 0.992404
-0.447846 -0.251728 -0 0.418419 0.991514
-0.447846 -0.251728 -0 0.418419 0.991514
-0.447846 -0.235114 -0 0.423421 0.992404
-0.466288 -0.377592 -0 0.386473 0.976817
-0.447846 -0.235114 -0 0.423421 0.992404
-0.48541 -0.352671 -0 0.392628 0.971767
-0.466288 -0.377592 -0 0.386473 0.976817
-0.466288 -0.377592 -0 0.386473 0.976817
-0.48541 -0.352671 -0 0.392628 0.971767
-0.621717 -0.503456 -0 0.361675 0.914453
-0.48541 -0.352671 -0 0.392628 0.971767
-0.647214 -0.470228 -0 0.370517 0.908568
-0.621717 -0.503456 -0 0.361675 0.914453
-0.621717 -0.503456 -0 0.361675 0.914453
-0.647214 -0.470228 -0 0.370517 0.908568
-0.777146 -0.62932 -0 0.341786 0.856785
-0.647214 -0.470228 -0 0.370517 0.908568
-0.809017 -0.587785 -0 0.352055 0.849779
-0.777146 -0.62932 -0 0.341786 0.856785
-0.777146 -0.62932 -0 0.341786 0.856785
-0.809017 -0.587785 -0 0.352055 0.849779
-0.932575 -0.755184 -0 0.325959 0.804102
-0.809017 -0.587785 -0 0.352055 0.849779
-0.97082 -0.705342 -0 0.337865 0.798034
-0.932575 -0.755184 -0 0.325959 0.804102
-0.932575 -0.755184 -0 0.325959 0.804102
-0.97082 -0.705342 -0 0.337865 0.798034
-1.088 -0.881049 -0 0.314452 0.759158
-0.97082 -0.705342 -0 0.337865 0.798034
-1.13262 -0.822899 -0 0.326182 0.749756
-1.088 -0.881049 -0 0.314452 0.759158
-1.088 -0.881049 -0 0.314452 0.759158
-1.13262 -0.822899 -0 0.326182 0.749756
-1.24343 -1.00691 -0 0.304088 0.717765
-1.13262 -0.822899 -0 0.326182 0.749756
-1.29443 -0.940456 -0 0.317335 0.709832
-1.24343 -1.00691 -0 0.304088 0.717765
-1.24343 -1.00691 -0 0.304088 0.717765
-1.29443 -0.940456 -0 0.317335 0.709832
-1.39886 -1.13278 -0 0.296109 0.681787
-1.29443 -0.940456 -0 0.317335 0.709832
-1.45623 -1.05801 -0 0.310638 0.673172
-1.39886 -1.13278 -0 0.296109 0.681787
-1.39886 -1.13278 -0 0.296109 0.681787
-1.45623 -1.05801 -0 0.310638 0.673172
-1.55429 -1.25864 -0 0.290188 0.649822
-1.45623 -1.05801 -0 0.310638 0.673172
-1.61803 -1.17557 -0 0.304837 0.642816
-1.55429 -1.25864 -0 0.290188 0.649822
-1.55429 -1.25864 -0 0.290188 0.649822
-1.61803 -1.17557 -0 0.304837 0.642816
-1.70972 -1.3845 -0 0.284959 0.622159
-1.61803 -1.17557 -0 0.304837 0.642816
-1.77984 -1.29313 -0 0.299524 0.614458
-1.70972 -1.3845 -0 0.284959 0.622159
-1.70972 -1.3845 -0 0.284959 0.622159
-1.77984 -1.29313 -0 0.299524 0.614458
-2.02381 -1.63885 0.04 0.275693 0.568663
-1.77984 -1.29313 -0 0.299524 0.614458
-2.10681 -1.53069 0.04 0.291378 0.562342
-2.02381 -1.63885 0.04 0.275693 0.568663
-2.02381 -1.63885 0.04 0.275693 0.568663
-2.10681 -1.53069 0.04 0.291378 0.562342
-2.17924 -1.76472 0.16 0.269176 0.530421
-2.10681 -1.53069 0.04 0.291378 0.562342
-2.26862 -1.64825 0.16 0.285813 0.523191
-2.17924 -1.76472 0.16 0.269176 0.530421
-2.17924 -1.76472 0.16 0.269176 0.530421
-2.26862 -1.64825 0.16 0.285813 0.523191
-2.33467 -1.89058 0.36 0.26144 0.480362
-2.26862 -1.64825 0.16 0.285813 0.523191
-2.43042 -1.7658 0.36 0.278818 0.471806
-2.33467 -1.89058 0.36 0.26144 0.480362
-2.33467 -1.89058 0.36 0.26144 0.480362
-2.43042 -1.7658 0.36 0.278818 0.471806
-2.4901 -2.01645 0.64 0.253648 0.420499
-2.43042 -1.7658 0.36 0.278818 0.471806
-2.59222 -1.88336 0.64 0.271416 0.412748
-2.4901 -2.01645 0.64 0.253648 0.420499
-2.4901 -2.01645 0.64 0.253648 0.420499
-2.59222 -1.88336 0.64 0.271416 0.412748
-2.64553 -2.14231 1 0.246405 0.350084
-2.59222 -1.88336 0.64 0.271416 0.412748
-2.75403 -2.00092 1 0.264095 0.342577
-2.64553 -2.14231 1 0.246405 0.350084
-2.64553 -2.14231 1 0.246405 0.350084
-2.75403 -2.00092 1 0.264095 0.342577
-2.80096 -2.26817 1.44 0.241513 0.273309
-2.75403 -2.00092 1 0.264095 0.342577
-2.91583 -2.11847 1.44 0.259717 0.265195
-2.80096 -2.26817 1.44 0.241513 0.273309
-2.80096 -2.26817 1.44 0.241513 0.273309
-2.91583 -2.11847 1.44 0.259717 0.265195
-2.95639 -2.39404 1.96 0.239437 0.192104
-2.91583 -2.11847 1.44 0.259717 0.265195
-3.07763 -2.23603 1.96 0.258744 0.185225
-2.95639 -2.39404 1.96 0.239437 0.192104
-2.95639 -2.39404 1.96 0.239437 0.192104
-3.07763 -2.23603 1.96 0.258744 0.185225
-3.11182 -2.5199 2.56 0.241213 0.111923
-3.07763 -2.23603 1.96 0.258744 0.185225
-3.23944 -2.35359 2.56 0.260331 0.106068
-3.11182 -2.5199 2.56 0.241213 0.111923
-0.447846 -0.133826 -0 0.451437 0.997245
-0.447846 -0.125864 -0 0.452718 0.99737
-0.447846 -0.267652 -0 0.414687 0.990807
-0.447846 -0.125864 -0 0.452718 0.99737
-0.447846 -0.251728 -0 0.418419 0.991514
-0.447846 -0.267652 -0 0.414687 0.990807
-0.447846 -0.267652 -0 0.414687 0.990807
-0.447846 -0.251728 -0 0.418419 0.991514
-0.447846 -0.401478 -0 0.379359 0.981243
-0.447846 -0.251728 -0 0.418419 0.991514
-0.466288 -0.377592 -0 0.386473 0.976817
-0.447846 -0.401478 -0 0.379359 0.981243
-0.447846 -0.401478 -0 0.379359 0.981243
-0.466288 -0.377592 -0 0.386473 0.976817
-0.594516 -0.535304 -0 0.353479 0.921315
-0.466288 -0.377592 -0 0.386473 0.976817
-0.621717 -0.503456 -0 0.361675 0.914453
-0.594516 -0.535304 -0 0.353479 0.921315
-0.594516 -0.535304 -0 0.353479 0.921315
-0.621717 -0.503456 -0 0.361675 0.914453
-0.743145 -0.669131 -0 0.332315 0.864922
-0.621717 -0.503456 -0 0.361675 0.914453
-0.777146 -0.62932 -0 0.341786 0.856785
-0.743145 -0.669131 -0 0.332315 0.864922
-0.743145 -0.669131 -0 0.332315 0.864922
-0.777146 -0.62932 -0 0.341786 0.856785
-0.891774 -0.802957 -0 0.315232 0.81344
-0.777146 -0.62932 -0 0.341786 0.856785
-0.932575 -0.755184 -0 0.325959 0.804102
-0.891774 -0.802957 -0 0.315232 0.81344
-0.891774 -0.802957 -0 0.315232 0.81344
-0.932575 -0.755184 -0 0.325959 0.804102
-1.0404 -0.936783 -0 0.30222 0.767477
-0.932575 -0.755184 -0 0.325959 0.804102
-1.088 -0.881049 -0 0.314452 0.759158
-1.0404 -0.936783 -0 0.30222 0.767477
-1.0404 -0.936783 -0 0.30222 0.767477
-1.088 -0.881049 -0 0.314452 0.759158
-1.18903 -1.07061 -0 0.290484 0.724721
-1.088 -0.881049 -0 0.314452 0.759158
-1.24343 -1.00691 -0 0.304088 0.717765
-1.18903 -1.07061 -0 0.290484 0.724721
-1.18903 -1.07061 -0 0.290484 0.724721
-1.24343 -1.00691 -0 0.304088 0.717765
-1.33766 -1.20444 -0 0.282578 0.689729
-1.24343 -1.00691 -0 0.304088 0.717765
-1.39886 -1.13278 -0 0.296109 0.681787
-1.33766 -1.20444 -0 0.282578 0.689729
-1.33766 -1.20444 -0 0.282578 0.689729
-1.39886 -1.13278 -0 0.296109 0.681787
-1.48629 -1.33826 -0 0.275537 0.658381
-1.39886 -1.13278 -0 0.296109 0.681787
-1.55429 -1.25864 -0 0.290188 0.649822
-1.48629 -1.33826 -0 0.275537 0.658381
-1.48629 -1.33826 -0 0.275537 0.658381
-1.55429 -1.25864 -0 0.290188 0.649822
-1.63492 -1.47209 -0 0.27039 0.631507
-1.55429 -1.25864 -0 0.290188 0.649822
-1.70972 -1.3845 -0 0.284959 0.622159
-1.63492 -1.47209 -0 0.27039 0.631507
-1.63492 -1.47209 -0 0.27039 0.631507
-1.70972 -1.3845 -0 0.284959 0.622159
-1.93527 -1.74253 0.04 0.260207 0.579337
-1.70972 -1.3845 -0 0.284959 0.622159
-2.02381 -1.63885 0.04 0.275693 0.568663
-1.93527 -1.74253 0.04 0.260207 0.579337
-1.93527 -1.74253 0.04 0.260207 0.579337
-2.02381 -1.63885 0.04 0.275693 0.568663
-2.0839 -1.87635 0.16 0.253861 0.539677
-2.02381 -1.63885 0.04 0.275693 0.568663
-2.17924 -1.76472 0.16 0.269176 0.530421
-2.0839 -1.87635 0.16 0.253861 0.539677
-2.0839 -1.87635 0.16 0.253861 0.539677
-2.17924 -1.76472 0.16 0.269176 0.530421
-2.23253 -2.01018 0.36 0.244456 0.490942
-2.17924 -1.76472 0.16 0.269176 0.530421
-2.33467 -1.89058 0.36 0.26144 0.480362
-2.23253 -2.01018 0.36 0.244456 0.490942
-2.23253 -2.01018 0.36 0.244456 0.490942
-2.33467 -1.89058 0.36 0.26144 0.480362
-2.38116 -2.144 0.64 0.236446 0.428131
-2.33467 -1.89058 0.36 0.26144 0.480362
-2.4901 -2.01645 0.64 0.253648 0.420499
-2.38116 -2.144 0.64 0.236446 0.428131
-2.38116 -2.144 0.64 0.236446 0.428131
-2.4901 -2.01645 0.64 0.253648 0.420499
-2.52979 -2.27783 1 0.228483 0.358028
-2.4901 -2.01645 0.64 0.253648 0.420499
-2.64553 -2.14231 1 0.246405 0.350084
-2.52979 -2.27783 1 0.228483 0.358028
-2.52979 -2.27783 1 0.228483 0.358028
-2.64553 -2.14231 1 0.246405 0.350084
-2.67842 -2.41166 1.44 0.22278 0.280731
-2.64553 -2.14231 1 0.246405 0.350084
-2.80096 -2.26817 1.44 0.241513 0.273309
-2.67842 -2.41166 1.44 0.22278 0.280731
-2.67842 -2.41166 1.44 0.22278 0.280731
-2.80096 -2.26817 1.44 0.241513 0.273309
-2.82704 -2.54548 1.96 0.220627 0.200085
-2.80096 -2.26817 1.44 0.241513 0.273309
-2.95639 -2.39404 1.96 0.239437 0.192104
-2.82704 -2.54548 1.96 0.220627 0.200085
-2.82704 -2.54548 1.96 0.220627 0.200085
-2.95639 -2.39404 1.96 0.239437 0.192104
-2.97567 -2.67931 2.56 0.222513 0.118407
-2.95639 -2.39404 1.96 0.239437 0.192104
-3.11182 -2.5199 2.56 0.241213 0.111923
-2.97567 -2.67931 2.56 0.222513 0.118407
-0.447846 -0.141421 -0 0.448877 0.996983
-0.447846 -0.133826 -0 0.451437 0.997245
-0.447846 -0.282843 -0 0.409737 0.989814
-0.447846 -0.133826 -0 0.451437 0.997245
-0.447846 -0.267652 -0 0.414687 0.990807
-0.447846 -0.282843 -0 0.409737 0.989814
-0.447846 -0.282843 -0 0.409737 0.989814
-0.447846 -0.267652 -0 0.414687 0.990807
-0.447846 -0.424264 -0 0.373495 0.979507
-0.447846 -0.267652 -0 0.414687 0.990807
-0.447846 -0.401478 -0 0.379359 0.981243
-0.447846 -0.424264 -0 0.373495 0.979507
-0.447846 -0.424264 -0 0.373495 0.979507
-0.447846 -0.401478 -0 0.379359 0.981243
-0.565685 -0.565685 -0 0.344508 0.927268
-0.447846 -0.401478 -0 0.379359 0.981243
-0.594516 -0.535304 -0 0.353479 0.921315
-0.565685 -0.565685 -0 0.344508 0.927268
-0.565685 -0.565685 -0 0.344508 0.927268
-0.594516 -0.535304 -0 0.353479 0.921315
-0.707107 -0.707107 -0 0.322196 0.871999
-0.594516 -0.535304 -0 0.353479 0.921315
-0.743145 -0.669131 -0 0.332315 0.864922
-0.707107 -0.707107 -0 0.322196 0.871999
-0.707107 -0.707107 -0 0.322196 0.871999
-0.743145 -0.669131 -0 0.332315 0.864922
-0.848528 -0.848528 -0 0.304013 0.821605
-0.743145 -0.669131 -0 0.332315 0.864922
-0.891774 -0.802957 -0 0.315232 0.81344
-0.848528 -0.848528 -0 0.304013 0.821605
-0.848528 -0.848528 -0 0.304013 0.821605
-0.891774 -0.802957 -0 0.315232 0.81344
-0.98995 -0.98995 -0 0.289642 0.774691
-0.891774 -0.802957 -0 0.315232 0.81344
-1.0404 -0.936783 -0 0.30222 0.767477
-0.98995 -0.98995 -0 0.289642 0.774691
-0.98995 -0.98995 -0 0.289642 0.774691
-1.0404 -0.936783 -0 0.30222 0.767477
-1.13137 -1.13137 -0 0.27829 0.735302
-1.0404 -0.936783 -0 0.30222 0.767477
-1.18903 -1.07061 -0 0.290484 0.724721
-1.13137 -1.13137 -0 0.27829 0.735302
-1.13137 -1.13137 -0 0.27829 0.735302
-1.18903 -1.07061 -0 0.290484 0.724721
-1.27279 -1.27279 -0 0.269111 0.698912
-1.18903 -1.07061 -0 0.290484 0.724721
-1.33766 -1.20444 -0 0.282578 0.689729
-1.27279 -1.27279 -0 0.269111 0.698912
-1.27279 -1.27279 -0 0.269111 0.698912
-1.33766 -1.20444 -0 0.282578 0.689729
-1.41421 -1.41421 -0 0.262182 0.66853
-1.33766 -1.20444 -0 0.282578 0.689729
-1.48629 -1.33826 -0 0.275537 0.658381
-1.41421 -1.41421 -0 0.262182 0.66853
-1.41421 -1.41421 -0 0.262182 0.66853
-1.48629 -1.33826 -0 0.275537 0.658381
-1.55563 -1.55563 -0 0.256043 0.642228
-1.48629 -1.33826 -0 0.275537 0.658381
-1.63492 -1.47209 -0 0.27039 0.631507
-1.55563 -1.55563 -0 0.256043 0.642228
-1.55563 -1.55563 -0 0.256043 0.642228
-1.63492 -1.47209 -0 0.27039 0.631507
-1.84142 -1.84142 0.04 0.245995 0.589285
-1.63492 -1.47209 -0 0.27039 0.631507
-1.93527 -1.74253 0.04 0.260207 0.579337
-1.84142 -1.84142 0.04 0.245995 0.589285
-1.84142 -1.84142 0.04 0.245995 0.589285
-1.93527 -1.74253 0.04 0.260207 0.579337
-1.98284 -1.98284 0.16 0.237884 0.550578
-1.93527 -1.74253 0.04 0.260207 0.579337
-2.0839 -1.87635 0.16 0.253861 0.539677
-1.98284 -1.98284 0.16 0.237884 0.550578
-1.98284 -1.98284 0.16 0.237884 0.550578
-2.0839 -1.87635 0.16 0.253861 0.539677
-2.12426 -2.12426 0.36 0.229019 0.498567
-2.0839 -1.87635 0.16 0.253861 0.539677
-2.23253 -2.01018 0.36 0.244456 0.490942
-2.12426 -2.12426 0.36 0.229019 0.498567
-2.12426 -2.12426 0.36 0.229019 0.498567
-2.23253 -2.01018 0.36 0.244456 0.490942
-2.26569 -2.26569 0.64 0.219017 0.437957
-2.23253 -2.01018 0.36 0.244456 0.490942
-2.38116 -2.144 0.64 0.236446 0.428131
-2.26569 -2.26569 0.64 0.219017 0.437957
-2.26569 -2.26569 0.64 0.219017 0.437957
-2.38116 -2.144 0.64 0.236446 0.428131
-2.40711 -2.40711 1 0.210565 0.368336
-2.38116 -2.144 0.64 0.236446 0.428131
-2.52979 -2.27783 1 0.228483 0.358028
-2.40711 -2.40711 1 0.210565 0.368336
-2.40711 -2.40711 1 0.210565 0.368336
-2.52979 -2.27783 1 0.228483 0.358028
-2.54853 -2.54853 1.44 0.204348 0.290636
-2.52979 -2.27783 1 0.228483 0.358028
-2.67842 -2.41166 1.44 0.22278 0.280731
-2.54853 -2.54853 1.44 0.204348 0.290636
-2.54853 -2.54853 1.44 0.204348 0.290636
-2.67842 -2.41166 1.44 0.22278 0.280731
-2.68995 -2.68995 1.96 0.202224 0.207971
-2.67842 -2.41166 1.44 0.22278 0.280731
-2.82704 -2.54548 1.96 0.220627 0.200085
-2.68995 -2.68995 1.96 0.202224 0.207971
-2.68995 -2.68995 1.96 0.202224 0.207971
-2.82704 -2.54548 1.96 0.220627 0.200085
-2.83137 -2.83137 2.56 0.204001 0.125883
-2.82704 -2.54548 1.96 0.220627 0.200085
-2.97567 -2.67931 2.56 0.222513 0.118407
-2.83137 -2.83137 2.56 0.204001 0.125883
-0.447846 -0.148629 -0 0.446232 0.995636
-0.447846 -0.141421 -0 0.448877 0.996983
-0.447846 -0.297258 -0 0.406044 0.98903
-0.447846 -0.141421 -0 0.448877 0.996983
-0.447846 -0.282843 -0 0.409737 0.989814
-0.447846 -0.297258 -0 0.406044 0.98903
-0.447846 -0.297258 -0 0.406044 0.98903
-0.447846 -0.282843 -0 0.409737 0.989814
-0.447846 -0.445887 -0 0.367697 0.977697
-0.447846 -0.282843 -0 0.409737 0.989814
-0.447846 -0.424264 -0 0.373495 0.979507
-0.447846 -0.445887 -0 0.367697 0.977697
-0.447846 -0.445887 -0 0.367697 0.977697
-0.447846 -0.424264 -0 0.373495 0.979507
-0.535304 -0.594516 -0 0.336551 0.935355
-0.447846 -0.424264 -0 0.373495 0.979507
-0.565685 -0.565685 -0 0.344508 0.927268
-0.535304 -0.594516 -0 0.336551 0.935355
-0.535304 -0.594516 -0 0.336551 0.935355
-0.565685 -0.565685 -0 0.344508 0.927268
-0.669131 -0.743145 -0 0.31297 0.880032
-0.565685 -0.565685 -0 0.344508 0.927268
-0.707107 -0.707107 -0 0.322196 0.871999
-0.669131 -0.743145 -0 0.31297 0.880032
-0.669131 -0.743145 -0 0.31297 0.880032
-0.707107 -0.707107 -0 0.322196 0.871999
-0.802957 -0.891774 -0 0.293542 0.829066
-0.707107 -0.707107 -0 0.322196 0.871999
-0.848528 -0.848528 -0 0.304013 0.821605
-0.802957 -0.891774 -0 0.293542 0.829066
-0.802957 -0.891774 -0 0.293542 0.829066
-0.848528 -0.848528 -0 0.304013 0.821605
-0.936783 -1.0404 -0 0.278497 0.785074
-0.848528 -0.848528 -0 0.304013 0.821605
-0.98995 -0.98995 -0 0.289642 0.774691
-0.936783 -1.0404 -0 0.278497 0.785074
-0.936783 -1.0404 -0 0.278497 0.785074
-0.98995 -0.98995 -0 0.289642 0.774691
-1.07061 -1.18903 -0 0.265974 0.744622
-0.98995 -0.98995 -0 0.289642 0.774691
-1.13137 -1.13137 -0 0.27829 0.735302
-1.07061 -1.18903 -0 0.265974 0.744622
-1.07061 -1.18903 -0 0.265974 0.744622
-1.13137 -1.13137 -0 0.27829 0.735302
-1.20444 -1.33766 -0 0.256927 0.709451
-1.13137 -1.13137 -0 0.27829 0.735302
-1.27279 -1.27279 -0 0.269111 0.698912
-1.20444 -1.33766 -0 0.256927 0.709451
-1.20444 -1.33766 -0 0.256927 0.709451
-1.27279 -1.27279 -0 0.269111 0.698912
-1.33826 -1.48629 -0 0.249093 0.679755
-1.27279 -1.27279 -0 0.269111 0.698912
-1.41421 -1.41421 -0 0.262182 0.66853
-1.33826 -1.48629 -0 0.249093 0.679755
-1.33826 -1.48629 -0 0.249093 0.679755
-1.41421 -1.41421 -0 0.262182 0.66853
-1.47209 -1.63492 -0 0.241946 0.651827
-1.41421 -1.41421 -0 0.262182 0.66853
-1.55563 -1.55563 -0 0.256043 0.642228
-1.47209 -1.63492 -0 0.241946 0.651827
-1.47209 -1.63492 -0 0.241946 0.651827
-1.55563 -1.55563 -0 0.256043 0.642228
-1.74253 -1.93527 0.04 0.231117 0.598178
-1.55563 -1.55563 -0 0.256043 0.642228
-1.84142 -1.84142 0.04 0.245995 0.589285
-1.74253 -1.93527 0.04 0.231117 0.598178
-1.74253 -1.93527 0.04 0.231117 0.598178
-1.84142 -1.84142 0.04 0.245995 0.589285
-1.87635 -2.0839 0.16 0.222519 0.560591
-1.84142 -1.84142 0.04 0.245995 0.589285
-1.98284 -1.98284 0.16 0.237884 0.550578
-1.87635 -2.0839 0.16 0.222519 0.560591
-1.87635 -2.0839 0.16 0.222519 0.560591
-1.98284 -1.98284 0.16 0.237884 0.550578
-2.01018 -2.23253 0.36 0.212477 0.510237
-1.98284 -1.98284 0.16 0.237884 0.550578
-2.12426 -2.12426 0.36 0.229019 0.498567
-2.01018 -2.23253 0.36 0.212477 0.510237
-2.01018 -2.23253 0.36 0.212477 0.510237
-2.12426 -2.12426 0.36 0.229019 0.498567
-2.144 -2.38116 0.64 0.202546 0.449485
-2.12426 -2.12426 0.36 0.229019 0.498567
-2.26569 -2.26569 0.64 0.219017 0.437957
-2.144 -2.38116 0.64 0.202546 0.449485
-2.144 -2.38116 0.64 0.202546 0.449485
-2.26569 -2.26569 0.64 0.219017 0.437957
-2.27783 -2.52979 1 0.193195 0.378648
-2.26569 -2.26569 0.64 0.219017 0.437957
-2.40711 -2.40711 1 0.210565 0.368336
-2.27783 -2.52979 1 0.193195 0.378648
-2.27783 -2.52979 1 0.193195 0.378648
-2.40711 -2.40711 1 0.210565 0.368336
-2.41166 -2.67842 1.44 0.187005 0.299171
-2.40711 -2.40711 1 0.210565 0.368336
-2.54853 -2.54853 1.44 0.204348 0.290636
-2.41166 -2.67842 1.44 0.187005 0.299171
-2.41166 -2.67842 1.44 0.187005 0.299171
-2.54853 -2.54853 1.44 0.204348 0.290636
-2.54548 -2.82704 1.96 0.184058 0.216121
-2.54853 -2.54853 1.44 0.204348 0.290636
-2.68995 -2.68995 1.96 0.202224 0.207971
-2.54548 -2.82704 1.96 0.184058 0.216121
-2.54548 -2.82704 1.96 0.184058 0.216121
-2.68995 -2.68995 1.96 0.202224 0.207971
-2.67931 -2.97567 2.56 0.185236 0.133452
-2.68995 -2.68995 1.96 0.202224 0.207971
-2.83137 -2.83137 2.56 0.204001 0.125883
-2.67931 -2.97567 2.56 0.185236 0.133452
-0.447846 -0.155429 -0 0.444954 0.995491
-0.447846 -0.148629 -0 0.446232 0.995636
-0.447846 -0.310858 -0 0.402371 0.988215
-0.447846 -0.148629 -0 0.446232 0.995636
-0.447846 -0.297258 -0 0.406044 0.98903
-0.447846 -0.310858 -0 0.402371 0.988215
-0.447846 -0.310858 -0 0.402371 0.988215
-0.447846 -0.297258 -0 0.406044 0.98903
-0.447846 -0.466288 -0 0.363107 0.976199
-0.447846 -0.297258 -0 0.406044 0.98903
-0.447846 -0.445887 -0 0.367697 0.977697
-0.447846 -0.466288 -0 0.363107 0.976199
-0.447846 -0.466288 -0 0.363107 0.976199
-0.447846 -0.445887 -0 0.367697 0.977697
-0.503456 -0.621717 -0 0.32907 0.942814
-0.447846 -0.445887 -0 0.367697 0.977697
-0.535304 -0.594516 -0 0.336551 0.935355
-0.503456 -0.621717 -0 0.32907 0.942814
-0.503456 -0.621717 -0 0.32907 0.942814
-0.535304 -0.594516 -0 0.336551 0.935355
-0.62932 -0.777146 -0 0.303557 0.888414
-0.535304 -0.594516 -0 0.336551 0.935355
-0.669131 -0.743145 -0 0.31297 0.880032
-0.62932 -0.777146 -0 0.303557 0.888414
-0.62932 -0.777146 -0 0.303557 0.888414
-0.669131 -0.743145 -0 0.31297 0.880032
-0.755184 -0.932575 -0 0.283328 0.838771
-0.669131 -0.743145 -0 0.31297 0.880032
-0.802957 -0.891774 -0 0.293542 0.829066
-0.755184 -0.932575 -0 0.283328 0.838771
-0.755184 -0.932575 -0 0.283328 0.838771
-0.802957 -0.891774 -0 0.293542 0.829066
-0.881049 -1.088 -0 0.267202 0.79411
-0.802957 -0.891774 -0 0.293542 0.829066
-0.936783 -1.0404 -0 0.278497 0.785074
-0.881049 -1.088 -0 0.267202 0.79411
-0.881049 -1.088 -0 0.267202 0.79411
-0.936783 -1.0404 -0 0.278497 0.785074
-1.00691 -1.24343 -0 0.253933 0.754643
-0.936783 -1.0404 -0 0.278497 0.785074
-1.07061 -1.18903 -0 0.265974 0.744622
-1.00691 -1.24343 -0 0.253933 0.754643
-1.00691 -1.24343 -0 0.253933 0.754643
-1.07061 -1.18903 -0 0.265974 0.744622
-1.13278 -1.39886 -0 0.244084 0.72039
-1.07061 -1.18903 -0 0.265974 0.744622
-1.20444 -1.33766 -0 0.256927 0.709451
-1.13278 -1.39886 -0 0.244084 0.72039
-1.13278 -1.39886 -0 0.244084 0.72039
-1.20444 -1.33766 -0 0.256927 0.709451
-1.25864 -1.55429 -0 0.235314 0.689362
-1.20444 -1.33766 -0 0.256927 0.709451
-1.33826 -1.48629 -0 0.249093 0.679755
-1.25864 -1.55429 -0 0.235314 0.689362
-1.25864 -1.55429 -0 0.235314 0.689362
-1.33826 -1.48629 -0 0.249093 0.679755
-1.3845 -1.70972 -0 0.228412 0.662439
-1.33826 -1.48629 -0 0.249093 0.679755
-1.47209 -1.63492 -0 0.241946 0.651827
-1.3845 -1.70972 -0 0.228412 0.662439
-1.3845 -1.70972 -0 0.228412 0.662439
-1.47209 -1.63492 -0 0.241946 0.651827
-1.63885 -2.02381 0.04 0.216203 0.61031
-1.47209 -1.63492 -0 0.241946 0.651827
-1.74253 -1.93527 0.04 0.231117 0.598178
-1.63885 -2.02381 0.04 0.216203 0.61031
-1.63885 -2.02381 0.04 0.216203 0.61031
-1.74253 -1.93527 0.04 0.231117 0.598178
-1.76472 -2.17924 0.16 0.207951 0.57188
-1.74253 -1.93527 0.04 0.231117 0.598178
-1.87635 -2.0839 0.16 0.222519 0.560591
-1.76472 -2.17924 0.16 0.207951 0.57188
-1.76472 -2.17924 0.16 0.207951 0.57188
-1.87635 -2.0839 0.16 0.222519 0.560591
-1.89058 -2.33467 0.36 0.196981 0.520995
-1.87635 -2.0839 0.16 0.222519 0.560591
-2.01018 -2.23253 0.36 0.212477 0.510237
-1.89058 -2.33467 0.36 0.196981 0.520995
-1.89058 -2.33467 0.36 0.196981 0.520995
-2.01018 -2.23253 0.36 0.212477 0.510237
-2.01645 -2.4901 0.64 0.185848 0.460539
-2.01018 -2.23253 0.36 0.212477 0.510237
-2.144 -2.38116 0.64 0.202546 0.449485
-2.01645 -2.4901 0.64 0.185848 0.460539
-2.01645 -2.4901 0.64 0.185848 0.460539
-2.144 -2.38116 0.64 0.202546 0.449485
-2.14231 -2.64553 1 0.176032 0.389043
-2.144 -2.38116 0.64 0.202546 0.449485
-2.27783 -2.52979 1 0.193195 0.378648
-2.14231 -2.64553 1 0.176032 0.389043
-2.14231 -2.64553 1 0.176032 0.389043
-2.27783 -2.52979 1 0.193195 0.378648
-2.26817 -2.80096 1.44 0.169025 0.309104
-2.27783 -2.52979 1 0.193195 0.378648
-2.41166 -2.67842 1.44 0.187005 0.299171
-2.26817 -2.80096 1.44 0.169025 0.309104
-2.26817 -2.80096 1.44 0.169025 0.309104
-2.41166 -2.67842 1.44 0.187005 0.299171
-2.39404 -2.95639 1.96 0.165655 0.225247
-2.41166 -2.67842 1.44 0.187005 0.299171
-2.54548 -2.82704 1.96 0.184058 0.216121
-2.39404 -2.95639 1.96 0.165655 0.225247
-2.39404 -2.95639 1.96 0.165655 0.225247
-2.54548 -2.82704 1.96 0.184058 0.216121
-2.5199 -3.11182 2.56 0.16711 0.140942
-2.54548 -2.82704 1.96 0.184058 0.216121
-2.67931 -2.97567 2.56 0.185236 0.133452
-2.5199 -3.11182 2.56 0.16711 0.140942
-0.447846 -0.161803 -0 0.443676 0.995341
-0.447846 -0.155429 -0 0.444954 0.995491
-0.447846 -0.323607 -0 0.399754 0.98656
-0.447846 -0.155429 -0 0.444954 0.995491
-0.447846 -0.310858 -0 0.402371 0.988215
-0.447846 -0.323607 -0 0.399754 0.98656
-0.447846 -0.323607 -0 0.399754 0.98656
-0.447846 -0.310858 -0 0.402371 0.988215
-0.447846 -0.48541 -0 0.358317 0.973532
-0.447846 -0.310858 -0 0.402371 0.988215
-0.447846 -0.466288 -0 0.363107 0.976199
-0.447846 -0.48541 -0 0.358317 0.973532
-0.447846 -0.48541 -0 0.358317 0.973532
-0.447846 -0.466288 -0 0.363107 0.976199
-0.470228 -0.647214 -0 0.322324 0.950902
-0.447846 -0.466288 -0 0.363107 0.976199
-0.503456 -0.621717 -0 0.32907 0.942814
-0.470228 -0.647214 -0 0.322324 0.950902
-0.470228 -0.647214 -0 0.322324 0.950902
-0.503456 -0.621717 -0 0.32907 0.942814
-0.587785 -0.809017 -0 0.295114 0.897481
-0.503456 -0.621717 -0 0.32907 0.942814
-0.62932 -0.777146 -0 0.303557 0.888414
-0.587785 -0.809017 -0 0.295114 0.897481
-0.587785 -0.809017 -0 0.295114 0.897481
-0.62932 -0.777146 -0 0.303557 0.888414
-0.705342 -0.97082 -0 0.273233 0.848711
-0.62932 -0.777146 -0 0.303557 0.888414
-0.755184 -0.932575 -0 0.283328 0.838771
-0.705342 -0.97082 -0 0.273233 0.848711
-0.705342 -0.97082 -0 0.273233 0.848711
-0.755184 -0.932575 -0 0.283328 0.838771
-0.822899 -1.13262 -0 0.25647 0.805333
-0.755184 -0.932575 -0 0.283328 0.838771
-0.881049 -1.088 -0 0.267202 0.79411
-0.822899 -1.13262 -0 0.25647 0.805333
-0.822899 -1.13262 -0 0.25647 0.805333
-0.881049 -1.088 -0 0.267202 0.79411
-0.940456 -1.29443 -0 0.242593 0.767003
-0.881049 -1.088 -0 0.267202 0.79411
-1.00691 -1.24343 -0 0.253933 0.754643
-0.940456 -1.29443 -0 0.242593 0.767003
-0.940456 -1.29443 -0 0.242593 0.767003
-1.00691 -1.24343 -0 0.253933 0.754643
-1.05801 -1.45623 -0 0.231818 0.731841
-1.00691 -1.24343 -0 0.253933 0.754643
-1.13278 -1.39886 -0 0.244084 0.72039
-1.05801 -1.45623 -0 0.231818 0.731841
-1.05801 -1.45623 -0 0.231818 0.731841
-1.13278 -1.39886 -0 0.244084 0.72039
-1.17557 -1.61803 -0 0.223304 0.702042
-1.13278 -1.39886 -0 0.244084 0.72039
-1.25864 -1.55429 -0 0.235314 0.689362
-1.17557 -1.61803 -0 0.223304 0.702042
-1.17557 -1.61803 -0 0.223304 0.702042
-1.25864 -1.55429 -0 0.235314 0.689362
-1.29313 -1.77984 -0 0.215574 0.673817
-1.25864 -1.55429 -0 0.235314 0.689362
-1.3845 -1.70972 -0 0.228412 0.662439
-1.29313 -1.77984 -0 0.215574 0.673817
-1.29313 -1.77984 -0 0.215574 0.673817
-1.3845 -1.70972 -0 0.228412 0.662439
-1.53069 -2.10681 0.04 0.202884 0.621348
-1.3845 -1.70972 -0 0.228412 0.662439
-1.63885 -2.02381 0.04 0.216203 0.61031
-1.53069 -2.10681 0.04 0.202884 0.621348
-1.53069 -2.10681 0.04 0.202884 0.621348
-1.63885 -2.02381 0.04 0.216203 0.61031
-1.64825 -2.26862 0.16 0.192869 0.583868
-1.63885 -2.02381 0.04 0.216203 0.61031
-1.76472 -2.17924 0.16 0.207951 0.57188
-1.64825 -2.26862 0.16 0.192869 0.583868
-1.64825 -2.26862 0.16 0.192869 0.583868
-1.76472 -2.17924 0.16 0.207951 0.57188
-1.7658 -2.43042 0.36 0.181933 0.532836
-1.76472 -2.17924 0.16 0.207951 0.57188
-1.89058 -2.33467 0.36 0.196981 0.520995
-1.7658 -2.43042 0.36 0.181933 0.532836
-1.7658 -2.43042 0.36 0.181933 0.532836
-1.89058 -2.33467 0.36 0.196981 0.520995
-1.88336 -2.59222 0.64 0.16996 0.472826
-1.89058 -2.33467 0.36 0.196981 0.520995
-2.01645 -2.4901 0.64 0.185848 0.460539
-1.88336 -2.59222 0.64 0.16996 0.472826
-1.88336 -2.59222 0.64 0.16996 0.472826
-2.01645 -2.4901 0.64 0.185848 0.460539
-2.00092 -2.75403 1 0.15937 0.401113
-2.01645 -2.4901 0.64 0.185848 0.460539
-2.14231 -2.64553 1 0.176032 0.389043
-2.00092 -2.75403 1 0.15937 0.401113
-2.00092 -2.75403 1 0.15937 0.401113
-2.14231 -2.64553 1 0.176032 0.389043
-2.11847 -2.91583 1.44 0.151688 0.319685
-2.14231 -2.64553 1 0.176032 0.389043
-2.26817 -2.80096 1.44 0.169025 0.309104
-2.11847 -2.91583 1.44 0.151688 0.319685
-2.11847 -2.91583 1.44 0.151688 0.319685
-2.26817 -2.80096 1.44 0.169025 0.309104
-2.23603 -3.07763 1.96 0.147811 0.234985
-2.26817 -2.80096 1.44 0.169025 0.309104
-2.39404 -2.95639 1.96 0.165655 0.225247
-2.23603 -3.07763 1.96 0.147811 0.234985
-2.23603 -3.07763 1.96 0.147811 0.234985
-2.39404 -2.95639 1.96 0.165655 0.225247
-2.35359 -3.23944 2.56 0.149123 0.149472
-2.39404 -2.95639 1.96 0.165655 0.225247
-2.5199 -3.11182 2.56 0.16711 0.140942
-2.35359 -3.23944 2.56 0.149123 0.149472
-0.447846 -0.167734 -0 0.441125 0.99503
-0.447846 -0.161803 -0 0.443676 0.995341
-0.447846 -0.335468 -0 0.396106 0.985691
-0.447846 -0.161803 -0 0.443676 0.995341
-0.447846 -0.323607 -0 0.399754 0.98656
-0.447846 -0.335468 -0 0.396106 0.985691
-0.447846 -0.335468 -0 0.396106 0.985691
-0.447846 -0.323607 -0 0.399754 0.98656
-0.447846 -0.503202 -0 0.35381 0.971946
-0.447846 -0.323607 -0 0.399754 0.98656
-0.447846 -0.48541 -0 0.358317 0.973532
-0.447846 -0.503202 -0 0.35381 0.971946
-0.447846 -0.503202 -0 0.35381 0.971946
-0.447846 -0.48541 -0 0.358317 0.973532
-0.447846 -0.670936 -0 0.315113 0.954918
-0.447846 -0.48541 -0 0.358317 0.973532
-0.470228 -0.647214 -0 0.322324 0.950902
-0.447846 -0.670936 -0 0.315113 0.954918
-0.447846 -0.670936 -0 0.315113 0.954918
-0.470228 -0.647214 -0 0.322324 0.950902
-0.544639 -0.838671 -0 0.286956 0.907959
-0.470228 -0.647214 -0 0.322324 0.950902
-0.587785 -0.809017 -0 0.295114 0.897481
-0.544639 -0.838671 -0 0.286956 0.907959
-0.544639 -0.838671 -0 0.286956 0.907959
-0.587785 -0.809017 -0 0.295114 0.897481
-0.653567 -1.0064 -0 0.264304 0.859236
-0.587785 -0.809017 -0 0.295114 0.897481
-0.705342 -0.97082 -0 0.273233 0.848711
-0.653567 -1.0064 -0 0.264304 0.859236
-0.653567 -1.0064 -0 0.264304 0.859236
-0.705342 -0.97082 -0 0.273233 0.848711
-0.762495 -1.17414 -0 0.246138 0.816648
-0.705342 -0.97082 -0 0.273233 0.848711
-0.822899 -1.13262 -0 0.25647 0.805333
-0.762495 -1.17414 -0 0.246138 0.816648
-0.762495 -1.17414 -0 0.246138 0.816648
-0.822899 -1.13262 -0 0.25647 0.805333
-0.871422 -1.34187 -0 0.231514 0.777712
-0.822899 -1.13262 -0 0.25647 0.805333
-0.940456 -1.29443 -0 0.242593 0.767003
-0.871422 -1.34187 -0 0.231514 0.777712
-0.871422 -1.34187 -0 0.231514 0.777712
-0.940456 -1.29443 -0 0.242593 0.767003
-0.98035 -1.50961 -0 0.220231 0.743596
-0.940456 -1.29443 -0 0.242593 0.767003
-1.05801 -1.45623 -0 0.231818 0.731841
-0.98035 -1.50961 -0 0.220231 0.743596
-0.98035 -1.50961 -0 0.220231 0.743596
-1.05801 -1.45623 -0 0.231818 0.731841
-1.08928 -1.67734 -0 0.210439 0.714296
-1.05801 -1.45623 -0 0.231818 0.731841
-1.17557 -1.61803 -0 0.223304 0.702042
-1.08928 -1.67734 -0 0.210439 0.714296
-1.08928 -1.67734 -0 0.210439 0.714296
-1.17557 -1.61803 -0 0.223304 0.702042
-1.19821 -1.84508 -0 0.203001 0.687322
-1.17557 -1.61803 -0 0.223304 0.702042
-1.29313 -1.77984 -0 0.215574 0.673817
-1.19821 -1.84508 -0 0.203001 0.687322
-1.19821 -1.84508 -0 0.203001 0.687322
-1.29313 -1.77984 -0 0.215574 0.673817
-1.41833 -2.18404 0.04 0.189233 0.634623
-1.29313 -1.77984 -0 0.215574 0.673817
-1.53069 -2.10681 0.04 0.202884 0.621348
-1.41833 -2.18404 0.04 0.189233 0.634623
-1.41833 -2.18404 0.04 0.189233 0.634623
-1.53069 -2.10681 0.04 0.202884 0.621348
-1.52726 -2.35177 0.16 0.179057 0.596503
-1.53069 -2.10681 0.04 0.202884 0.621348
-1.64825 -2.26862 0.16 0.192869 0.583868
-1.52726 -2.35177 0.16 0.179057 0.596503
-1.52726 -2.35177 0.16 0.179057 0.596503
-1.64825 -2.26862 0.16 0.192869 0.583868
-1.63618 -2.5195 0.36 0.167024 0.545347
-1.64825 -2.26862 0.16 0.192869 0.583868
-1.7658 -2.43042 0.36 0.181933 0.532836
-1.63618 -2.5195 0.36 0.167024 0.545347
-1.63618 -2.5195 0.36 0.167024 0.545347
-1.7658 -2.43042 0.36 0.181933 0.532836
-1.74511 -2.68724 0.64 0.154105 0.484216
-1.7658 -2.43042 0.36 0.181933 0.532836
-1.88336 -2.59222 0.64 0.16996 0.472826
-1.74511 -2.68724 0.64 0.154105 0.484216
-1.74511 -2.68724 0.64 0.154105 0.484216
-1.88336 -2.59222 0.64 0.16996 0.472826
-1.85404 -2.85497 1 0.142796 0.413037
-1.88336 -2.59222 0.64 0.16996 0.472826
-2.00092 -2.75403 1 0.15937 0.401113
-1.85404 -2.85497 1 0.142796 0.413037
-1.85404 -2.85497 1 0.142796 0.413037
-2.00092 -2.75403 1 0.15937 0.401113
-1.96297 -3.02271 1.44 0.134226 0.331481
-2.00092 -2.75403 1 0.15937 0.401113
-2.11847 -2.91583 1.44 0.151688 0.319685
-1.96297 -3.02271 1.44 0.134226 0.331481
-1.96297 -3.02271 1.44 0.134226 0.331481
-2.11847 -2.91583 1.44 0.151688 0.319685
-2.0719 -3.19044 1.96 0.130288 0.244917
-2.11847 -2.91583 1.44 0.151688 0.319685
-2.23603 -3.07763 1.96 0.147811 0.234985
-2.0719 -3.19044 1.96 0.130288 0.244917
-2.0719 -3.19044 1.96 0.130288 0.244917
-2.23603 -3.07763 1.96 0.147811 0.234985
-2.18082 -3.35817 2.56 0.131107 0.158298
-2.23603 -3.07763 1.96 0.147811 0.234985
-2.35359 -3.23944 2.56 0.149123 0.149472
-2.18082 -3.35817 2.56 0.131107 0.158298
-0.447846 -0.173205 -0 0.439851 0.994868
-0.447846 -0.167734 -0 0.441125 0.99503
-0.447846 -0.34641 -0 0.393685 0.985095
-0.447846 -0.167734 -0 0.441125 0.99503
-0.447846 -0.335468 -0 0.396106 0.985691
-0.447846 -0.34641 -0 0.393685 0.985095
-0.447846 -0.34641 -0 0.393685 0.985095
-0.447846 -0.335468 -0 0.396106 0.985691
-0.447846 -0.519615 -0 0.350461 0.970731
-0.447846 -0.335468 -0 0.396106 0.985691
-0.447846 -0.503202 -0 0.35381 0.971946
-0.447846 -0.519615 -0 0.350461 0.970731
-0.447846 -0.519615 -0 0.350461 0.970731
-0.447846 -0.503202 -0 0.35381 0.971946
-0.447846 -0.69282 -0 0.311092 0.953005
-0.447846 -0.503202 -0 0.35381 0.971946
-0.447846 -0.670936 -0 0.315113 0.954918
-0.447846 -0.69282 -0 0.311092 0.953005
-0.447846 -0.69282 -0 0.311092 0.953005
-0.447846 -0.670936 -0 0.315113 0.954918
-0.5 -0.866025 -0 0.27888 0.918231
-0.447846 -0.670936 -0 0.315113 0.954918
-0.544639 -0.838671 -0 0.286956 0.907959
-0.5 -0.866025 -0 0.27888 0.918231
-0.5 -0.866025 -0 0.27888 0.918231
-0.544639 -0.838671 -0 0.286956 0.907959
-0.6 -1.03923 -0 0.255056 0.870622
-0.544639 -0.838671 -0 0.286956 0.907959
-0.653567 -1.0064 -0 0.264304 0.859236
-0.6 -1.03923 -0 0.255056 0.870622
-0.6 -1.03923 -0 0.255056 0.870622
-0.653567 -1.0064 -0 0.264304 0.859236
-0.7 -1.21244 -0 0.236293 0.827897
-0.653567 -1.0064 -0 0.264304 0.859236
-0.762495 -1.17414 -0 0.246138 0.816648
-0.7 -1.21244 -0 0.236293 0.827897
-0.7 -1.21244 -0 0.236293 0.827897
-0.762495 -1.17414 -0 0.246138 0.816648
-0.8 -1.38564 -0 0.221346 0.790206
-0.762495 -1.17414 -0 0.246138 0.816648
-0.871422 -1.34187 -0 0.231514 0.777712
-0.8 -1.38564 -0 0.221346 0.790206
-0.8 -1.38564 -0 0.221346 0.790206
-0.871422 -1.34187 -0 0.231514 0.777712
-0.9 -1.55885 -0 0.208933 0.756768
-0.871422 -1.34187 -0 0.231514 0.777712
-0.98035 -1.50961 -0 0.220231 0.743596
-0.9 -1.55885 -0 0.208933 0.756768
-0.9 -1.55885 -0 0.208933 0.756768
-0.98035 -1.50961 -0 0.220231 0.743596
-1 -1.73205 -0 0.198588 0.726629
-0.98035 -1.50961 -0 0.220231 0.743596
-1.08928 -1.67734 -0 0.210439 0.714296
-1 -1.73205 -0 0.198588 0.726629
-1 -1.73205 -0 0.198588 0.726629
-1.08928 -1.67734 -0 0.210439 0.714296
-1.1 -1.90526 -0 0.190766 0.700558
-1.08928 -1.67734 -0 0.210439 0.714296
-1.19821 -1.84508 -0 0.203001 0.687322
-1.1 -1.90526 -0 0.190766 0.700558
-1.1 -1.90526 -0 0.190766 0.700558
-1.19821 -1.84508 -0 0.203001 0.687322
-1.30208 -2.25527 0.04 0.175594 0.647605
-1.19821 -1.84508 -0 0.203001 0.687322
-1.41833 -2.18404 0.04 0.189233 0.634623
-1.30208 -2.25527 0.04 0.175594 0.647605
-1.30208 -2.25527 0.04 0.175594 0.647605
-1.41833 -2.18404 0.04 0.189233 0.634623
-1.40208 -2.42848 0.16 0.164839 0.608975
-1.41833 -2.18404 0.04 0.189233 0.634623
-1.52726 -2.35177 0.16 0.179057 0.596503
-1.40208 -2.42848 0.16 0.164839 0.608975
-1.40208 -2.42848 0.16 0.164839 0.608975
-1.52726 -2.35177 0.16 0.179057 0.596503
-1.50208 -2.60168 0.36 0.15222 0.55988
-1.52726 -2.35177 0.16 0.179057 0.596503
-1.63618 -2.5195 0.36 0.167024 0.545347
-1.50208 -2.60168 0.36 0.15222 0.55988
-1.50208 -2.60168 0.36 0.15222 0.55988
-1.63618 -2.5195 0.36 0.167024 0.545347
-1.60208 -2.77489 0.64 0.13875 0.498038
-1.63618 -2.5195 0.36 0.167024 0.545347
-1.74511 -2.68724 0.64 0.154105 0.484216
-1.60208 -2.77489 0.64 0.13875 0.498038
-1.60208 -2.77489 0.64 0.13875 0.498038
-1.74511 -2.68724 0.64 0.154105 0.484216
-1.70208 -2.94809 1 0.12655 0.424648
-1.74511 -2.68724 0.64 0.154105 0.484216
-1.85404 -2.85497 1 0.142796 0.413037
-1.70208 -2.94809 1 0.12655 0.424648
-1.70208 -2.94809 1 0.12655 0.424648
-1.85404 -2.85497 1 0.142796 0.413037
-1.80208 -3.1213 1.44 0.117163 0.344156
-1.85404 -2.85497 1 0.142796 0.413037
-1.96297 -3.02271 1.44 0.134226 0.331481
-1.80208 -3.1213 1.44 0.117163 0.344156
-1.80208 -3.1213 1.44 0.117163 0.344156
-1.96297 -3.02271 1.44 0.134226 0.331481
-1.90208 -3.2945 1.96 0.112518 0.25634
-1.96297 -3.02271 1.44 0.134226 0.331481
-2.0719 -3.19044 1.96 0.130288 0.244917
-1.90208 -3.2945 1.96 0.112518 0.25634
-1.90208 -3.2945 1.96 0.112518 0.25634
-2.0719 -3.19044 1.96 0.130288 0.244917
-2.00208 -3.46771 2.56 0.113147 0.167796
-2.0719 -3.19044 1.96 0.130288 0.244917
-2.18082 -3.35817 2.56 0.131107 0.158298
-2.00208 -3.46771 2.56 0.113147 0.167796
-0.447846 -0.178201 -0 0.438579 0.994702
-0.447846 -0.173205 -0 0.439851 0.994868
-0.447846 -0.356403 -0 0.391274 0.984485
-0.447846 -0.173205 -0 0.439851 0.994868
-0.447846 -0.34641 -0 0.393685 0.985095
-0.447846 -0.356403 -0 0.391274 0.984485
-0.447846 -0.356403 -0 0.391274 0.984485
-0.447846 -0.34641 -0 0.393685 0.985095
-0.447846 -0.534604 -0 0.346036 0.969076
-0.447846 -0.34641 -0 0.393685 0.985095
-0.447846 -0.519615 -0 0.350461 0.970731
-0.447846 -0.534604 -0 0.346036 0.969076
-0.447846 -0.534604 -0 0.346036 0.969076
-0.447846 -0.519615 -0 0.350461 0.970731
-0.447846 -0.712805 -0 0.306136 0.95058
-0.447846 -0.519615 -0 0.350461 0.970731
-0.447846 -0.69282 -0 0.311092 0.953005
-0.447846 -0.712805 -0 0.306136 0.95058
-0.447846 -0.712805 -0 0.306136 0.95058
-0.447846 -0.69282 -0 0.311092 0.953005
-0.453991 -0.891007 -0 0.271837 0.928716
-0.447846 -0.69282 -0 0.311092 0.953005
-0.5 -0.866025 -0 0.27888 0.918231
-0.453991 -0.891007 -0 0.271837 0.928716
-0.453991 -0.891007 -0 0.271837 0.928716
-0.5 -0.866025 -0 0.27888 0.918231
-0.544789 -1.06921 -0 0.247375 0.883541
-0.5 -0.866025 -0 0.27888 0.918231
-0.6 -1.03923 -0 0.255056 0.870622
-0.544789 -1.06921 -0 0.247375 0.883541
-0.544789 -1.06921 -0 0.247375 0.883541
-0.6 -1.03923 -0 0.255056 0.870622
-0.635587 -1.24741 -0 0.226879 0.841382
-0.6 -1.03923 -0 0.255056 0.870622
-0.7 -1.21244 -0 0.236293 0.827897
-0.635587 -1.24741 -0 0.226879 0.841382
-0.635587 -1.24741 -0 0.226879 0.841382
-0.7 -1.21244 -0 0.236293 0.827897
-0.726385 -1.42561 -0 0.210729 0.803086
-0.7 -1.21244 -0 0.236293 0.827897
-0.8 -1.38564 -0 0.221346 0.790206
-0.726385 -1.42561 -0 0.210729 0.803086
-0.726385 -1.42561 -0 0.210729 0.803086
-0.8 -1.38564 -0 0.221346 0.790206
-0.817183 -1.60381 -0 0.197886 0.76924
-0.8 -1.38564 -0 0.221346 0.790206
-0.9 -1.55885 -0 0.208933 0.756768
-0.817183 -1.60381 -0 0.197886 0.76924
-0.817183 -1.60381 -0 0.197886 0.76924
-0.9 -1.55885 -0 0.208933 0.756768
-0.907981 -1.78201 -0 0.187379 0.740159
-0.9 -1.55885 -0 0.208933 0.756768
-1 -1.73205 -0 0.198588 0.726629
-0.907981 -1.78201 -0 0.187379 0.740159
-0.907981 -1.78201 -0 0.187379 0.740159
-1 -1.73205 -0 0.198588 0.726629
-0.998779 -1.96021 -0 0.178467 0.712948
-1 -1.73205 -0 0.198588 0.726629
-1.1 -1.90526 -0 0.190766 0.700558
-0.998779 -1.96021 -0 0.178467 0.712948
-0.998779 -1.96021 -0 0.178467 0.712948
-1.1 -1.90526 -0 0.190766 0.700558
-1.18227 -2.32033 0.04 0.163043 0.662047
-1.1 -1.90526 -0 0.190766 0.700558
-1.30208 -2.25527 0.04 0.175594 0.647605
-1.18227 -2.32033 0.04 0.163043 0.662047
-1.18227 -2.32033 0.04 0.163043 0.662047
-1.30208 -2.25527 0.04 0.175594 0.647605
-1.27306 -2.49853 0.16 0.151384 0.622886
-1.30208 -2.25527 0.04 0.175594 0.647605
-1.40208 -2.42848 0.16 0.164839 0.608975
-1.27306 -2.49853 0.16 0.151384 0.622886
-1.27306 -2.49853 0.16 0.151384 0.622886
-1.40208 -2.42848 0.16 0.164839 0.608975
-1.36386 -2.67673 0.36 0.13798 0.573976
-1.40208 -2.42848 0.16 0.164839 0.608975
-1.50208 -2.60168 0.36 0.15222 0.55988
-1.36386 -2.67673 0.36 0.13798 0.573976
-1.36386 -2.67673 0.36 0.13798 0.573976
-1.50208 -2.60168 0.36 0.15222 0.55988
-1.45466 -2.85493 0.64 0.123972 0.511884
-1.50208 -2.60168 0.36 0.15222 0.55988
-1.60208 -2.77489 0.64 0.13875 0.498038
-1.45466 -2.85493 0.64 0.123972 0.511884
-1.45466 -2.85493 0.64 0.123972 0.511884
-1.60208 -2.77489 0.64 0.13875 0.498038
-1.54546 -3.03313 1 0.110765 0.438707
-1.60208 -2.77489 0.64 0.13875 0.498038
-1.70208 -2.94809 1 0.12655 0.424648
-1.54546 -3.03313 1 0.110765 0.438707
-1.54546 -3.03313 1 0.110765 0.438707
-1.70208 -2.94809 1 0.12655 0.424648
-1.63626 -3.21133 1.44 0.100615 0.35649
-1.70208 -2.94809 1 0.12655 0.424648
-1.80208 -3.1213 1.44 0.117163 0.344156
-1.63626 -3.21133 1.44 0.100615 0.35649
-1.63626 -3.21133 1.44 0.100615 0.35649
-1.80208 -3.1213 1.44 0.117163 0.344156
-1.72705 -3.38953 1.96 0.0953025 0.267548
-1.80208 -3.1213 1.44 0.117163 0.344156
-1.90208 -3.2945 1.96 0.112518 0.25634
-1.72705 -3.38953 1.96 0.0953025 0.267548
-0.447846 -0.182709 -0 0.437308 0.994532
-0.447846 -0.178201 -0 0.438579 0.994702
-0.447846 -0.365418 -0 0.388871 0.983862
-0.447846 -0.178201 -0 0.438579 0.994702
-0.447846 -0.356403 -0 0.391274 0.984485
-0.447846 -0.365418 -0 0.388871 0.983862
-0.447846 -0.365418 -0 0.388871 0.983862
-0.447846 -0.356403 -0 0.391274 0.984485
-0.447846 -0.548127 -0 0.342748 0.967811
-0.447846 -0.356403 -0 0.391274 0.984485
-0.447846 -0.534604 -0 0.346036 0.969076
-0.447846 -0.548127 -0 0.342748 0.967811
-0.447846 -0.548127 -0 0.342748 0.967811
-0.447846 -0.534604 -0 0.346036 0.969076
-0.447846 -0.730836 -0 0.30223 0.948616
-0.447846 -0.534604 -0 0.346036 0.969076
-0.447846 -0.712805 -0 0.306136 0.95058
-0.447846 -0.730836 -0 0.30223 0.948616
-0.447846 -0.730836 -0 0.30223 0.948616
-0.447846 -0.712805 -0 0.306136 0.95058
-0.447846 -0.913545 -0 0.267336 0.927952
-0.447846 -0.712805 -0 0.306136 0.95058
-0.453991 -0.891007 -0 0.271837 0.928716
-0.447846 -0.913545 -0 0.267336 0.927952
-0.447846 -0.913545 -0 0.267336 0.927952
-0.453991 -0.891007 -0 0.271837 0.928716
-0.488084 -1.09625 -0 0.238535 0.894807
-0.453991 -0.891007 -0 0.271837 0.928716
-0.544789 -1.06921 -0 0.247375 0.883541
-0.488084 -1.09625 -0 0.238535 0.894807
-0.488084 -1.09625 -0 0.238535 0.894807
-0.544789 -1.06921 -0 0.247375 0.883541
-0.569431 -1.27896 -0 0.218168 0.854212
-0.544789 -1.06921 -0 0.247375 0.883541
-0.635587 -1.24741 -0 0.226879 0.841382
-0.569431 -1.27896 -0 0.218168 0.854212
-0.569431 -1.27896 -0 0.218168 0.854212
-0.635587 -1.24741 -0 0.226879 0.841382
-0.650779 -1.46167 -0 0.201346 0.816902
-0.635587 -1.24741 -0 0.226879 0.841382
-0.726385 -1.42561 -0 0.210729 0.803086
-0.650779 -1.46167 -0 0.201346 0.816902
-0.650779 -1.46167 -0 0.201346 0.816902
-0.726385 -1.42561 -0 0.210729 0.803086
-0.732126 -1.64438 -0 0.187822 0.783937
-0.726385 -1.42561 -0 0.210729 0.803086
-0.817183 -1.60381 -0 0.197886 0.76924
-0.732126 -1.64438 -0 0.187822 0.783937
-0.732126 -1.64438 -0 0.187822 0.783937
-0.817183 -1.60381 -0 0.197886 0.76924
-0.813473 -1.82709 -0 0.176412 0.75401
-0.817183 -1.60381 -0 0.197886 0.76924
-0.907981 -1.78201 -0 0.187379 0.740159
-0.813473 -1.82709 -0 0.176412 0.75401
-0.813473 -1.82709 -0 0.176412 0.75401
-0.907981 -1.78201 -0 0.187379 0.740159
-0.894821 -2.0098 -0 0.167428 0.727893
-0.907981 -1.78201 -0 0.187379 0.740159
-0.998779 -1.96021 -0 0.178467 0.712948
-0.894821 -2.0098 -0 0.167428 0.727893
-0.894821 -2.0098 -0 0.167428 0.727893
-0.998779 -1.96021 -0 0.178467 0.712948
-1.05921 -2.37902 0.04 0.150745 0.676846
-0.998779 -1.96021 -0 0.178467 0.712948
-1.18227 -2.32033 0.04 0.163043 0.662047
-1.05921 -2.37902 0.04 0.150745 0.676846
-1.05921 -2.37902 0.04 0.150745 0.676846
-1.18227 -2.32033 0.04 0.163043 0.662047
-1.14056 -2.56173 0.16 0.138668 0.639055
-1.18227 -2.32033 0.04 0.163043 0.662047
-1.27306 -2.49853 0.16 0.151384 0.622886
-1.14056 -2.56173 0.16 0.138668 0.639055
-1.14056 -2.56173 0.16 0.138668 0.639055
-1.27306 -2.49853 0.16 0.151384 0.622886
-1.2219 -2.74444 0.36 0.124358 0.588783
-1.27306 -2.49853 0.16 0.151384 0.622886
-1.36386 -2.67673 0.36 0.13798 0.573976
-1.2219 -2.74444 0.36 0.124358 0.588783
-1.2219 -2.74444 0.36 0.124358 0.588783
-1.36386 -2.67673 0.36 0.13798 0.573976
-1.30325 -2.92715 0.64 0.109311 0.526761
-1.36386 -2.67673 0.36 0.13798 0.573976
-1.45466 -2.85493 0.64 0.123972 0.511884
-1.30325 -2.92715 0.64 0.109311 0.526761
-1.30325 -2.92715 0.64 0.109311 0.526761
-1.45466 -2.85493 0.64 0.123972 0.511884
-1.3846 -3.10986 1 0.0951777 0.453214
-1.45466 -2.85493 0.64 0.123972 0.511884
-1.54546 -3.03313 1 0.110765 0.438707
-1.3846 -3.10986 1 0.0951777 0.453214
-1.3846 -3.10986 1 0.0951777 0.453214
-1.54546 -3.03313 1 0.110765 0.438707
-1.46595 -3.29257 1.44 0.0841182 0.370282
-1.54546 -3.03313 1 0.110765 0.438707
-1.63626 -3.21133 1.44 0.100615 0.35649
-1.46595 -3.29257 1.44 0.0841182 0.370282
-0.447846 -0.186716 -0 0.436038 0.994358
-0.447846 -0.182709 -0 0.437308 0.994532
-0.447846 -0.373432 -0 0.386478 0.983227
-0.447846 -0.182709 -0 0.437308 0.994532
-0.447846 -0.365418 -0 0.388871 0.983862
-0.447846 -0.373432 -0 0.386478 0.983227
-0.447846 -0.373432 -0 0.386478 0.983227
-0.447846 -0.365418 -0 0.388871 0.983862
-0.447846 -0.560148 -0 0.340571 0.966956
-0.447846 -0.365418 -0 0.388871 0.983862
-0.447846 -0.548127 -0 0.342748 0.967811
-0.447846 -0.560148 -0 0.340571 0.966956
-0.447846 -0.560148 -0 0.340571 0.966956
-0.447846 -0.548127 -0 0.342748 0.967811
-0.447846 -0.746864 -0 0.299334 0.947129
-0.447846 -0.548127 -0 0.342748 0.967811
-0.447846 -0.730836 -0 0.30223 0.948616
-0.447846 -0.746864 -0 0.299334 0.947129
-0.447846 -0.746864 -0 0.299334 0.947129
-0.447846 -0.730836 -0 0.30223 0.948616
-0.447846 -0.93358 -0 0.263125 0.925313
-0.447846 -0.730836 -0 0.30223 0.948616
-0.447846 -0.913545 -0 0.267336 0.927952
-0.447846 -0.93358 -0 0.263125 0.925313
-0.447846 -0.93358 -0 0.263125 0.925313
-0.447846 -0.913545 -0 0.267336 0.927952
-0.447846 -1.1203 -0 0.232523 0.903337
-0.447846 -0.913545 -0 0.267336 0.927952
-0.488084 -1.09625 -0 0.238535 0.894807
-0.447846 -1.1203 -0 0.232523 0.903337
-0.447846 -1.1203 -0 0.232523 0.903337
-0.488084 -1.09625 -0 0.238535 0.894807
-0.501715 -1.30701 -0 0.209498 0.867868
-0.488084 -1.09625 -0 0.238535 0.894807
-0.569431 -1.27896 -0 0.218168 0.854212
-0.501715 -1.30701 -0 0.209498 0.867868
-0.447846 -0.190211 -0 0.434769 0.99418
-0.447846 -0.186716 -0 0.436038 0.994358
-0.447846 -0.380423 -0 0.384095 0.982578
-0.447846 -0.186716 -0 0.436038 0.994358
-0.447846 -0.373432 -0 0.386478 0.983227
-0.447846 -0.380423 -0 0.384095 0.982578
-0.447846 -0.380423 -0 0.384095 0.982578
-0.447846 -0.373432 -0 0.386478 0.983227
-0.447846 -0.570634 -0 0.338406 0.966092
-0.447846 -0.373432 -0 0.386478 0.983227
-0.447846 -0.560148 -0 0.340571 0.966956
-0.447846 -0.570634 -0 0.338406 0.966092
-0.447846 -0.570634 -0 0.338406 0.966092
-0.447846 -0.560148 -0 0.340571 0.966956
-0.447846 -0.760845 -0 0.296466 0.945632
-0.447846 -0.560148 -0 0.340571 0.966956
-0.447846 -0.746864 -0 0.299334 0.947129
-0.447846 -0.760845 -0 0.296466 0.945632
-0.447846 -0.760845 -0 0.296466 0.945632
-0.447846 -0.746864 -0 0.299334 0.947129
-0.447846 -0.951057 -0 0.260635 0.923724
-0.447846 -0.746864 -0 0.299334 0.947129
-0.447846 -0.93358 -0 0.263125 0.925313
-0.447846 -0.951057 -0 0.260635 0.923724
-0.447846 -0.951057 -0 0.260635 0.923724
-0.447846 -0.93358 -0 0.263125 0.925313
-0.447846 -1.14127 -0 0.229667 0.901206
-0.447846 -0.93358 -0 0.263125 0.925313
-0.447846 -1.1203 -0 0.232523 0.903337
-0.447846 -1.14127 -0 0.229667 0.901206
-0.447846 -0.193185 -0 0.434769 0.99418
-0.447846 -0.190211 -0 0.434769 0.99418
-0.447846 -0.38637 -0 0.382907 0.982249
-0.447846 -0.190211 -0 0.434769 0.99418
-0.447846 -0.380423 -0 0.384095 0.982578
-0.447846 -0.38637 -0 0.382907 0.982249
-0.447846 -0.38637 -0 0.382907 0.982249
-0.447846 -0.380423 -0 0.384095 0.982578
-0.447846 -0.579556 -0 0.336254 0.96522
-0.447846 -0.380423 -0 0.384095 0.982578
-0.447846 -0.570634 -0 0.338406 0.966092
-0.447846 -0.579556 -0 0.336254 0.96522
-0.447846 -0.579556 -0 0.336254 0.96522
-0.447846 -0.570634 -0 0.338406 0.966092
-0.447846 -0.772741 -0 0.294571 0.944628
-0.447846 -0.570634 -0 0.338406 0.966092
-0.447846 -0.760845 -0 0.296466 0.945632
-0.447846 -0.772741 -0 0.294571 0.944628
-0.447846 -0.772741 -0 0.294571 0.944628
-0.447846 -0.760845 -0 0.296466 0.945632
-0.447846 -0.965926 -0 0.258173 0.922133
-0.447846 -0.760845 -0 0.296466 0.945632
-0.447846 -0.951057 -0 0.260635 0.923724
-0.447846 -0.965926 -0 0.258173 0.922133
-0.447846 -0.965926 -0 0.258173 0.922133
-0.447846 -0.951057 -0 0.260635 0.923724
-0.447846 -1.15911 -0 0.226523 0.897877
-0.447846 -0.951057 -0 0.260635 0.923724
-0.447846 -1.14127 -0 0.229667 0.901206
-0.447846 -1.15911 -0 0.226523 0.897877
-0.447846 -0.19563 -0 0.433502 0.993999
-0.447846 -0.193185 -0 0.434769 0.99418
-0.447846 -0.391259 -0 0.381722 0.981917
-0.447846 -0.193185 -0 0.434769 0.99418
-0.447846 -0.38637 -0 0.382907 0.982249
-0.447846 -0.391259 -0 0.381722 0.981917
-0.447846 -0.391259 -0 0.381722 0.981917
-0.447846 -0.38637 -0 0.382907 0.982249
-0.447846 -0.586889 -0 0.334114 0.96434
-0.447846 -0.38637 -0 0.382907 0.982249
-0.447846 -0.579556 -0 0.336254 0.96522
-0.447846 -0.586889 -0 0.334114 0.96434
-0.447846 -0.586889 -0 0.334114 0.96434
-0.447846 -0.579556 -0 0.336254 0.96522
-0.447846 -0.782518 -0 0.291752 0.943114
-0.447846 -0.579556 -0 0.336254 0.96522
-0.447846 -0.772741 -0 0.294571 0.944628
-0.447846 -0.782518 -0 0.291752 0.943114
-0.447846 -0.782518 -0 0.291752 0.943114
-0.447846 -0.772741 -0 0.294571 0.944628
-0.447846 -0.978148 -0 0.255738 0.920538
-0.447846 -0.772741 -0 0.294571 0.944628
-0.447846 -0.965926 -0 0.258173 0.922133
-0.447846 -0.978148 -0 0.255738 0.920538
-0.447846 -0.978148 -0 0.255738 0.920538
-0.447846 -0.965926 -0 0.258173 0.922133
-0.447846 -1.17378 -0 0.224443 0.896285
-0.447846 -0.965926 -0 0.258173 0.922133
-0.447846 -1.15911 -0 0.226523 0.897877
-0.447846 -1.17378 -0 0.224443 0.896285
