-0.193185 -0.464281 -0 0.548424 0.994531
-0.19563 -0.464281 -0 0.549595 0.994325
-0.38637 -0.464281 -0 0.600328 0.982565
-0.19563 -0.464281 -0 0.549595 0.994325
-0.391259 -0.464281 -0 0.601413 0.982216
-0.38637 -0.464281 -0 0.600328 0.982565
-0.38637 -0.464281 -0 0.600328 0.982565
-0.391259 -0.464281 -0 0.601413 0.982216
-0.579556 -0.464281 -0 0.646787 0.964477
-0.391259 -0.464281 -0 0.601413 0.982216
-0.586889 -0.464281 -0 0.648732 0.963576
-0.579556 -0.464281 -0 0.646787 0.964477
-0.579556 -0.464281 -0 0.646787 0.964477
-0.586889 -0.464281 -0 0.648732 0.963576
-0.772741 -0.464281 -0 0.687648 0.943796
-0.586889 -0.464281 -0 0.648732 0.963576
-0.782518 -0.464281 -0 0.689349 0.94278
-0.772741 -0.464281 -0 0.687648 0.943796
-0.772741 -0.464281 -0 0.687648 0.943796
-0.782518 -0.464281 -0 0.689349 0.94278
-0.965926 -0.464281 -0 0.722288 0.921849
-0.782518 -0.464281 -0 0.689349 0.94278
-0.978148 -0.464281 -0 0.724488 0.920255
-0.965926 -0.464281 -0 0.722288 0.921849
-0.965926 -0.464281 -0 0.722288 0.921849
-0.978148 -0.464281 -0 0.724488 0.920255
-1.15911 -0.464281 -0 0.752342 0.898417
-0.978148 -0.464281 -0 0.724488 0.920255
-1.17378 -0.464281 -0 0.753893 0.897845
-1.15911 -0.464281 -0 0.752342 0.898417
-1.15911 -0.464281 -0 0.752342 0.898417
-1.17378 -0.464281 -0 0.753893 0.897845
-1.3523 -0.464281 -0 0.77714 0.876919
-1.17378 -0.464281 -0 0.753893 0.897845
-1.36941 -0.464281 -0 0.779284 0.874865
-1.3523 -0.464281 -0 0.77714 0.876919
-1.3523 -0.464281 -0 0.77714 0.876919
-1.36941 -0.464281 -0 0.779284 0.874865
-1.54548 -0.464281 -0 0.798322 0.856317
-1.36941 -0.464281 -0 0.779284 0.874865
-1.56504 -0.464281 -0 0.800157 0.854364
-1.54548 -0.464281 -0 0.798322 0.856317
-1.54548 -0.464281 -0 0.798322 0.856317
-1.56504 -0.464281 -0 0.800157 0.854364
-1.73867 -0.465874 -0 0.815934 0.836814
-1.56504 -0.464281 -0 0.800157 0.854364
-1.76067 -0.464281 -0 0.818015 0.835053
-1.73867 -0.465874 -0 0.815934 0.836814
-1.73867 -0.465874 -0 0.815934 0.836814
-1.76067 -0.464281 -0 0.818015 0.835053
-1.93185 -0.517638 -0 0.82843 0.808375
-1.76067 -0.464281 -0 0.818015 0.835053
-1.9563 -0.464281 -0 0.833273 0.816496
-1.93185 -0.517638 -0 0.82843 0.808375
-1.93185 -0.517638 -0 0.82843 0.808375
-1.9563 -0.464281 -0 0.833273 0.816496
-2.12504 -0.569402 -0 0.838558 0.783678
-1.9563 -0.464281 -0 0.833273 0.816496
-2.15192 -0.464281 -0 0.846225 0.800188
-2.12504 -0.569402 -0 0.838558 0.783678
-2.12504 -0.569402 -0 0.838558 0.783678
-2.15192 -0.464281 -0 0.846225 0.800188
-2.51543 -0.674007 0.04 0.857532 0.733971
-2.15192 -0.464281 -0 0.846225 0.800188
-2.54726 -0.541436 0.04 0.866558 0.752647
-2.51543 -0.674007 0.04 0.857532 0.733971
-2.51543 -0.674007 0.04 0.857532 0.733971
-2.54726 -0.541436 0.04 0.866558 0.752647
-2.70861 -0.725771 0.16 0.872032 0.697741
-2.54726 -0.541436 0.04 0.866558 0.752647
-2.74289 -0.583018 0.16 0.881926 0.715836
-2.70861 -0.725771 0.16 0.872032 0.697741
-2.70861 -0.725771 0.16 0.872032 0.697741
-2.74289 -0.583018 0.16 0.881926 0.715836
-2.9018 -0.777535 0.36 0.889995 0.649343
-0.190211 -0.464281 -0 0.548424 0.994531
-0.193185 -0.464281 -0 0.548424 0.994531
-0.380423 -0.464281 -0 0.599241 0.982912
-0.193185 -0.464281 -0 0.548424 0.994531
-0.38637 -0.464281 -0 0.600328 0.982565
-0.380423 -0.464281 -0 0.599241 0.982912
-0.380423 -0.464281 -0 0.599241 0.982912
-0.38637 -0.464281 -0 0.600328 0.982565
-0.570634 -0.464281 -0 0.64483 0.965371
-0.38637 -0.464281 -0 0.600328 0.982565
-0.579556 -0.464281 -0 0.646787 0.964477
-0.570634 -0.464281 -0 0.64483 0.965371
-0.570634 -0.464281 -0 0.64483 0.965371
-0.579556 -0.464281 -0 0.646787 0.964477
-0.760845 -0.464281 -0 0.685075 0.945314
-0.579556 -0.464281 -0 0.646787 0.964477
-0.772741 -0.464281 -0 0.687648 0.943796
-0.760845 -0.464281 -0 0.685075 0.945314
-0.760845 -0.464281 -0 0.685075 0.945314
-0.772741 -0.464281 -0 0.687648 0.943796
-0.951057 -0.464281 -0 0.720065 0.923441
-0.772741 -0.464281 -0 0.687648 0.943796
-0.965926 -0.464281 -0 0.722288 0.921849
-0.951057 -0.464281 -0 0.720065 0.923441
-0.951057 -0.464281 -0 0.720065 0.923441
-0.965926 -0.464281 -0 0.722288 0.921849
-1.14127 -0.464281 -0 0.7498 0.900542
-0.965926 -0.464281 -0 0.722288 0.921849
-1.15911 -0.464281 -0 0.752342 0.898417
-1.14127 -0.464281 -0 0.7498 0.900542
-1.14127 -0.464281 -0 0.7498 0.900542
-1.15911 -0.464281 -0 0.752342 0.898417
-1.33148 -0.464281 -0 0.774415 0.879499
-1.15911 -0.464281 -0 0.752342 0.898417
-1.3523 -0.464281 -0 0.77714 0.876919
-1.33148 -0.464281 -0 0.774415 0.879499
-1.33148 -0.464281 -0 0.774415 0.879499
-1.3523 -0.464281 -0 0.77714 0.876919
-1.52169 -0.494427 -0 0.793966 0.852359
-1.3523 -0.464281 -0 0.77714 0.876919
-1.54548 -0.464281 -0 0.798322 0.856317
-1.52169 -0.494427 -0 0.793966 0.852359
-1.52169 -0.494427 -0 0.793966 0.852359
-1.54548 -0.464281 -0 0.798322 0.856317
-1.7119 -0.556231 -0 0.808162 0.820787
-1.54548 -0.464281 -0 0.798322 0.856317
-1.73867 -0.465874 -0 0.815934 0.836814
-1.7119 -0.556231 -0 0.808162 0.820787
-1.7119 -0.556231 -0 0.808162 0.820787
-1.73867 -0.465874 -0 0.815934 0.836814
-1.90211 -0.618034 -0 0.819735 0.792739
-1.73867 -0.465874 -0 0.815934 0.836814
-1.93185 -0.517638 -0 0.82843 0.808375
-1.90211 -0.618034 -0 0.819735 0.792739
-1.90211 -0.618034 -0 0.819735 0.792739
-1.93185 -0.517638 -0 0.82843 0.808375
-2.09232 -0.679837 -0 0.829612 0.76706
-1.93185 -0.517638 -0 0.82843 0.808375
-2.12504 -0.569402 -0 0.838558 0.783678
-2.09232 -0.679837 -0 0.829612 0.76706
-2.09232 -0.679837 -0 0.829612 0.76706
-2.12504 -0.569402 -0 0.838558 0.783678
-2.47671 -0.804731 0.04 0.847828 0.716669
-2.12504 -0.569402 -0 0.838558 0.783678
-2.51543 -0.674007 0.04 0.857532 0.733971
-2.47671 -0.804731 0.04 0.847828 0.716669
-2.47671 -0.804731 0.04 0.847828 0.716669
-2.51543 -0.674007 0.04 0.857532 0.733971
-2.66692 -0.866534 0.16 0.861596 0.680285
-2.51543 -0.674007 0.04 0.857532 0.733971
-2.70861 -0.725771 0.16 0.872032 0.697741
-2.66692 -0.866534 0.16 0.861596 0.680285
-2.66692 -0.866534 0.16 0.861596 0.680285
-2.70861 -0.725771 0.16 0.872032 0.697741
-2.85713 -0.928337 0.36 0.87884 0.631461
-2.70861 -0.725771 0.16 0.872032 0.697741
-2.9018 -0.777535 0.36 0.889995 0.649343
-2.85713 -0.928337 0.36 0.87884 0.631461
-2.85713 -0.928337 0.36 0.87884 0.631461
-2.9018 -0.777535 0.36 0.889995 0.649343
-3.04734 -0.990141 0.64 0.897186 0.571427
-0.186716 -0.464281 -0 0.547251 0.994735
-0.190211 -0.464281 -0 0.548424 0.994531
-0.373432 -0.464281 -0 0.59706 0.983597
-0.190211 -0.464281 -0 0.548424 0.994531
-0.380423 -0.464281 -0 0.599241 0.982912
-0.373432 -0.464281 -0 0.59706 0.983597
-0.373432 -0.464281 -0 0.59706 0.983597
-0.380423 -0.464281 -0 0.599241 0.982912
-0.560148 -0.464281 -0 0.642863 0.966257
-0.380423 -0.464281 -0 0.599241 0.982912
-0.570634 -0.464281 -0 0.64483 0.965371
-0.560148 -0.464281 -0 0.642863 0.966257
-0.560148 -0.464281 -0 0.642863 0.966257
-0.570634 -0.464281 -0 0.64483 0.965371
-0.746864 -0.464281 -0 0.682478 0.946823
-0.570634 -0.464281 -0 0.64483 0.965371
-0.760845 -0.464281 -0 0.685075 0.945314
-0.746864 -0.464281 -0 0.682478 0.946823
-0.746864 -0.464281 -0 0.682478 0.946823
-0.760845 -0.464281 -0 0.685075 0.945314
-0.93358 -0.464281 -0 0.717065 0.925559
-0.760845 -0.464281 -0 0.685075 0.945314
-0.951057 -0.464281 -0 0.720065 0.923441
-0.93358 -0.464281 -0 0.717065 0.925559
-0.93358 -0.464281 -0 0.717065 0.925559
-0.951057 -0.464281 -0 0.720065 0.923441
-1.1203 -0.464281 -0 0.74657 0.903202
-0.951057 -0.464281 -0 0.720065 0.923441
-1.14127 -0.464281 -0 0.7498 0.900542
-1.1203 -0.464281 -0 0.74657 0.903202
-1.1203 -0.464281 -0 0.74657 0.903202
-1.14127 -0.464281 -0 0.7498 0.900542
-1.30701 -0.501715 -0 0.769109 0.873197
-1.14127 -0.464281 -0 0.7498 0.900542
-1.33148 -0.464281 -0 0.774415 0.879499
-1.30701 -0.501715 -0 0.769109 0.873197
-1.30701 -0.501715 -0 0.769109 0.873197
-1.33148 -0.464281 -0 0.774415 0.879499
-1.49373 -0.573389 -0 0.786195 0.837028
-1.33148 -0.464281 -0 0.774415 0.879499
-1.52169 -0.494427 -0 0.793966 0.852359
-1.49373 -0.573389 -0 0.786195 0.837028
-1.49373 -0.573389 -0 0.786195 0.837028
-1.52169 -0.494427 -0 0.793966 0.852359
-1.68044 -0.645062 -0 0.800026 0.80504
-1.52169 -0.494427 -0 0.793966 0.852359
-1.7119 -0.556231 -0 0.808162 0.820787
-1.68044 -0.645062 -0 0.800026 0.80504
-1.68044 -0.645062 -0 0.800026 0.80504
-1.7119 -0.556231 -0 0.808162 0.820787
-1.86716 -0.716736 -0 0.810982 0.776065
-1.7119 -0.556231 -0 0.808162 0.820787
-1.90211 -0.618034 -0 0.819735 0.792739
-1.86716 -0.716736 -0 0.810982 0.776065
-1.86716 -0.716736 -0 0.810982 0.776065
-1.90211 -0.618034 -0 0.819735 0.792739
-2.05388 -0.788409 -0 0.820428 0.750403
-1.90211 -0.618034 -0 0.819735 0.792739
-2.09232 -0.679837 -0 0.829612 0.76706
-2.05388 -0.788409 -0 0.820428 0.750403
-2.05388 -0.788409 -0 0.820428 0.750403
-2.09232 -0.679837 -0 0.829612 0.76706
-2.4312 -0.933249 0.04 0.837547 0.699523
-2.09232 -0.679837 -0 0.829612 0.76706
-2.47671 -0.804731 0.04 0.847828 0.716669
-2.4312 -0.933249 0.04 0.837547 0.699523
-2.4312 -0.933249 0.04 0.837547 0.699523
-2.47671 -0.804731 0.04 0.847828 0.716669
-2.61791 -1.00492 0.16 0.850802 0.662295
-2.47671 -0.804731 0.04 0.847828 0.716669
-2.66692 -0.866534 0.16 0.861596 0.680285
-2.61791 -1.00492 0.16 0.850802 0.662295
-2.61791 -1.00492 0.16 0.850802 0.662295
-2.66692 -0.866534 0.16 0.861596 0.680285
-2.80463 -1.0766 0.36 0.867063 0.613797
-2.66692 -0.866534 0.16 0.861596 0.680285
-2.85713 -0.928337 0.36 0.87884 0.631461
-2.80463 -1.0766 0.36 0.867063 0.613797
-2.80463 -1.0766 0.36 0.867063 0.613797
-2.85713 -0.928337 0.36 0.87884 0.631461
-2.99134 -1.14827 0.64 0.88475 0.553863
-2.85713 -0.928337 0.36 0.87884 0.631461
-3.04734 -0.990141 0.64 0.897186 0.571427
-2.99134 -1.14827 0.64 0.88475 0.553863
-2.99134 -1.14827 0.64 0.88475 0.553863
-3.04734 -0.990141 0.64 0.897186 0.571427
-3.17806 -1.21994 1 0.901653 0.481636
-0.182709 -0.464281 -0 0.546077 0.994934
-0.186716 -0.464281 -0 0.547251 0.994735
-0.365418 -0.464281 -0 0.594871 0.984272
-0.186716 -0.464281 -0 0.547251 0.994735
-0.373432 -0.464281 -0 0.59706 0.983597
-0.365418 -0.464281 -0 0.594871 0.984272
-0.365418 -0.464281 -0 0.594871 0.984272
-0.373432 -0.464281 -0 0.59706 0.983597
-0.548127 -0.464281 -0 0.639893 0.967573
-0.373432 -0.464281 -0 0.59706 0.983597
-0.560148 -0.464281 -0 0.642863 0.966257
-0.548127 -0.464281 -0 0.639893 0.967573
-0.548127 -0.464281 -0 0.639893 0.967573
-0.560148 -0.464281 -0 0.642863 0.966257
-0.730836 -0.464281 -0 0.678978 0.94882
-0.560148 -0.464281 -0 0.642863 0.966257
-0.746864 -0.464281 -0 0.682478 0.946823
-0.730836 -0.464281 -0 0.678978 0.94882
-0.730836 -0.464281 -0 0.678978 0.94882
-0.746864 -0.464281 -0 0.682478 0.946823
-0.913545 -0.464281 -0 0.713257 0.928199
-0.746864 -0.464281 -0 0.682478 0.946823
-0.93358 -0.464281 -0 0.717065 0.925559
-0.913545 -0.464281 -0 0.713257 0.928199
-0.913545 -0.464281 -0 0.713257 0.928199
-0.93358 -0.464281 -0 0.717065 0.925559
-1.09625 -0.488084 -0 0.741923 0.899251
-0.93358 -0.464281 -0 0.717065 0.925559
-1.1203 -0.464281 -0 0.74657 0.903202
-1.09625 -0.488084 -0 0.741923 0.899251
-1.09625 -0.488084 -0 0.741923 0.899251
-1.1203 -0.464281 -0 0.74657 0.903202
-1.27896 -0.569431 -0 0.761526 0.858945
-1.1203 -0.464281 -0 0.74657 0.903202
-1.30701 -0.501715 -0 0.769109 0.873197
-1.27896 -0.569431 -0 0.761526 0.858945
-1.27896 -0.569431 -0 0.761526 0.858945
-1.30701 -0.501715 -0 0.769109 0.873197
-1.46167 -0.650779 -0 0.778035 0.822366
-1.30701 -0.501715 -0 0.769109 0.873197
-1.49373 -0.573389 -0 0.786195 0.837028
-1.46167 -0.650779 -0 0.778035 0.822366
-1.46167 -0.650779 -0 0.778035 0.822366
-1.49373 -0.573389 -0 0.786195 0.837028
-1.64438 -0.732126 -0 0.790989 0.789492
-1.49373 -0.573389 -0 0.786195 0.837028
-1.68044 -0.645062 -0 0.800026 0.80504
-1.64438 -0.732126 -0 0.790989 0.789492
-1.64438 -0.732126 -0 0.790989 0.789492
-1.68044 -0.645062 -0 0.800026 0.80504
-1.82709 -0.813473 -0 0.801764 0.760103
-1.68044 -0.645062 -0 0.800026 0.80504
-1.86716 -0.716736 -0 0.810982 0.776065
-1.82709 -0.813473 -0 0.801764 0.760103
-1.82709 -0.813473 -0 0.801764 0.760103
-1.86716 -0.716736 -0 0.810982 0.776065
-2.0098 -0.894821 -0 0.810046 0.735252
-1.86716 -0.716736 -0 0.810982 0.776065
-2.05388 -0.788409 -0 0.820428 0.750403
-2.0098 -0.894821 -0 0.810046 0.735252
-2.0098 -0.894821 -0 0.810046 0.735252
-2.05388 -0.788409 -0 0.820428 0.750403
-2.37902 -1.05921 0.04 0.826389 0.683518
-2.05388 -0.788409 -0 0.820428 0.750403
-2.4312 -0.933249 0.04 0.837547 0.699523
-2.37902 -1.05921 0.04 0.826389 0.683518
-2.37902 -1.05921 0.04 0.826389 0.683518
-2.4312 -0.933249 0.04 0.837547 0.699523
-2.56173 -1.14056 0.16 0.839187 0.646459
-2.4312 -0.933249 0.04 0.837547 0.699523
-2.61791 -1.00492 0.16 0.850802 0.662295
-2.56173 -1.14056 0.16 0.839187 0.646459
-2.56173 -1.14056 0.16 0.839187 0.646459
-2.61791 -1.00492 0.16 0.850802 0.662295
-2.74444 -1.2219 0.36 0.854872 0.597765
-2.61791 -1.00492 0.16 0.850802 0.662295
-2.80463 -1.0766 0.36 0.867063 0.613797
-2.74444 -1.2219 0.36 0.854872 0.597765
-2.74444 -1.2219 0.36 0.854872 0.597765
-2.80463 -1.0766 0.36 0.867063 0.613797
-2.92715 -1.30325 0.64 0.871477 0.538153
-2.80463 -1.0766 0.36 0.867063 0.613797
-2.99134 -1.14827 0.64 0.88475 0.553863
-2.92715 -1.30325 0.64 0.871477 0.538153
-2.92715 -1.30325 0.64 0.871477 0.538153
-2.99134 -1.14827 0.64 0.88475 0.553863
-3.10986 -1.3846 1 0.887712 0.465813
-2.99134 -1.14827 0.64 0.88475 0.553863
-3.17806 -1.21994 1 0.901653 0.481636
-3.10986 -1.3846 1 0.887712 0.465813
-3.10986 -1.3846 1 0.887712 0.465813
-3.17806 -1.21994 1 0.901653 0.481636
-3.29257 -1.46595 1.44 0.901002 0.384077
-0.178201 -0.464281 -0 0.544902 0.99513
-0.182709 -0.464281 -0 0.546077 0.994934
-0.356403 -0.464281 -0 0.592673 0.984935
-0.182709 -0.464281 -0 0.546077 0.994934
-0.365418 -0.464281 -0 0.594871 0.984272
-0.356403 -0.464281 -0 0.592673 0.984935
-0.356403 -0.464281 -0 0.592673 0.984935
-0.365418 -0.464281 -0 0.594871 0.984272
-0.534604 -0.464281 -0 0.6369 0.968872
-0.365418 -0.464281 -0 0.594871 0.984272
-0.548127 -0.464281 -0 0.639893 0.967573
-0.534604 -0.464281 -0 0.6369 0.968872
-0.534604 -0.464281 -0 0.6369 0.968872
-0.548127 -0.464281 -0 0.639893 0.967573
-0.712805 -0.464281 -0 0.675434 0.9508
-0.548127 -0.464281 -0 0.639893 0.967573
-0.730836 -0.464281 -0 0.678978 0.94882
-0.712805 -0.464281 -0 0.675434 0.9508
-0.712805 -0.464281 -0 0.675434 0.9508
-0.730836 -0.464281 -0 0.678978 0.94882
-0.891007 -0.464281 -0 0.709385 0.93083
-0.730836 -0.464281 -0 0.678978 0.94882
-0.913545 -0.464281 -0 0.713257 0.928199
-0.891007 -0.464281 -0 0.709385 0.93083
-0.891007 -0.464281 -0 0.709385 0.93083
-0.913545 -0.464281 -0 0.713257 0.928199
-1.06921 -0.544789 -0 0.734159 0.887563
-0.913545 -0.464281 -0 0.713257 0.928199
-1.09625 -0.488084 -0 0.741923 0.899251
-1.06921 -0.544789 -0 0.734159 0.887563
-1.06921 -0.544789 -0 0.734159 0.887563
-1.09625 -0.488084 -0 0.741923 0.899251
-1.24741 -0.635587 -0 0.752905 0.846916
-1.09625 -0.488084 -0 0.741923 0.899251
-1.27896 -0.569431 -0 0.761526 0.858945
-1.24741 -0.635587 -0 0.752905 0.846916
-1.24741 -0.635587 -0 0.752905 0.846916
-1.27896 -0.569431 -0 0.761526 0.858945
-1.42561 -0.726385 -0 0.768919 0.809004
-1.27896 -0.569431 -0 0.761526 0.858945
-1.46167 -0.650779 -0 0.778035 0.822366
-1.42561 -0.726385 -0 0.768919 0.809004
-1.42561 -0.726385 -0 0.768919 0.809004
-1.46167 -0.650779 -0 0.778035 0.822366
-1.60381 -0.817183 -0 0.781267 0.774859
-1.46167 -0.650779 -0 0.778035 0.822366
-1.64438 -0.732126 -0 0.790989 0.789492
-1.60381 -0.817183 -0 0.781267 0.774859
-1.60381 -0.817183 -0 0.781267 0.774859
-1.64438 -0.732126 -0 0.790989 0.789492
-1.78201 -0.907981 -0 0.79173 0.745386
-1.64438 -0.732126 -0 0.790989 0.789492
-1.82709 -0.813473 -0 0.801764 0.760103
-1.78201 -0.907981 -0 0.79173 0.745386
-1.78201 -0.907981 -0 0.79173 0.745386
-1.82709 -0.813473 -0 0.801764 0.760103
-1.96021 -0.998779 -0 0.799881 0.71924
-1.82709 -0.813473 -0 0.801764 0.760103
-2.0098 -0.894821 -0 0.810046 0.735252
-1.96021 -0.998779 -0 0.799881 0.71924
-1.96021 -0.998779 -0 0.799881 0.71924
-2.0098 -0.894821 -0 0.810046 0.735252
-2.32033 -1.18227 0.04 0.81517 0.668347
-2.0098 -0.894821 -0 0.810046 0.735252
-2.37902 -1.05921 0.04 0.826389 0.683518
-2.32033 -1.18227 0.04 0.81517 0.668347
-2.32033 -1.18227 0.04 0.81517 0.668347
-2.37902 -1.05921 0.04 0.826389 0.683518
-2.49853 -1.27306 0.16 0.827241 0.630252
-2.37902 -1.05921 0.04 0.826389 0.683518
-2.56173 -1.14056 0.16 0.839187 0.646459
-2.49853 -1.27306 0.16 0.827241 0.630252
-2.49853 -1.27306 0.16 0.827241 0.630252
-2.56173 -1.14056 0.16 0.839187 0.646459
-2.67673 -1.36386 0.36 0.842034 0.581517
-2.56173 -1.14056 0.16 0.839187 0.646459
-2.74444 -1.2219 0.36 0.854872 0.597765
-2.67673 -1.36386 0.36 0.842034 0.581517
-2.67673 -1.36386 0.36 0.842034 0.581517
-2.74444 -1.2219 0.36 0.854872 0.597765
-2.85493 -1.45466 0.64 0.857998 0.522157
-2.74444 -1.2219 0.36 0.854872 0.597765
-2.92715 -1.30325 0.64 0.871477 0.538153
-2.85493 -1.45466 0.64 0.857998 0.522157
-2.85493 -1.45466 0.64 0.857998 0.522157
-2.92715 -1.30325 0.64 0.871477 0.538153
-3.03313 -1.54546 1 0.873321 0.450655
-2.92715 -1.30325 0.64 0.871477 0.538153
-3.10986 -1.3846 1 0.887712 0.465813
-3.03313 -1.54546 1 0.873321 0.450655
-3.03313 -1.54546 1 0.873321 0.450655
-3.10986 -1.3846 1 0.887712 0.465813
-3.21133 -1.63626 1.44 0.885815 0.368826
-3.10986 -1.3846 1 0.887712 0.465813
-3.29257 -1.46595 1.44 0.901002 0.384077
-3.21133 -1.63626 1.44 0.885815 0.368826
-3.21133 -1.63626 1.44 0.885815 0.368826
-3.29257 -1.46595 1.44 0.901002 0.384077
-3.38953 -1.72705 1.96 0.893762 0.281447
-0.173205 -0.464281 -0 0.543725 0.995323
-0.178201 -0.464281 -0 0.544902 0.99513
-0.34641 -0.464281 -0 0.590466 0.985587
-0.178201 -0.464281 -0 0.544902 0.99513
-0.356403 -0.464281 -0 0.592673 0.984935
-0.34641 -0.464281 -0 0.590466 0.985587
-0.34641 -0.464281 -0 0.590466 0.985587
-0.356403 -0.464281 -0 0.592673 0.984935
-0.519615 -0.464281 -0 0.632873 0.970576
-0.356403 -0.464281 -0 0.592673 0.984935
-0.534604 -0.464281 -0 0.6369 0.968872
-0.519615 -0.464281 -0 0.632873 0.970576
-0.519615 -0.464281 -0 0.632873 0.970576
-0.534604 -0.464281 -0 0.6369 0.968872
-0.69282 -0.464281 -0 0.670943 0.95325
-0.534604 -0.464281 -0 0.6369 0.968872
-0.712805 -0.464281 -0 0.675434 0.9508
-0.69282 -0.464281 -0 0.670943 0.95325
-0.69282 -0.464281 -0 0.670943 0.95325
-0.712805 -0.464281 -0 0.675434 0.9508
-0.866025 -0.5 -0 0.703079 0.922791
-0.712805 -0.464281 -0 0.675434 0.9508
-0.891007 -0.464281 -0 0.709385 0.93083
-0.866025 -0.5 -0 0.703079 0.922791
-0.866025 -0.5 -0 0.703079 0.922791
-0.891007 -0.464281 -0 0.709385 0.93083
-1.03923 -0.6 -0 0.726108 0.87541
-0.891007 -0.464281 -0 0.709385 0.93083
-1.06921 -0.544789 -0 0.734159 0.887563
-1.03923 -0.6 -0 0.726108 0.87541
-1.03923 -0.6 -0 0.726108 0.87541
-1.06921 -0.544789 -0 0.734159 0.887563
-1.21244 -0.7 -0 0.744813 0.832689
-1.06921 -0.544789 -0 0.734159 0.887563
-1.24741 -0.635587 -0 0.752905 0.846916
-1.21244 -0.7 -0 0.744813 0.832689
-1.21244 -0.7 -0 0.744813 0.832689
-1.24741 -0.635587 -0 0.752905 0.846916
-1.38564 -0.8 -0 0.759695 0.794811
-1.24741 -0.635587 -0 0.752905 0.846916
-1.42561 -0.726385 -0 0.768919 0.809004
-1.38564 -0.8 -0 0.759695 0.794811
-1.38564 -0.8 -0 0.759695 0.794811
-1.42561 -0.726385 -0 0.768919 0.809004
-1.55885 -0.9 -0 0.771215 0.762023
-1.42561 -0.726385 -0 0.768919 0.809004
-1.60381 -0.817183 -0 0.781267 0.774859
-1.55885 -0.9 -0 0.771215 0.762023
-1.55885 -0.9 -0 0.771215 0.762023
-1.60381 -0.817183 -0 0.781267 0.774859
-1.73205 -1 -0 0.78086 0.731689
-1.60381 -0.817183 -0 0.781267 0.774859
-1.78201 -0.907981 -0 0.79173 0.745386
-1.73205 -1 -0 0.78086 0.731689
-1.73205 -1 -0 0.78086 0.731689
-1.78201 -0.907981 -0 0.79173 0.745386
-1.90526 -1.1 -0 0.788755 0.704298
-1.78201 -0.907981 -0 0.79173 0.745386
-1.96021 -0.998779 -0 0.799881 0.71924
-1.90526 -1.1 -0 0.788755 0.704298
-1.90526 -1.1 -0 0.788755 0.704298
-1.96021 -0.998779 -0 0.799881 0.71924
-2.25527 -1.30208 0.04 0.802894 0.653034
-1.96021 -0.998779 -0 0.799881 0.71924
-2.32033 -1.18227 0.04 0.81517 0.668347
-2.25527 -1.30208 0.04 0.802894 0.653034
-2.25527 -1.30208 0.04 0.802894 0.653034
-2.32033 -1.18227 0.04 0.81517 0.668347
-2.42848 -1.40208 0.16 0.814674 0.615063
-2.32033 -1.18227 0.04 0.81517 0.668347
-2.49853 -1.27306 0.16 0.827241 0.630252
-2.42848 -1.40208 0.16 0.814674 0.615063
-2.42848 -1.40208 0.16 0.814674 0.615063
-2.49853 -1.27306 0.16 0.827241 0.630252
-2.60168 -1.50208 0.36 0.828866 0.566167
-2.49853 -1.27306 0.16 0.827241 0.630252
-2.67673 -1.36386 0.36 0.842034 0.581517
-2.60168 -1.50208 0.36 0.828866 0.566167
-2.60168 -1.50208 0.36 0.828866 0.566167
-2.67673 -1.36386 0.36 0.842034 0.581517
-2.77489 -1.60208 0.64 0.843856 0.505795
-2.67673 -1.36386 0.36 0.842034 0.581517
-2.85493 -1.45466 0.64 0.857998 0.522157
-2.77489 -1.60208 0.64 0.843856 0.505795
-2.77489 -1.60208 0.64 0.843856 0.505795
-2.85493 -1.45466 0.64 0.857998 0.522157
-2.94809 -1.70208 1 0.858311 0.43445
-2.85493 -1.45466 0.64 0.857998 0.522157
-3.03313 -1.54546 1 0.873321 0.450655
-2.94809 -1.70208 1 0.858311 0.43445
-2.94809 -1.70208 1 0.858311 0.43445
-3.03313 -1.54546 1 0.873321 0.450655
-3.1213 -1.80208 1.44 0.870378 0.354801
-3.03313 -1.54546 1 0.873321 0.450655
-3.21133 -1.63626 1.44 0.885815 0.368826
-3.1213 -1.80208 1.44 0.870378 0.354801
-3.1213 -1.80208 1.44 0.870378 0.354801
-3.21133 -1.63626 1.44 0.885815 0.368826
-3.2945 -1.90208 1.96 0.877622 0.267784
-3.21133 -1.63626 1.44 0.885815 0.368826
-3.38953 -1.72705 1.96 0.893762 0.281447
-3.2945 -1.90208 1.96 0.877622 0.267784
-0.167734 -0.464281 -0 0.541368 0.995697
-0.173205 -0.464281 -0 0.543725 0.995323
-0.335468 -0.464281 -0 0.587141 0.986543
-0.173205 -0.464281 -0 0.543725 0.995323
-0.34641 -0.464281 -0 0.590466 0.985587
-0.335468 -0.464281 -0 0.587141 0.986543
-0.335468 -0.464281 -0 0.587141 0.986543
-0.34641 -0.464281 -0 0.590466 0.985587
-0.503202 -0.464281 -0 0.628805 0.972247
-0.34641 -0.464281 -0 0.590466 0.985587
-0.519615 -0.464281 -0 0.632873 0.970576
-0.503202 -0.464281 -0 0.628805 0.972247
-0.503202 -0.464281 -0 0.628805 0.972247
-0.519615 -0.464281 -0 0.632873 0.970576
-0.670936 -0.464281 -0 0.666385 0.955668
-0.519615 -0.464281 -0 0.632873 0.970576
-0.69282 -0.464281 -0 0.670943 0.95325
-0.670936 -0.464281 -0 0.666385 0.955668
-0.670936 -0.464281 -0 0.666385 0.955668
-0.69282 -0.464281 -0 0.670943 0.95325
-0.838671 -0.544639 -0 0.695915 0.912114
-0.69282 -0.464281 -0 0.670943 0.95325
-0.866025 -0.5 -0 0.703079 0.922791
-0.838671 -0.544639 -0 0.695915 0.912114
-0.838671 -0.544639 -0 0.695915 0.912114
-0.866025 -0.5 -0 0.703079 0.922791
-1.0064 -0.653567 -0 0.717584 0.864324
-0.866025 -0.5 -0 0.703079 0.922791
-1.03923 -0.6 -0 0.726108 0.87541
-1.0064 -0.653567 -0 0.717584 0.864324
-1.0064 -0.653567 -0 0.717584 0.864324
-1.03923 -0.6 -0 0.726108 0.87541
-1.17414 -0.762495 -0 0.73493 0.821675
-1.03923 -0.6 -0 0.726108 0.87541
-1.21244 -0.7 -0 0.744813 0.832689
-1.17414 -0.762495 -0 0.73493 0.821675
-1.17414 -0.762495 -0 0.73493 0.821675
-1.21244 -0.7 -0 0.744813 0.832689
-1.34187 -0.871422 -0 0.74956 0.78217
-1.21244 -0.7 -0 0.744813 0.832689
-1.38564 -0.8 -0 0.759695 0.794811
-1.34187 -0.871422 -0 0.74956 0.78217
-1.34187 -0.871422 -0 0.74956 0.78217
-1.38564 -0.8 -0 0.759695 0.794811
-1.50961 -0.98035 -0 0.760732 0.747945
-1.38564 -0.8 -0 0.759695 0.794811
-1.55885 -0.9 -0 0.771215 0.762023
-1.50961 -0.98035 -0 0.760732 0.747945
-1.50961 -0.98035 -0 0.760732 0.747945
-1.55885 -0.9 -0 0.771215 0.762023
-1.67734 -1.08928 -0 0.769707 0.717977
-1.55885 -0.9 -0 0.771215 0.762023
-1.73205 -1 -0 0.78086 0.731689
-1.67734 -1.08928 -0 0.769707 0.717977
-1.67734 -1.08928 -0 0.769707 0.717977
-1.73205 -1 -0 0.78086 0.731689
-1.84508 -1.19821 -0 0.776931 0.691176
-1.73205 -1 -0 0.78086 0.731689
-1.90526 -1.1 -0 0.788755 0.704298
-1.84508 -1.19821 -0 0.776931 0.691176
-1.84508 -1.19821 -0 0.776931 0.691176
-1.90526 -1.1 -0 0.788755 0.704298
-2.18404 -1.41833 0.04 0.790843 0.639252
-1.90526 -1.1 -0 0.788755 0.704298
-2.25527 -1.30208 0.04 0.802894 0.653034
-2.18404 -1.41833 0.04 0.790843 0.639252
-2.18404 -1.41833 0.04 0.790843 0.639252
-2.25527 -1.30208 0.04 0.802894 0.653034
-2.35177 -1.52726 0.16 0.801633 0.600195
-2.25527 -1.30208 0.04 0.802894 0.653034
-2.42848 -1.40208 0.16 0.814674 0.615063
-2.35177 -1.52726 0.16 0.801633 0.600195
-2.35177 -1.52726 0.16 0.801633 0.600195
-2.42848 -1.40208 0.16 0.814674 0.615063
-2.5195 -1.63618 0.36 0.814771 0.551404
-2.42848 -1.40208 0.16 0.814674 0.615063
-2.60168 -1.50208 0.36 0.828866 0.566167
-2.5195 -1.63618 0.36 0.814771 0.551404
-2.5195 -1.63618 0.36 0.814771 0.551404
-2.60168 -1.50208 0.36 0.828866 0.566167
-2.68724 -1.74511 0.64 0.829422 0.491763
-2.60168 -1.50208 0.36 0.828866 0.566167
-2.77489 -1.60208 0.64 0.843856 0.505795
-2.68724 -1.74511 0.64 0.829422 0.491763
-2.68724 -1.74511 0.64 0.829422 0.491763
-2.77489 -1.60208 0.64 0.843856 0.505795
-2.85497 -1.85404 1 0.843284 0.421255
-2.77489 -1.60208 0.64 0.843856 0.505795
-2.94809 -1.70208 1 0.858311 0.43445
-2.85497 -1.85404 1 0.843284 0.421255
-2.85497 -1.85404 1 0.843284 0.421255
-2.94809 -1.70208 1 0.858311 0.43445
-3.02271 -1.96297 1.44 0.85444 0.340812
-2.94809 -1.70208 1 0.858311 0.43445
-3.1213 -1.80208 1.44 0.870378 0.354801
-3.02271 -1.96297 1.44 0.85444 0.340812
-3.02271 -1.96297 1.44 0.85444 0.340812
-3.1213 -1.80208 1.44 0.870378 0.354801
-3.19044 -2.0719 1.96 0.861224 0.255381
-3.1213 -1.80208 1.44 0.870378 0.354801
-3.2945 -1.90208 1.96 0.877622 0.267784
-3.19044 -2.0719 1.96 0.861224 0.255381
-3.19044 -2.0719 1.96 0.861224 0.255381
-3.2945 -1.90208 1.96 0.877622 0.267784
-3.35817 -2.18082 2.56 0.862863 0.168596
-0.161803 -0.464281 -0 0.540188 0.995879
-0.167734 -0.464281 -0 0.541368 0.995697
-0.323607 -0.464281 -0 0.583988 0.986567
-0.167734 -0.464281 -0 0.541368 0.995697
-0.335468 -0.464281 -0 0.587141 0.986543
-0.323607 -0.464281 -0 0.583988 0.986567
-0.323607 -0.464281 -0 0.583988 0.986567
-0.335468 -0.464281 -0 0.587141 0.986543
-0.48541 -0.464281 -0 0.624697 0.973884
-0.335468 -0.464281 -0 0.587141 0.986543
-0.503202 -0.464281 -0 0.628805 0.972247
-0.48541 -0.464281 -0 0.624697 0.973884
-0.48541 -0.464281 -0 0.624697 0.973884
-0.503202 -0.464281 -0 0.628805 0.972247
-0.647214 -0.470228 -0 0.661712 0.955617
-0.503202 -0.464281 -0 0.628805 0.972247
-0.670936 -0.464281 -0 0.666385 0.955668
-0.647214 -0.470228 -0 0.661712 0.955617
-0.647214 -0.470228 -0 0.661712 0.955617
-0.670936 -0.464281 -0 0.666385 0.955668
-0.809017 -0.587785 -0 0.688184 0.901956
-0.670936 -0.464281 -0 0.666385 0.955668
-0.838671 -0.544639 -0 0.695915 0.912114
-0.809017 -0.587785 -0 0.688184 0.901956
-0.809017 -0.587785 -0 0.688184 0.901956
-0.838671 -0.544639 -0 0.695915 0.912114
-0.97082 -0.705342 -0 0.709124 0.853456
-0.838671 -0.544639 -0 0.695915 0.912114
-1.0064 -0.653567 -0 0.717584 0.864324
-0.97082 -0.705342 -0 0.709124 0.853456
-0.97082 -0.705342 -0 0.709124 0.853456
-1.0064 -0.653567 -0 0.717584 0.864324
-1.13262 -0.822899 -0 0.726015 0.809062
-1.0064 -0.653567 -0 0.717584 0.864324
-1.17414 -0.762495 -0 0.73493 0.821675
-1.13262 -0.822899 -0 0.726015 0.809062
-1.13262 -0.822899 -0 0.726015 0.809062
-1.17414 -0.762495 -0 0.73493 0.821675
-1.29443 -0.940456 -0 0.739018 0.77008
-1.17414 -0.762495 -0 0.73493 0.821675
-1.34187 -0.871422 -0 0.74956 0.78217
-1.29443 -0.940456 -0 0.739018 0.77008
-1.29443 -0.940456 -0 0.739018 0.77008
-1.34187 -0.871422 -0 0.74956 0.78217
-1.45623 -1.05801 -0 0.749678 0.73448
-1.34187 -0.871422 -0 0.74956 0.78217
-1.50961 -0.98035 -0 0.760732 0.747945
-1.45623 -1.05801 -0 0.749678 0.73448
-1.45623 -1.05801 -0 0.749678 0.73448
-1.50961 -0.98035 -0 0.760732 0.747945
-1.61803 -1.17557 -0 0.757846 0.705145
-1.50961 -0.98035 -0 0.760732 0.747945
-1.67734 -1.08928 -0 0.769707 0.717977
-1.61803 -1.17557 -0 0.757846 0.705145
-1.61803 -1.17557 -0 0.757846 0.705145
-1.67734 -1.08928 -0 0.769707 0.717977
-1.77984 -1.29313 -0 0.764512 0.677291
-1.67734 -1.08928 -0 0.769707 0.717977
-1.84508 -1.19821 -0 0.776931 0.691176
-1.77984 -1.29313 -0 0.764512 0.677291
-1.77984 -1.29313 -0 0.764512 0.677291
-1.84508 -1.19821 -0 0.776931 0.691176
-2.10681 -1.53069 0.04 0.777333 0.62525
-1.84508 -1.19821 -0 0.776931 0.691176
-2.18404 -1.41833 0.04 0.790843 0.639252
-2.10681 -1.53069 0.04 0.777333 0.62525
-2.10681 -1.53069 0.04 0.777333 0.62525
-2.18404 -1.41833 0.04 0.790843 0.639252
-2.26862 -1.64825 0.16 0.787963 0.586513
-2.18404 -1.41833 0.04 0.790843 0.639252
-2.35177 -1.52726 0.16 0.801633 0.600195
-2.26862 -1.64825 0.16 0.787963 0.586513
-2.26862 -1.64825 0.16 0.787963 0.586513
-2.35177 -1.52726 0.16 0.801633 0.600195
-2.43042 -1.7658 0.36 0.800785 0.537761
-2.35177 -1.52726 0.16 0.801633 0.600195
-2.5195 -1.63618 0.36 0.814771 0.551404
-2.43042 -1.7658 0.36 0.800785 0.537761
-2.43042 -1.7658 0.36 0.800785 0.537761
-2.5195 -1.63618 0.36 0.814771 0.551404
-2.59222 -1.88336 0.64 0.814115 0.477522
-2.5195 -1.63618 0.36 0.814771 0.551404
-2.68724 -1.74511 0.64 0.829422 0.491763
-2.59222 -1.88336 0.64 0.814115 0.477522
-2.59222 -1.88336 0.64 0.814115 0.477522
-2.68724 -1.74511 0.64 0.829422 0.491763
-2.75403 -2.00092 1 0.827586 0.406785
-2.68724 -1.74511 0.64 0.829422 0.491763
-2.85497 -1.85404 1 0.843284 0.421255
-2.75403 -2.00092 1 0.827586 0.406785
-2.75403 -2.00092 1 0.827586 0.406785
-2.85497 -1.85404 1 0.843284 0.421255
-2.91583 -2.11847 1.44 0.838029 0.328411
-2.85497 -1.85404 1 0.843284 0.421255
-3.02271 -1.96297 1.44 0.85444 0.340812
-2.91583 -2.11847 1.44 0.838029 0.328411
-2.91583 -2.11847 1.44 0.838029 0.328411
-3.02271 -1.96297 1.44 0.85444 0.340812
-3.07763 -2.23603 1.96 0.84448 0.243384
-3.02271 -1.96297 1.44 0.85444 0.340812
-3.19044 -2.0719 1.96 0.861224 0.255381
-3.07763 -2.23603 1.96 0.84448 0.243384
-3.07763 -2.23603 1.96 0.84448 0.243384
-3.19044 -2.0719 1.96 0.861224 0.255381
-3.23944 -2.35359 2.56 0.845852 0.157203
-3.19044 -2.0719 1.96 0.861224 0.255381
-3.35817 -2.18082 2.56 0.862863 0.168596
-3.23944 -2.35359 2.56 0.845852 0.157203
-0.155429 -0.464281 -0 0.537824 0.996232
-0.161803 -0.464281 -0 0.540188 0.995879
-0.310858 -0.464281 -0 0.580621 0.987472
-0.161803 -0.464281 -0 0.540188 0.995879
-0.323607 -0.464281 -0 0.583988 0.986567
-0.310858 -0.464281 -0 0.580621 0.987472
-0.310858 -0.464281 -0 0.580621 0.987472
-0.323607 -0.464281 -0 0.583988 0.986567
-0.466288 -0.464281 -0 0.62055 0.975486
-0.323607 -0.464281 -0 0.583988 0.986567
-0.48541 -0.464281 -0 0.624697 0.973884
-0.466288 -0.464281 -0 0.62055 0.975486
-0.466288 -0.464281 -0 0.62055 0.975486
-0.48541 -0.464281 -0 0.624697 0.973884
-0.621717 -0.503456 -0 0.654012 0.948237
-0.48541 -0.464281 -0 0.624697 0.973884
-0.647214 -0.470228 -0 0.661712 0.955617
-0.621717 -0.503456 -0 0.654012 0.948237
-0.621717 -0.503456 -0 0.654012 0.948237
-0.647214 -0.470228 -0 0.661712 0.955617
-0.777146 -0.62932 -0 0.679961 0.892592
-0.647214 -0.470228 -0 0.661712 0.955617
-0.809017 -0.587785 -0 0.688184 0.901956
-0.777146 -0.62932 -0 0.679961 0.892592
-0.777146 -0.62932 -0 0.679961 0.892592
-0.809017 -0.587785 -0 0.688184 0.901956
-0.932575 -0.755184 -0 0.699369 0.842722
-0.809017 -0.587785 -0 0.688184 0.901956
-0.97082 -0.705342 -0 0.709124 0.853456
-0.932575 -0.755184 -0 0.699369 0.842722
-0.932575 -0.755184 -0 0.699369 0.842722
-0.97082 -0.705342 -0 0.709124 0.853456
-1.088 -0.881049 -0 0.715349 0.798162
-0.97082 -0.705342 -0 0.709124 0.853456
-1.13262 -0.822899 -0 0.726015 0.809062
-1.088 -0.881049 -0 0.715349 0.798162
-1.088 -0.881049 -0 0.715349 0.798162
-1.13262 -0.822899 -0 0.726015 0.809062
-1.24343 -1.00691 -0 0.7277 0.757683
-1.13262 -0.822899 -0 0.726015 0.809062
-1.29443 -0.940456 -0 0.739018 0.77008
-1.24343 -1.00691 -0 0.7277 0.757683
-1.24343 -1.00691 -0 0.7277 0.757683
-1.29443 -0.940456 -0 0.739018 0.77008
-1.39886 -1.13278 -0 0.738294 0.722104
-1.29443 -0.940456 -0 0.739018 0.77008
-1.45623 -1.05801 -0 0.749678 0.73448
-1.39886 -1.13278 -0 0.738294 0.722104
-1.39886 -1.13278 -0 0.738294 0.722104
-1.45623 -1.05801 -0 0.749678 0.73448
-1.55429 -1.25864 -0 0.745771 0.691739
-1.45623 -1.05801 -0 0.749678 0.73448
-1.61803 -1.17557 -0 0.757846 0.705145
-1.55429 -1.25864 -0 0.745771 0.691739
-1.55429 -1.25864 -0 0.745771 0.691739
-1.61803 -1.17557 -0 0.757846 0.705145
-1.70972 -1.3845 -0 0.752316 0.664481
-1.61803 -1.17557 -0 0.757846 0.705145
-1.77984 -1.29313 -0 0.764512 0.677291
-1.70972 -1.3845 -0 0.752316 0.664481
-1.70972 -1.3845 -0 0.752316 0.664481
-1.77984 -1.29313 -0 0.764512 0.677291
-2.02381 -1.63885 0.04 0.763735 0.612725
-1.77984 -1.29313 -0 0.764512 0.677291
-2.10681 -1.53069 0.04 0.777333 0.62525
-2.02381 -1.63885 0.04 0.763735 0.612725
-2.02381 -1.63885 0.04 0.763735 0.612725
-2.10681 -1.53069 0.04 0.777333 0.62525
-2.17924 -1.76472 0.16 0.774089 0.574664
-2.10681 -1.53069 0.04 0.777333 0.62525
-2.26862 -1.64825 0.16 0.787963 0.586513
-2.17924 -1.76472 0.16 0.774089 0.574664
-2.17924 -1.76472 0.16 0.774089 0.574664
-2.26862 -1.64825 0.16 0.787963 0.586513
-2.33467 -1.89058 0.36 0.785746 0.524274
-2.26862 -1.64825 0.16 0.787963 0.586513
-2.43042 -1.7658 0.36 0.800785 0.537761
-2.33467 -1.89058 0.36 0.785746 0.524274
-2.33467 -1.89058 0.36 0.785746 0.524274
-2.43042 -1.7658 0.36 0.800785 0.537761
-2.4901 -2.01645 0.64 0.79901 0.463528
-2.43042 -1.7658 0.36 0.800785 0.537761
-2.59222 -1.88336 0.64 0.814115 0.477522
-2.4901 -2.01645 0.64 0.79901 0.463528
-2.4901 -2.01645 0.64 0.79901 0.463528
-2.59222 -1.88336 0.64 0.814115 0.477522
-2.64553 -2.14231 1 0.811023 0.394848
-2.59222 -1.88336 0.64 0.814115 0.477522
-2.75403 -2.00092 1 0.827586 0.406785
-2.64553 -2.14231 1 0.811023 0.394848
-2.64553 -2.14231 1 0.811023 0.394848
-2.75403 -2.00092 1 0.827586 0.406785
-2.80096 -2.26817 1.44 0.821451 0.314964
-2.75403 -2.00092 1 0.827586 0.406785
-2.91583 -2.11847 1.44 0.838029 0.328411
-2.80096 -2.26817 1.44 0.821451 0.314964
-2.80096 -2.26817 1.44 0.821451 0.314964
-2.91583 -2.11847 1.44 0.838029 0.328411
-2.95639 -2.39404 1.96 0.827441 0.23117
-2.91583 -2.11847 1.44 0.838029 0.328411
-3.07763 -2.23603 1.96 0.84448 0.243384
-2.95639 -2.39404 1.96 0.827441 0.23117
-2.95639 -2.39404 1.96 0.827441 0.23117
-3.07763 -2.23603 1.96 0.84448 0.243384
-3.11182 -2.5199 2.56 0.828666 0.147016
-3.07763 -2.23603 1.96 0.84448 0.243384
-3.23944 -2.35359 2.56 0.845852 0.157203
-3.11182 -2.5199 2.56 0.828666 0.147016
-0.148629 -0.464281 -0 0.53664 0.996403
-0.155429 -0.464281 -0 0.537824 0.996232
-0.297258 -0.464281 -0 0.577237 0.98835
-0.155429 -0.464281 -0 0.537824 0.996232
-0.310858 -0.464281 -0 0.580621 0.987472
-0.297258 -0.464281 -0 0.577237 0.98835
-0.297258 -0.464281 -0 0.577237 0.98835
-0.310858 -0.464281 -0 0.580621 0.987472
-0.445887 -0.464281 -0 0.615311 0.977435
-0.310858 -0.464281 -0 0.580621 0.987472
-0.466288 -0.464281 -0 0.62055 0.975486
-0.445887 -0.464281 -0 0.615311 0.977435
-0.445887 -0.464281 -0 0.615311 0.977435
-0.466288 -0.464281 -0 0.62055 0.975486
-0.594516 -0.535304 -0 0.646404 0.940654
-0.466288 -0.464281 -0 0.62055 0.975486
-0.621717 -0.503456 -0 0.654012 0.948237
-0.594516 -0.535304 -0 0.646404 0.940654
-0.594516 -0.535304 -0 0.646404 0.940654
-0.621717 -0.503456 -0 0.654012 0.948237
-0.743145 -0.669131 -0 0.670317 0.884823
-0.621717 -0.503456 -0 0.654012 0.948237
-0.777146 -0.62932 -0 0.679961 0.892592
-0.743145 -0.669131 -0 0.670317 0.884823
-0.743145 -0.669131 -0 0.670317 0.884823
-0.777146 -0.62932 -0 0.679961 0.892592
-0.891774 -0.802957 -0 0.689956 0.83274
-0.777146 -0.62932 -0 0.679961 0.892592
-0.932575 -0.755184 -0 0.699369 0.842722
-0.891774 -0.802957 -0 0.689956 0.83274
-0.891774 -0.802957 -0 0.689956 0.83274
-0.932575 -0.755184 -0 0.699369 0.842722
-1.0404 -0.936783 -0 0.705156 0.786626
-0.932575 -0.755184 -0 0.699369 0.842722
-1.088 -0.881049 -0 0.715349 0.798162
-1.0404 -0.936783 -0 0.705156 0.786626
-1.0404 -0.936783 -0 0.705156 0.786626
-1.088 -0.881049 -0 0.715349 0.798162
-1.18903 -1.07061 -0 0.716368 0.746531
-1.088 -0.881049 -0 0.715349 0.798162
-1.24343 -1.00691 -0 0.7277 0.757683
-1.18903 -1.07061 -0 0.716368 0.746531
-1.18903 -1.07061 -0 0.716368 0.746531
-1.24343 -1.00691 -0 0.7277 0.757683
-1.33766 -1.20444 -0 0.725932 0.711757
-1.24343 -1.00691 -0 0.7277 0.757683
-1.39886 -1.13278 -0 0.738294 0.722104
-1.33766 -1.20444 -0 0.725932 0.711757
-1.33766 -1.20444 -0 0.725932 0.711757
-1.39886 -1.13278 -0 0.738294 0.722104
-1.48629 -1.33826 -0 0.733519 0.680049
-1.39886 -1.13278 -0 0.738294 0.722104
-1.55429 -1.25864 -0 0.745771 0.691739
-1.48629 -1.33826 -0 0.733519 0.680049
-1.48629 -1.33826 -0 0.733519 0.680049
-1.55429 -1.25864 -0 0.745771 0.691739
-1.63492 -1.47209 -0 0.739257 0.651955
-1.55429 -1.25864 -0 0.745771 0.691739
-1.70972 -1.3845 -0 0.752316 0.664481
-1.63492 -1.47209 -0 0.739257 0.651955
-1.63492 -1.47209 -0 0.739257 0.651955
-1.70972 -1.3845 -0 0.752316 0.664481
-1.93527 -1.74253 0.04 0.749878 0.600409
-1.70972 -1.3845 -0 0.752316 0.664481
-2.02381 -1.63885 0.04 0.763735 0.612725
-1.93527 -1.74253 0.04 0.749878 0.600409
-1.93527 -1.74253 0.04 0.749878 0.600409
-2.02381 -1.63885 0.04 0.763735 0.612725
-2.0839 -1.87635 0.16 0.759097 0.561274
-2.02381 -1.63885 0.04 0.763735 0.612725
-2.17924 -1.76472 0.16 0.774089 0.574664
-2.0839 -1.87635 0.16 0.759097 0.561274
-2.0839 -1.87635 0.16 0.759097 0.561274
-2.17924 -1.76472 0.16 0.774089 0.574664
-2.23253 -2.01018 0.36 0.770634 0.51118
-2.17924 -1.76472 0.16 0.774089 0.574664
-2.33467 -1.89058 0.36 0.785746 0.524274
-2.23253 -2.01018 0.36 0.770634 0.51118
-2.23253 -2.01018 0.36 0.770634 0.51118
-2.33467 -1.89058 0.36 0.785746 0.524274
-2.38116 -2.144 0.64 0.782893 0.452363
-2.33467 -1.89058 0.36 0.785746 0.524274
-2.4901 -2.01645 0.64 0.79901 0.463528
-2.38116 -2.144 0.64 0.782893 0.452363
-2.38116 -2.144 0.64 0.782893 0.452363
-2.4901 -2.01645 0.64 0.79901 0.463528
-2.52979 -2.27783 1 0.794549 0.382479
-2.4901 -2.01645 0.64 0.79901 0.463528
-2.64553 -2.14231 1 0.811023 0.394848
-2.52979 -2.27783 1 0.794549 0.382479
-2.52979 -2.27783 1 0.794549 0.382479
-2.64553 -2.14231 1 0.811023 0.394848
-2.67842 -2.41166 1.44 0.804011 0.303118
-2.64553 -2.14231 1 0.811023 0.394848
-2.80096 -2.26817 1.44 0.821451 0.314964
-2.67842 -2.41166 1.44 0.804011 0.303118
-2.67842 -2.41166 1.44 0.804011 0.303118
-2.80096 -2.26817 1.44 0.821451 0.314964
-2.82704 -2.54548 1.96 0.810049 0.220565
-2.80096 -2.26817 1.44 0.821451 0.314964
-2.95639 -2.39404 1.96 0.827441 0.23117
-2.82704 -2.54548 1.96 0.810049 0.220565
-2.82704 -2.54548 1.96 0.810049 0.220565
-2.95639 -2.39404 1.96 0.827441 0.23117
-2.97567 -2.67931 2.56 0.811 0.136668
-2.95639 -2.39404 1.96 0.827441 0.23117
-3.11182 -2.5199 2.56 0.828666 0.147016
-2.97567 -2.67931 2.56 0.811 0.136668
-0.141421 -0.464281 -0 0.534268 0.996734
-0.148629 -0.464281 -0 0.53664 0.996403
-0.282843 -0.464281 -0 0.573835 0.989199
-0.148629 -0.464281 -0 0.53664 0.996403
-0.297258 -0.464281 -0 0.577237 0.98835
-0.282843 -0.464281 -0 0.573835 0.989199
-0.282843 -0.464281 -0 0.573835 0.989199
-0.297258 -0.464281 -0 0.577237 0.98835
-0.424264 -0.464281 -0 0.610012 0.979325
-0.297258 -0.464281 -0 0.577237 0.98835
-0.445887 -0.464281 -0 0.615311 0.977435
-0.424264 -0.464281 -0 0.610012 0.979325
-0.424264 -0.464281 -0 0.610012 0.979325
-0.445887 -0.464281 -0 0.615311 0.977435
-0.565685 -0.565685 -0 0.638991 0.932965
-0.445887 -0.464281 -0 0.615311 0.977435
-0.594516 -0.535304 -0 0.646404 0.940654
-0.565685 -0.565685 -0 0.638991 0.932965
-0.565685 -0.565685 -0 0.638991 0.932965
-0.594516 -0.535304 -0 0.646404 0.940654
-0.707107 -0.707107 -0 0.662003 0.87516
-0.594516 -0.535304 -0 0.646404 0.940654
-0.743145 -0.669131 -0 0.670317 0.884823
-0.707107 -0.707107 -0 0.662003 0.87516
-0.707107 -0.707107 -0 0.662003 0.87516
-0.743145 -0.669131 -0 0.670317 0.884823
-0.848528 -0.848528 -0 0.679334 0.82328
-0.743145 -0.669131 -0 0.670317 0.884823
-0.891774 -0.802957 -0 0.689956 0.83274
-0.848528 -0.848528 -0 0.679334 0.82328
-0.848528 -0.848528 -0 0.679334 0.82328
-0.891774 -0.802957 -0 0.689956 0.83274
-0.98995 -0.98995 -0 0.693303 0.777424
-0.891774 -0.802957 -0 0.689956 0.83274
-1.0404 -0.936783 -0 0.705156 0.786626
-0.98995 -0.98995 -0 0.693303 0.777424
-0.98995 -0.98995 -0 0.693303 0.777424
-1.0404 -0.936783 -0 0.705156 0.786626
-1.13137 -1.13137 -0 0.704594 0.735626
-1.0404 -0.936783 -0 0.705156 0.786626
-1.18903 -1.07061 -0 0.716368 0.746531
-1.13137 -1.13137 -0 0.704594 0.735626
-1.13137 -1.13137 -0 0.704594 0.735626
-1.18903 -1.07061 -0 0.716368 0.746531
-1.27279 -1.27279 -0 0.713236 0.699803
-1.18903 -1.07061 -0 0.716368 0.746531
-1.33766 -1.20444 -0 0.725932 0.711757
-1.27279 -1.27279 -0 0.713236 0.699803
-1.27279 -1.27279 -0 0.713236 0.699803
-1.33766 -1.20444 -0 0.725932 0.711757
-1.41421 -1.41421 -0 0.719649 0.669228
-1.33766 -1.20444 -0 0.725932 0.711757
-1.48629 -1.33826 -0 0.733519 0.680049
-1.41421 -1.41421 -0 0.719649 0.669228
-1.41421 -1.41421 -0 0.719649 0.669228
-1.48629 -1.33826 -0 0.733519 0.680049
-1.55563 -1.55563 -0 0.725239 0.642149
-1.48629 -1.33826 -0 0.733519 0.680049
-1.63492 -1.47209 -0 0.739257 0.651955
-1.55563 -1.55563 -0 0.725239 0.642149
-1.55563 -1.55563 -0 0.725239 0.642149
-1.63492 -1.47209 -0 0.739257 0.651955
-1.84142 -1.84142 0.04 0.736104 0.588625
-1.63492 -1.47209 -0 0.739257 0.651955
-1.93527 -1.74253 0.04 0.749878 0.600409
-1.84142 -1.84142 0.04 0.736104 0.588625
-1.84142 -1.84142 0.04 0.736104 0.588625
-1.93527 -1.74253 0.04 0.749878 0.600409
-1.98284 -1.98284 0.16 0.744769 0.548302
-1.93527 -1.74253 0.04 0.749878 0.600409
-2.0839 -1.87635 0.16 0.759097 0.561274
-1.98284 -1.98284 0.16 0.744769 0.548302
-1.98284 -1.98284 0.16 0.744769 0.548302
-2.0839 -1.87635 0.16 0.759097 0.561274
-2.12426 -2.12426 0.36 0.755136 0.498968
-2.0839 -1.87635 0.16 0.759097 0.561274
-2.23253 -2.01018 0.36 0.770634 0.51118
-2.12426 -2.12426 0.36 0.755136 0.498968
-2.12426 -2.12426 0.36 0.755136 0.498968
-2.23253 -2.01018 0.36 0.770634 0.51118
-2.26569 -2.26569 0.64 0.766766 0.440305
-2.23253 -2.01018 0.36 0.770634 0.51118
-2.38116 -2.144 0.64 0.782893 0.452363
-2.26569 -2.26569 0.64 0.766766 0.440305
-2.26569 -2.26569 0.64 0.766766 0.440305
-2.38116 -2.144 0.64 0.782893 0.452363
-2.40711 -2.40711 1 0.777599 0.369613
-2.38116 -2.144 0.64 0.782893 0.452363
-2.52979 -2.27783 1 0.794549 0.382479
-2.40711 -2.40711 1 0.777599 0.369613
-2.40711 -2.40711 1 0.777599 0.369613
-2.52979 -2.27783 1 0.794549 0.382479
-2.54853 -2.54853 1.44 0.786665 0.291971
-2.52979 -2.27783 1 0.794549 0.382479
-2.67842 -2.41166 1.44 0.804011 0.303118
-2.54853 -2.54853 1.44 0.786665 0.291971
-2.54853 -2.54853 1.44 0.786665 0.291971
-2.67842 -2.41166 1.44 0.804011 0.303118
-2.68995 -2.68995 1.96 0.792394 0.210245
-2.67842 -2.41166 1.44 0.804011 0.303118
-2.82704 -2.54548 1.96 0.810049 0.220565
-2.68995 -2.68995 1.96 0.792394 0.210245
-2.68995 -2.68995 1.96 0.792394 0.210245
-2.82704 -2.54548 1.96 0.810049 0.220565
-2.83137 -2.83137 2.56 0.793337 0.127508
-2.82704 -2.54548 1.96 0.810049 0.220565
-2.97567 -2.67931 2.56 0.811 0.136668
-2.83137 -2.83137 2.56 0.793337 0.127508
-0.133826 -0.464281 -0 0.531893 0.99705
-0.141421 -0.464281 -0 0.534268 0.996734
-0.267652 -0.464281 -0 0.569275 0.990288
-0.141421 -0.464281 -0 0.534268 0.996734
-0.282843 -0.464281 -0 0.573835 0.989199
-0.267652 -0.464281 -0 0.569275 0.990288
-0.267652 -0.464281 -0 0.569275 0.990288
-0.282843 -0.464281 -0 0.573835 0.989199
-0.401478 -0.464281 -0 0.603577 0.981508
-0.282843 -0.464281 -0 0.573835 0.989199
-0.424264 -0.464281 -0 0.610012 0.979325
-0.401478 -0.464281 -0 0.603577 0.981508
-0.401478 -0.464281 -0 0.603577 0.981508
-0.424264 -0.464281 -0 0.610012 0.979325
-0.535304 -0.594516 -0 0.630766 0.925718
-0.424264 -0.464281 -0 0.610012 0.979325
-0.565685 -0.565685 -0 0.638991 0.932965
-0.535304 -0.594516 -0 0.630766 0.925718
-0.535304 -0.594516 -0 0.630766 0.925718
-0.565685 -0.565685 -0 0.638991 0.932965
-0.669131 -0.743145 -0 0.65241 0.867459
-0.565685 -0.565685 -0 0.638991 0.932965
-0.707107 -0.707107 -0 0.662003 0.87516
-0.669131 -0.743145 -0 0.65241 0.867459
-0.669131 -0.743145 -0 0.65241 0.867459
-0.707107 -0.707107 -0 0.662003 0.87516
-0.802957 -0.891774 -0 0.668312 0.81569
-0.707107 -0.707107 -0 0.662003 0.87516
-0.848528 -0.848528 -0 0.679334 0.82328
-0.802957 -0.891774 -0 0.668312 0.81569
-0.802957 -0.891774 -0 0.668312 0.81569
-0.848528 -0.848528 -0 0.679334 0.82328
-0.936783 -1.0404 -0 0.682328 0.768146
-0.848528 -0.848528 -0 0.679334 0.82328
-0.98995 -0.98995 -0 0.693303 0.777424
-0.936783 -1.0404 -0 0.682328 0.768146
-0.936783 -1.0404 -0 0.682328 0.768146
-0.98995 -0.98995 -0 0.693303 0.777424
-1.07061 -1.18903 -0 0.692264 0.727218
-0.98995 -0.98995 -0 0.693303 0.777424
-1.13137 -1.13137 -0 0.704594 0.735626
-1.07061 -1.18903 -0 0.692264 0.727218
-1.07061 -1.18903 -0 0.692264 0.727218
-1.13137 -1.13137 -0 0.704594 0.735626
-1.20444 -1.33766 -0 0.699838 0.690492
-1.13137 -1.13137 -0 0.704594 0.735626
-1.27279 -1.27279 -0 0.713236 0.699803
-1.20444 -1.33766 -0 0.699838 0.690492
-1.20444 -1.33766 -0 0.699838 0.690492
-1.27279 -1.27279 -0 0.713236 0.699803
-1.33826 -1.48629 -0 0.706274 0.658776
-1.27279 -1.27279 -0 0.713236 0.699803
-1.41421 -1.41421 -0 0.719649 0.669228
-1.33826 -1.48629 -0 0.706274 0.658776
-1.33826 -1.48629 -0 0.706274 0.658776
-1.41421 -1.41421 -0 0.719649 0.669228
-1.47209 -1.63492 -0 0.71191 0.630711
-1.41421 -1.41421 -0 0.719649 0.669228
-1.55563 -1.55563 -0 0.725239 0.642149
-1.47209 -1.63492 -0 0.71191 0.630711
-1.47209 -1.63492 -0 0.71191 0.630711
-1.55563 -1.55563 -0 0.725239 0.642149
-1.74253 -1.93527 0.04 0.720701 0.578126
-1.55563 -1.55563 -0 0.725239 0.642149
-1.84142 -1.84142 0.04 0.736104 0.588625
-1.74253 -1.93527 0.04 0.720701 0.578126
-1.74253 -1.93527 0.04 0.720701 0.578126
-1.84142 -1.84142 0.04 0.736104 0.588625
-1.87635 -2.0839 0.16 0.729646 0.538837
-1.84142 -1.84142 0.04 0.736104 0.588625
-1.98284 -1.98284 0.16 0.744769 0.548302
-1.87635 -2.0839 0.16 0.729646 0.538837
-1.87635 -2.0839 0.16 0.729646 0.538837
-1.98284 -1.98284 0.16 0.744769 0.548302
-2.01018 -2.23253 0.36 0.73963 0.488009
-1.98284 -1.98284 0.16 0.744769 0.548302
-2.12426 -2.12426 0.36 0.755136 0.498968
-2.01018 -2.23253 0.36 0.73963 0.488009
-2.01018 -2.23253 0.36 0.73963 0.488009
-2.12426 -2.12426 0.36 0.755136 0.498968
-2.144 -2.38116 0.64 0.750356 0.429751
-2.12426 -2.12426 0.36 0.755136 0.498968
-2.26569 -2.26569 0.64 0.766766 0.440305
-2.144 -2.38116 0.64 0.750356 0.429751
-2.144 -2.38116 0.64 0.750356 0.429751
-2.26569 -2.26569 0.64 0.766766 0.440305
-2.27783 -2.52979 1 0.760818 0.358635
-2.26569 -2.26569 0.64 0.766766 0.440305
-2.40711 -2.40711 1 0.777599 0.369613
-2.27783 -2.52979 1 0.760818 0.358635
-2.27783 -2.52979 1 0.760818 0.358635
-2.40711 -2.40711 1 0.777599 0.369613
-2.41166 -2.67842 1.44 0.768831 0.281193
-2.40711 -2.40711 1 0.777599 0.369613
-2.54853 -2.54853 1.44 0.786665 0.291971
-2.41166 -2.67842 1.44 0.768831 0.281193
-2.41166 -2.67842 1.44 0.768831 0.281193
-2.54853 -2.54853 1.44 0.786665 0.291971
-2.54548 -2.82704 1.96 0.774042 0.199604
-2.54853 -2.54853 1.44 0.786665 0.291971
-2.68995 -2.68995 1.96 0.792394 0.210245
-2.54548 -2.82704 1.96 0.774042 0.199604
-2.54548 -2.82704 1.96 0.774042 0.199604
-2.68995 -2.68995 1.96 0.792394 0.210245
-2.67931 -2.97567 2.56 0.774796 0.11723
-2.68995 -2.68995 1.96 0.792394 0.210245
-2.83137 -2.83137 2.56 0.793337 0.127508
-2.67931 -2.97567 2.56 0.774796 0.11723
-0.125864 -0.464281 -0 0.529513 0.997352
-0.133826 -0.464281 -0 0.531893 0.99705
-0.251728 -0.464281 -0 0.564686 0.991325
-0.133826 -0.464281 -0 0.531893 0.99705
-0.267652 -0.464281 -0 0.569275 0.990288
-0.251728 -0.464281 -0 0.564686 0.991325
-0.251728 -0.464281 -0 0.564686 0.991325
-0.267652 -0.464281 -0 0.569275 0.990288
-0.377592 -0.466288 -0 0.598366 0.982339
-0.267652 -0.464281 -0 0.569275 0.990288
-0.401478 -0.464281 -0 0.603577 0.981508
-0.377592 -0.466288 -0 0.598366 0.982339
-0.377592 -0.466288 -0 0.598366 0.982339
-0.401478 -0.464281 -0 0.603577 0.981508
-0.503456 -0.621717 -0 0.622882 0.918584
-0.401478 -0.464281 -0 0.603577 0.981508
-0.535304 -0.594516 -0 0.630766 0.925718
-0.503456 -0.621717 -0 0.622882 0.918584
-0.503456 -0.621717 -0 0.622882 0.918584
-0.535304 -0.594516 -0 0.630766 0.925718
-0.62932 -0.777146 -0 0.641833 0.860486
-0.535304 -0.594516 -0 0.630766 0.925718
-0.669131 -0.743145 -0 0.65241 0.867459
-0.62932 -0.777146 -0 0.641833 0.860486
-0.62932 -0.777146 -0 0.641833 0.860486
-0.669131 -0.743145 -0 0.65241 0.867459
-0.755184 -0.932575 -0 0.657639 0.806829
-0.669131 -0.743145 -0 0.65241 0.867459
-0.802957 -0.891774 -0 0.668312 0.81569
-0.755184 -0.932575 -0 0.657639 0.806829
-0.755184 -0.932575 -0 0.657639 0.806829
-0.802957 -0.891774 -0 0.668312 0.81569
-0.881049 -1.088 -0 0.670447 0.757949
-0.802957 -0.891774 -0 0.668312 0.81569
-0.936783 -1.0404 -0 0.682328 0.768146
-0.881049 -1.088 -0 0.670447 0.757949
-0.881049 -1.088 -0 0.670447 0.757949
-0.936783 -1.0404 -0 0.682328 0.768146
-1.00691 -1.24343 -0 0.678884 0.71794
-0.936783 -1.0404 -0 0.682328 0.768146
-1.07061 -1.18903 -0 0.692264 0.727218
-1.00691 -1.24343 -0 0.678884 0.71794
-1.00691 -1.24343 -0 0.678884 0.71794
-1.07061 -1.18903 -0 0.692264 0.727218
-1.13278 -1.39886 -0 0.686402 0.679865
-1.07061 -1.18903 -0 0.692264 0.727218
-1.20444 -1.33766 -0 0.699838 0.690492
-1.13278 -1.39886 -0 0.686402 0.679865
-1.13278 -1.39886 -0 0.686402 0.679865
-1.20444 -1.33766 -0 0.699838 0.690492
-1.25864 -1.55429 -0 0.692827 0.647018
-1.20444 -1.33766 -0 0.699838 0.690492
-1.33826 -1.48629 -0 0.706274 0.658776
-1.25864 -1.55429 -0 0.692827 0.647018
-1.25864 -1.55429 -0 0.692827 0.647018
-1.33826 -1.48629 -0 0.706274 0.658776
-1.3845 -1.70972 -0 0.697147 0.620631
-1.33826 -1.48629 -0 0.706274 0.658776
-1.47209 -1.63492 -0 0.71191 0.630711
-1.3845 -1.70972 -0 0.697147 0.620631
-1.3845 -1.70972 -0 0.697147 0.620631
-1.47209 -1.63492 -0 0.71191 0.630711
-1.63885 -2.02381 0.04 0.705996 0.566306
-1.47209 -1.63492 -0 0.71191 0.630711
-1.74253 -1.93527 0.04 0.720701 0.578126
-1.63885 -2.02381 0.04 0.705996 0.566306
-1.63885 -2.02381 0.04 0.705996 0.566306
-1.74253 -1.93527 0.04 0.720701 0.578126
-1.76472 -2.17924 0.16 0.714085 0.528478
-1.74253 -1.93527 0.04 0.720701 0.578126
-1.87635 -2.0839 0.16 0.729646 0.538837
-1.76472 -2.17924 0.16 0.714085 0.528478
-1.76472 -2.17924 0.16 0.714085 0.528478
-1.87635 -2.0839 0.16 0.729646 0.538837
-1.89058 -2.33467 0.36 0.723493 0.478675
-1.87635 -2.0839 0.16 0.729646 0.538837
-2.01018 -2.23253 0.36 0.73963 0.488009
-1.89058 -2.33467 0.36 0.723493 0.478675
-1.89058 -2.33467 0.36 0.723493 0.478675
-2.01018 -2.23253 0.36 0.73963 0.488009
-2.01645 -2.4901 0.64 0.733004 0.418581
-2.01018 -2.23253 0.36 0.73963 0.488009
-2.144 -2.38116 0.64 0.750356 0.429751
-2.01645 -2.4901 0.64 0.733004 0.418581
-2.01645 -2.4901 0.64 0.733004 0.418581
-2.144 -2.38116 0.64 0.750356 0.429751
-2.14231 -2.64553 1 0.743003 0.349493
-2.144 -2.38116 0.64 0.750356 0.429751
-2.27783 -2.52979 1 0.760818 0.358635
-2.14231 -2.64553 1 0.743003 0.349493
-2.14231 -2.64553 1 0.743003 0.349493
-2.27783 -2.52979 1 0.760818 0.358635
-2.26817 -2.80096 1.44 0.751019 0.271041
-2.27783 -2.52979 1 0.760818 0.358635
-2.41166 -2.67842 1.44 0.768831 0.281193
-2.26817 -2.80096 1.44 0.751019 0.271041
-2.26817 -2.80096 1.44 0.751019 0.271041
-2.41166 -2.67842 1.44 0.768831 0.281193
-2.39404 -2.95639 1.96 0.755889 0.190484
-2.41166 -2.67842 1.44 0.768831 0.281193
-2.54548 -2.82704 1.96 0.774042 0.199604
-2.39404 -2.95639 1.96 0.755889 0.190484
-2.39404 -2.95639 1.96 0.755889 0.190484
-2.54548 -2.82704 1.96 0.774042 0.199604
-2.5199 -3.11182 2.56 0.756476 0.109275
-2.54548 -2.82704 1.96 0.774042 0.199604
-2.67931 -2.97567 2.56 0.774796 0.11723
-2.5199 -3.11182 2.56 0.756476 0.109275
-0.117557 -0.464281 -0 0.527129 0.997639
-0.125864 -0.464281 -0 0.529513 0.997352
-0.235114 -0.464281 -0 0.56007 0.992309
-0.125864 -0.464281 -0 0.529513 0.997352
-0.251728 -0.464281 -0 0.564686 0.991325
-0.235114 -0.464281 -0 0.56007 0.992309
-0.235114 -0.464281 -0 0.56007 0.992309
-0.251728 -0.464281 -0 0.564686 0.991325
-0.352671 -0.48541 -0 0.591178 0.977543
-0.251728 -0.464281 -0 0.564686 0.991325
-0.377592 -0.466288 -0 0.598366 0.982339
-0.352671 -0.48541 -0 0.591178 0.977543
-0.352671 -0.48541 -0 0.591178 0.977543
-0.377592 -0.466288 -0 0.598366 0.982339
-0.470228 -0.647214 -0 0.61402 0.913386
-0.377592 -0.466288 -0 0.598366 0.982339
-0.503456 -0.621717 -0 0.622882 0.918584
-0.470228 -0.647214 -0 0.61402 0.913386
-0.470228 -0.647214 -0 0.61402 0.913386
-0.503456 -0.621717 -0 0.622882 0.918584
-0.587785 -0.809017 -0 0.633022 0.851925
-0.503456 -0.621717 -0 0.622882 0.918584
-0.62932 -0.777146 -0 0.641833 0.860486
-0.587785 -0.809017 -0 0.633022 0.851925
-0.587785 -0.809017 -0 0.633022 0.851925
-0.62932 -0.777146 -0 0.641833 0.860486
-0.705342 -0.97082 -0 0.647182 0.798527
-0.62932 -0.777146 -0 0.641833 0.860486
-0.755184 -0.932575 -0 0.657639 0.806829
-0.705342 -0.97082 -0 0.647182 0.798527
-0.705342 -0.97082 -0 0.647182 0.798527
-0.755184 -0.932575 -0 0.657639 0.806829
-0.822899 -1.13262 -0 0.658378 0.750444
-0.755184 -0.932575 -0 0.657639 0.806829
-0.881049 -1.088 -0 0.670447 0.757949
-0.822899 -1.13262 -0 0.658378 0.750444
-0.822899 -1.13262 -0 0.658378 0.750444
-0.881049 -1.088 -0 0.670447 0.757949
-0.940456 -1.29443 -0 0.666933 0.706989
-0.881049 -1.088 -0 0.670447 0.757949
-1.00691 -1.24343 -0 0.678884 0.71794
-0.940456 -1.29443 -0 0.666933 0.706989
-0.940456 -1.29443 -0 0.666933 0.706989
-1.00691 -1.24343 -0 0.678884 0.71794
-1.05801 -1.45623 -0 0.672885 0.670246
-1.00691 -1.24343 -0 0.678884 0.71794
-1.13278 -1.39886 -0 0.686402 0.679865
-1.05801 -1.45623 -0 0.672885 0.670246
-1.05801 -1.45623 -0 0.672885 0.670246
-1.13278 -1.39886 -0 0.686402 0.679865
-1.17557 -1.61803 -0 0.679119 0.638769
-1.13278 -1.39886 -0 0.686402 0.679865
-1.25864 -1.55429 -0 0.692827 0.647018
-1.17557 -1.61803 -0 0.679119 0.638769
-1.17557 -1.61803 -0 0.679119 0.638769
-1.25864 -1.55429 -0 0.692827 0.647018
-1.29313 -1.77984 -0 0.682172 0.611865
-1.25864 -1.55429 -0 0.692827 0.647018
-1.3845 -1.70972 -0 0.697147 0.620631
-1.29313 -1.77984 -0 0.682172 0.611865
-1.29313 -1.77984 -0 0.682172 0.611865
-1.3845 -1.70972 -0 0.697147 0.620631
-1.53069 -2.10681 0.04 0.691095 0.555973
-1.3845 -1.70972 -0 0.697147 0.620631
-1.63885 -2.02381 0.04 0.705996 0.566306
-1.53069 -2.10681 0.04 0.691095 0.555973
-1.53069 -2.10681 0.04 0.691095 0.555973
-1.63885 -2.02381 0.04 0.705996 0.566306
-1.64825 -2.26862 0.16 0.698258 0.517268
-1.63885 -2.02381 0.04 0.705996 0.566306
-1.76472 -2.17924 0.16 0.714085 0.528478
-1.64825 -2.26862 0.16 0.698258 0.517268
-1.64825 -2.26862 0.16 0.698258 0.517268
-1.76472 -2.17924 0.16 0.714085 0.528478
-1.7658 -2.43042 0.36 0.706921 0.468725
-1.76472 -2.17924 0.16 0.714085 0.528478
-1.89058 -2.33467 0.36 0.723493 0.478675
-1.7658 -2.43042 0.36 0.706921 0.468725
-1.7658 -2.43042 0.36 0.706921 0.468725
-1.89058 -2.33467 0.36 0.723493 0.478675
-1.88336 -2.59222 0.64 0.715949 0.407003
-1.89058 -2.33467 0.36 0.723493 0.478675
-2.01645 -2.4901 0.64 0.733004 0.418581
-1.88336 -2.59222 0.64 0.715949 0.407003
-1.88336 -2.59222 0.64 0.715949 0.407003
-2.01645 -2.4901 0.64 0.733004 0.418581
-2.00092 -2.75403 1 0.724981 0.338176
-2.01645 -2.4901 0.64 0.733004 0.418581
-2.14231 -2.64553 1 0.743003 0.349493
-2.00092 -2.75403 1 0.724981 0.338176
-2.00092 -2.75403 1 0.724981 0.338176
-2.14231 -2.64553 1 0.743003 0.349493
-2.11847 -2.91583 1.44 0.731957 0.26096
-2.14231 -2.64553 1 0.743003 0.349493
-2.26817 -2.80096 1.44 0.751019 0.271041
-2.11847 -2.91583 1.44 0.731957 0.26096
-2.11847 -2.91583 1.44 0.731957 0.26096
-2.26817 -2.80096 1.44 0.751019 0.271041
-2.23603 -3.07763 1.96 0.736674 0.180505
-2.26817 -2.80096 1.44 0.751019 0.271041
-2.39404 -2.95639 1.96 0.755889 0.190484
-2.23603 -3.07763 1.96 0.736674 0.180505
-2.23603 -3.07763 1.96 0.736674 0.180505
-2.39404 -2.95639 1.96 0.755889 0.190484
-2.35359 -3.23944 2.56 0.738513 0.101371
-2.39404 -2.95639 1.96 0.755889 0.190484
-2.5199 -3.11182 2.56 0.756476 0.109275
-2.35359 -3.23944 2.56 0.738513 0.101371
-0.108928 -0.464281 -0 0.524742 0.997911
-0.117557 -0.464281 -0 0.527129 0.997639
-0.217856 -0.464281 -0 0.55543 0.993239
-0.117557 -0.464281 -0 0.527129 0.997639
-0.235114 -0.464281 -0 0.56007 0.992309
-0.217856 -0.464281 -0 0.55543 0.993239
-0.217856 -0.464281 -0 0.55543 0.993239
-0.235114 -0.464281 -0 0.56007 0.992309
-0.326783 -0.503202 -0 0.583454 0.973324
-0.235114 -0.464281 -0 0.56007 0.992309
-0.352671 -0.48541 -0 0.591178 0.977543
-0.326783 -0.503202 -0 0.583454 0.973324
-0.326783 -0.503202 -0 0.583454 0.973324
-0.352671 -0.48541 -0 0.591178 0.977543
-0.435711 -0.670936 -0 0.604696 0.907693
-0.352671 -0.48541 -0 0.591178 0.977543
-0.470228 -0.647214 -0 0.61402 0.913386
-0.435711 -0.670936 -0 0.604696 0.907693
-0.435711 -0.670936 -0 0.604696 0.907693
-0.470228 -0.647214 -0 0.61402 0.913386
-0.544639 -0.838671 -0 0.621873 0.846327
-0.470228 -0.647214 -0 0.61402 0.913386
-0.587785 -0.809017 -0 0.633022 0.851925
-0.544639 -0.838671 -0 0.621873 0.846327
-0.544639 -0.838671 -0 0.621873 0.846327
-0.587785 -0.809017 -0 0.633022 0.851925
-0.653567 -1.0064 -0 0.634482 0.791781
-0.587785 -0.809017 -0 0.633022 0.851925
-0.705342 -0.97082 -0 0.647182 0.798527
-0.653567 -1.0064 -0 0.634482 0.791781
-0.653567 -1.0064 -0 0.634482 0.791781
-0.705342 -0.97082 -0 0.647182 0.798527
-0.762495 -1.17414 -0 0.645498 0.74223
-0.705342 -0.97082 -0 0.647182 0.798527
-0.822899 -1.13262 -0 0.658378 0.750444
-0.762495 -1.17414 -0 0.645498 0.74223
-0.762495 -1.17414 -0 0.645498 0.74223
-0.822899 -1.13262 -0 0.658378 0.750444
-0.871422 -1.34187 -0 0.653686 0.699679
-0.822899 -1.13262 -0 0.658378 0.750444
-0.940456 -1.29443 -0 0.666933 0.706989
-0.871422 -1.34187 -0 0.653686 0.699679
-0.871422 -1.34187 -0 0.653686 0.699679
-0.940456 -1.29443 -0 0.666933 0.706989
-0.98035 -1.50961 -0 0.659511 0.661899
-0.940456 -1.29443 -0 0.666933 0.706989
-1.05801 -1.45623 -0 0.672885 0.670246
-0.98035 -1.50961 -0 0.659511 0.661899
-0.98035 -1.50961 -0 0.659511 0.661899
-1.05801 -1.45623 -0 0.672885 0.670246
-1.08928 -1.67734 -0 0.664414 0.629848
-1.05801 -1.45623 -0 0.672885 0.670246
-1.17557 -1.61803 -0 0.679119 0.638769
-1.08928 -1.67734 -0 0.664414 0.629848
-1.08928 -1.67734 -0 0.664414 0.629848
-1.17557 -1.61803 -0 0.679119 0.638769
-1.19821 -1.84508 -0 0.667361 0.60216
-1.17557 -1.61803 -0 0.679119 0.638769
-1.29313 -1.77984 -0 0.682172 0.611865
-1.19821 -1.84508 -0 0.667361 0.60216
-1.19821 -1.84508 -0 0.667361 0.60216
-1.29313 -1.77984 -0 0.682172 0.611865
-1.41833 -2.18404 0.04 0.674932 0.547538
-1.29313 -1.77984 -0 0.682172 0.611865
-1.53069 -2.10681 0.04 0.691095 0.555973
-1.41833 -2.18404 0.04 0.674932 0.547538
-1.41833 -2.18404 0.04 0.674932 0.547538
-1.53069 -2.10681 0.04 0.691095 0.555973
-1.52726 -2.35177 0.16 0.681043 0.507953
-1.53069 -2.10681 0.04 0.691095 0.555973
-1.64825 -2.26862 0.16 0.698258 0.517268
-1.52726 -2.35177 0.16 0.681043 0.507953
-1.52726 -2.35177 0.16 0.681043 0.507953
-1.64825 -2.26862 0.16 0.698258 0.517268
-1.63618 -2.5195 0.36 0.690115 0.458225
-1.64825 -2.26862 0.16 0.698258 0.517268
-1.7658 -2.43042 0.36 0.706921 0.468725
-1.63618 -2.5195 0.36 0.690115 0.458225
-1.63618 -2.5195 0.36 0.690115 0.458225
-1.7658 -2.43042 0.36 0.706921 0.468725
-1.74511 -2.68724 0.64 0.698655 0.400047
-1.7658 -2.43042 0.36 0.706921 0.468725
-1.88336 -2.59222 0.64 0.715949 0.407003
-1.74511 -2.68724 0.64 0.698655 0.400047
-1.74511 -2.68724 0.64 0.698655 0.400047
-1.88336 -2.59222 0.64 0.715949 0.407003
-1.85404 -2.85497 1 0.706401 0.329072
-1.88336 -2.59222 0.64 0.715949 0.407003
-2.00092 -2.75403 1 0.724981 0.338176
-1.85404 -2.85497 1 0.706401 0.329072
-1.85404 -2.85497 1 0.706401 0.329072
-2.00092 -2.75403 1 0.724981 0.338176
-1.96297 -3.02271 1.44 0.713841 0.251883
-2.00092 -2.75403 1 0.724981 0.338176
-2.11847 -2.91583 1.44 0.731957 0.26096
-1.96297 -3.02271 1.44 0.713841 0.251883
-1.96297 -3.02271 1.44 0.713841 0.251883
-2.11847 -2.91583 1.44 0.731957 0.26096
-2.0719 -3.19044 1.96 0.717962 0.17197
-2.11847 -2.91583 1.44 0.731957 0.26096
-2.23603 -3.07763 1.96 0.736674 0.180505
-2.0719 -3.19044 1.96 0.717962 0.17197
-2.0719 -3.19044 1.96 0.717962 0.17197
-2.23603 -3.07763 1.96 0.736674 0.180505
-2.18082 -3.35817 2.56 0.719608 0.0933197
-2.23603 -3.07763 1.96 0.736674 0.180505
-2.35359 -3.23944 2.56 0.738513 0.101371
-2.18082 -3.35817 2.56 0.719608 0.0933197
-0.1 -0.464281 -0 0.522351 0.998168
-0.108928 -0.464281 -0 0.524742 0.997911
-0.2 -0.464281 -0 0.550765 0.994114
-0.108928 -0.464281 -0 0.524742 0.997911
-0.217856 -0.464281 -0 0.55543 0.993239
-0.2 -0.464281 -0 0.550765 0.994114
-0.2 -0.464281 -0 0.550765 0.994114
-0.217856 -0.464281 -0 0.55543 0.993239
-0.3 -0.519615 -0 0.576582 0.968443
-0.217856 -0.464281 -0 0.55543 0.993239
-0.326783 -0.503202 -0 0.583454 0.973324
-0.3 -0.519615 -0 0.576582 0.968443
-0.3 -0.519615 -0 0.576582 0.968443
-0.326783 -0.503202 -0 0.583454 0.973324
-0.4 -0.69282 -0 0.595957 0.902485
-0.326783 -0.503202 -0 0.583454 0.973324
-0.435711 -0.670936 -0 0.604696 0.907693
-0.4 -0.69282 -0 0.595957 0.902485
-0.4 -0.69282 -0 0.595957 0.902485
-0.435711 -0.670936 -0 0.604696 0.907693
-0.5 -0.866025 -0 0.611453 0.839773
-0.435711 -0.670936 -0 0.604696 0.907693
-0.544639 -0.838671 -0 0.621873 0.846327
-0.5 -0.866025 -0 0.611453 0.839773
-0.5 -0.866025 -0 0.611453 0.839773
-0.544639 -0.838671 -0 0.621873 0.846327
-0.6 -1.03923 -0 0.623752 0.7836
-0.544639 -0.838671 -0 0.621873 0.846327
-0.653567 -1.0064 -0 0.634482 0.791781
-0.6 -1.03923 -0 0.623752 0.7836
-0.6 -1.03923 -0 0.623752 0.7836
-0.653567 -1.0064 -0 0.634482 0.791781
-0.7 -1.21244 -0 0.632966 0.735091
-0.653567 -1.0064 -0 0.634482 0.791781
-0.762495 -1.17414 -0 0.645498 0.74223
-0.7 -1.21244 -0 0.632966 0.735091
-0.7 -1.21244 -0 0.632966 0.735091
-0.762495 -1.17414 -0 0.645498 0.74223
-0.8 -1.38564 -0 0.639602 0.691725
-0.762495 -1.17414 -0 0.645498 0.74223
-0.871422 -1.34187 -0 0.653686 0.699679
-0.8 -1.38564 -0 0.639602 0.691725
-0.8 -1.38564 -0 0.639602 0.691725
-0.871422 -1.34187 -0 0.653686 0.699679
-0.9 -1.55885 -0 0.645109 0.65535
-0.871422 -1.34187 -0 0.653686 0.699679
-0.98035 -1.50961 -0 0.659511 0.661899
-0.9 -1.55885 -0 0.645109 0.65535
-0.9 -1.55885 -0 0.645109 0.65535
-0.98035 -1.50961 -0 0.659511 0.661899
-1 -1.73205 -0 0.64995 0.622529
-0.98035 -1.50961 -0 0.659511 0.661899
-1.08928 -1.67734 -0 0.664414 0.629848
-1 -1.73205 -0 0.64995 0.622529
-1 -1.73205 -0 0.64995 0.622529
-1.08928 -1.67734 -0 0.664414 0.629848
-1.1 -1.90526 -0 0.652804 0.594164
-1.08928 -1.67734 -0 0.664414 0.629848
-1.19821 -1.84508 -0 0.667361 0.60216
-1.1 -1.90526 -0 0.652804 0.594164
-1.1 -1.90526 -0 0.652804 0.594164
-1.19821 -1.84508 -0 0.667361 0.60216
-1.30208 -2.25527 0.04 0.658981 0.538429
-1.19821 -1.84508 -0 0.667361 0.60216
-1.41833 -2.18404 0.04 0.674932 0.547538
-1.30208 -2.25527 0.04 0.658981 0.538429
-1.30208 -2.25527 0.04 0.658981 0.538429
-1.41833 -2.18404 0.04 0.674932 0.547538
-1.40208 -2.42848 0.16 0.665191 0.500662
-1.41833 -2.18404 0.04 0.674932 0.547538
-1.52726 -2.35177 0.16 0.681043 0.507953
-1.40208 -2.42848 0.16 0.665191 0.500662
-1.40208 -2.42848 0.16 0.665191 0.500662
-1.52726 -2.35177 0.16 0.681043 0.507953
-1.50208 -2.60168 0.36 0.671997 0.44987
-1.52726 -2.35177 0.16 0.681043 0.507953
-1.63618 -2.5195 0.36 0.690115 0.458225
-1.50208 -2.60168 0.36 0.671997 0.44987
-1.50208 -2.60168 0.36 0.671997 0.44987
-1.63618 -2.5195 0.36 0.690115 0.458225
-1.60208 -2.77489 0.64 0.681108 0.390442
-1.63618 -2.5195 0.36 0.690115 0.458225
-1.74511 -2.68724 0.64 0.698655 0.400047
-1.60208 -2.77489 0.64 0.681108 0.390442
-1.60208 -2.77489 0.64 0.681108 0.390442
-1.74511 -2.68724 0.64 0.698655 0.400047
-1.70208 -2.94809 1 0.688535 0.320327
-1.74511 -2.68724 0.64 0.698655 0.400047
-1.85404 -2.85497 1 0.706401 0.329072
-1.70208 -2.94809 1 0.688535 0.320327
-1.70208 -2.94809 1 0.688535 0.320327
-1.85404 -2.85497 1 0.706401 0.329072
-1.80208 -3.1213 1.44 0.695388 0.245285
-1.85404 -2.85497 1 0.706401 0.329072
-1.96297 -3.02271 1.44 0.713841 0.251883
-1.80208 -3.1213 1.44 0.695388 0.245285
-1.80208 -3.1213 1.44 0.695388 0.245285
-1.96297 -3.02271 1.44 0.713841 0.251883
-1.90208 -3.2945 1.96 0.69937 0.164545
-1.96297 -3.02271 1.44 0.713841 0.251883
-2.0719 -3.19044 1.96 0.717962 0.17197
-1.90208 -3.2945 1.96 0.69937 0.164545
-1.90208 -3.2945 1.96 0.69937 0.164545
-2.0719 -3.19044 1.96 0.717962 0.17197
-2.00208 -3.46771 2.56 0.700048 0.0852269
-2.0719 -3.19044 1.96 0.717962 0.17197
-2.18082 -3.35817 2.56 0.719608 0.0933197
-2.00208 -3.46771 2.56 0.700048 0.0852269
-0.0907981 -0.464281 -0 0.519956 0.99841
-0.1 -0.464281 -0 0.522351 0.998168
-0.181596 -0.464281 -0 0.544902 0.99513
-0.1 -0.464281 -0 0.522351 0.998168
-0.2 -0.464281 -0 0.550765 0.994114
-0.181596 -0.464281 -0 0.544902 0.99513
-0.181596 -0.464281 -0 0.544902 0.99513
-0.2 -0.464281 -0 0.550765 0.994114
-0.272394 -0.534604 -0 0.569089 0.965284
-0.2 -0.464281 -0 0.550765 0.994114
-0.3 -0.519615 -0 0.576582 0.968443
-0.272394 -0.534604 -0 0.569089 0.965284
-0.272394 -0.534604 -0 0.569089 0.965284
-0.3 -0.519615 -0 0.576582 0.968443
-0.363192 -0.712805 -0 0.586835 0.896838
-0.3 -0.519615 -0 0.576582 0.968443
-0.4 -0.69282 -0 0.595957 0.902485
-0.363192 -0.712805 -0 0.586835 0.896838
-0.363192 -0.712805 -0 0.586835 0.896838
-0.4 -0.69282 -0 0.595957 0.902485
-0.453991 -0.891007 -0 0.600294 0.834382
-0.4 -0.69282 -0 0.595957 0.902485
-0.5 -0.866025 -0 0.611453 0.839773
-0.453991 -0.891007 -0 0.600294 0.834382
-0.453991 -0.891007 -0 0.600294 0.834382
-0.5 -0.866025 -0 0.611453 0.839773
-0.544789 -1.06921 -0 0.610603 0.77914
-0.5 -0.866025 -0 0.611453 0.839773
-0.6 -1.03923 -0 0.623752 0.7836
-0.544789 -1.06921 -0 0.610603 0.77914
-0.544789 -1.06921 -0 0.610603 0.77914
-0.6 -1.03923 -0 0.623752 0.7836
-0.635587 -1.24741 -0 0.619743 0.727346
-0.6 -1.03923 -0 0.623752 0.7836
-0.7 -1.21244 -0 0.632966 0.735091
-0.635587 -1.24741 -0 0.619743 0.727346
-0.635587 -1.24741 -0 0.619743 0.727346
-0.7 -1.21244 -0 0.632966 0.735091
-0.726385 -1.42561 -0 0.625966 0.68521
-0.7 -1.21244 -0 0.632966 0.735091
-0.8 -1.38564 -0 0.639602 0.691725
-0.726385 -1.42561 -0 0.625966 0.68521
-0.726385 -1.42561 -0 0.625966 0.68521
-0.8 -1.38564 -0 0.639602 0.691725
-0.817183 -1.60381 -0 0.629869 0.648256
-0.8 -1.38564 -0 0.639602 0.691725
-0.9 -1.55885 -0 0.645109 0.65535
-0.817183 -1.60381 -0 0.629869 0.648256
-0.817183 -1.60381 -0 0.629869 0.648256
-0.9 -1.55885 -0 0.645109 0.65535
-0.907981 -1.78201 -0 0.634631 0.614678
-0.9 -1.55885 -0 0.645109 0.65535
-1 -1.73205 -0 0.64995 0.622529
-0.907981 -1.78201 -0 0.634631 0.614678
-0.907981 -1.78201 -0 0.634631 0.614678
-1 -1.73205 -0 0.64995 0.622529
-0.998779 -1.96021 -0 0.637382 0.585651
-1 -1.73205 -0 0.64995 0.622529
-1.1 -1.90526 -0 0.652804 0.594164
-0.998779 -1.96021 -0 0.637382 0.585651
-0.998779 -1.96021 -0 0.637382 0.585651
-1.1 -1.90526 -0 0.652804 0.594164
-1.18227 -2.32033 0.04 0.643421 0.531438
-1.1 -1.90526 -0 0.652804 0.594164
-1.30208 -2.25527 0.04 0.658981 0.538429
-1.18227 -2.32033 0.04 0.643421 0.531438
-1.18227 -2.32033 0.04 0.643421 0.531438
-1.30208 -2.25527 0.04 0.658981 0.538429
-1.27306 -2.49853 0.16 0.648338 0.493012
-1.30208 -2.25527 0.04 0.658981 0.538429
-1.40208 -2.42848 0.16 0.665191 0.500662
-1.27306 -2.49853 0.16 0.648338 0.493012
-1.27306 -2.49853 0.16 0.648338 0.493012
-1.40208 -2.42848 0.16 0.665191 0.500662
-1.36386 -2.67673 0.36 0.655389 0.441266
-1.40208 -2.42848 0.16 0.665191 0.500662
-1.50208 -2.60168 0.36 0.671997 0.44987
-1.36386 -2.67673 0.36 0.655389 0.441266
-1.36386 -2.67673 0.36 0.655389 0.441266
-1.50208 -2.60168 0.36 0.671997 0.44987
-1.45466 -2.85493 0.64 0.662365 0.383184
-1.50208 -2.60168 0.36 0.671997 0.44987
-1.60208 -2.77489 0.64 0.681108 0.390442
-1.45466 -2.85493 0.64 0.662365 0.383184
-1.45466 -2.85493 0.64 0.662365 0.383184
-1.60208 -2.77489 0.64 0.681108 0.390442
-1.54546 -3.03313 1 0.669454 0.313932
-1.60208 -2.77489 0.64 0.681108 0.390442
-1.70208 -2.94809 1 0.688535 0.320327
-1.54546 -3.03313 1 0.669454 0.313932
-1.54546 -3.03313 1 0.669454 0.313932
-1.70208 -2.94809 1 0.688535 0.320327
-1.63626 -3.21133 1.44 0.676324 0.237071
-1.70208 -2.94809 1 0.688535 0.320327
-1.80208 -3.1213 1.44 0.695388 0.245285
-1.63626 -3.21133 1.44 0.676324 0.237071
-1.63626 -3.21133 1.44 0.676324 0.237071
-1.80208 -3.1213 1.44 0.695388 0.245285
-1.72705 -3.38953 1.96 0.680201 0.157864
-1.80208 -3.1213 1.44 0.695388 0.245285
-1.90208 -3.2945 1.96 0.69937 0.164545
-1.72705 -3.38953 1.96 0.680201 0.157864
-1.72705 -3.38953 1.96 0.680201 0.157864
-1.90208 -3.2945 1.96 0.69937 0.164545
-1.81785 -3.56774 2.56 0.68052 0.0785672
-1.90208 -3.2945 1.96 0.69937 0.164545
-2.00208 -3.46771 2.56 0.700048 0.0852269
-1.81785 -3.56774 2.56 0.68052 0.0785672
-0.0813473 -0.464281 -0 0.517559 0.998636
-0.0907981 -0.464281 -0 0.519956 0.99841
-0.162695 -0.464281 -0 0.540188 0.995879
-0.0907981 -0.464281 -0 0.519956 0.99841
-0.181596 -0.464281 -0 0.544902 0.99513
-0.162695 -0.464281 -0 0.540188 0.995879
-0.162695 -0.464281 -0 0.540188 0.995879
-0.181596 -0.464281 -0 0.544902 0.99513
-0.244042 -0.548127 -0 0.561356 0.961857
-0.181596 -0.464281 -0 0.544902 0.99513
-0.272394 -0.534604 -0 0.569089 0.965284
-0.244042 -0.548127 -0 0.561356 0.961857
-0.244042 -0.548127 -0 0.561356 0.961857
-0.272394 -0.534604 -0 0.569089 0.965284
-0.325389 -0.730836 -0 0.577136 0.892168
-0.272394 -0.534604 -0 0.569089 0.965284
-0.363192 -0.712805 -0 0.586835 0.896838
-0.325389 -0.730836 -0 0.577136 0.892168
-0.325389 -0.730836 -0 0.577136 0.892168
-0.363192 -0.712805 -0 0.586835 0.896838
-0.406737 -0.913545 -0 0.588445 0.83026
-0.363192 -0.712805 -0 0.586835 0.896838
-0.453991 -0.891007 -0 0.600294 0.834382
-0.406737 -0.913545 -0 0.588445 0.83026
-0.406737 -0.913545 -0 0.588445 0.83026
-0.453991 -0.891007 -0 0.600294 0.834382
-0.488084 -1.09625 -0 0.598508 0.77181
-0.453991 -0.891007 -0 0.600294 0.834382
-0.544789 -1.06921 -0 0.610603 0.77914
-0.488084 -1.09625 -0 0.598508 0.77181
-0.488084 -1.09625 -0 0.598508 0.77181
-0.544789 -1.06921 -0 0.610603 0.77914
-0.569431 -1.27896 -0 0.605652 0.721251
-0.544789 -1.06921 -0 0.610603 0.77914
-0.635587 -1.24741 -0 0.619743 0.727346
-0.569431 -1.27896 -0 0.605652 0.721251
-0.569431 -1.27896 -0 0.605652 0.721251
-0.635587 -1.24741 -0 0.619743 0.727346
-0.650779 -1.46167 -0 0.611645 0.678178
-0.635587 -1.24741 -0 0.619743 0.727346
-0.726385 -1.42561 -0 0.625966 0.68521
-0.650779 -1.46167 -0 0.611645 0.678178
-0.650779 -1.46167 -0 0.611645 0.678178
-0.726385 -1.42561 -0 0.625966 0.68521
-0.732126 -1.64438 -0 0.615337 0.640388
-0.726385 -1.42561 -0 0.625966 0.68521
-0.817183 -1.60381 -0 0.629869 0.648256
-0.732126 -1.64438 -0 0.615337 0.640388
-0.732126 -1.64438 -0 0.615337 0.640388
-0.817183 -1.60381 -0 0.629869 0.648256
-0.813473 -1.82709 -0 0.618352 0.608933
-0.817183 -1.60381 -0 0.629869 0.648256
-0.907981 -1.78201 -0 0.634631 0.614678
-0.813473 -1.82709 -0 0.618352 0.608933
-0.813473 -1.82709 -0 0.618352 0.608933
-0.907981 -1.78201 -0 0.634631 0.614678
-0.894821 -2.0098 -0 0.621014 0.579327
-0.907981 -1.78201 -0 0.634631 0.614678
-0.998779 -1.96021 -0 0.637382 0.585651
-0.894821 -2.0098 -0 0.621014 0.579327
-0.894821 -2.0098 -0 0.621014 0.579327
-0.998779 -1.96021 -0 0.637382 0.585651
-1.05921 -2.37902 0.04 0.627022 0.524095
-0.998779 -1.96021 -0 0.637382 0.585651
-1.18227 -2.32033 0.04 0.643421 0.531438
-1.05921 -2.37902 0.04 0.627022 0.524095
-1.05921 -2.37902 0.04 0.627022 0.524095
-1.18227 -2.32033 0.04 0.643421 0.531438
-1.14056 -2.56173 0.16 0.63202 0.485004
-1.18227 -2.32033 0.04 0.643421 0.531438
-1.27306 -2.49853 0.16 0.648338 0.493012
-1.14056 -2.56173 0.16 0.63202 0.485004
-1.14056 -2.56173 0.16 0.63202 0.485004
-1.27306 -2.49853 0.16 0.648338 0.493012
-1.2219 -2.74444 0.36 0.637839 0.435146
-1.27306 -2.49853 0.16 0.648338 0.493012
-1.36386 -2.67673 0.36 0.655389 0.441266
-1.2219 -2.74444 0.36 0.637839 0.435146
-1.2219 -2.74444 0.36 0.637839 0.435146
-1.36386 -2.67673 0.36 0.655389 0.441266
-1.30325 -2.92715 0.64 0.643798 0.375967
-1.36386 -2.67673 0.36 0.655389 0.441266
-1.45466 -2.85493 0.64 0.662365 0.383184
-1.30325 -2.92715 0.64 0.643798 0.375967
-1.30325 -2.92715 0.64 0.643798 0.375967
-1.45466 -2.85493 0.64 0.662365 0.383184
-1.3846 -3.10986 1 0.650218 0.305405
-1.45466 -2.85493 0.64 0.662365 0.383184
-1.54546 -3.03313 1 0.669454 0.313932
-1.3846 -3.10986 1 0.650218 0.305405
-1.3846 -3.10986 1 0.650218 0.305405
-1.54546 -3.03313 1 0.669454 0.313932
-1.46595 -3.29257 1.44 0.655831 0.229052
-1.54546 -3.03313 1 0.669454 0.313932
-1.63626 -3.21133 1.44 0.676324 0.237071
-1.46595 -3.29257 1.44 0.655831 0.229052
-1.46595 -3.29257 1.44 0.655831 0.229052
-1.63626 -3.21133 1.44 0.676324 0.237071
-1.54729 -3.47528 1.96 0.660386 0.150216
-1.63626 -3.21133 1.44 0.676324 0.237071
-1.72705 -3.38953 1.96 0.680201 0.157864
-1.54729 -3.47528 1.96 0.660386 0.150216
-1.54729 -3.47528 1.96 0.660386 0.150216
-1.72705 -3.38953 1.96 0.680201 0.157864
-1.62864 -3.65798 2.56 0.661115 0.0720194
-1.72705 -3.38953 1.96 0.680201 0.157864
-1.81785 -3.56774 2.56 0.68052 0.0785672
-1.62864 -3.65798 2.56 0.661115 0.0720194
-0.0716736 -0.464281 -0 0.513957 0.998948
-0.0813473 -0.464281 -0 0.517559 0.998636
-0.143347 -0.464281 -0 0.534268 0.996734
-0.0813473 -0.464281 -0 0.517559 0.998636
-0.162695 -0.464281 -0 0.540188 0.995879
-0.143347 -0.464281 -0 0.534268 0.996734
-0.143347 -0.464281 -0 0.534268 0.996734
-0.162695 -0.464281 -0 0.540188 0.995879
-0.215021 -0.560148 -0 0.553382 0.958147
-0.162695 -0.464281 -0 0.540188 0.995879
-0.244042 -0.548127 -0 0.561356 0.961857
-0.215021 -0.560148 -0 0.553382 0.958147
-0.215021 -0.560148 -0 0.553382 0.958147
-0.244042 -0.548127 -0 0.561356 0.961857
-0.286694 -0.746864 -0 0.566911 0.888559
-0.244042 -0.548127 -0 0.561356 0.961857
-0.325389 -0.730836 -0 0.577136 0.892168
-0.286694 -0.746864 -0 0.566911 0.888559
-0.286694 -0.746864 -0 0.566911 0.888559
-0.325389 -0.730836 -0 0.577136 0.892168
-0.358368 -0.93358 -0 0.577606 0.825409
-0.325389 -0.730836 -0 0.577136 0.892168
-0.406737 -0.913545 -0 0.588445 0.83026
-0.358368 -0.93358 -0 0.577606 0.825409
-0.358368 -0.93358 -0 0.577606 0.825409
-0.406737 -0.913545 -0 0.588445 0.83026
-0.430042 -1.1203 -0 0.585535 0.76812
-0.406737 -0.913545 -0 0.588445 0.83026
-0.488084 -1.09625 -0 0.598508 0.77181
-0.430042 -1.1203 -0 0.585535 0.76812
-0.430042 -1.1203 -0 0.585535 0.76812
-0.488084 -1.09625 -0 0.598508 0.77181
-0.501715 -1.30701 -0 0.592325 0.716697
-0.488084 -1.09625 -0 0.598508 0.77181
-0.569431 -1.27896 -0 0.605652 0.721251
-0.501715 -1.30701 -0 0.592325 0.716697
-0.501715 -1.30701 -0 0.592325 0.716697
-0.569431 -1.27896 -0 0.605652 0.721251
-0.573389 -1.49373 -0 0.596515 0.673107
-0.569431 -1.27896 -0 0.605652 0.721251
-0.650779 -1.46167 -0 0.611645 0.678178
-0.573389 -1.49373 -0 0.596515 0.673107
-0.573389 -1.49373 -0 0.596515 0.673107
-0.650779 -1.46167 -0 0.611645 0.678178
-0.645062 -1.68044 -0 0.600002 0.63462
-0.650779 -1.46167 -0 0.611645 0.678178
-0.732126 -1.64438 -0 0.615337 0.640388
-0.645062 -1.68044 -0 0.600002 0.63462
-0.645062 -1.68044 -0 0.600002 0.63462
-0.732126 -1.64438 -0 0.615337 0.640388
-0.716736 -1.86716 -0 0.602887 0.6026
-0.732126 -1.64438 -0 0.615337 0.640388
-0.813473 -1.82709 -0 0.618352 0.608933
-0.716736 -1.86716 -0 0.602887 0.6026
-0.716736 -1.86716 -0 0.602887 0.6026
-0.813473 -1.82709 -0 0.618352 0.608933
-0.788409 -2.05388 -0 0.605455 0.572476
-0.813473 -1.82709 -0 0.618352 0.608933
-0.894821 -2.0098 -0 0.621014 0.579327
-0.788409 -2.05388 -0 0.605455 0.572476
-0.788409 -2.05388 -0 0.605455 0.572476
-0.894821 -2.0098 -0 0.621014 0.579327
-0.933249 -2.4312 0.04 0.609773 0.519234
-0.894821 -2.0098 -0 0.621014 0.579327
-1.05921 -2.37902 0.04 0.627022 0.524095
-0.933249 -2.4312 0.04 0.609773 0.519234
-0.933249 -2.4312 0.04 0.609773 0.519234
-1.05921 -2.37902 0.04 0.627022 0.524095
-1.00492 -2.61791 0.16 0.614883 0.479538
-1.05921 -2.37902 0.04 0.627022 0.524095
-1.14056 -2.56173 0.16 0.63202 0.485004
-1.00492 -2.61791 0.16 0.614883 0.479538
-1.00492 -2.61791 0.16 0.614883 0.479538
-1.14056 -2.56173 0.16 0.63202 0.485004
-1.0766 -2.80463 0.36 0.619345 0.428886
-1.14056 -2.56173 0.16 0.63202 0.485004
-1.2219 -2.74444 0.36 0.637839 0.435146
-1.0766 -2.80463 0.36 0.619345 0.428886
-1.0766 -2.80463 0.36 0.619345 0.428886
-1.2219 -2.74444 0.36 0.637839 0.435146
-1.14827 -2.99134 0.64 0.625688 0.368847
-1.2219 -2.74444 0.36 0.637839 0.435146
-1.30325 -2.92715 0.64 0.643798 0.375967
-1.14827 -2.99134 0.64 0.625688 0.368847
-1.14827 -2.99134 0.64 0.625688 0.368847
-1.30325 -2.92715 0.64 0.643798 0.375967
-1.21994 -3.17806 1 0.631431 0.299708
-1.30325 -2.92715 0.64 0.643798 0.375967
-1.3846 -3.10986 1 0.650218 0.305405
-1.21994 -3.17806 1 0.631431 0.299708
-1.21994 -3.17806 1 0.631431 0.299708
-1.3846 -3.10986 1 0.650218 0.305405
-1.29162 -3.36478 1.44 0.636927 0.224229
-1.3846 -3.10986 1 0.650218 0.305405
-1.46595 -3.29257 1.44 0.655831 0.229052
-1.29162 -3.36478 1.44 0.636927 0.224229
-1.29162 -3.36478 1.44 0.636927 0.224229
-1.46595 -3.29257 1.44 0.655831 0.229052
-1.36329 -3.55149 1.96 0.640721 0.145277
-1.46595 -3.29257 1.44 0.655831 0.229052
-1.54729 -3.47528 1.96 0.660386 0.150216
-1.36329 -3.55149 1.96 0.640721 0.145277
-1.36329 -3.55149 1.96 0.640721 0.145277
-1.54729 -3.47528 1.96 0.660386 0.150216
-1.43496 -3.73821 2.56 0.641413 0.0665312
-1.54729 -3.47528 1.96 0.660386 0.150216
-1.62864 -3.65798 2.56 0.661115 0.0720194
-1.43496 -3.73821 2.56 0.641413 0.0665312
-0.0618034 -0.464281 -0 0.511552 0.999137
-0.0716736 -0.464281 -0 0.513957 0.998948
-0.123607 -0.464281 -0 0.529513 0.997352
-0.0716736 -0.464281 -0 0.513957 0.998948
-0.143347 -0.464281 -0 0.534268 0.996734
-0.123607 -0.464281 -0 0.529513 0.997352
-0.123607 -0.464281 -0 0.529513 0.997352
-0.143347 -0.464281 -0 0.534268 0.996734
-0.18541 -0.570634 -0 0.54504 0.955246
-0.143347 -0.464281 -0 0.534268 0.996734
-0.215021 -0.560148 -0 0.553382 0.958147
-0.18541 -0.570634 -0 0.54504 0.955246
-0.18541 -0.570634 -0 0.54504 0.955246
-0.215021 -0.560148 -0 0.553382 0.958147
-0.247214 -0.760845 -0 0.556219 0.886082
-0.215021 -0.560148 -0 0.553382 0.958147
-0.286694 -0.746864 -0 0.566911 0.888559
-0.247214 -0.760845 -0 0.556219 0.886082
-0.247214 -0.760845 -0 0.556219 0.886082
-0.286694 -0.746864 -0 0.566911 0.888559
-0.309017 -0.951057 -0 0.564892 0.820388
-0.286694 -0.746864 -0 0.566911 0.888559
-0.358368 -0.93358 -0 0.577606 0.825409
-0.309017 -0.951057 -0 0.564892 0.820388
-0.309017 -0.951057 -0 0.564892 0.820388
-0.358368 -0.93358 -0 0.577606 0.825409
-0.37082 -1.14127 -0 0.57211 0.764017
-0.358368 -0.93358 -0 0.577606 0.825409
-0.430042 -1.1203 -0 0.585535 0.76812
-0.37082 -1.14127 -0 0.57211 0.764017
-0.37082 -1.14127 -0 0.57211 0.764017
-0.430042 -1.1203 -0 0.585535 0.76812
-0.432624 -1.33148 -0 0.578513 0.71174
-0.430042 -1.1203 -0 0.585535 0.76812
-0.501715 -1.30701 -0 0.592325 0.716697
-0.432624 -1.33148 -0 0.578513 0.71174
-0.432624 -1.33148 -0 0.578513 0.71174
-0.501715 -1.30701 -0 0.592325 0.716697
-0.494427 -1.52169 -0 0.582411 0.667403
-0.501715 -1.30701 -0 0.592325 0.716697
-0.573389 -1.49373 -0 0.596515 0.673107
-0.494427 -1.52169 -0 0.582411 0.667403
-0.494427 -1.52169 -0 0.582411 0.667403
-0.573389 -1.49373 -0 0.596515 0.673107
-0.556231 -1.7119 -0 0.585693 0.628277
-0.573389 -1.49373 -0 0.596515 0.673107
-0.645062 -1.68044 -0 0.600002 0.63462
-0.556231 -1.7119 -0 0.585693 0.628277
-0.556231 -1.7119 -0 0.585693 0.628277
-0.645062 -1.68044 -0 0.600002 0.63462
-0.618034 -1.90211 -0 0.588447 0.595748
-0.645062 -1.68044 -0 0.600002 0.63462
-0.716736 -1.86716 -0 0.602887 0.6026
-0.618034 -1.90211 -0 0.588447 0.595748
-0.618034 -1.90211 -0 0.588447 0.595748
-0.716736 -1.86716 -0 0.602887 0.6026
-0.679837 -2.09232 -0 0.589188 0.568068
-0.716736 -1.86716 -0 0.602887 0.6026
-0.788409 -2.05388 -0 0.605455 0.572476
-0.679837 -2.09232 -0 0.589188 0.568068
-0.679837 -2.09232 -0 0.589188 0.568068
-0.788409 -2.05388 -0 0.605455 0.572476
-0.804731 -2.47671 0.04 0.59347 0.511233
-0.788409 -2.05388 -0 0.605455 0.572476
-0.933249 -2.4312 0.04 0.609773 0.519234
-0.804731 -2.47671 0.04 0.59347 0.511233
-0.804731 -2.47671 0.04 0.59347 0.511233
-0.933249 -2.4312 0.04 0.609773 0.519234
-0.866534 -2.66692 0.16 0.596987 0.473898
-0.933249 -2.4312 0.04 0.609773 0.519234
-1.00492 -2.61791 0.16 0.614883 0.479538
-0.866534 -2.66692 0.16 0.596987 0.473898
-0.866534 -2.66692 0.16 0.596987 0.473898
-1.00492 -2.61791 0.16 0.614883 0.479538
-0.928337 -2.85713 0.36 0.601598 0.422584
-1.00492 -2.61791 0.16 0.614883 0.479538
-1.0766 -2.80463 0.36 0.619345 0.428886
-0.928337 -2.85713 0.36 0.601598 0.422584
-0.928337 -2.85713 0.36 0.601598 0.422584
-1.0766 -2.80463 0.36 0.619345 0.428886
-0.990141 -3.04734 0.64 0.606707 0.36173
-1.0766 -2.80463 0.36 0.619345 0.428886
-1.14827 -2.99134 0.64 0.625688 0.368847
-0.990141 -3.04734 0.64 0.606707 0.36173
-0.990141 -3.04734 0.64 0.606707 0.36173
-1.14827 -2.99134 0.64 0.625688 0.368847
-1.05194 -3.23755 1 0.613206 0.294432
-1.14827 -2.99134 0.64 0.625688 0.368847
-1.21994 -3.17806 1 0.631431 0.299708
-1.05194 -3.23755 1 0.613206 0.294432
-1.05194 -3.23755 1 0.613206 0.294432
-1.21994 -3.17806 1 0.631431 0.299708
-1.11375 -3.42776 1.44 0.616764 0.217569
-1.21994 -3.17806 1 0.631431 0.299708
-1.29162 -3.36478 1.44 0.636927 0.224229
-1.11375 -3.42776 1.44 0.616764 0.217569
-1.11375 -3.42776 1.44 0.616764 0.217569
-1.29162 -3.36478 1.44 0.636927 0.224229
-1.17555 -3.61797 1.96 0.620937 0.139453
-1.29162 -3.36478 1.44 0.636927 0.224229
-1.36329 -3.55149 1.96 0.640721 0.145277
-1.17555 -3.61797 1.96 0.620937 0.139453
-1.17555 -3.61797 1.96 0.620937 0.139453
-1.36329 -3.55149 1.96 0.640721 0.145277
-1.23735 -3.80819 2.56 0.622602 0.0611494
-1.36329 -3.55149 1.96 0.640721 0.145277
-1.43496 -3.73821 2.56 0.641413 0.0665312
-1.23735 -3.80819 2.56 0.622602 0.0611494
-0.0517638 -0.464281 -0 0.507989 0.998514
-0.0618034 -0.464281 -0 0.511552 0.999137
-0.103528 -0.464281 -0 0.523547 0.998041
-0.0618034 -0.464281 -0 0.511552 0.999137
-0.123607 -0.464281 -0 0.529513 0.997352
-0.103528 -0.464281 -0 0.523547 0.998041
-0.103528 -0.464281 -0 0.523547 0.998041
-0.123607 -0.464281 -0 0.529513 0.997352
-0.155291 -0.579556 -0 0.536378 0.953204
-0.123607 -0.464281 -0 0.529513 0.997352
-0.18541 -0.570634 -0 0.54504 0.955246
-0.155291 -0.579556 -0 0.536378 0.953204
-0.155291 -0.579556 -0 0.536378 0.953204
-0.18541 -0.570634 -0 0.54504 0.955246
-0.207055 -0.772741 -0 0.546685 0.883071
-0.18541 -0.570634 -0 0.54504 0.955246
-0.247214 -0.760845 -0 0.556219 0.886082
-0.207055 -0.772741 -0 0.546685 0.883071
-0.207055 -0.772741 -0 0.546685 0.883071
-0.247214 -0.760845 -0 0.556219 0.886082
-0.258819 -0.965926 -0 0.553027 0.818438
-0.247214 -0.760845 -0 0.556219 0.886082
-0.309017 -0.951057 -0 0.564892 0.820388
-0.258819 -0.965926 -0 0.553027 0.818438
-0.258819 -0.965926 -0 0.553027 0.818438
-0.309017 -0.951057 -0 0.564892 0.820388
-0.310583 -1.15911 -0 0.559858 0.759285
-0.309017 -0.951057 -0 0.564892 0.820388
-0.37082 -1.14127 -0 0.57211 0.764017
-0.310583 -1.15911 -0 0.559858 0.759285
-0.310583 -1.15911 -0 0.559858 0.759285
-0.37082 -1.14127 -0 0.57211 0.764017
-0.362347 -1.3523 -0 0.564127 0.708771
-0.37082 -1.14127 -0 0.57211 0.764017
-0.432624 -1.33148 -0 0.578513 0.71174
-0.362347 -1.3523 -0 0.564127 0.708771
-0.362347 -1.3523 -0 0.564127 0.708771
-0.432624 -1.33148 -0 0.578513 0.71174
-0.41411 -1.54548 -0 0.56773 0.66388
-0.432624 -1.33148 -0 0.578513 0.71174
-0.494427 -1.52169 -0 0.582411 0.667403
-0.41411 -1.54548 -0 0.56773 0.66388
-0.41411 -1.54548 -0 0.56773 0.66388
-0.494427 -1.52169 -0 0.582411 0.667403
-0.465874 -1.73867 -0 0.569113 0.624401
-0.494427 -1.52169 -0 0.582411 0.667403
-0.556231 -1.7119 -0 0.585693 0.628277
-0.465874 -1.73867 -0 0.569113 0.624401
-0.465874 -1.73867 -0 0.569113 0.624401
-0.556231 -1.7119 -0 0.585693 0.628277
-0.517638 -1.93185 -0 0.571735 0.59145
-0.556231 -1.7119 -0 0.585693 0.628277
-0.618034 -1.90211 -0 0.588447 0.595748
-0.517638 -1.93185 -0 0.571735 0.59145
-0.517638 -1.93185 -0 0.571735 0.59145
-0.618034 -1.90211 -0 0.588447 0.595748
-0.569402 -2.12504 -0 0.574066 0.56331
-0.618034 -1.90211 -0 0.588447 0.595748
-0.679837 -2.09232 -0 0.589188 0.568068
-0.569402 -2.12504 -0 0.574066 0.56331
-0.569402 -2.12504 -0 0.574066 0.56331
-0.679837 -2.09232 -0 0.589188 0.568068
-0.674007 -2.51543 0.04 0.576548 0.505867
-0.679837 -2.09232 -0 0.589188 0.568068
-0.804731 -2.47671 0.04 0.59347 0.511233
-0.674007 -2.51543 0.04 0.576548 0.505867
-0.674007 -2.51543 0.04 0.576548 0.505867
-0.804731 -2.47671 0.04 0.59347 0.511233
-0.725771 -2.70861 0.16 0.580105 0.468112
-0.804731 -2.47671 0.04 0.59347 0.511233
-0.866534 -2.66692 0.16 0.596987 0.473898
-0.725771 -2.70861 0.16 0.580105 0.468112
-0.725771 -2.70861 0.16 0.580105 0.468112
-0.866534 -2.66692 0.16 0.596987 0.473898
-0.777535 -2.9018 0.36 0.583156 0.416223
-0.866534 -2.66692 0.16 0.596987 0.473898
-0.928337 -2.85713 0.36 0.601598 0.422584
-0.777535 -2.9018 0.36 0.583156 0.416223
-0.777535 -2.9018 0.36 0.583156 0.416223
-0.928337 -2.85713 0.36 0.601598 0.422584
-0.829298 -3.09498 0.64 0.588667 0.357554
-0.928337 -2.85713 0.36 0.601598 0.422584
-0.990141 -3.04734 0.64 0.606707 0.36173
-0.829298 -3.09498 0.64 0.588667 0.357554
-0.829298 -3.09498 0.64 0.588667 0.357554
-0.990141 -3.04734 0.64 0.606707 0.36173
-0.881062 -3.28817 1 0.592472 0.286645
-0.990141 -3.04734 0.64 0.606707 0.36173
-1.05194 -3.23755 1 0.613206 0.294432
-0.881062 -3.28817 1 0.592472 0.286645
-0.881062 -3.28817 1 0.592472 0.286645
-1.05194 -3.23755 1 0.613206 0.294432
-0.932826 -3.48135 1.44 0.597168 0.211628
-1.05194 -3.23755 1 0.613206 0.294432
-1.11375 -3.42776 1.44 0.616764 0.217569
-0.932826 -3.48135 1.44 0.597168 0.211628
-0.932826 -3.48135 1.44 0.597168 0.211628
-1.11375 -3.42776 1.44 0.616764 0.217569
-0.98459 -3.67454 1.96 0.600155 0.134242
-1.11375 -3.42776 1.44 0.616764 0.217569
-1.17555 -3.61797 1.96 0.620937 0.139453
-0.98459 -3.67454 1.96 0.600155 0.134242
-0.98459 -3.67454 1.96 0.600155 0.134242
-1.17555 -3.61797 1.96 0.620937 0.139453
-1.03635 -3.86772 2.56 0.602824 0.0564516
-1.17555 -3.61797 1.96 0.620937 0.139453
-1.23735 -3.80819 2.56 0.622602 0.0611494
-1.03635 -3.86772 2.56 0.602824 0.0564516
-0.0415823 -0.464281 -0 0.505574 0.998665
-0.0517638 -0.464281 -0 0.507989 0.998514
-0.0831647 -0.464281 -0 0.517559 0.998636
-0.0517638 -0.464281 -0 0.507989 0.998514
-0.103528 -0.464281 -0 0.523547 0.998041
-0.0831647 -0.464281 -0 0.517559 0.998636
-0.0831647 -0.464281 -0 0.517559 0.998636
-0.103528 -0.464281 -0 0.523547 0.998041
-0.124747 -0.586889 -0 0.527454 0.952059
-0.103528 -0.464281 -0 0.523547 0.998041
-0.155291 -0.579556 -0 0.536378 0.953204
-0.124747 -0.586889 -0 0.527454 0.952059
-0.124747 -0.586889 -0 0.527454 0.952059
-0.155291 -0.579556 -0 0.536378 0.953204
-0.166329 -0.782518 -0 0.535481 0.879947
-0.155291 -0.579556 -0 0.536378 0.953204
-0.207055 -0.772741 -0 0.546685 0.883071
-0.166329 -0.782518 -0 0.535481 0.879947
-0.166329 -0.782518 -0 0.535481 0.879947
-0.207055 -0.772741 -0 0.546685 0.883071
-0.207912 -0.978148 -0 0.541009 0.814264
-0.207055 -0.772741 -0 0.546685 0.883071
-0.258819 -0.965926 -0 0.553027 0.818438
-0.207912 -0.978148 -0 0.541009 0.814264
-0.207912 -0.978148 -0 0.541009 0.814264
-0.258819 -0.965926 -0 0.553027 0.818438
-0.249494 -1.17378 -0 0.545538 0.75655
-0.258819 -0.965926 -0 0.553027 0.818438
-0.310583 -1.15911 -0 0.559858 0.759285
-0.249494 -1.17378 -0 0.545538 0.75655
-0.249494 -1.17378 -0 0.545538 0.75655
-0.310583 -1.15911 -0 0.559858 0.759285
-0.291076 -1.36941 -0 0.549356 0.705447
-0.310583 -1.15911 -0 0.559858 0.759285
-0.362347 -1.3523 -0 0.564127 0.708771
-0.291076 -1.36941 -0 0.549356 0.705447
-0.291076 -1.36941 -0 0.549356 0.705447
-0.362347 -1.3523 -0 0.564127 0.708771
-0.332659 -1.56504 -0 0.552642 0.660034
-0.362347 -1.3523 -0 0.564127 0.708771
-0.41411 -1.54548 -0 0.56773 0.66388
-0.332659 -1.56504 -0 0.552642 0.660034
-0.332659 -1.56504 -0 0.552642 0.660034
-0.41411 -1.54548 -0 0.56773 0.66388
-0.374241 -1.76067 -0 0.553771 0.620078
-0.41411 -1.54548 -0 0.56773 0.66388
-0.465874 -1.73867 -0 0.569113 0.624401
-0.374241 -1.76067 -0 0.553771 0.620078
-0.374241 -1.76067 -0 0.553771 0.620078
-0.465874 -1.73867 -0 0.569113 0.624401
-0.415823 -1.9563 -0 0.556262 0.586766
-0.465874 -1.73867 -0 0.569113 0.624401
-0.517638 -1.93185 -0 0.571735 0.59145
-0.415823 -1.9563 -0 0.556262 0.586766
-0.415823 -1.9563 -0 0.556262 0.586766
-0.517638 -1.93185 -0 0.571735 0.59145
-0.457406 -2.15192 -0 0.556754 0.558399
-0.517638 -1.93185 -0 0.571735 0.59145
-0.569402 -2.12504 -0 0.574066 0.56331
-0.457406 -2.15192 -0 0.556754 0.558399
-0.457406 -2.15192 -0 0.556754 0.558399
-0.569402 -2.12504 -0 0.574066 0.56331
-0.541436 -2.54726 0.04 0.559088 0.503256
-0.569402 -2.12504 -0 0.574066 0.56331
-0.674007 -2.51543 0.04 0.576548 0.505867
-0.541436 -2.54726 0.04 0.559088 0.503256
-0.541436 -2.54726 0.04 0.559088 0.503256
-0.674007 -2.51543 0.04 0.576548 0.505867
-0.583018 -2.74289 0.16 0.562698 0.462217
-0.674007 -2.51543 0.04 0.576548 0.505867
-0.725771 -2.70861 0.16 0.580105 0.468112
-0.583018 -2.74289 0.16 0.562698 0.462217
-0.583018 -2.74289 0.16 0.562698 0.462217
-0.725771 -2.70861 0.16 0.580105 0.468112
-0.624601 -2.93851 0.36 0.565879 0.412786
-0.725771 -2.70861 0.16 0.580105 0.468112
-0.777535 -2.9018 0.36 0.583156 0.416223
-0.624601 -2.93851 0.36 0.565879 0.412786
-0.624601 -2.93851 0.36 0.565879 0.412786
-0.777535 -2.9018 0.36 0.583156 0.416223
-0.666183 -3.13414 0.64 0.570013 0.353519
-0.777535 -2.9018 0.36 0.583156 0.416223
-0.829298 -3.09498 0.64 0.588667 0.357554
-0.666183 -3.13414 0.64 0.570013 0.353519
-0.666183 -3.13414 0.64 0.570013 0.353519
-0.829298 -3.09498 0.64 0.588667 0.357554
-0.707765 -3.32977 1 0.574391 0.282075
-0.829298 -3.09498 0.64 0.588667 0.357554
-0.881062 -3.28817 1 0.592472 0.286645
-0.707765 -3.32977 1 0.574391 0.282075
-0.707765 -3.32977 1 0.574391 0.282075
-0.881062 -3.28817 1 0.592472 0.286645
-0.749348 -3.5254 1.44 0.576978 0.208407
-0.881062 -3.28817 1 0.592472 0.286645
-0.932826 -3.48135 1.44 0.597168 0.211628
-0.749348 -3.5254 1.44 0.576978 0.208407
-0.749348 -3.5254 1.44 0.576978 0.208407
-0.932826 -3.48135 1.44 0.597168 0.211628
-0.79093 -3.72103 1.96 0.579764 0.128189
-0.932826 -3.48135 1.44 0.597168 0.211628
-0.98459 -3.67454 1.96 0.600155 0.134242
-0.79093 -3.72103 1.96 0.579764 0.128189
-0.79093 -3.72103 1.96 0.579764 0.128189
-0.98459 -3.67454 1.96 0.600155 0.134242
-0.832512 -3.91666 2.56 0.582146 0.0525624
-0.98459 -3.67454 1.96 0.600155 0.134242
-1.03635 -3.86772 2.56 0.602824 0.0564516
-0.832512 -3.91666 2.56 0.582146 0.0525624
-0.0312869 -0.464281 -0 0.503157 0.9988
-0.0415823 -0.464281 -0 0.505574 0.998665
-0.0625738 -0.464281 -0 0.511552 0.999137
-0.0415823 -0.464281 -0 0.505574 0.998665
-0.0831647 -0.464281 -0 0.517559 0.998636
-0.0625738 -0.464281 -0 0.511552 0.999137
-0.0625738 -0.464281 -0 0.511552 0.999137
-0.0831647 -0.464281 -0 0.517559 0.998636
-0.0938607 -0.592613 -0 0.519721 0.950573
-0.0831647 -0.464281 -0 0.517559 0.998636
-0.124747 -0.586889 -0 0.527454 0.952059
-0.0938607 -0.592613 -0 0.519721 0.950573
-0.0938607 -0.592613 -0 0.519721 0.950573
-0.124747 -0.586889 -0 0.527454 0.952059
-0.125148 -0.790151 -0 0.52542 0.877896
-0.124747 -0.586889 -0 0.527454 0.952059
-0.166329 -0.782518 -0 0.535481 0.879947
-0.125148 -0.790151 -0 0.52542 0.877896
-0.125148 -0.790151 -0 0.52542 0.877896
-0.166329 -0.782518 -0 0.535481 0.879947
-0.156434 -0.987688 -0 0.530208 0.811506
-0.166329 -0.782518 -0 0.535481 0.879947
-0.207912 -0.978148 -0 0.541009 0.814264
-0.156434 -0.987688 -0 0.530208 0.811506
-0.156434 -0.987688 -0 0.530208 0.811506
-0.207912 -0.978148 -0 0.541009 0.814264
-0.187721 -1.18523 -0 0.532558 0.753297
-0.207912 -0.978148 -0 0.541009 0.814264
-0.249494 -1.17378 -0 0.545538 0.75655
-0.187721 -1.18523 -0 0.532558 0.753297
-0.187721 -1.18523 -0 0.532558 0.753297
-0.249494 -1.17378 -0 0.545538 0.75655
-0.219008 -1.38276 -0 0.535953 0.701642
-0.249494 -1.17378 -0 0.545538 0.75655
-0.291076 -1.36941 -0 0.549356 0.705447
-0.219008 -1.38276 -0 0.535953 0.701642
-0.219008 -1.38276 -0 0.535953 0.701642
-0.291076 -1.36941 -0 0.549356 0.705447
-0.250295 -1.5803 -0 0.537196 0.655861
-0.291076 -1.36941 -0 0.549356 0.705447
-0.332659 -1.56504 -0 0.552642 0.660034
-0.250295 -1.5803 -0 0.537196 0.655861
-0.250295 -1.5803 -0 0.537196 0.655861
-0.332659 -1.56504 -0 0.552642 0.660034
-0.281582 -1.77784 -0 0.538012 0.618218
-0.332659 -1.56504 -0 0.552642 0.660034
-0.374241 -1.76067 -0 0.553771 0.620078
-0.281582 -1.77784 -0 0.538012 0.618218
-0.281582 -1.77784 -0 0.538012 0.618218
-0.374241 -1.76067 -0 0.553771 0.620078
-0.312869 -1.97538 -0 0.538583 0.584737
-0.374241 -1.76067 -0 0.553771 0.620078
-0.415823 -1.9563 -0 0.556262 0.586766
-0.312869 -1.97538 -0 0.538583 0.584737
-0.312869 -1.97538 -0 0.538583 0.584737
-0.415823 -1.9563 -0 0.556262 0.586766
-0.344156 -2.17291 -0 0.54079 0.553189
-0.415823 -1.9563 -0 0.556262 0.586766
-0.457406 -2.15192 -0 0.556754 0.558399
-0.344156 -2.17291 -0 0.54079 0.553189
-0.344156 -2.17291 -0 0.54079 0.553189
-0.457406 -2.15192 -0 0.556754 0.558399
-0.407381 -2.5721 0.04 0.541186 0.500545
-0.457406 -2.15192 -0 0.556754 0.558399
-0.541436 -2.54726 0.04 0.559088 0.503256
-0.407381 -2.5721 0.04 0.541186 0.500545
-0.407381 -2.5721 0.04 0.541186 0.500545
-0.541436 -2.54726 0.04 0.559088 0.503256
-0.438668 -2.76964 0.16 0.544847 0.459193
-0.541436 -2.54726 0.04 0.559088 0.503256
-0.583018 -2.74289 0.16 0.562698 0.462217
-0.438668 -2.76964 0.16 0.544847 0.459193
-0.438668 -2.76964 0.16 0.544847 0.459193
-0.583018 -2.74289 0.16 0.562698 0.462217
-0.469955 -2.96718 0.36 0.546364 0.409359
-0.583018 -2.74289 0.16 0.562698 0.462217
-0.624601 -2.93851 0.36 0.565879 0.412786
-0.469955 -2.96718 0.36 0.546364 0.409359
-0.469955 -2.96718 0.36 0.546364 0.409359
-0.624601 -2.93851 0.36 0.565879 0.412786
-0.501242 -3.16471 0.64 0.550829 0.349666
-0.624601 -2.93851 0.36 0.565879 0.412786
-0.666183 -3.13414 0.64 0.570013 0.353519
-0.501242 -3.16471 0.64 0.550829 0.349666
-0.501242 -3.16471 0.64 0.550829 0.349666
-0.666183 -3.13414 0.64 0.570013 0.353519
-0.532528 -3.36225 1 0.554197 0.280234
-0.666183 -3.13414 0.64 0.570013 0.353519
-0.707765 -3.32977 1 0.574391 0.282075
-0.532528 -3.36225 1 0.554197 0.280234
-0.532528 -3.36225 1 0.554197 0.280234
-0.707765 -3.32977 1 0.574391 0.282075
-0.563815 -3.55979 1.44 0.557618 0.203688
-0.707765 -3.32977 1 0.574391 0.282075
-0.749348 -3.5254 1.44 0.576978 0.208407
-0.563815 -3.55979 1.44 0.557618 0.203688
-0.563815 -3.55979 1.44 0.557618 0.203688
-0.749348 -3.5254 1.44 0.576978 0.208407
-0.595102 -3.75733 1.96 0.560401 0.124932
-0.749348 -3.5254 1.44 0.576978 0.208407
-0.79093 -3.72103 1.96 0.579764 0.128189
-0.595102 -3.75733 1.96 0.560401 0.124932
-0.595102 -3.75733 1.96 0.560401 0.124932
-0.79093 -3.72103 1.96 0.579764 0.128189
-0.626389 -3.95487 2.56 0.561879 0.0484268
-0.79093 -3.72103 1.96 0.579764 0.128189
-0.832512 -3.91666 2.56 0.582146 0.0525624
-0.626389 -3.95487 2.56 0.561879 0.0484268
-0.0209057 -0.464281 -0 0.499528 0.998974
-0.0312869 -0.464281 -0 0.503157 0.9988
-0.0418114 -0.464281 -0 0.505574 0.998665
-0.0312869 -0.464281 -0 0.503157 0.9988
-0.0625738 -0.464281 -0 0.511552 0.999137
-0.0418114 -0.464281 -0 0.505574 0.998665
-0.0418114 -0.464281 -0 0.505574 0.998665
-0.0625738 -0.464281 -0 0.511552 0.999137
-0.0627171 -0.596713 -0 0.510556 0.949006
-0.0625738 -0.464281 -0 0.511552 0.999137
-0.0938607 -0.592613 -0 0.519721 0.950573
-0.0627171 -0.596713 -0 0.510556 0.949006
-0.0627171 -0.596713 -0 0.510556 0.949006
-0.0938607 -0.592613 -0 0.519721 0.950573
-0.0836228 -0.795618 -0 0.513659 0.877263
-0.0938607 -0.592613 -0 0.519721 0.950573
-0.125148 -0.790151 -0 0.52542 0.877896
-0.0836228 -0.795618 -0 0.513659 0.877263
-0.0836228 -0.795618 -0 0.513659 0.877263
-0.125148 -0.790151 -0 0.52542 0.877896
-0.104528 -0.994522 -0 0.51757 0.810533
-0.125148 -0.790151 -0 0.52542 0.877896
-0.156434 -0.987688 -0 0.530208 0.811506
-0.104528 -0.994522 -0 0.51757 0.810533
-0.104528 -0.994522 -0 0.51757 0.810533
-0.156434 -0.987688 -0 0.530208 0.811506
-0.125434 -1.19343 -0 0.519289 0.751962
-0.156434 -0.987688 -0 0.530208 0.811506
-0.187721 -1.18523 -0 0.532558 0.753297
-0.125434 -1.19343 -0 0.519289 0.751962
-0.125434 -1.19343 -0 0.519289 0.751962
-0.187721 -1.18523 -0 0.532558 0.753297
-0.14634 -1.39233 -0 0.52052 0.700097
-0.187721 -1.18523 -0 0.532558 0.753297
-0.219008 -1.38276 -0 0.535953 0.701642
-0.14634 -1.39233 -0 0.52052 0.700097
-0.14634 -1.39233 -0 0.52052 0.700097
-0.219008 -1.38276 -0 0.535953 0.701642
-0.167246 -1.59124 -0 0.521399 0.65401
-0.219008 -1.38276 -0 0.535953 0.701642
-0.250295 -1.5803 -0 0.537196 0.655861
-0.167246 -1.59124 -0 0.521399 0.65401
-0.167246 -1.59124 -0 0.521399 0.65401
-0.250295 -1.5803 -0 0.537196 0.655861
-0.188151 -1.79014 -0 0.522013 0.613351
-0.250295 -1.5803 -0 0.537196 0.655861
-0.281582 -1.77784 -0 0.538012 0.618218
-0.188151 -1.79014 -0 0.522013 0.613351
-0.188151 -1.79014 -0 0.522013 0.613351
-0.281582 -1.77784 -0 0.538012 0.618218
-0.209057 -1.98904 -0 0.522409 0.579568
-0.281582 -1.77784 -0 0.538012 0.618218
-0.312869 -1.97538 -0 0.538583 0.584737
-0.209057 -1.98904 -0 0.522409 0.579568
-0.209057 -1.98904 -0 0.522409 0.579568
-0.312869 -1.97538 -0 0.538583 0.584737
-0.229963 -2.18795 -0 0.522664 0.550728
-0.312869 -1.97538 -0 0.538583 0.584737
-0.344156 -2.17291 -0 0.54079 0.553189
-0.229963 -2.18795 -0 0.522664 0.550728
-0.229963 -2.18795 -0 0.522664 0.550728
-0.344156 -2.17291 -0 0.54079 0.553189
-0.272209 -2.5899 0.04 0.524777 0.494766
-0.344156 -2.17291 -0 0.54079 0.553189
-0.407381 -2.5721 0.04 0.541186 0.500545
-0.272209 -2.5899 0.04 0.524777 0.494766
-0.272209 -2.5899 0.04 0.524777 0.494766
-0.407381 -2.5721 0.04 0.541186 0.500545
-0.293115 -2.7888 0.16 0.52663 0.456156
-0.407381 -2.5721 0.04 0.541186 0.500545
-0.438668 -2.76964 0.16 0.544847 0.459193
-0.293115 -2.7888 0.16 0.52663 0.456156
-0.293115 -2.7888 0.16 0.52663 0.456156
-0.438668 -2.76964 0.16 0.544847 0.459193
-0.314021 -2.98771 0.36 0.528245 0.406066
-0.438668 -2.76964 0.16 0.544847 0.459193
-0.469955 -2.96718 0.36 0.546364 0.409359
-0.314021 -2.98771 0.36 0.528245 0.406066
-0.314021 -2.98771 0.36 0.528245 0.406066
-0.469955 -2.96718 0.36 0.546364 0.409359
-0.334926 -3.18661 0.64 0.531223 0.34604
-0.469955 -2.96718 0.36 0.546364 0.409359
-0.501242 -3.16471 0.64 0.550829 0.349666
-0.334926 -3.18661 0.64 0.531223 0.34604
-0.334926 -3.18661 0.64 0.531223 0.34604
-0.501242 -3.16471 0.64 0.550829 0.349666
-0.355832 -3.38551 1 0.535165 0.276354
-0.501242 -3.16471 0.64 0.550829 0.349666
-0.532528 -3.36225 1 0.554197 0.280234
-0.355832 -3.38551 1 0.535165 0.276354
-0.355832 -3.38551 1 0.535165 0.276354
-0.532528 -3.36225 1 0.554197 0.280234
-0.376738 -3.58442 1.44 0.537834 0.199504
-0.532528 -3.36225 1 0.554197 0.280234
-0.563815 -3.55979 1.44 0.557618 0.203688
-0.376738 -3.58442 1.44 0.537834 0.199504
-0.376738 -3.58442 1.44 0.537834 0.199504
-0.563815 -3.55979 1.44 0.557618 0.203688
-0.397643 -3.78332 1.96 0.540546 0.122373
-0.563815 -3.55979 1.44 0.557618 0.203688
-0.595102 -3.75733 1.96 0.560401 0.124932
-0.397643 -3.78332 1.96 0.540546 0.122373
-0.397643 -3.78332 1.96 0.540546 0.122373
-0.595102 -3.75733 1.96 0.560401 0.124932
-0.418549 -3.98223 2.56 0.542477 0.0453833
-0.595102 -3.75733 1.96 0.560401 0.124932
-0.626389 -3.95487 2.56 0.561879 0.0484268
-0.418549 -3.98223 2.56 0.542477 0.0453833
-0.0104672 -0.464281 -0 0.497107 0.999071
-0.0209057 -0.464281 -0 0.499528 0.998974
-0.0209344 -0.464281 -0 0.499528 0.998974
-0.0209057 -0.464281 -0 0.499528 0.998974
-0.0418114 -0.464281 -0 0.505574 0.998665
-0.0209344 -0.464281 -0 0.499528 0.998974
-0.0209344 -0.464281 -0 0.499528 0.998974
-0.0418114 -0.464281 -0 0.505574 0.998665
-0.0314016 -0.599178 -0 0.502583 0.948308
-0.0418114 -0.464281 -0 0.505574 0.998665
-0.0627171 -0.596713 -0 0.510556 0.949006
-0.0314016 -0.599178 -0 0.502583 0.948308
-0.0314016 -0.599178 -0 0.502583 0.948308
-0.0627171 -0.596713 -0 0.510556 0.949006
-0.0418688 -0.798904 -0 0.503277 0.876256
-0.0627171 -0.596713 -0 0.510556 0.949006
-0.0836228 -0.795618 -0 0.513659 0.877263
-0.0418688 -0.798904 -0 0.503277 0.876256
-0.0418688 -0.798904 -0 0.503277 0.876256
-0.0836228 -0.795618 -0 0.513659 0.877263
-0.052336 -0.99863 -0 0.504793 0.809248
-0.0836228 -0.795618 -0 0.513659 0.877263
-0.104528 -0.994522 -0 0.51757 0.810533
-0.052336 -0.99863 -0 0.504793 0.809248
-0.052336 -0.99863 -0 0.504793 0.809248
-0.104528 -0.994522 -0 0.51757 0.810533
-0.0628031 -1.19836 -0 0.505868 0.750334
-0.104528 -0.994522 -0 0.51757 0.810533
-0.125434 -1.19343 -0 0.519289 0.751962
-0.0628031 -1.19836 -0 0.505868 0.750334
-0.0628031 -1.19836 -0 0.505868 0.750334
-0.125434 -1.19343 -0 0.519289 0.751962
-0.0732703 -1.39808 -0 0.506637 0.698171
-0.125434 -1.19343 -0 0.519289 0.751962
-0.14634 -1.39233 -0 0.52052 0.700097
-0.0732703 -1.39808 -0 0.506637 0.698171
-0.0732703 -1.39808 -0 0.506637 0.698171
-0.14634 -1.39233 -0 0.52052 0.700097
-0.0837375 -1.59781 -0 0.505398 0.651874
-0.14634 -1.39233 -0 0.52052 0.700097
-0.167246 -1.59124 -0 0.521399 0.65401
-0.0837375 -1.59781 -0 0.505398 0.651874
-0.0837375 -1.59781 -0 0.505398 0.651874
-0.167246 -1.59124 -0 0.521399 0.65401
-0.0942047 -1.79753 -0 0.505731 0.613778
-0.167246 -1.59124 -0 0.521399 0.65401
-0.188151 -1.79014 -0 0.522013 0.613351
-0.0942047 -1.79753 -0 0.505731 0.613778
-0.0942047 -1.79753 -0 0.505731 0.613778
-0.188151 -1.79014 -0 0.522013 0.613351
-0.104672 -1.99726 -0 0.505964 0.579908
-0.188151 -1.79014 -0 0.522013 0.613351
-0.209057 -1.98904 -0 0.522409 0.579568
-0.104672 -1.99726 -0 0.505964 0.579908
-0.104672 -1.99726 -0 0.505964 0.579908
-0.209057 -1.98904 -0 0.522409 0.579568
-0.115139 -2.19699 -0 0.506128 0.548065
-0.209057 -1.98904 -0 0.522409 0.579568
-0.229963 -2.18795 -0 0.522664 0.550728
-0.115139 -2.19699 -0 0.506128 0.548065
-0.115139 -2.19699 -0 0.506128 0.548065
-0.229963 -2.18795 -0 0.522664 0.550728
-0.136291 -2.60059 0.04 0.50628 0.494863
-0.229963 -2.18795 -0 0.522664 0.550728
-0.272209 -2.5899 0.04 0.524777 0.494766
-0.136291 -2.60059 0.04 0.50628 0.494863
-0.136291 -2.60059 0.04 0.50628 0.494863
-0.272209 -2.5899 0.04 0.524777 0.494766
-0.146759 -2.80032 0.16 0.508148 0.453128
-0.272209 -2.5899 0.04 0.524777 0.494766
-0.293115 -2.7888 0.16 0.52663 0.456156
-0.146759 -2.80032 0.16 0.508148 0.453128
-0.146759 -2.80032 0.16 0.508148 0.453128
-0.293115 -2.7888 0.16 0.52663 0.456156
-0.157226 -3.00005 0.36 0.50987 0.402884
-0.293115 -2.7888 0.16 0.52663 0.456156
-0.314021 -2.98771 0.36 0.528245 0.406066
-0.157226 -3.00005 0.36 0.50987 0.402884
-0.157226 -3.00005 0.36 0.50987 0.402884
-0.314021 -2.98771 0.36 0.528245 0.406066
-0.167693 -3.19977 0.64 0.511318 0.342682
-0.314021 -2.98771 0.36 0.528245 0.406066
-0.334926 -3.18661 0.64 0.531223 0.34604
-0.167693 -3.19977 0.64 0.511318 0.342682
-0.167693 -3.19977 0.64 0.511318 0.342682
-0.334926 -3.18661 0.64 0.531223 0.34604
-0.17816 -3.3995 1 0.514088 0.272806
-0.334926 -3.18661 0.64 0.531223 0.34604
-0.355832 -3.38551 1 0.535165 0.276354
-0.17816 -3.3995 1 0.514088 0.272806
-0.17816 -3.3995 1 0.514088 0.272806
-0.355832 -3.38551 1 0.535165 0.276354
-0.188627 -3.59922 1.44 0.517806 0.198155
-0.355832 -3.38551 1 0.535165 0.276354
-0.376738 -3.58442 1.44 0.537834 0.199504
-0.188627 -3.59922 1.44 0.517806 0.198155
-0.188627 -3.59922 1.44 0.517806 0.198155
-0.376738 -3.58442 1.44 0.537834 0.199504
-0.199095 -3.79895 1.96 0.520244 0.118719
-0.376738 -3.58442 1.44 0.537834 0.199504
-0.397643 -3.78332 1.96 0.540546 0.122373
-0.199095 -3.79895 1.96 0.520244 0.118719
-0.199095 -3.79895 1.96 0.520244 0.118719
-0.397643 -3.78332 1.96 0.540546 0.122373
-0.209562 -3.99868 2.56 0.521215 0.0416617
-0.397643 -3.78332 1.96 0.540546 0.122373
-0.418549 -3.98223 2.56 0.542477 0.0453833
-0.209562 -3.99868 2.56 0.521215 0.0416617
-1.22465e-17 -0.464281 -0 0.493473 0.999186
-0.0104672 -0.464281 -0 0.497107 0.999071
-2.44929e-17 -0.464281 -0 0.493473 0.999186
-0.0104672 -0.464281 -0 0.497107 0.999071
-0.0209344 -0.464281 -0 0.499528 0.998974
-2.44929e-17 -0.464281 -0 0.493473 0.999186
-2.44929e-17 -0.464281 -0 0.493473 0.999186
-0.0209344 -0.464281 -0 0.499528 0.998974
-3.67394e-17 -0.6 -0 0.493192 0.948645
-0.0209344 -0.464281 -0 0.499528 0.998974
-0.0314016 -0.599178 -0 0.502583 0.948308
-3.67394e-17 -0.6 -0 0.493192 0.948645
-3.67394e-17 -0.6 -0 0.493192 0.948645
-0.0314016 -0.599178 -0 0.502583 0.948308
-4.89859e-17 -0.8 -0 0.4928 0.876589
-0.0314016 -0.599178 -0 0.502583 0.948308
-0.0418688 -0.798904 -0 0.503277 0.876256
-4.89859e-17 -0.8 -0 0.4928 0.876589
-4.89859e-17 -0.8 -0 0.4928 0.876589
-0.0418688 -0.798904 -0 0.503277 0.876256
-6.12323e-17 -1 -0 0.491897 0.809608
-0.0418688 -0.798904 -0 0.503277 0.876256
-0.052336 -0.99863 -0 0.504793 0.809248
-6.12323e-17 -1 -0 0.491897 0.809608
-6.12323e-17 -1 -0 0.491897 0.809608
-0.052336 -0.99863 -0 0.504793 0.809248
-7.34788e-17 -1.2 -0 0.492335 0.748409
-0.052336 -0.99863 -0 0.504793 0.809248
-0.0628031 -1.19836 -0 0.505868 0.750334
-7.34788e-17 -1.2 -0 0.492335 0.748409
-7.34788e-17 -1.2 -0 0.492335 0.748409
-0.0628031 -1.19836 -0 0.505868 0.750334
-8.57253e-17 -1.4 -0 0.490882 0.695998
-0.0628031 -1.19836 -0 0.505868 0.750334
-0.0732703 -1.39808 -0 0.506637 0.698171
-8.57253e-17 -1.4 -0 0.490882 0.695998
-8.57253e-17 -1.4 -0 0.490882 0.695998
-0.0732703 -1.39808 -0 0.506637 0.698171
-9.79717e-17 -1.6 -0 0.491059 0.649437
-0.0732703 -1.39808 -0 0.506637 0.698171
-0.0837375 -1.59781 -0 0.505398 0.651874
-9.79717e-17 -1.6 -0 0.491059 0.649437
-9.79717e-17 -1.6 -0 0.491059 0.649437
-0.0837375 -1.59781 -0 0.505398 0.651874
-1.10218e-16 -1.8 -0 0.491175 0.611187
-0.0837375 -1.59781 -0 0.505398 0.651874
-0.0942047 -1.79753 -0 0.505731 0.613778
-1.10218e-16 -1.8 -0 0.491175 0.611187
-1.10218e-16 -1.8 -0 0.491175 0.611187
-0.0942047 -1.79753 -0 0.505731 0.613778
-1.22465e-16 -2 -0 0.489414 0.577204
-0.0942047 -1.79753 -0 0.505731 0.613778
-0.104672 -1.99726 -0 0.505964 0.579908
-1.22465e-16 -2 -0 0.489414 0.577204
-1.22465e-16 -2 -0 0.489414 0.577204
-0.104672 -1.99726 -0 0.505964 0.579908
-1.34711e-16 -2.2 -0 0.489456 0.548189
-0.104672 -1.99726 -0 0.505964 0.579908
-0.115139 -2.19699 -0 0.506128 0.548065
-1.34711e-16 -2.2 -0 0.489456 0.548189
-1.34711e-16 -2.2 -0 0.489456 0.548189
-0.115139 -2.19699 -0 0.506128 0.548065
-1.59459e-16 -2.60416 0.04 0.489506 0.491929
-0.115139 -2.19699 -0 0.506128 0.548065
-0.136291 -2.60059 0.04 0.50628 0.494863
-1.59459e-16 -2.60416 0.04 0.489506 0.491929
-1.59459e-16 -2.60416 0.04 0.489506 0.491929
-0.136291 -2.60059 0.04 0.50628 0.494863
-1.71705e-16 -2.80416 0.16 0.489515 0.453111
-0.136291 -2.60059 0.04 0.50628 0.494863
-0.146759 -2.80032 0.16 0.508148 0.453128
-1.71705e-16 -2.80416 0.16 0.489515 0.453111
-1.71705e-16 -2.80416 0.16 0.489515 0.453111
-0.146759 -2.80032 0.16 0.508148 0.453128
-1.83952e-16 -3.00416 0.36 0.491349 0.399837
-0.146759 -2.80032 0.16 0.508148 0.453128
-0.157226 -3.00005 0.36 0.50987 0.402884
-1.83952e-16 -3.00416 0.36 0.491349 0.399837
-1.83952e-16 -3.00416 0.36 0.491349 0.399837
-0.157226 -3.00005 0.36 0.50987 0.402884
-1.96198e-16 -3.20416 0.64 0.493077 0.339636
-0.157226 -3.00005 0.36 0.50987 0.402884
-0.167693 -3.19977 0.64 0.511318 0.342682
-1.96198e-16 -3.20416 0.64 0.493077 0.339636
-1.96198e-16 -3.20416 0.64 0.493077 0.339636
-0.167693 -3.19977 0.64 0.511318 0.342682
-2.08445e-16 -3.40416 1 0.494603 0.269788
-0.167693 -3.19977 0.64 0.511318 0.342682
-0.17816 -3.3995 1 0.514088 0.272806
-2.08445e-16 -3.40416 1 0.494603 0.269788
-2.08445e-16 -3.40416 1 0.494603 0.269788
-0.17816 -3.3995 1 0.514088 0.272806
-2.20691e-16 -3.60416 1.44 0.497523 0.195179
-0.17816 -3.3995 1 0.514088 0.272806
-0.188627 -3.59922 1.44 0.517806 0.198155
-2.20691e-16 -3.60416 1.44 0.497523 0.195179
-2.20691e-16 -3.60416 1.44 0.497523 0.195179
-0.188627 -3.59922 1.44 0.517806 0.198155
-2.32938e-16 -3.80416 1.96 0.499772 0.115867
-0.188627 -3.59922 1.44 0.517806 0.198155
-0.199095 -3.79895 1.96 0.520244 0.118719
-2.32938e-16 -3.80416 1.96 0.499772 0.115867
-2.32938e-16 -3.80416 1.96 0.499772 0.115867
-0.199095 -3.79895 1.96 0.520244 0.118719
-2.45184e-16 -4.00416 2.56 0.501199 0.0390343
-0.199095 -3.79895 1.96 0.520244 0.118719
-0.209562 -3.99868 2.56 0.521215 0.0416617
-2.45184e-16 -4.00416 2.56 0.501199 0.0390343
0.0104672 -0.464281 -0 0.49105 0.999243
-1.22465e-17 -0.464281 -0 0.493473 0.999186
0.0209344 -0.464281 -0 0.487413 0.9993
-1.22465e-17 -0.464281 -0 0.493473 0.999186
-2.44929e-17 -0.464281 -0 0.493473 0.999186
0.0209344 -0.464281 -0 0.487413 0.9993
0.0209344 -0.464281 -0 0.487413 0.9993
-2.44929e-17 -0.464281 -0 0.493473 0.999186
0.0314016 -0.599178 -0 0.485132 0.948761
-2.44929e-17 -0.464281 -0 0.493473 0.999186
-3.67394e-17 -0.6 -0 0.493192 0.948645
0.0314016 -0.599178 -0 0.485132 0.948761
0.0314016 -0.599178 -0 0.485132 0.948761
-3.67394e-17 -0.6 -0 0.493192 0.948645
0.0418688 -0.798904 -0 0.482307 0.876686
-3.67394e-17 -0.6 -0 0.493192 0.948645
-4.89859e-17 -0.8 -0 0.4928 0.876589
0.0418688 -0.798904 -0 0.482307 0.876686
0.0418688 -0.798904 -0 0.482307 0.876686
-4.89859e-17 -0.8 -0 0.4928 0.876589
0.052336 -0.99863 -0 0.478978 0.80966
-4.89859e-17 -0.8 -0 0.4928 0.876589
-6.12323e-17 -1 -0 0.491897 0.809608
0.052336 -0.99863 -0 0.478978 0.80966
0.052336 -0.99863 -0 0.478978 0.80966
-6.12323e-17 -1 -0 0.491897 0.809608
0.0628031 -1.19836 -0 0.47704 0.748446
-6.12323e-17 -1 -0 0.491897 0.809608
-7.34788e-17 -1.2 -0 0.492335 0.748409
0.0628031 -1.19836 -0 0.47704 0.748446
0.0628031 -1.19836 -0 0.47704 0.748446
-7.34788e-17 -1.2 -0 0.492335 0.748409
0.0732703 -1.39808 -0 0.476821 0.696013
-7.34788e-17 -1.2 -0 0.492335 0.748409
-8.57253e-17 -1.4 -0 0.490882 0.695998
0.0732703 -1.39808 -0 0.476821 0.696013
0.0732703 -1.39808 -0 0.476821 0.696013
-8.57253e-17 -1.4 -0 0.490882 0.695998
0.0837375 -1.59781 -0 0.47487 0.649439
-8.57253e-17 -1.4 -0 0.490882 0.695998
-9.79717e-17 -1.6 -0 0.491059 0.649437
0.0837375 -1.59781 -0 0.47487 0.649439
0.0837375 -1.59781 -0 0.47487 0.649439
-9.79717e-17 -1.6 -0 0.491059 0.649437
0.0942047 -1.79753 -0 0.474745 0.611192
-9.79717e-17 -1.6 -0 0.491059 0.649437
-1.10218e-16 -1.8 -0 0.491175 0.611187
0.0942047 -1.79753 -0 0.474745 0.611192
0.0942047 -1.79753 -0 0.474745 0.611192
-1.10218e-16 -1.8 -0 0.491175 0.611187
0.104672 -1.99726 -0 0.472819 0.577193
-1.10218e-16 -1.8 -0 0.491175 0.611187
-1.22465e-16 -2 -0 0.489414 0.577204
0.104672 -1.99726 -0 0.472819 0.577193
0.104672 -1.99726 -0 0.472819 0.577193
-1.22465e-16 -2 -0 0.489414 0.577204
0.115139 -2.19699 -0 0.472756 0.548186
-1.22465e-16 -2 -0 0.489414 0.577204
-1.34711e-16 -2.2 -0 0.489456 0.548189
0.115139 -2.19699 -0 0.472756 0.548186
0.115139 -2.19699 -0 0.472756 0.548186
-1.34711e-16 -2.2 -0 0.489456 0.548189
0.136291 -2.60059 0.04 0.470833 0.49194
-1.34711e-16 -2.2 -0 0.489456 0.548189
-1.59459e-16 -2.60416 0.04 0.489506 0.491929
0.136291 -2.60059 0.04 0.470833 0.49194
0.136291 -2.60059 0.04 0.470833 0.49194
-1.59459e-16 -2.60416 0.04 0.489506 0.491929
0.146759 -2.80032 0.16 0.472713 0.450154
-1.59459e-16 -2.60416 0.04 0.489506 0.491929
-1.71705e-16 -2.80416 0.16 0.489515 0.453111
0.146759 -2.80032 0.16 0.472713 0.450154
0.146759 -2.80032 0.16 0.472713 0.450154
-1.71705e-16 -2.80416 0.16 0.489515 0.453111
0.157226 -3.00005 0.36 0.472793 0.399873
-1.71705e-16 -2.80416 0.16 0.489515 0.453111
-1.83952e-16 -3.00416 0.36 0.491349 0.399837
0.157226 -3.00005 0.36 0.472793 0.399873
0.157226 -3.00005 0.36 0.472793 0.399873
-1.83952e-16 -3.00416 0.36 0.491349 0.399837
0.167693 -3.19977 0.64 0.472979 0.339672
-1.83952e-16 -3.00416 0.36 0.491349 0.399837
-1.96198e-16 -3.20416 0.64 0.493077 0.339636
0.167693 -3.19977 0.64 0.472979 0.339672
0.167693 -3.19977 0.64 0.472979 0.339672
-1.96198e-16 -3.20416 0.64 0.493077 0.339636
0.17816 -3.3995 1 0.475086 0.269788
-1.96198e-16 -3.20416 0.64 0.493077 0.339636
-2.08445e-16 -3.40416 1 0.494603 0.269788
0.17816 -3.3995 1 0.475086 0.269788
0.17816 -3.3995 1 0.475086 0.269788
-2.08445e-16 -3.40416 1 0.494603 0.269788
0.188627 -3.59922 1.44 0.477213 0.192853
-2.08445e-16 -3.40416 1 0.494603 0.269788
-2.20691e-16 -3.60416 1.44 0.497523 0.195179
0.188627 -3.59922 1.44 0.477213 0.192853
0.188627 -3.59922 1.44 0.477213 0.192853
-2.20691e-16 -3.60416 1.44 0.497523 0.195179
0.199095 -3.79895 1.96 0.479271 0.113841
-2.20691e-16 -3.60416 1.44 0.497523 0.195179
-2.32938e-16 -3.80416 1.96 0.499772 0.115867
0.199095 -3.79895 1.96 0.479271 0.113841
0.199095 -3.79895 1.96 0.479271 0.113841
-2.32938e-16 -3.80416 1.96 0.499772 0.115867
0.209562 -3.99868 2.56 0.481156 0.0373376
-2.32938e-16 -3.80416 1.96 0.499772 0.115867
-2.45184e-16 -4.00416 2.56 0.501199 0.0390343
0.209562 -3.99868 2.56 0.481156 0.0373376
0.0209057 -0.464281 -0 0.487413 0.9993
0.0104672 -0.464281 -0 0.49105 0.999243
0.0418114 -0.464281 -0 0.481351 0.999316
0.0104672 -0.464281 -0 0.49105 0.999243
0.0209344 -0.464281 -0 0.487413 0.9993
0.0418114 -0.464281 -0 0.481351 0.999316
0.0418114 -0.464281 -0 0.481351 0.999316
0.0209344 -0.464281 -0 0.487413 0.9993
0.0627171 -0.596713 -0 0.475744 0.949851
0.0209344 -0.464281 -0 0.487413 0.9993
0.0314016 -0.599178 -0 0.485132 0.948761
0.0627171 -0.596713 -0 0.475744 0.949851
0.0627171 -0.596713 -0 0.475744 0.949851
0.0314016 -0.599178 -0 0.485132 0.948761
0.0836228 -0.795618 -0 0.47032 0.876504
0.0314016 -0.599178 -0 0.485132 0.948761
0.0418688 -0.798904 -0 0.482307 0.876686
0.0836228 -0.795618 -0 0.47032 0.876504
0.0836228 -0.795618 -0 0.47032 0.876504
0.0418688 -0.798904 -0 0.482307 0.876686
0.104528 -0.994522 -0 0.467684 0.809453
0.0418688 -0.798904 -0 0.482307 0.876686
0.052336 -0.99863 -0 0.478978 0.80966
0.104528 -0.994522 -0 0.467684 0.809453
0.104528 -0.994522 -0 0.467684 0.809453
0.052336 -0.99863 -0 0.478978 0.80966
0.125434 -1.19343 -0 0.463465 0.748175
0.052336 -0.99863 -0 0.478978 0.80966
0.0628031 -1.19836 -0 0.47704 0.748446
0.125434 -1.19343 -0 0.463465 0.748175
0.125434 -1.19343 -0 0.463465 0.748175
0.0628031 -1.19836 -0 0.47704 0.748446
0.14634 -1.39233 -0 0.461033 0.695728
0.0628031 -1.19836 -0 0.47704 0.748446
0.0732703 -1.39808 -0 0.476821 0.696013
0.14634 -1.39233 -0 0.461033 0.695728
0.14634 -1.39233 -0 0.461033 0.695728
0.0732703 -1.39808 -0 0.476821 0.696013
0.167246 -1.59124 -0 0.458722 0.649172
0.0732703 -1.39808 -0 0.476821 0.696013
0.0837375 -1.59781 -0 0.47487 0.649439
0.167246 -1.59124 -0 0.458722 0.649172
0.167246 -1.59124 -0 0.458722 0.649172
0.0837375 -1.59781 -0 0.47487 0.649439
0.188151 -1.79014 -0 0.45836 0.610975
0.0837375 -1.59781 -0 0.47487 0.649439
0.0942047 -1.79753 -0 0.474745 0.611192
0.188151 -1.79014 -0 0.45836 0.610975
0.188151 -1.79014 -0 0.45836 0.610975
0.0942047 -1.79753 -0 0.474745 0.611192
0.209057 -1.98904 -0 0.45628 0.577008
0.0942047 -1.79753 -0 0.474745 0.611192
0.104672 -1.99726 -0 0.472819 0.577193
0.209057 -1.98904 -0 0.45628 0.577008
0.209057 -1.98904 -0 0.45628 0.577008
0.104672 -1.99726 -0 0.472819 0.577193
0.229963 -2.18795 -0 0.456113 0.548054
0.104672 -1.99726 -0 0.472819 0.577193
0.115139 -2.19699 -0 0.472756 0.548186
0.229963 -2.18795 -0 0.456113 0.548054
0.229963 -2.18795 -0 0.456113 0.548054
0.115139 -2.19699 -0 0.472756 0.548186
0.272209 -2.5899 0.04 0.454097 0.491917
0.115139 -2.19699 -0 0.472756 0.548186
0.136291 -2.60059 0.04 0.470833 0.49194
0.272209 -2.5899 0.04 0.454097 0.491917
0.272209 -2.5899 0.04 0.454097 0.491917
0.136291 -2.60059 0.04 0.470833 0.49194
0.293115 -2.7888 0.16 0.454117 0.450231
0.136291 -2.60059 0.04 0.470833 0.49194
0.146759 -2.80032 0.16 0.472713 0.450154
0.293115 -2.7888 0.16 0.454117 0.450231
0.293115 -2.7888 0.16 0.454117 0.450231
0.146759 -2.80032 0.16 0.472713 0.450154
0.314021 -2.98771 0.36 0.454308 0.400065
0.146759 -2.80032 0.16 0.472713 0.450154
0.157226 -3.00005 0.36 0.472793 0.399873
0.314021 -2.98771 0.36 0.454308 0.400065
0.314021 -2.98771 0.36 0.454308 0.400065
0.157226 -3.00005 0.36 0.472793 0.399873
0.334926 -3.18661 0.64 0.45299 0.337246
0.157226 -3.00005 0.36 0.472793 0.399873
0.167693 -3.19977 0.64 0.472979 0.339672
0.334926 -3.18661 0.64 0.45299 0.337246
0.334926 -3.18661 0.64 0.45299 0.337246
0.167693 -3.19977 0.64 0.472979 0.339672
0.355832 -3.38551 1 0.453907 0.267742
0.167693 -3.19977 0.64 0.472979 0.339672
0.17816 -3.3995 1 0.475086 0.269788
0.355832 -3.38551 1 0.453907 0.267742
0.355832 -3.38551 1 0.453907 0.267742
0.17816 -3.3995 1 0.475086 0.269788
0.376738 -3.58442 1.44 0.455339 0.191263
0.17816 -3.3995 1 0.475086 0.269788
0.188627 -3.59922 1.44 0.477213 0.192853
0.376738 -3.58442 1.44 0.455339 0.191263
0.376738 -3.58442 1.44 0.455339 0.191263
0.188627 -3.59922 1.44 0.477213 0.192853
0.397643 -3.78332 1.96 0.45888 0.112647
0.188627 -3.59922 1.44 0.477213 0.192853
0.199095 -3.79895 1.96 0.479271 0.113841
0.397643 -3.78332 1.96 0.45888 0.112647
0.397643 -3.78332 1.96 0.45888 0.112647
0.199095 -3.79895 1.96 0.479271 0.113841
0.418549 -3.98223 2.56 0.461213 0.0365742
0.199095 -3.79895 1.96 0.479271 0.113841
0.209562 -3.99868 2.56 0.481156 0.0373376
0.418549 -3.98223 2.56 0.461213 0.0365742
0.0312869 -0.464281 -0 0.484988 0.999318
0.0209057 -0.464281 -0 0.487413 0.9993
0.0625738 -0.464281 -0 0.47529 0.999234
0.0209057 -0.464281 -0 0.487413 0.9993
0.0418114 -0.464281 -0 0.481351 0.999316
0.0625738 -0.464281 -0 0.47529 0.999234
0.0625738 -0.464281 -0 0.47529 0.999234
0.0418114 -0.464281 -0 0.481351 0.999316
0.0938607 -0.592613 -0 0.466406 0.950717
0.0418114 -0.464281 -0 0.481351 0.999316
0.0627171 -0.596713 -0 0.475744 0.949851
0.0938607 -0.592613 -0 0.466406 0.950717
0.0938607 -0.592613 -0 0.466406 0.950717
0.0627171 -0.596713 -0 0.475744 0.949851
0.125148 -0.790151 -0 0.459904 0.877667
0.0627171 -0.596713 -0 0.475744 0.949851
0.0836228 -0.795618 -0 0.47032 0.876504
0.125148 -0.790151 -0 0.459904 0.877667
0.125148 -0.790151 -0 0.459904 0.877667
0.0836228 -0.795618 -0 0.47032 0.876504
0.156434 -0.987688 -0 0.454873 0.810879
0.0836228 -0.795618 -0 0.47032 0.876504
0.104528 -0.994522 -0 0.467684 0.809453
0.156434 -0.987688 -0 0.454873 0.810879
0.156434 -0.987688 -0 0.454873 0.810879
0.104528 -0.994522 -0 0.467684 0.809453
0.187721 -1.18523 -0 0.450008 0.74988
0.104528 -0.994522 -0 0.467684 0.809453
0.125434 -1.19343 -0 0.463465 0.748175
0.187721 -1.18523 -0 0.450008 0.74988
0.187721 -1.18523 -0 0.450008 0.74988
0.125434 -1.19343 -0 0.463465 0.748175
0.219008 -1.38276 -0 0.44713 0.697698
0.125434 -1.19343 -0 0.463465 0.748175
0.14634 -1.39233 -0 0.461033 0.695728
0.219008 -1.38276 -0 0.44713 0.697698
0.219008 -1.38276 -0 0.44713 0.697698
0.14634 -1.39233 -0 0.461033 0.695728
0.250295 -1.5803 -0 0.444508 0.65137
0.14634 -1.39233 -0 0.461033 0.695728
0.167246 -1.59124 -0 0.458722 0.649172
0.250295 -1.5803 -0 0.444508 0.65137
0.250295 -1.5803 -0 0.444508 0.65137
0.167246 -1.59124 -0 0.458722 0.649172
0.281582 -1.77784 -0 0.442096 0.610541
0.167246 -1.59124 -0 0.458722 0.649172
0.188151 -1.79014 -0 0.45836 0.610975
0.281582 -1.77784 -0 0.442096 0.610541
0.281582 -1.77784 -0 0.442096 0.610541
0.188151 -1.79014 -0 0.45836 0.610975
0.312869 -1.97538 -0 0.439878 0.576655
0.188151 -1.79014 -0 0.45836 0.610975
0.209057 -1.98904 -0 0.45628 0.577008
0.312869 -1.97538 -0 0.439878 0.576655
0.312869 -1.97538 -0 0.439878 0.576655
0.209057 -1.98904 -0 0.45628 0.577008
0.344156 -2.17291 -0 0.437791 0.547763
0.209057 -1.98904 -0 0.45628 0.577008
0.229963 -2.18795 -0 0.456113 0.548054
0.344156 -2.17291 -0 0.437791 0.547763
0.344156 -2.17291 -0 0.437791 0.547763
0.229963 -2.18795 -0 0.456113 0.548054
0.407381 -2.5721 0.04 0.435688 0.491856
0.229963 -2.18795 -0 0.456113 0.548054
0.272209 -2.5899 0.04 0.454097 0.491917
0.407381 -2.5721 0.04 0.435688 0.491856
0.407381 -2.5721 0.04 0.435688 0.491856
0.272209 -2.5899 0.04 0.454097 0.491917
0.438668 -2.76964 0.16 0.435713 0.450358
0.272209 -2.5899 0.04 0.454097 0.491917
0.293115 -2.7888 0.16 0.454117 0.450231
0.438668 -2.76964 0.16 0.435713 0.450358
0.438668 -2.76964 0.16 0.435713 0.450358
0.293115 -2.7888 0.16 0.454117 0.450231
0.469955 -2.96718 0.36 0.434193 0.400453
0.293115 -2.7888 0.16 0.454117 0.450231
0.314021 -2.98771 0.36 0.454308 0.400065
0.469955 -2.96718 0.36 0.434193 0.400453
0.469955 -2.96718 0.36 0.434193 0.400453
0.314021 -2.98771 0.36 0.454308 0.400065
0.501242 -3.16471 0.64 0.434995 0.337857
0.314021 -2.98771 0.36 0.454308 0.400065
0.334926 -3.18661 0.64 0.45299 0.337246
0.501242 -3.16471 0.64 0.434995 0.337857
0.501242 -3.16471 0.64 0.434995 0.337857
0.334926 -3.18661 0.64 0.45299 0.337246
0.532528 -3.36225 1 0.434681 0.268678
0.334926 -3.18661 0.64 0.45299 0.337246
0.355832 -3.38551 1 0.453907 0.267742
0.532528 -3.36225 1 0.434681 0.268678
0.532528 -3.36225 1 0.434681 0.268678
0.355832 -3.38551 1 0.453907 0.267742
0.563815 -3.55979 1.44 0.435418 0.190305
0.355832 -3.38551 1 0.453907 0.267742
0.376738 -3.58442 1.44 0.455339 0.191263
0.563815 -3.55979 1.44 0.435418 0.190305
0.563815 -3.55979 1.44 0.435418 0.190305
0.376738 -3.58442 1.44 0.455339 0.191263
0.595102 -3.75733 1.96 0.437194 0.112416
0.376738 -3.58442 1.44 0.455339 0.191263
0.397643 -3.78332 1.96 0.45888 0.112647
0.595102 -3.75733 1.96 0.437194 0.112416
0.595102 -3.75733 1.96 0.437194 0.112416
0.397643 -3.78332 1.96 0.45888 0.112647
0.626389 -3.95487 2.56 0.440182 0.0355043
0.397643 -3.78332 1.96 0.45888 0.112647
0.418549 -3.98223 2.56 0.461213 0.0365742
0.626389 -3.95487 2.56 0.440182 0.0355043
0.0415823 -0.464281 -0 0.481351 0.999316
0.0312869 -0.464281 -0 0.484988 0.999318
0.0831647 -0.464281 -0 0.469234 0.999055
0.0312869 -0.464281 -0 0.484988 0.999318
0.0625738 -0.464281 -0 0.47529 0.999234
0.0831647 -0.464281 -0 0.469234 0.999055
0.0831647 -0.464281 -0 0.469234 0.999055
0.0625738 -0.464281 -0 0.47529 0.999234
0.124747 -0.586889 -0 0.45851 0.952587
0.0625738 -0.464281 -0 0.47529 0.999234
0.0938607 -0.592613 -0 0.466406 0.950717
0.124747 -0.586889 -0 0.45851 0.952587
0.124747 -0.586889 -0 0.45851 0.952587
0.0938607 -0.592613 -0 0.466406 0.950717
0.166329 -0.782518 -0 0.44964 0.880146
0.0938607 -0.592613 -0 0.466406 0.950717
0.125148 -0.790151 -0 0.459904 0.877667
0.166329 -0.782518 -0 0.44964 0.880146
0.166329 -0.782518 -0 0.44964 0.880146
0.125148 -0.790151 -0 0.459904 0.877667
0.207912 -0.978148 -0 0.442187 0.811991
0.125148 -0.790151 -0 0.459904 0.877667
0.156434 -0.987688 -0 0.454873 0.810879
0.207912 -0.978148 -0 0.442187 0.811991
0.207912 -0.978148 -0 0.442187 0.811991
0.156434 -0.987688 -0 0.454873 0.810879
0.249494 -1.17378 -0 0.436698 0.751291
0.156434 -0.987688 -0 0.454873 0.810879
0.187721 -1.18523 -0 0.450008 0.74988
0.249494 -1.17378 -0 0.436698 0.751291
0.249494 -1.17378 -0 0.436698 0.751291
0.187721 -1.18523 -0 0.450008 0.74988
0.291076 -1.36941 -0 0.431674 0.699292
0.187721 -1.18523 -0 0.450008 0.74988
0.219008 -1.38276 -0 0.44713 0.697698
0.291076 -1.36941 -0 0.431674 0.699292
0.291076 -1.36941 -0 0.431674 0.699292
0.219008 -1.38276 -0 0.44713 0.697698
0.332659 -1.56504 -0 0.428717 0.653242
0.219008 -1.38276 -0 0.44713 0.697698
0.250295 -1.5803 -0 0.444508 0.65137
0.332659 -1.56504 -0 0.428717 0.653242
0.332659 -1.56504 -0 0.428717 0.653242
0.250295 -1.5803 -0 0.444508 0.65137
0.374241 -1.76067 -0 0.426082 0.612662
0.250295 -1.5803 -0 0.444508 0.65137
0.281582 -1.77784 -0 0.442096 0.610541
0.374241 -1.76067 -0 0.426082 0.612662
0.374241 -1.76067 -0 0.426082 0.612662
0.281582 -1.77784 -0 0.442096 0.610541
0.415823 -1.9563 -0 0.423731 0.578985
0.281582 -1.77784 -0 0.442096 0.610541
0.312869 -1.97538 -0 0.439878 0.576655
0.415823 -1.9563 -0 0.423731 0.578985
0.415823 -1.9563 -0 0.423731 0.578985
0.312869 -1.97538 -0 0.439878 0.576655
0.457406 -2.15192 -0 0.421569 0.55027
0.312869 -1.97538 -0 0.439878 0.576655
0.344156 -2.17291 -0 0.437791 0.547763
0.457406 -2.15192 -0 0.421569 0.55027
0.457406 -2.15192 -0 0.421569 0.55027
0.344156 -2.17291 -0 0.437791 0.547763
0.541436 -2.54726 0.04 0.419373 0.491771
0.344156 -2.17291 -0 0.437791 0.547763
0.407381 -2.5721 0.04 0.435688 0.491856
0.541436 -2.54726 0.04 0.419373 0.491771
0.541436 -2.54726 0.04 0.419373 0.491771
0.407381 -2.5721 0.04 0.435688 0.491856
0.583018 -2.74289 0.16 0.417608 0.450531
0.407381 -2.5721 0.04 0.435688 0.491856
0.438668 -2.76964 0.16 0.435713 0.450358
0.583018 -2.74289 0.16 0.417608 0.450531
0.583018 -2.74289 0.16 0.417608 0.450531
0.438668 -2.76964 0.16 0.435713 0.450358
0.624601 -2.93851 0.36 0.416219 0.400952
0.438668 -2.76964 0.16 0.435713 0.450358
0.469955 -2.96718 0.36 0.434193 0.400453
0.624601 -2.93851 0.36 0.416219 0.400952
0.624601 -2.93851 0.36 0.416219 0.400952
0.469955 -2.96718 0.36 0.434193 0.400453
0.666183 -3.13414 0.64 0.415529 0.338815
0.469955 -2.96718 0.36 0.434193 0.400453
0.501242 -3.16471 0.64 0.434995 0.337857
0.666183 -3.13414 0.64 0.415529 0.338815
0.666183 -3.13414 0.64 0.415529 0.338815
0.501242 -3.16471 0.64 0.434995 0.337857
0.707765 -3.32977 1 0.414157 0.267647
0.501242 -3.16471 0.64 0.434995 0.337857
0.532528 -3.36225 1 0.434681 0.268678
0.707765 -3.32977 1 0.414157 0.267647
0.707765 -3.32977 1 0.414157 0.267647
0.532528 -3.36225 1 0.434681 0.268678
0.749348 -3.5254 1.44 0.41577 0.192172
0.532528 -3.36225 1 0.434681 0.268678
0.563815 -3.55979 1.44 0.435418 0.190305
0.749348 -3.5254 1.44 0.41577 0.192172
0.749348 -3.5254 1.44 0.41577 0.192172
0.563815 -3.55979 1.44 0.435418 0.190305
0.79093 -3.72103 1.96 0.417456 0.112891
0.563815 -3.55979 1.44 0.435418 0.190305
0.595102 -3.75733 1.96 0.437194 0.112416
0.79093 -3.72103 1.96 0.417456 0.112891
0.79093 -3.72103 1.96 0.417456 0.112891
0.595102 -3.75733 1.96 0.437194 0.112416
0.832512 -3.91666 2.56 0.419756 0.0341108
0.595102 -3.75733 1.96 0.437194 0.112416
0.626389 -3.95487 2.56 0.440182 0.0355043
0.832512 -3.91666 2.56 0.419756 0.0341108
0.0517638 -0.464281 -0 0.478926 0.999295
0.0415823 -0.464281 -0 0.481351 0.999316
0.103528 -0.464281 -0 0.463186 0.998778
0.0415823 -0.464281 -0 0.481351 0.999316
0.0831647 -0.464281 -0 0.469234 0.999055
0.103528 -0.464281 -0 0.463186 0.998778
0.103528 -0.464281 -0 0.463186 0.998778
0.0831647 -0.464281 -0 0.469234 0.999055
0.155291 -0.579556 -0 0.449389 0.954169
0.0831647 -0.464281 -0 0.469234 0.999055
0.124747 -0.586889 -0 0.45851 0.952587
0.155291 -0.579556 -0 0.449389 0.954169
0.155291 -0.579556 -0 0.449389 0.954169
0.124747 -0.586889 -0 0.45851 0.952587
0.207055 -0.772741 -0 0.438057 0.882218
0.124747 -0.586889 -0 0.45851 0.952587
0.166329 -0.782518 -0 0.44964 0.880146
0.207055 -0.772741 -0 0.438057 0.882218
0.207055 -0.772741 -0 0.438057 0.882218
0.166329 -0.782518 -0 0.44964 0.880146
0.258819 -0.965926 -0 0.429759 0.814711
0.166329 -0.782518 -0 0.44964 0.880146
0.207912 -0.978148 -0 0.442187 0.811991
0.258819 -0.965926 -0 0.429759 0.814711
0.258819 -0.965926 -0 0.429759 0.814711
0.207912 -0.978148 -0 0.442187 0.811991
0.310583 -1.15911 -0 0.422034 0.754474
0.207912 -0.978148 -0 0.442187 0.811991
0.249494 -1.17378 -0 0.436698 0.751291
0.310583 -1.15911 -0 0.422034 0.754474
0.310583 -1.15911 -0 0.422034 0.754474
0.249494 -1.17378 -0 0.436698 0.751291
0.362347 -1.3523 -0 0.416475 0.700563
0.249494 -1.17378 -0 0.436698 0.751291
0.291076 -1.36941 -0 0.431674 0.699292
0.362347 -1.3523 -0 0.416475 0.700563
0.362347 -1.3523 -0 0.416475 0.700563
0.291076 -1.36941 -0 0.431674 0.699292
0.41411 -1.54548 -0 0.413201 0.654836
0.291076 -1.36941 -0 0.431674 0.699292
0.332659 -1.56504 -0 0.428717 0.653242
0.41411 -1.54548 -0 0.413201 0.654836
0.41411 -1.54548 -0 0.413201 0.654836
0.332659 -1.56504 -0 0.428717 0.653242
0.465874 -1.73867 -0 0.408625 0.614444
0.332659 -1.56504 -0 0.428717 0.653242
0.374241 -1.76067 -0 0.426082 0.612662
0.465874 -1.73867 -0 0.408625 0.614444
0.465874 -1.73867 -0 0.408625 0.614444
0.374241 -1.76067 -0 0.426082 0.612662
0.517638 -1.93185 -0 0.406142 0.581038
0.374241 -1.76067 -0 0.426082 0.612662
0.415823 -1.9563 -0 0.423731 0.578985
0.517638 -1.93185 -0 0.406142 0.581038
0.517638 -1.93185 -0 0.406142 0.581038
0.415823 -1.9563 -0 0.423731 0.578985
0.569402 -2.12504 -0 0.403869 0.549695
0.415823 -1.9563 -0 0.423731 0.578985
0.457406 -2.15192 -0 0.421569 0.55027
0.569402 -2.12504 -0 0.403869 0.549695
0.569402 -2.12504 -0 0.403869 0.549695
0.457406 -2.15192 -0 0.421569 0.55027
0.674007 -2.51543 0.04 0.401623 0.494566
0.457406 -2.15192 -0 0.421569 0.55027
0.541436 -2.54726 0.04 0.419373 0.491771
0.674007 -2.51543 0.04 0.401623 0.494566
0.674007 -2.51543 0.04 0.401623 0.494566
0.541436 -2.54726 0.04 0.419373 0.491771
0.725771 -2.70861 0.16 0.398135 0.453684
0.541436 -2.54726 0.04 0.419373 0.491771
0.583018 -2.74289 0.16 0.417608 0.450531
0.725771 -2.70861 0.16 0.398135 0.453684
0.725771 -2.70861 0.16 0.398135 0.453684
0.583018 -2.74289 0.16 0.417608 0.450531
0.777535 -2.9018 0.36 0.396903 0.40165
0.583018 -2.74289 0.16 0.417608 0.450531
0.624601 -2.93851 0.36 0.416219 0.400952
0.777535 -2.9018 0.36 0.396903 0.40165
0.777535 -2.9018 0.36 0.396903 0.40165
0.624601 -2.93851 0.36 0.416219 0.400952
0.829298 -3.09498 0.64 0.394814 0.340174
0.624601 -2.93851 0.36 0.416219 0.400952
0.666183 -3.13414 0.64 0.415529 0.338815
0.829298 -3.09498 0.64 0.394814 0.340174
0.829298 -3.09498 0.64 0.394814 0.340174
0.666183 -3.13414 0.64 0.415529 0.338815
0.881062 -3.28817 1 0.394074 0.269619
0.666183 -3.13414 0.64 0.415529 0.338815
0.707765 -3.32977 1 0.414157 0.267647
0.881062 -3.28817 1 0.394074 0.269619
0.881062 -3.28817 1 0.394074 0.269619
0.707765 -3.32977 1 0.414157 0.267647
0.932826 -3.48135 1.44 0.395127 0.192651
0.707765 -3.32977 1 0.414157 0.267647
0.749348 -3.5254 1.44 0.41577 0.192172
0.932826 -3.48135 1.44 0.395127 0.192651
0.932826 -3.48135 1.44 0.395127 0.192651
0.749348 -3.5254 1.44 0.41577 0.192172
0.98459 -3.67454 1.96 0.396906 0.112593
0.749348 -3.5254 1.44 0.41577 0.192172
0.79093 -3.72103 1.96 0.417456 0.112891
0.98459 -3.67454 1.96 0.396906 0.112593
0.98459 -3.67454 1.96 0.396906 0.112593
0.79093 -3.72103 1.96 0.417456 0.112891
1.03635 -3.86772 2.56 0.399829 0.0350297
0.79093 -3.72103 1.96 0.417456 0.112891
0.832512 -3.91666 2.56 0.419756 0.0341108
1.03635 -3.86772 2.56 0.399829 0.0350297
0.0618034 -0.464281 -0 0.47529 0.999234
0.0517638 -0.464281 -0 0.478926 0.999295
0.123607 -0.464281 -0 0.457149 0.998404
0.0517638 -0.464281 -0 0.478926 0.999295
0.103528 -0.464281 -0 0.463186 0.998778
0.123607 -0.464281 -0 0.457149 0.998404
0.123607 -0.464281 -0 0.457149 0.998404
0.103528 -0.464281 -0 0.463186 0.998778
0.18541 -0.570634 -0 0.440477 0.956635
0.103528 -0.464281 -0 0.463186 0.998778
0.155291 -0.579556 -0 0.449389 0.954169
0.18541 -0.570634 -0 0.440477 0.956635
0.18541 -0.570634 -0 0.440477 0.956635
0.155291 -0.579556 -0 0.449389 0.954169
0.247214 -0.760845 -0 0.428107 0.884145
0.155291 -0.579556 -0 0.449389 0.954169
0.207055 -0.772741 -0 0.438057 0.882218
0.247214 -0.760845 -0 0.428107 0.884145
0.247214 -0.760845 -0 0.428107 0.884145
0.207055 -0.772741 -0 0.438057 0.882218
0.309017 -0.951057 -0 0.417561 0.817098
0.207055 -0.772741 -0 0.438057 0.882218
0.258819 -0.965926 -0 0.429759 0.814711
0.309017 -0.951057 -0 0.417561 0.817098
0.309017 -0.951057 -0 0.417561 0.817098
0.258819 -0.965926 -0 0.429759 0.814711
0.37082 -1.14127 -0 0.409293 0.75746
0.258819 -0.965926 -0 0.429759 0.814711
0.310583 -1.15911 -0 0.422034 0.754474
0.37082 -1.14127 -0 0.409293 0.75746
0.37082 -1.14127 -0 0.409293 0.75746
0.310583 -1.15911 -0 0.422034 0.754474
0.432624 -1.33148 -0 0.401697 0.703946
0.310583 -1.15911 -0 0.422034 0.754474
0.362347 -1.3523 -0 0.416475 0.700563
0.432624 -1.33148 -0 0.401697 0.703946
0.432624 -1.33148 -0 0.401697 0.703946
0.362347 -1.3523 -0 0.416475 0.700563
0.494427 -1.52169 -0 0.396441 0.65859
0.362347 -1.3523 -0 0.416475 0.700563
0.41411 -1.54548 -0 0.413201 0.654836
0.494427 -1.52169 -0 0.396441 0.65859
0.494427 -1.52169 -0 0.396441 0.65859
0.41411 -1.54548 -0 0.413201 0.654836
0.556231 -1.7119 -0 0.393374 0.618791
0.41411 -1.54548 -0 0.413201 0.654836
0.465874 -1.73867 -0 0.408625 0.614444
0.556231 -1.7119 -0 0.393374 0.618791
0.556231 -1.7119 -0 0.393374 0.618791
0.465874 -1.73867 -0 0.408625 0.614444
0.618034 -1.90211 -0 0.390702 0.582974
0.465874 -1.73867 -0 0.408625 0.614444
0.517638 -1.93185 -0 0.406142 0.581038
0.618034 -1.90211 -0 0.390702 0.582974
0.618034 -1.90211 -0 0.390702 0.582974
0.517638 -1.93185 -0 0.406142 0.581038
0.679837 -2.09232 -0 0.386713 0.554672
0.517638 -1.93185 -0 0.406142 0.581038
0.569402 -2.12504 -0 0.403869 0.549695
0.679837 -2.09232 -0 0.386713 0.554672
0.679837 -2.09232 -0 0.386713 0.554672
0.569402 -2.12504 -0 0.403869 0.549695
0.804731 -2.47671 0.04 0.382643 0.49725
0.569402 -2.12504 -0 0.403869 0.549695
0.674007 -2.51543 0.04 0.401623 0.494566
0.804731 -2.47671 0.04 0.382643 0.49725
0.804731 -2.47671 0.04 0.382643 0.49725
0.674007 -2.51543 0.04 0.401623 0.494566
0.866534 -2.66692 0.16 0.38093 0.456796
0.674007 -2.51543 0.04 0.401623 0.494566
0.725771 -2.70861 0.16 0.398135 0.453684
0.866534 -2.66692 0.16 0.38093 0.456796
0.866534 -2.66692 0.16 0.38093 0.456796
0.725771 -2.70861 0.16 0.398135 0.453684
0.928337 -2.85713 0.36 0.378112 0.405317
0.725771 -2.70861 0.16 0.398135 0.453684
0.777535 -2.9018 0.36 0.396903 0.40165
0.928337 -2.85713 0.36 0.378112 0.405317
0.928337 -2.85713 0.36 0.378112 0.405317
0.777535 -2.9018 0.36 0.396903 0.40165
0.990141 -3.04734 0.64 0.376409 0.341676
0.777535 -2.9018 0.36 0.396903 0.40165
0.829298 -3.09498 0.64 0.394814 0.340174
0.990141 -3.04734 0.64 0.376409 0.341676
0.990141 -3.04734 0.64 0.376409 0.341676
0.829298 -3.09498 0.64 0.394814 0.340174
1.05194 -3.23755 1 0.374612 0.272007
0.829298 -3.09498 0.64 0.394814 0.340174
0.881062 -3.28817 1 0.394074 0.269619
1.05194 -3.23755 1 0.374612 0.272007
1.05194 -3.23755 1 0.374612 0.272007
0.881062 -3.28817 1 0.394074 0.269619
1.11375 -3.42776 1.44 0.373667 0.194045
0.881062 -3.28817 1 0.394074 0.269619
0.932826 -3.48135 1.44 0.395127 0.192651
1.11375 -3.42776 1.44 0.373667 0.194045
1.11375 -3.42776 1.44 0.373667 0.194045
0.932826 -3.48135 1.44 0.395127 0.192651
1.17555 -3.61797 1.96 0.375698 0.113427
0.932826 -3.48135 1.44 0.395127 0.192651
0.98459 -3.67454 1.96 0.396906 0.112593
1.17555 -3.61797 1.96 0.375698 0.113427
1.17555 -3.61797 1.96 0.375698 0.113427
0.98459 -3.67454 1.96 0.396906 0.112593
1.23735 -3.80819 2.56 0.378231 0.0361511
0.98459 -3.67454 1.96 0.396906 0.112593
1.03635 -3.86772 2.56 0.399829 0.0350297
1.23735 -3.80819 2.56 0.378231 0.0361511
0.0716736 -0.464281 -0 0.472867 0.999174
0.0618034 -0.464281 -0 0.47529 0.999234
0.143347 -0.464281 -0 0.451128 0.997935
0.0618034 -0.464281 -0 0.47529 0.999234
0.123607 -0.464281 -0 0.457149 0.998404
0.143347 -0.464281 -0 0.451128 0.997935
0.143347 -0.464281 -0 0.451128 0.997935
0.123607 -0.464281 -0 0.457149 0.998404
0.215021 -0.560148 -0 0.433012 0.959021
0.123607 -0.464281 -0 0.457149 0.998404
0.18541 -0.570634 -0 0.440477 0.956635
0.215021 -0.560148 -0 0.433012 0.959021
0.215021 -0.560148 -0 0.433012 0.959021
0.18541 -0.570634 -0 0.440477 0.956635
0.286694 -0.746864 -0 0.417172 0.888606
0.18541 -0.570634 -0 0.440477 0.956635
0.247214 -0.760845 -0 0.428107 0.884145
0.286694 -0.746864 -0 0.417172 0.888606
0.286694 -0.746864 -0 0.417172 0.888606
0.247214 -0.760845 -0 0.428107 0.884145
0.358368 -0.93358 -0 0.404253 0.820794
0.247214 -0.760845 -0 0.428107 0.884145
0.309017 -0.951057 -0 0.417561 0.817098
0.358368 -0.93358 -0 0.404253 0.820794
0.358368 -0.93358 -0 0.404253 0.820794
0.309017 -0.951057 -0 0.417561 0.817098
0.430042 -1.1203 -0 0.395415 0.762061
0.309017 -0.951057 -0 0.417561 0.817098
0.37082 -1.14127 -0 0.409293 0.75746
0.430042 -1.1203 -0 0.395415 0.762061
0.430042 -1.1203 -0 0.395415 0.762061
0.37082 -1.14127 -0 0.409293 0.75746
0.501715 -1.30701 -0 0.387311 0.706977
0.37082 -1.14127 -0 0.409293 0.75746
0.432624 -1.33148 -0 0.401697 0.703946
0.501715 -1.30701 -0 0.387311 0.706977
0.501715 -1.30701 -0 0.387311 0.706977
0.432624 -1.33148 -0 0.401697 0.703946
0.573389 -1.49373 -0 0.381811 0.662157
0.432624 -1.33148 -0 0.401697 0.703946
0.494427 -1.52169 -0 0.396441 0.65859
0.573389 -1.49373 -0 0.381811 0.662157
0.573389 -1.49373 -0 0.381811 0.662157
0.494427 -1.52169 -0 0.396441 0.65859
0.645062 -1.68044 -0 0.376912 0.622699
0.494427 -1.52169 -0 0.396441 0.65859
0.556231 -1.7119 -0 0.393374 0.618791
0.645062 -1.68044 -0 0.376912 0.622699
0.645062 -1.68044 -0 0.376912 0.622699
0.556231 -1.7119 -0 0.393374 0.618791
0.716736 -1.86716 -0 0.374105 0.587356
0.556231 -1.7119 -0 0.393374 0.618791
0.618034 -1.90211 -0 0.390702 0.582974
0.716736 -1.86716 -0 0.374105 0.587356
0.716736 -1.86716 -0 0.374105 0.587356
0.618034 -1.90211 -0 0.390702 0.582974
0.788409 -2.05388 -0 0.370045 0.556606
0.618034 -1.90211 -0 0.390702 0.582974
0.679837 -2.09232 -0 0.386713 0.554672
0.788409 -2.05388 -0 0.370045 0.556606
0.788409 -2.05388 -0 0.370045 0.556606
0.679837 -2.09232 -0 0.386713 0.554672
0.933249 -2.4312 0.04 0.365956 0.499854
0.679837 -2.09232 -0 0.386713 0.554672
0.804731 -2.47671 0.04 0.382643 0.49725
0.933249 -2.4312 0.04 0.365956 0.499854
0.933249 -2.4312 0.04 0.365956 0.499854
0.804731 -2.47671 0.04 0.382643 0.49725
1.00492 -2.61791 0.16 0.362632 0.459889
0.804731 -2.47671 0.04 0.382643 0.49725
0.866534 -2.66692 0.16 0.38093 0.456796
1.00492 -2.61791 0.16 0.362632 0.459889
1.00492 -2.61791 0.16 0.362632 0.459889
0.866534 -2.66692 0.16 0.38093 0.456796
1.0766 -2.80463 0.36 0.360022 0.406234
0.866534 -2.66692 0.16 0.38093 0.456796
0.928337 -2.85713 0.36 0.378112 0.405317
1.0766 -2.80463 0.36 0.360022 0.406234
1.0766 -2.80463 0.36 0.360022 0.406234
0.928337 -2.85713 0.36 0.378112 0.405317
1.14827 -2.99134 0.64 0.356959 0.346231
0.928337 -2.85713 0.36 0.378112 0.405317
0.990141 -3.04734 0.64 0.376409 0.341676
1.14827 -2.99134 0.64 0.356959 0.346231
1.14827 -2.99134 0.64 0.356959 0.346231
0.990141 -3.04734 0.64 0.376409 0.341676
1.21994 -3.17806 1 0.354489 0.272549
0.990141 -3.04734 0.64 0.376409 0.341676
1.05194 -3.23755 1 0.374612 0.272007
1.21994 -3.17806 1 0.354489 0.272549
1.21994 -3.17806 1 0.354489 0.272549
1.05194 -3.23755 1 0.374612 0.272007
1.29162 -3.36478 1.44 0.35313 0.196093
1.05194 -3.23755 1 0.374612 0.272007
1.11375 -3.42776 1.44 0.373667 0.194045
1.29162 -3.36478 1.44 0.35313 0.196093
1.29162 -3.36478 1.44 0.35313 0.196093
1.11375 -3.42776 1.44 0.373667 0.194045
1.36329 -3.55149 1.96 0.355445 0.115091
1.11375 -3.42776 1.44 0.373667 0.194045
1.17555 -3.61797 1.96 0.375698 0.113427
1.36329 -3.55149 1.96 0.355445 0.115091
1.36329 -3.55149 1.96 0.355445 0.115091
1.17555 -3.61797 1.96 0.375698 0.113427
1.43496 -3.73821 2.56 0.357907 0.036971
1.17555 -3.61797 1.96 0.375698 0.113427
1.23735 -3.80819 2.56 0.378231 0.0361511
1.43496 -3.73821 2.56 0.357907 0.036971
0.0813473 -0.464281 -0 0.469234 0.999055
0.0716736 -0.464281 -0 0.472867 0.999174
0.162695 -0.464281 -0 0.446323 0.99749
0.0716736 -0.464281 -0 0.472867 0.999174
0.143347 -0.464281 -0 0.451128 0.997935
0.162695 -0.464281 -0 0.446323 0.99749
0.162695 -0.464281 -0 0.446323 0.99749
0.143347 -0.464281 -0 0.451128 0.997935
0.244042 -0.548127 -0 0.424536 0.962103
0.143347 -0.464281 -0 0.451128 0.997935
0.215021 -0.560148 -0 0.433012 0.959021
0.244042 -0.548127 -0 0.424536 0.962103
0.244042 -0.548127 -0 0.424536 0.962103
0.215021 -0.560148 -0 0.433012 0.959021
0.325389 -0.730836 -0 0.406391 0.891212
0.215021 -0.560148 -0 0.433012 0.959021
0.286694 -0.746864 -0 0.417172 0.888606
0.325389 -0.730836 -0 0.406391 0.891212
0.325389 -0.730836 -0 0.406391 0.891212
0.286694 -0.746864 -0 0.417172 0.888606
0.406737 -0.913545 -0 0.392968 0.826145
0.286694 -0.746864 -0 0.417172 0.888606
0.358368 -0.93358 -0 0.404253 0.820794
0.406737 -0.913545 -0 0.392968 0.826145
0.406737 -0.913545 -0 0.392968 0.826145
0.358368 -0.93358 -0 0.404253 0.820794
0.488084 -1.09625 -0 0.381967 0.76623
0.358368 -0.93358 -0 0.404253 0.820794
0.430042 -1.1203 -0 0.395415 0.762061
0.488084 -1.09625 -0 0.381967 0.76623
0.488084 -1.09625 -0 0.381967 0.76623
0.430042 -1.1203 -0 0.395415 0.762061
0.569431 -1.27896 -0 0.373504 0.712016
0.430042 -1.1203 -0 0.395415 0.762061
0.501715 -1.30701 -0 0.387311 0.706977
0.569431 -1.27896 -0 0.373504 0.712016
0.569431 -1.27896 -0 0.373504 0.712016
0.501715 -1.30701 -0 0.387311 0.706977
0.650779 -1.46167 -0 0.366057 0.665201
0.501715 -1.30701 -0 0.387311 0.706977
0.573389 -1.49373 -0 0.381811 0.662157
0.650779 -1.46167 -0 0.366057 0.665201
0.650779 -1.46167 -0 0.366057 0.665201
0.573389 -1.49373 -0 0.381811 0.662157
0.732126 -1.64438 -0 0.361024 0.626282
0.573389 -1.49373 -0 0.381811 0.662157
0.645062 -1.68044 -0 0.376912 0.622699
0.732126 -1.64438 -0 0.361024 0.626282
0.732126 -1.64438 -0 0.361024 0.626282
0.645062 -1.68044 -0 0.376912 0.622699
0.813473 -1.82709 -0 0.356509 0.591306
0.645062 -1.68044 -0 0.376912 0.622699
0.716736 -1.86716 -0 0.374105 0.587356
0.813473 -1.82709 -0 0.356509 0.591306
0.813473 -1.82709 -0 0.356509 0.591306
0.716736 -1.86716 -0 0.374105 0.587356
0.894821 -2.0098 -0 0.354026 0.561125
0.716736 -1.86716 -0 0.374105 0.587356
0.788409 -2.05388 -0 0.370045 0.556606
0.894821 -2.0098 -0 0.354026 0.561125
0.894821 -2.0098 -0 0.354026 0.561125
0.788409 -2.05388 -0 0.370045 0.556606
1.05921 -2.37902 0.04 0.348309 0.505127
0.788409 -2.05388 -0 0.370045 0.556606
0.933249 -2.4312 0.04 0.365956 0.499854
1.05921 -2.37902 0.04 0.348309 0.505127
1.05921 -2.37902 0.04 0.348309 0.505127
0.933249 -2.4312 0.04 0.365956 0.499854
1.14056 -2.56173 0.16 0.345055 0.462924
0.933249 -2.4312 0.04 0.365956 0.499854
1.00492 -2.61791 0.16 0.362632 0.459889
1.14056 -2.56173 0.16 0.345055 0.462924
1.14056 -2.56173 0.16 0.345055 0.462924
1.00492 -2.61791 0.16 0.362632 0.459889
1.2219 -2.74444 0.36 0.34105 0.410102
1.00492 -2.61791 0.16 0.362632 0.459889
1.0766 -2.80463 0.36 0.360022 0.406234
1.2219 -2.74444 0.36 0.34105 0.410102
1.2219 -2.74444 0.36 0.34105 0.410102
1.0766 -2.80463 0.36 0.360022 0.406234
1.30325 -2.92715 0.64 0.336933 0.348465
1.0766 -2.80463 0.36 0.360022 0.406234
1.14827 -2.99134 0.64 0.356959 0.346231
1.30325 -2.92715 0.64 0.336933 0.348465
1.30325 -2.92715 0.64 0.336933 0.348465
1.14827 -2.99134 0.64 0.356959 0.346231
1.3846 -3.10986 1 0.333708 0.276207
1.14827 -2.99134 0.64 0.356959 0.346231
1.21994 -3.17806 1 0.354489 0.272549
1.3846 -3.10986 1 0.333708 0.276207
1.3846 -3.10986 1 0.333708 0.276207
1.21994 -3.17806 1 0.354489 0.272549
1.46595 -3.29257 1.44 0.333598 0.198707
1.21994 -3.17806 1 0.354489 0.272549
1.29162 -3.36478 1.44 0.35313 0.196093
1.46595 -3.29257 1.44 0.333598 0.198707
1.46595 -3.29257 1.44 0.333598 0.198707
1.29162 -3.36478 1.44 0.35313 0.196093
1.54729 -3.47528 1.96 0.335195 0.116185
1.29162 -3.36478 1.44 0.35313 0.196093
1.36329 -3.55149 1.96 0.355445 0.115091
1.54729 -3.47528 1.96 0.335195 0.116185
1.54729 -3.47528 1.96 0.335195 0.116185
1.36329 -3.55149 1.96 0.355445 0.115091
1.62864 -3.65798 2.56 0.337846 0.0378268
1.36329 -3.55149 1.96 0.355445 0.115091
1.43496 -3.73821 2.56 0.357907 0.036971
1.62864 -3.65798 2.56 0.337846 0.0378268
0.0907981 -0.464281 -0 0.466813 0.998956
0.0813473 -0.464281 -0 0.469234 0.999055
0.181596 -0.464281 -0 0.440336 0.996849
0.0813473 -0.464281 -0 0.469234 0.999055
0.162695 -0.464281 -0 0.446323 0.99749
0.181596 -0.464281 -0 0.440336 0.996849
0.181596 -0.464281 -0 0.440336 0.996849
0.162695 -0.464281 -0 0.446323 0.99749
0.272394 -0.534604 -0 0.4164 0.96597
0.162695 -0.464281 -0 0.446323 0.99749
0.244042 -0.548127 -0 0.424536 0.962103
0.272394 -0.534604 -0 0.4164 0.96597
0.272394 -0.534604 -0 0.4164 0.96597
0.244042 -0.548127 -0 0.424536 0.962103
0.363192 -0.712805 -0 0.396231 0.896363
0.244042 -0.548127 -0 0.424536 0.962103
0.325389 -0.730836 -0 0.406391 0.891212
0.363192 -0.712805 -0 0.396231 0.896363
0.363192 -0.712805 -0 0.396231 0.896363
0.325389 -0.730836 -0 0.406391 0.891212
0.453991 -0.891007 -0 0.380619 0.830782
0.325389 -0.730836 -0 0.406391 0.891212
0.406737 -0.913545 -0 0.392968 0.826145
0.453991 -0.891007 -0 0.380619 0.830782
0.453991 -0.891007 -0 0.380619 0.830782
0.406737 -0.913545 -0 0.392968 0.826145
0.544789 -1.06921 -0 0.367494 0.769689
0.406737 -0.913545 -0 0.392968 0.826145
0.488084 -1.09625 -0 0.381967 0.76623
0.544789 -1.06921 -0 0.367494 0.769689
0.544789 -1.06921 -0 0.367494 0.769689
0.488084 -1.09625 -0 0.381967 0.76623
0.635587 -1.24741 -0 0.358853 0.718673
0.488084 -1.09625 -0 0.381967 0.76623
0.569431 -1.27896 -0 0.373504 0.712016
0.635587 -1.24741 -0 0.358853 0.718673
0.635587 -1.24741 -0 0.358853 0.718673
0.569431 -1.27896 -0 0.373504 0.712016
0.726385 -1.42561 -0 0.351044 0.670361
0.569431 -1.27896 -0 0.373504 0.712016
0.650779 -1.46167 -0 0.366057 0.665201
0.726385 -1.42561 -0 0.351044 0.670361
0.726385 -1.42561 -0 0.351044 0.670361
0.650779 -1.46167 -0 0.366057 0.665201
0.817183 -1.60381 -0 0.345877 0.632127
0.650779 -1.46167 -0 0.366057 0.665201
0.732126 -1.64438 -0 0.361024 0.626282
0.817183 -1.60381 -0 0.345877 0.632127
0.817183 -1.60381 -0 0.345877 0.632127
0.732126 -1.64438 -0 0.361024 0.626282
0.907981 -1.78201 -0 0.341292 0.597755
0.732126 -1.64438 -0 0.361024 0.626282
0.813473 -1.82709 -0 0.356509 0.591306
0.907981 -1.78201 -0 0.341292 0.597755
0.907981 -1.78201 -0 0.341292 0.597755
0.813473 -1.82709 -0 0.356509 0.591306
0.998779 -1.96021 -0 0.337125 0.565261
0.813473 -1.82709 -0 0.356509 0.591306
0.894821 -2.0098 -0 0.354026 0.561125
0.998779 -1.96021 -0 0.337125 0.565261
0.998779 -1.96021 -0 0.337125 0.565261
0.894821 -2.0098 -0 0.354026 0.561125
1.18227 -2.32033 0.04 0.33144 0.510184
0.894821 -2.0098 -0 0.354026 0.561125
1.05921 -2.37902 0.04 0.348309 0.505127
1.18227 -2.32033 0.04 0.33144 0.510184
1.18227 -2.32033 0.04 0.33144 0.510184
1.05921 -2.37902 0.04 0.348309 0.505127
1.27306 -2.49853 0.16 0.326751 0.468661
1.05921 -2.37902 0.04 0.348309 0.505127
1.14056 -2.56173 0.16 0.345055 0.462924
1.27306 -2.49853 0.16 0.326751 0.468661
1.27306 -2.49853 0.16 0.326751 0.468661
1.14056 -2.56173 0.16 0.345055 0.462924
1.36386 -2.67673 0.36 0.321469 0.416779
1.14056 -2.56173 0.16 0.345055 0.462924
1.2219 -2.74444 0.36 0.34105 0.410102
1.36386 -2.67673 0.36 0.321469 0.416779
1.36386 -2.67673 0.36 0.321469 0.416779
1.2219 -2.74444 0.36 0.34105 0.410102
1.45466 -2.85493 0.64 0.317835 0.353489
1.2219 -2.74444 0.36 0.34105 0.410102
1.30325 -2.92715 0.64 0.336933 0.348465
1.45466 -2.85493 0.64 0.317835 0.353489
1.45466 -2.85493 0.64 0.317835 0.353489
1.30325 -2.92715 0.64 0.336933 0.348465
1.54546 -3.03313 1 0.314069 0.280199
1.30325 -2.92715 0.64 0.336933 0.348465
1.3846 -3.10986 1 0.333708 0.276207
1.54546 -3.03313 1 0.314069 0.280199
1.54546 -3.03313 1 0.314069 0.280199
1.3846 -3.10986 1 0.333708 0.276207
1.63626 -3.21133 1.44 0.312537 0.202567
1.3846 -3.10986 1 0.333708 0.276207
1.46595 -3.29257 1.44 0.333598 0.198707
1.63626 -3.21133 1.44 0.312537 0.202567
1.63626 -3.21133 1.44 0.312537 0.202567
1.46595 -3.29257 1.44 0.333598 0.198707
1.72705 -3.38953 1.96 0.31352 0.120572
1.46595 -3.29257 1.44 0.333598 0.198707
1.54729 -3.47528 1.96 0.335195 0.116185
1.72705 -3.38953 1.96 0.31352 0.120572
1.72705 -3.38953 1.96 0.31352 0.120572
1.54729 -3.47528 1.96 0.335195 0.116185
1.81785 -3.56774 2.56 0.318044 0.0400006
1.54729 -3.47528 1.96 0.335195 0.116185
1.62864 -3.65798 2.56 0.337846 0.0378268
1.81785 -3.56774 2.56 0.318044 0.0400006
0.1 -0.464281 -0 0.464395 0.998841
0.0907981 -0.464281 -0 0.466813 0.998956
0.2 -0.464281 -0 0.435564 0.996269
0.0907981 -0.464281 -0 0.466813 0.998956
0.181596 -0.464281 -0 0.440336 0.996849
0.2 -0.464281 -0 0.435564 0.996269
0.2 -0.464281 -0 0.435564 0.996269
0.181596 -0.464281 -0 0.440336 0.996849
0.3 -0.519615 -0 0.407436 0.970322
0.181596 -0.464281 -0 0.440336 0.996849
0.272394 -0.534604 -0 0.4164 0.96597
0.3 -0.519615 -0 0.407436 0.970322
0.3 -0.519615 -0 0.407436 0.970322
0.272394 -0.534604 -0 0.4164 0.96597
0.4 -0.69282 -0 0.386429 0.901092
0.272394 -0.534604 -0 0.4164 0.96597
0.363192 -0.712805 -0 0.396231 0.896363
0.4 -0.69282 -0 0.386429 0.901092
0.4 -0.69282 -0 0.386429 0.901092
0.363192 -0.712805 -0 0.396231 0.896363
0.5 -0.866025 -0 0.368726 0.834962
0.363192 -0.712805 -0 0.396231 0.896363
0.453991 -0.891007 -0 0.380619 0.830782
0.5 -0.866025 -0 0.368726 0.834962
0.5 -0.866025 -0 0.368726 0.834962
0.453991 -0.891007 -0 0.380619 0.830782
0.6 -1.03923 -0 0.355426 0.777069
0.453991 -0.891007 -0 0.380619 0.830782
0.544789 -1.06921 -0 0.367494 0.769689
0.6 -1.03923 -0 0.355426 0.777069
0.6 -1.03923 -0 0.355426 0.777069
0.544789 -1.06921 -0 0.367494 0.769689
0.7 -1.21244 -0 0.344662 0.72255
0.544789 -1.06921 -0 0.367494 0.769689
0.635587 -1.24741 -0 0.358853 0.718673
0.7 -1.21244 -0 0.344662 0.72255
0.7 -1.21244 -0 0.344662 0.72255
0.635587 -1.24741 -0 0.358853 0.718673
0.8 -1.38564 -0 0.335397 0.677233
0.635587 -1.24741 -0 0.358853 0.718673
0.726385 -1.42561 -0 0.351044 0.670361
0.8 -1.38564 -0 0.335397 0.677233
0.8 -1.38564 -0 0.335397 0.677233
0.726385 -1.42561 -0 0.351044 0.670361
0.9 -1.55885 -0 0.329943 0.63734
0.726385 -1.42561 -0 0.351044 0.670361
0.817183 -1.60381 -0 0.345877 0.632127
0.9 -1.55885 -0 0.329943 0.63734
0.9 -1.55885 -0 0.329943 0.63734
0.817183 -1.60381 -0 0.345877 0.632127
1 -1.73205 -0 0.323856 0.603444
0.817183 -1.60381 -0 0.345877 0.632127
0.907981 -1.78201 -0 0.341292 0.597755
1 -1.73205 -0 0.323856 0.603444
1 -1.73205 -0 0.323856 0.603444
0.907981 -1.78201 -0 0.341292 0.597755
1.1 -1.90526 -0 0.321117 0.571769
0.907981 -1.78201 -0 0.341292 0.597755
0.998779 -1.96021 -0 0.337125 0.565261
1.1 -1.90526 -0 0.321117 0.571769
1.1 -1.90526 -0 0.321117 0.571769
0.998779 -1.96021 -0 0.337125 0.565261
1.30208 -2.25527 0.04 0.313955 0.51495
0.998779 -1.96021 -0 0.337125 0.565261
1.18227 -2.32033 0.04 0.33144 0.510184
1.30208 -2.25527 0.04 0.313955 0.51495
1.30208 -2.25527 0.04 0.313955 0.51495
1.18227 -2.32033 0.04 0.33144 0.510184
1.40208 -2.42848 0.16 0.30941 0.474202
1.18227 -2.32033 0.04 0.33144 0.510184
1.27306 -2.49853 0.16 0.326751 0.468661
1.40208 -2.42848 0.16 0.30941 0.474202
1.40208 -2.42848 0.16 0.30941 0.474202
1.27306 -2.49853 0.16 0.326751 0.468661
1.50208 -2.60168 0.36 0.303057 0.420662
1.27306 -2.49853 0.16 0.326751 0.468661
1.36386 -2.67673 0.36 0.321469 0.416779
1.50208 -2.60168 0.36 0.303057 0.420662
1.50208 -2.60168 0.36 0.303057 0.420662
1.36386 -2.67673 0.36 0.321469 0.416779
1.60208 -2.77489 0.64 0.29848 0.358766
1.36386 -2.67673 0.36 0.321469 0.416779
1.45466 -2.85493 0.64 0.317835 0.353489
1.60208 -2.77489 0.64 0.29848 0.358766
1.60208 -2.77489 0.64 0.29848 0.358766
1.45466 -2.85493 0.64 0.317835 0.353489
1.70208 -2.94809 1 0.294338 0.284755
1.45466 -2.85493 0.64 0.317835 0.353489
1.54546 -3.03313 1 0.314069 0.280199
1.70208 -2.94809 1 0.294338 0.284755
1.70208 -2.94809 1 0.294338 0.284755
1.54546 -3.03313 1 0.314069 0.280199
1.80208 -3.1213 1.44 0.293138 0.204881
1.54546 -3.03313 1 0.314069 0.280199
1.63626 -3.21133 1.44 0.312537 0.202567
1.80208 -3.1213 1.44 0.293138 0.204881
1.80208 -3.1213 1.44 0.293138 0.204881
1.63626 -3.21133 1.44 0.312537 0.202567
1.90208 -3.2945 1.96 0.29367 0.123976
1.63626 -3.21133 1.44 0.312537 0.202567
1.72705 -3.38953 1.96 0.31352 0.120572
1.90208 -3.2945 1.96 0.29367 0.123976
1.90208 -3.2945 1.96 0.29367 0.123976
1.72705 -3.38953 1.96 0.31352 0.120572
2.00208 -3.46771 2.56 0.297986 0.0426852
1.72705 -3.38953 1.96 0.31352 0.120572
1.81785 -3.56774 2.56 0.318044 0.0400006
2.00208 -3.46771 2.56 0.297986 0.0426852
0.108928 -0.464281 -0 0.461977 0.998711
0.1 -0.464281 -0 0.464395 0.998841
0.217856 -0.464281 -0 0.429514 0.99457
0.1 -0.464281 -0 0.464395 0.998841
0.2 -0.464281 -0 0.435564 0.996269
0.217856 -0.464281 -0 0.429514 0.99457
0.217856 -0.464281 -0 0.429514 0.99457
0.2 -0.464281 -0 0.435564 0.996269
0.326783 -0.503202 -0 0.399976 0.974564
0.2 -0.464281 -0 0.435564 0.996269
0.3 -0.519615 -0 0.407436 0.970322
0.326783 -0.503202 -0 0.399976 0.974564
0.326783 -0.503202 -0 0.399976 0.974564
0.3 -0.519615 -0 0.407436 0.970322
0.435711 -0.670936 -0 0.375906 0.906446
0.3 -0.519615 -0 0.407436 0.970322
0.4 -0.69282 -0 0.386429 0.901092
0.435711 -0.670936 -0 0.375906 0.906446
0.435711 -0.670936 -0 0.375906 0.906446
0.4 -0.69282 -0 0.386429 0.901092
0.544639 -0.838671 -0 0.357746 0.842091
0.4 -0.69282 -0 0.386429 0.901092
0.5 -0.866025 -0 0.368726 0.834962
0.544639 -0.838671 -0 0.357746 0.842091
0.544639 -0.838671 -0 0.357746 0.842091
0.5 -0.866025 -0 0.368726 0.834962
0.653567 -1.0064 -0 0.342308 0.781573
0.5 -0.866025 -0 0.368726 0.834962
0.6 -1.03923 -0 0.355426 0.777069
0.653567 -1.0064 -0 0.342308 0.781573
0.653567 -1.0064 -0 0.342308 0.781573
0.6 -1.03923 -0 0.355426 0.777069
0.762495 -1.17414 -0 0.330134 0.730048
0.6 -1.03923 -0 0.355426 0.777069
0.7 -1.21244 -0 0.344662 0.72255
0.762495 -1.17414 -0 0.330134 0.730048
0.762495 -1.17414 -0 0.330134 0.730048
0.7 -1.21244 -0 0.344662 0.72255
0.871422 -1.34187 -0 0.320572 0.683539
0.7 -1.21244 -0 0.344662 0.72255
0.8 -1.38564 -0 0.335397 0.677233
0.871422 -1.34187 -0 0.320572 0.683539
0.871422 -1.34187 -0 0.320572 0.683539
0.8 -1.38564 -0 0.335397 0.677233
0.98035 -1.50961 -0 0.313605 0.644318
0.8 -1.38564 -0 0.335397 0.677233
0.9 -1.55885 -0 0.329943 0.63734
0.98035 -1.50961 -0 0.313605 0.644318
0.98035 -1.50961 -0 0.313605 0.644318
0.9 -1.55885 -0 0.329943 0.63734
1.08928 -1.67734 -0 0.308767 0.608891
0.9 -1.55885 -0 0.329943 0.63734
1 -1.73205 -0 0.323856 0.603444
1.08928 -1.67734 -0 0.308767 0.608891
1.08928 -1.67734 -0 0.308767 0.608891
1 -1.73205 -0 0.323856 0.603444
1.19821 -1.84508 -0 0.304582 0.577717
1 -1.73205 -0 0.323856 0.603444
1.1 -1.90526 -0 0.321117 0.571769
1.19821 -1.84508 -0 0.304582 0.577717
1.19821 -1.84508 -0 0.304582 0.577717
1.1 -1.90526 -0 0.321117 0.571769
1.41833 -2.18404 0.04 0.296163 0.522023
1.1 -1.90526 -0 0.321117 0.571769
1.30208 -2.25527 0.04 0.313955 0.51495
1.41833 -2.18404 0.04 0.296163 0.522023
1.41833 -2.18404 0.04 0.296163 0.522023
1.30208 -2.25527 0.04 0.313955 0.51495
1.52726 -2.35177 0.16 0.29173 0.479517
1.30208 -2.25527 0.04 0.313955 0.51495
1.40208 -2.42848 0.16 0.30941 0.474202
1.52726 -2.35177 0.16 0.29173 0.479517
1.52726 -2.35177 0.16 0.29173 0.479517
1.40208 -2.42848 0.16 0.30941 0.474202
1.63618 -2.5195 0.36 0.285717 0.42709
1.40208 -2.42848 0.16 0.30941 0.474202
1.50208 -2.60168 0.36 0.303057 0.420662
1.63618 -2.5195 0.36 0.285717 0.42709
1.63618 -2.5195 0.36 0.285717 0.42709
1.50208 -2.60168 0.36 0.303057 0.420662
1.74511 -2.68724 0.64 0.279154 0.364253
1.50208 -2.60168 0.36 0.303057 0.420662
1.60208 -2.77489 0.64 0.29848 0.358766
1.74511 -2.68724 0.64 0.279154 0.364253
1.74511 -2.68724 0.64 0.279154 0.364253
1.60208 -2.77489 0.64 0.29848 0.358766
1.85404 -2.85497 1 0.27479 0.289832
1.60208 -2.77489 0.64 0.29848 0.358766
1.70208 -2.94809 1 0.294338 0.284755
1.85404 -2.85497 1 0.27479 0.289832
1.85404 -2.85497 1 0.27479 0.289832
1.70208 -2.94809 1 0.294338 0.284755
1.96297 -3.02271 1.44 0.272672 0.210473
1.70208 -2.94809 1 0.294338 0.284755
1.80208 -3.1213 1.44 0.293138 0.204881
1.96297 -3.02271 1.44 0.272672 0.210473
1.96297 -3.02271 1.44 0.272672 0.210473
1.80208 -3.1213 1.44 0.293138 0.204881
2.0719 -3.19044 1.96 0.273613 0.127328
1.80208 -3.1213 1.44 0.293138 0.204881
1.90208 -3.2945 1.96 0.29367 0.123976
2.0719 -3.19044 1.96 0.273613 0.127328
2.0719 -3.19044 1.96 0.273613 0.127328
1.90208 -3.2945 1.96 0.29367 0.123976
2.18082 -3.35817 2.56 0.278106 0.0459188
1.90208 -3.2945 1.96 0.29367 0.123976
2.00208 -3.46771 2.56 0.297986 0.0426852
2.18082 -3.35817 2.56 0.278106 0.0459188
0.117557 -0.464281 -0 0.459562 0.998565
0.108928 -0.464281 -0 0.461977 0.998711
0.235114 -0.464281 -0 0.424773 0.993856
0.108928 -0.464281 -0 0.461977 0.998711
0.217856 -0.464281 -0 0.429514 0.99457
0.235114 -0.464281 -0 0.424773 0.993856
0.235114 -0.464281 -0 0.424773 0.993856
0.217856 -0.464281 -0 0.429514 0.99457
0.352671 -0.48541 -0 0.391788 0.979177
0.217856 -0.464281 -0 0.429514 0.99457
0.326783 -0.503202 -0 0.399976 0.974564
0.352671 -0.48541 -0 0.391788 0.979177
0.352671 -0.48541 -0 0.391788 0.979177
0.326783 -0.503202 -0 0.399976 0.974564
0.470228 -0.647214 -0 0.367084 0.911662
0.326783 -0.503202 -0 0.399976 0.974564
0.435711 -0.670936 -0 0.375906 0.906446
0.470228 -0.647214 -0 0.367084 0.911662
0.470228 -0.647214 -0 0.367084 0.911662
0.435711 -0.670936 -0 0.375906 0.906446
0.587785 -0.809017 -0 0.346 0.848251
0.435711 -0.670936 -0 0.375906 0.906446
0.544639 -0.838671 -0 0.357746 0.842091
0.587785 -0.809017 -0 0.346 0.848251
0.587785 -0.809017 -0 0.346 0.848251
0.544639 -0.838671 -0 0.357746 0.842091
0.705342 -0.97082 -0 0.328981 0.789031
0.544639 -0.838671 -0 0.357746 0.842091
0.653567 -1.0064 -0 0.342308 0.781573
0.705342 -0.97082 -0 0.328981 0.789031
0.705342 -0.97082 -0 0.328981 0.789031
0.653567 -1.0064 -0 0.342308 0.781573
0.822899 -1.13262 -0 0.316426 0.736885
0.653567 -1.0064 -0 0.342308 0.781573
0.762495 -1.17414 -0 0.330134 0.730048
0.822899 -1.13262 -0 0.316426 0.736885
0.822899 -1.13262 -0 0.316426 0.736885
0.762495 -1.17414 -0 0.330134 0.730048
0.940456 -1.29443 -0 0.306774 0.691581
0.762495 -1.17414 -0 0.330134 0.730048
0.871422 -1.34187 -0 0.320572 0.683539
0.940456 -1.29443 -0 0.306774 0.691581
0.940456 -1.29443 -0 0.306774 0.691581
0.871422 -1.34187 -0 0.320572 0.683539
1.05801 -1.45623 -0 0.29826 0.650713
0.871422 -1.34187 -0 0.320572 0.683539
0.98035 -1.50961 -0 0.313605 0.644318
1.05801 -1.45623 -0 0.29826 0.650713
1.05801 -1.45623 -0 0.29826 0.650713
0.98035 -1.50961 -0 0.313605 0.644318
1.17557 -1.61803 -0 0.293362 0.616178
0.98035 -1.50961 -0 0.313605 0.644318
1.08928 -1.67734 -0 0.308767 0.608891
1.17557 -1.61803 -0 0.293362 0.616178
1.17557 -1.61803 -0 0.293362 0.616178
1.08928 -1.67734 -0 0.308767 0.608891
1.29313 -1.77984 -0 0.287879 0.585578
1.08928 -1.67734 -0 0.308767 0.608891
1.19821 -1.84508 -0 0.304582 0.577717
1.29313 -1.77984 -0 0.287879 0.585578
1.29313 -1.77984 -0 0.287879 0.585578
1.19821 -1.84508 -0 0.304582 0.577717
1.53069 -2.10681 0.04 0.279539 0.528683
1.19821 -1.84508 -0 0.304582 0.577717
1.41833 -2.18404 0.04 0.296163 0.522023
1.53069 -2.10681 0.04 0.279539 0.528683
1.53069 -2.10681 0.04 0.279539 0.528683
1.41833 -2.18404 0.04 0.296163 0.522023
1.64825 -2.26862 0.16 0.273984 0.487147
1.41833 -2.18404 0.04 0.296163 0.522023
1.52726 -2.35177 0.16 0.29173 0.479517
1.64825 -2.26862 0.16 0.273984 0.487147
1.64825 -2.26862 0.16 0.273984 0.487147
1.52726 -2.35177 0.16 0.29173 0.479517
1.7658 -2.43042 0.36 0.267126 0.433472
1.52726 -2.35177 0.16 0.29173 0.479517
1.63618 -2.5195 0.36 0.285717 0.42709
1.7658 -2.43042 0.36 0.267126 0.433472
1.7658 -2.43042 0.36 0.267126 0.433472
1.63618 -2.5195 0.36 0.285717 0.42709
1.88336 -2.59222 0.64 0.260127 0.369896
1.63618 -2.5195 0.36 0.285717 0.42709
1.74511 -2.68724 0.64 0.279154 0.364253
1.88336 -2.59222 0.64 0.260127 0.369896
1.88336 -2.59222 0.64 0.260127 0.369896
1.74511 -2.68724 0.64 0.279154 0.364253
2.00092 -2.75403 1 0.255476 0.297595
1.74511 -2.68724 0.64 0.279154 0.364253
1.85404 -2.85497 1 0.27479 0.289832
2.00092 -2.75403 1 0.255476 0.297595
2.00092 -2.75403 1 0.255476 0.297595
1.85404 -2.85497 1 0.27479 0.289832
2.11847 -2.91583 1.44 0.253179 0.214864
1.85404 -2.85497 1 0.27479 0.289832
1.96297 -3.02271 1.44 0.272672 0.210473
2.11847 -2.91583 1.44 0.253179 0.214864
2.11847 -2.91583 1.44 0.253179 0.214864
1.96297 -3.02271 1.44 0.272672 0.210473
2.23603 -3.07763 1.96 0.2535 0.132238
1.96297 -3.02271 1.44 0.272672 0.210473
2.0719 -3.19044 1.96 0.273613 0.127328
2.23603 -3.07763 1.96 0.2535 0.132238
2.23603 -3.07763 1.96 0.2535 0.132238
2.0719 -3.19044 1.96 0.273613 0.127328
2.35359 -3.23944 2.56 0.25794 0.0502107
2.0719 -3.19044 1.96 0.273613 0.127328
2.18082 -3.35817 2.56 0.278106 0.0459188
2.35359 -3.23944 2.56 0.25794 0.0502107
0.125864 -0.464281 -0 0.457149 0.998404
0.117557 -0.464281 -0 0.459562 0.998565
0.251728 -0.464281 -0 0.420052 0.993085
0.117557 -0.464281 -0 0.459562 0.998565
0.235114 -0.464281 -0 0.424773 0.993856
0.251728 -0.464281 -0 0.420052 0.993085
0.251728 -0.464281 -0 0.420052 0.993085
0.235114 -0.464281 -0 0.424773 0.993856
0.377592 -0.466288 -0 0.384121 0.984336
0.235114 -0.464281 -0 0.424773 0.993856
0.352671 -0.48541 -0 0.391788 0.979177
0.377592 -0.466288 -0 0.384121 0.984336
0.377592 -0.466288 -0 0.384121 0.984336
0.352671 -0.48541 -0 0.391788 0.979177
0.503456 -0.621717 -0 0.356699 0.918237
0.352671 -0.48541 -0 0.391788 0.979177
0.470228 -0.647214 -0 0.367084 0.911662
0.503456 -0.621717 -0 0.356699 0.918237
0.503456 -0.621717 -0 0.356699 0.918237
0.470228 -0.647214 -0 0.367084 0.911662
0.62932 -0.777146 -0 0.335126 0.855397
0.470228 -0.647214 -0 0.367084 0.911662
0.587785 -0.809017 -0 0.346 0.848251
0.62932 -0.777146 -0 0.335126 0.855397
0.62932 -0.777146 -0 0.335126 0.855397
0.587785 -0.809017 -0 0.346 0.848251
0.755184 -0.932575 -0 0.316706 0.797616
0.587785 -0.809017 -0 0.346 0.848251
0.705342 -0.97082 -0 0.328981 0.789031
0.755184 -0.932575 -0 0.316706 0.797616
0.755184 -0.932575 -0 0.316706 0.797616
0.705342 -0.97082 -0 0.328981 0.789031
0.881049 -1.088 -0 0.302522 0.744756
0.705342 -0.97082 -0 0.328981 0.789031
0.822899 -1.13262 -0 0.316426 0.736885
0.881049 -1.088 -0 0.302522 0.744756
0.881049 -1.088 -0 0.302522 0.744756
0.822899 -1.13262 -0 0.316426 0.736885
1.00691 -1.24343 -0 0.292574 0.698633
0.822899 -1.13262 -0 0.316426 0.736885
0.940456 -1.29443 -0 0.306774 0.691581
1.00691 -1.24343 -0 0.292574 0.698633
1.00691 -1.24343 -0 0.292574 0.698633
0.940456 -1.29443 -0 0.306774 0.691581
1.13278 -1.39886 -0 0.284081 0.658874
0.940456 -1.29443 -0 0.306774 0.691581
1.05801 -1.45623 -0 0.29826 0.650713
1.13278 -1.39886 -0 0.284081 0.658874
1.13278 -1.39886 -0 0.284081 0.658874
1.05801 -1.45623 -0 0.29826 0.650713
1.25864 -1.55429 -0 0.277901 0.625051
1.05801 -1.45623 -0 0.29826 0.650713
1.17557 -1.61803 -0 0.293362 0.616178
1.25864 -1.55429 -0 0.277901 0.625051
1.25864 -1.55429 -0 0.277901 0.625051
1.17557 -1.61803 -0 0.293362 0.616178
1.3845 -1.70972 -0 0.27234 0.592858
1.17557 -1.61803 -0 0.293362 0.616178
1.29313 -1.77984 -0 0.287879 0.585578
1.3845 -1.70972 -0 0.27234 0.592858
1.3845 -1.70972 -0 0.27234 0.592858
1.29313 -1.77984 -0 0.287879 0.585578
1.63885 -2.02381 0.04 0.262972 0.537319
1.29313 -1.77984 -0 0.287879 0.585578
1.53069 -2.10681 0.04 0.279539 0.528683
1.63885 -2.02381 0.04 0.262972 0.537319
1.63885 -2.02381 0.04 0.262972 0.537319
1.53069 -2.10681 0.04 0.279539 0.528683
1.76472 -2.17924 0.16 0.256424 0.494322
1.53069 -2.10681 0.04 0.279539 0.528683
1.64825 -2.26862 0.16 0.273984 0.487147
1.76472 -2.17924 0.16 0.256424 0.494322
1.76472 -2.17924 0.16 0.256424 0.494322
1.64825 -2.26862 0.16 0.273984 0.487147
1.89058 -2.33467 0.36 0.248864 0.442127
1.64825 -2.26862 0.16 0.273984 0.487147
1.7658 -2.43042 0.36 0.267126 0.433472
1.89058 -2.33467 0.36 0.248864 0.442127
1.89058 -2.33467 0.36 0.248864 0.442127
1.7658 -2.43042 0.36 0.267126 0.433472
2.01645 -2.4901 0.64 0.241522 0.37799
1.7658 -2.43042 0.36 0.267126 0.433472
1.88336 -2.59222 0.64 0.260127 0.369896
2.01645 -2.4901 0.64 0.241522 0.37799
2.01645 -2.4901 0.64 0.241522 0.37799
1.88336 -2.59222 0.64 0.260127 0.369896
2.14231 -2.64553 1 0.236049 0.30377
1.88336 -2.59222 0.64 0.260127 0.369896
2.00092 -2.75403 1 0.255476 0.297595
2.14231 -2.64553 1 0.236049 0.30377
2.14231 -2.64553 1 0.236049 0.30377
2.00092 -2.75403 1 0.255476 0.297595
2.26817 -2.80096 1.44 0.232481 0.22273
2.00092 -2.75403 1 0.255476 0.297595
2.11847 -2.91583 1.44 0.253179 0.214864
2.26817 -2.80096 1.44 0.232481 0.22273
2.26817 -2.80096 1.44 0.232481 0.22273
2.11847 -2.91583 1.44 0.253179 0.214864
2.39404 -2.95639 1.96 0.233212 0.137586
2.11847 -2.91583 1.44 0.253179 0.214864
2.23603 -3.07763 1.96 0.2535 0.132238
2.39404 -2.95639 1.96 0.233212 0.137586
2.39404 -2.95639 1.96 0.233212 0.137586
2.23603 -3.07763 1.96 0.2535 0.132238
2.5199 -3.11182 2.56 0.237628 0.0549163
2.23603 -3.07763 1.96 0.2535 0.132238
2.35359 -3.23944 2.56 0.25794 0.0502107
2.5199 -3.11182 2.56 0.237628 0.0549163
0.133826 -0.464281 -0 0.454739 0.998228
0.125864 -0.464281 -0 0.457149 0.998404
0.267652 -0.464281 -0 0.415353 0.992256
0.125864 -0.464281 -0 0.457149 0.998404
0.251728 -0.464281 -0 0.420052 0.993085
0.267652 -0.464281 -0 0.415353 0.992256
0.267652 -0.464281 -0 0.415353 0.992256
0.251728 -0.464281 -0 0.420052 0.993085
0.401478 -0.464281 -0 0.377598 0.983388
0.251728 -0.464281 -0 0.420052 0.993085
0.377592 -0.466288 -0 0.384121 0.984336
0.401478 -0.464281 -0 0.377598 0.983388
0.401478 -0.464281 -0 0.377598 0.983388
0.377592 -0.466288 -0 0.384121 0.984336
0.535304 -0.594516 -0 0.348044 0.924587
0.377592 -0.466288 -0 0.384121 0.984336
0.503456 -0.621717 -0 0.356699 0.918237
0.535304 -0.594516 -0 0.348044 0.924587
0.535304 -0.594516 -0 0.348044 0.924587
0.503456 -0.621717 -0 0.356699 0.918237
0.669131 -0.743145 -0 0.323962 0.862969
0.503456 -0.621717 -0 0.356699 0.918237
0.62932 -0.777146 -0 0.335126 0.855397
0.669131 -0.743145 -0 0.323962 0.862969
0.669131 -0.743145 -0 0.323962 0.862969
0.62932 -0.777146 -0 0.335126 0.855397
0.802957 -0.891774 -0 0.305222 0.805423
0.62932 -0.777146 -0 0.335126 0.855397
0.755184 -0.932575 -0 0.316706 0.797616
0.802957 -0.891774 -0 0.305222 0.805423
0.802957 -0.891774 -0 0.305222 0.805423
0.755184 -0.932575 -0 0.316706 0.797616
0.936783 -1.0404 -0 0.289823 0.753846
0.755184 -0.932575 -0 0.316706 0.797616
0.881049 -1.088 -0 0.302522 0.744756
0.936783 -1.0404 -0 0.289823 0.753846
0.936783 -1.0404 -0 0.289823 0.753846
0.881049 -1.088 -0 0.302522 0.744756
1.07061 -1.18903 -0 0.278637 0.708913
0.881049 -1.088 -0 0.302522 0.744756
1.00691 -1.24343 -0 0.292574 0.698633
1.07061 -1.18903 -0 0.278637 0.708913
1.07061 -1.18903 -0 0.278637 0.708913
1.00691 -1.24343 -0 0.292574 0.698633
1.20444 -1.33766 -0 0.268797 0.667945
1.00691 -1.24343 -0 0.292574 0.698633
1.13278 -1.39886 -0 0.284081 0.658874
1.20444 -1.33766 -0 0.268797 0.667945
1.20444 -1.33766 -0 0.268797 0.667945
1.13278 -1.39886 -0 0.284081 0.658874
1.33826 -1.48629 -0 0.262455 0.632928
1.13278 -1.39886 -0 0.284081 0.658874
1.25864 -1.55429 -0 0.277901 0.625051
1.33826 -1.48629 -0 0.262455 0.632928
1.33826 -1.48629 -0 0.262455 0.632928
1.25864 -1.55429 -0 0.277901 0.625051
1.47209 -1.63492 -0 0.25601 0.603837
1.25864 -1.55429 -0 0.277901 0.625051
1.3845 -1.70972 -0 0.27234 0.592858
1.47209 -1.63492 -0 0.25601 0.603837
1.47209 -1.63492 -0 0.25601 0.603837
1.3845 -1.70972 -0 0.27234 0.592858
1.74253 -1.93527 0.04 0.246633 0.545234
1.3845 -1.70972 -0 0.27234 0.592858
1.63885 -2.02381 0.04 0.262972 0.537319
1.74253 -1.93527 0.04 0.246633 0.545234
1.74253 -1.93527 0.04 0.246633 0.545234
1.63885 -2.02381 0.04 0.262972 0.537319
1.87635 -2.0839 0.16 0.239307 0.503421
1.63885 -2.02381 0.04 0.262972 0.537319
1.76472 -2.17924 0.16 0.256424 0.494322
1.87635 -2.0839 0.16 0.239307 0.503421
1.87635 -2.0839 0.16 0.239307 0.503421
1.76472 -2.17924 0.16 0.256424 0.494322
2.01018 -2.23253 0.36 0.231207 0.450379
1.76472 -2.17924 0.16 0.256424 0.494322
1.89058 -2.33467 0.36 0.248864 0.442127
2.01018 -2.23253 0.36 0.231207 0.450379
2.01018 -2.23253 0.36 0.231207 0.450379
1.89058 -2.33467 0.36 0.248864 0.442127
2.144 -2.38116 0.64 0.223666 0.385962
1.89058 -2.33467 0.36 0.248864 0.442127
2.01645 -2.4901 0.64 0.241522 0.37799
2.144 -2.38116 0.64 0.223666 0.385962
2.144 -2.38116 0.64 0.223666 0.385962
2.01645 -2.4901 0.64 0.241522 0.37799
2.27783 -2.52979 1 0.216784 0.310535
2.01645 -2.4901 0.64 0.241522 0.37799
2.14231 -2.64553 1 0.236049 0.30377
2.27783 -2.52979 1 0.216784 0.310535
2.27783 -2.52979 1 0.216784 0.310535
2.14231 -2.64553 1 0.236049 0.30377
2.41166 -2.67842 1.44 0.213455 0.229237
2.14231 -2.64553 1 0.236049 0.30377
2.26817 -2.80096 1.44 0.232481 0.22273
2.41166 -2.67842 1.44 0.213455 0.229237
2.41166 -2.67842 1.44 0.213455 0.229237
2.26817 -2.80096 1.44 0.232481 0.22273
2.54548 -2.82704 1.96 0.21335 0.143327
2.26817 -2.80096 1.44 0.232481 0.22273
2.39404 -2.95639 1.96 0.233212 0.137586
2.54548 -2.82704 1.96 0.21335 0.143327
2.54548 -2.82704 1.96 0.21335 0.143327
2.39404 -2.95639 1.96 0.233212 0.137586
2.67931 -2.97567 2.56 0.218523 0.0594711
2.39404 -2.95639 1.96 0.233212 0.137586
2.5199 -3.11182 2.56 0.237628 0.0549163
2.67931 -2.97567 2.56 0.218523 0.0594711
0.141421 -0.464281 -0 0.452331 0.998036
0.133826 -0.464281 -0 0.454739 0.998228
0.282843 -0.464281 -0 0.411843 0.991598
0.133826 -0.464281 -0 0.454739 0.998228
0.267652 -0.464281 -0 0.415353 0.992256
0.282843 -0.464281 -0 0.411843 0.991598
0.282843 -0.464281 -0 0.411843 0.991598
0.267652 -0.464281 -0 0.415353 0.992256
0.424264 -0.464281 -0 0.372061 0.981751
0.267652 -0.464281 -0 0.415353 0.992256
0.401478 -0.464281 -0 0.377598 0.983388
0.424264 -0.464281 -0 0.372061 0.981751
0.424264 -0.464281 -0 0.372061 0.981751
0.401478 -0.464281 -0 0.377598 0.983388
0.565685 -0.565685 -0 0.339262 0.932308
0.401478 -0.464281 -0 0.377598 0.983388
0.535304 -0.594516 -0 0.348044 0.924587
0.565685 -0.565685 -0 0.339262 0.932308
0.565685 -0.565685 -0 0.339262 0.932308
0.535304 -0.594516 -0 0.348044 0.924587
0.707107 -0.707107 -0 0.313807 0.87125
0.535304 -0.594516 -0 0.348044 0.924587
0.669131 -0.743145 -0 0.323962 0.862969
0.707107 -0.707107 -0 0.313807 0.87125
0.707107 -0.707107 -0 0.313807 0.87125
0.669131 -0.743145 -0 0.323962 0.862969
0.848528 -0.848528 -0 0.292531 0.813277
0.669131 -0.743145 -0 0.323962 0.862969
0.802957 -0.891774 -0 0.305222 0.805423
0.848528 -0.848528 -0 0.292531 0.813277
0.848528 -0.848528 -0 0.292531 0.813277
0.802957 -0.891774 -0 0.305222 0.805423
0.98995 -0.98995 -0 0.276937 0.761662
0.802957 -0.891774 -0 0.305222 0.805423
0.936783 -1.0404 -0 0.289823 0.753846
0.98995 -0.98995 -0 0.276937 0.761662
0.98995 -0.98995 -0 0.276937 0.761662
0.936783 -1.0404 -0 0.289823 0.753846
1.13137 -1.13137 -0 0.264715 0.717852
0.936783 -1.0404 -0 0.289823 0.753846
1.07061 -1.18903 -0 0.278637 0.708913
1.13137 -1.13137 -0 0.264715 0.717852
1.13137 -1.13137 -0 0.264715 0.717852
1.07061 -1.18903 -0 0.278637 0.708913
1.27279 -1.27279 -0 0.254988 0.678313
1.07061 -1.18903 -0 0.278637 0.708913
1.20444 -1.33766 -0 0.268797 0.667945
1.27279 -1.27279 -0 0.254988 0.678313
1.27279 -1.27279 -0 0.254988 0.678313
1.20444 -1.33766 -0 0.268797 0.667945
1.41421 -1.41421 -0 0.247404 0.642018
1.20444 -1.33766 -0 0.268797 0.667945
1.33826 -1.48629 -0 0.262455 0.632928
1.41421 -1.41421 -0 0.247404 0.642018
1.41421 -1.41421 -0 0.247404 0.642018
1.33826 -1.48629 -0 0.262455 0.632928
1.55563 -1.55563 -0 0.240959 0.611616
1.33826 -1.48629 -0 0.262455 0.632928
1.47209 -1.63492 -0 0.25601 0.603837
1.55563 -1.55563 -0 0.240959 0.611616
1.55563 -1.55563 -0 0.240959 0.611616
1.47209 -1.63492 -0 0.25601 0.603837
1.84142 -1.84142 0.04 0.230808 0.554731
1.47209 -1.63492 -0 0.25601 0.603837
1.74253 -1.93527 0.04 0.246633 0.545234
1.84142 -1.84142 0.04 0.230808 0.554731
1.84142 -1.84142 0.04 0.230808 0.554731
1.74253 -1.93527 0.04 0.246633 0.545234
1.98284 -1.98284 0.16 0.222806 0.511813
1.74253 -1.93527 0.04 0.246633 0.545234
1.87635 -2.0839 0.16 0.239307 0.503421
1.98284 -1.98284 0.16 0.222806 0.511813
1.98284 -1.98284 0.16 0.222806 0.511813
1.87635 -2.0839 0.16 0.239307 0.503421
2.12426 -2.12426 0.36 0.214329 0.458169
1.87635 -2.0839 0.16 0.239307 0.503421
2.01018 -2.23253 0.36 0.231207 0.450379
2.12426 -2.12426 0.36 0.214329 0.458169
2.12426 -2.12426 0.36 0.214329 0.458169
2.01018 -2.23253 0.36 0.231207 0.450379
2.26569 -2.26569 0.64 0.20506 0.394063
2.01018 -2.23253 0.36 0.231207 0.450379
2.144 -2.38116 0.64 0.223666 0.385962
2.26569 -2.26569 0.64 0.20506 0.394063
2.26569 -2.26569 0.64 0.20506 0.394063
2.144 -2.38116 0.64 0.223666 0.385962
2.40711 -2.40711 1 0.197896 0.319766
2.144 -2.38116 0.64 0.223666 0.385962
2.27783 -2.52979 1 0.216784 0.310535
2.40711 -2.40711 1 0.197896 0.319766
2.40711 -2.40711 1 0.197896 0.319766
2.27783 -2.52979 1 0.216784 0.310535
2.54853 -2.54853 1.44 0.193744 0.23744
2.27783 -2.52979 1 0.216784 0.310535
2.41166 -2.67842 1.44 0.213455 0.229237
2.54853 -2.54853 1.44 0.193744 0.23744
2.54853 -2.54853 1.44 0.193744 0.23744
2.41166 -2.67842 1.44 0.213455 0.229237
2.68995 -2.68995 1.96 0.194065 0.150748
2.41166 -2.67842 1.44 0.213455 0.229237
2.54548 -2.82704 1.96 0.21335 0.143327
2.68995 -2.68995 1.96 0.194065 0.150748
2.68995 -2.68995 1.96 0.194065 0.150748
2.54548 -2.82704 1.96 0.21335 0.143327
2.83137 -2.83137 2.56 0.198591 0.0658938
2.54548 -2.82704 1.96 0.21335 0.143327
2.67931 -2.97567 2.56 0.218523 0.0594711
2.83137 -2.83137 2.56 0.198591 0.0658938
0.148629 -0.464281 -0 0.449925 0.997829
0.141421 -0.464281 -0 0.452331 0.998036
0.297258 -0.464281 -0 0.407186 0.990673
0.141421 -0.464281 -0 0.452331 0.998036
0.282843 -0.464281 -0 0.411843 0.991598
0.297258 -0.464281 -0 0.407186 0.990673
0.297258 -0.464281 -0 0.407186 0.990673
0.282843 -0.464281 -0 0.411843 0.991598
0.445887 -0.464281 -0 0.365488 0.979694
0.282843 -0.464281 -0 0.411843 0.991598
0.424264 -0.464281 -0 0.372061 0.981751
0.445887 -0.464281 -0 0.365488 0.979694
0.445887 -0.464281 -0 0.365488 0.979694
0.424264 -0.464281 -0 0.372061 0.981751
0.594516 -0.535304 -0 0.330245 0.939999
0.424264 -0.464281 -0 0.372061 0.981751
0.565685 -0.565685 -0 0.339262 0.932308
0.594516 -0.535304 -0 0.330245 0.939999
0.594516 -0.535304 -0 0.330245 0.939999
0.565685 -0.565685 -0 0.339262 0.932308
0.743145 -0.669131 -0 0.303577 0.879649
0.565685 -0.565685 -0 0.339262 0.932308
0.707107 -0.707107 -0 0.313807 0.87125
0.743145 -0.669131 -0 0.303577 0.879649
0.743145 -0.669131 -0 0.303577 0.879649
0.707107 -0.707107 -0 0.313807 0.87125
0.891774 -0.802957 -0 0.281423 0.823516
0.707107 -0.707107 -0 0.313807 0.87125
0.848528 -0.848528 -0 0.292531 0.813277
0.891774 -0.802957 -0 0.281423 0.823516
0.891774 -0.802957 -0 0.281423 0.823516
0.848528 -0.848528 -0 0.292531 0.813277
1.0404 -0.936783 -0 0.264593 0.771841
0.848528 -0.848528 -0 0.292531 0.813277
0.98995 -0.98995 -0 0.276937 0.761662
1.0404 -0.936783 -0 0.264593 0.771841
1.0404 -0.936783 -0 0.264593 0.771841
0.98995 -0.98995 -0 0.276937 0.761662
1.18903 -1.07061 -0 0.251225 0.727416
0.98995 -0.98995 -0 0.276937 0.761662
1.13137 -1.13137 -0 0.264715 0.717852
1.18903 -1.07061 -0 0.251225 0.727416
1.18903 -1.07061 -0 0.251225 0.727416
1.13137 -1.13137 -0 0.264715 0.717852
1.33766 -1.20444 -0 0.240413 0.686971
1.13137 -1.13137 -0 0.264715 0.717852
1.27279 -1.27279 -0 0.254988 0.678313
1.33766 -1.20444 -0 0.240413 0.686971
1.33766 -1.20444 -0 0.240413 0.686971
1.27279 -1.27279 -0 0.254988 0.678313
1.48629 -1.33826 -0 0.232209 0.653849
1.27279 -1.27279 -0 0.254988 0.678313
1.41421 -1.41421 -0 0.247404 0.642018
1.48629 -1.33826 -0 0.232209 0.653849
1.48629 -1.33826 -0 0.232209 0.653849
1.41421 -1.41421 -0 0.247404 0.642018
1.63492 -1.47209 -0 0.225722 0.622497
1.41421 -1.41421 -0 0.247404 0.642018
1.55563 -1.55563 -0 0.240959 0.611616
1.63492 -1.47209 -0 0.225722 0.622497
1.63492 -1.47209 -0 0.225722 0.622497
1.55563 -1.55563 -0 0.240959 0.611616
1.93527 -1.74253 0.04 0.214811 0.565342
1.55563 -1.55563 -0 0.240959 0.611616
1.84142 -1.84142 0.04 0.230808 0.554731
1.93527 -1.74253 0.04 0.214811 0.565342
1.93527 -1.74253 0.04 0.214811 0.565342
1.84142 -1.84142 0.04 0.230808 0.554731
2.0839 -1.87635 0.16 0.206348 0.523862
1.84142 -1.84142 0.04 0.230808 0.554731
1.98284 -1.98284 0.16 0.222806 0.511813
2.0839 -1.87635 0.16 0.206348 0.523862
2.0839 -1.87635 0.16 0.206348 0.523862
1.98284 -1.98284 0.16 0.222806 0.511813
2.23253 -2.01018 0.36 0.196764 0.469906
1.98284 -1.98284 0.16 0.222806 0.511813
2.12426 -2.12426 0.36 0.214329 0.458169
2.23253 -2.01018 0.36 0.196764 0.469906
2.23253 -2.01018 0.36 0.196764 0.469906
2.12426 -2.12426 0.36 0.214329 0.458169
2.38116 -2.144 0.64 0.187023 0.40409
2.12426 -2.12426 0.36 0.214329 0.458169
2.26569 -2.26569 0.64 0.20506 0.394063
2.38116 -2.144 0.64 0.187023 0.40409
2.38116 -2.144 0.64 0.187023 0.40409
2.26569 -2.26569 0.64 0.20506 0.394063
2.52979 -2.27783 1 0.179252 0.329414
2.26569 -2.26569 0.64 0.20506 0.394063
2.40711 -2.40711 1 0.197896 0.319766
2.52979 -2.27783 1 0.179252 0.329414
2.52979 -2.27783 1 0.179252 0.329414
2.40711 -2.40711 1 0.197896 0.319766
2.67842 -2.41166 1.44 0.174419 0.245374
2.40711 -2.40711 1 0.197896 0.319766
2.54853 -2.54853 1.44 0.193744 0.23744
2.67842 -2.41166 1.44 0.174419 0.245374
2.67842 -2.41166 1.44 0.174419 0.245374
2.54853 -2.54853 1.44 0.193744 0.23744
2.82704 -2.54548 1.96 0.174981 0.157002
2.54853 -2.54853 1.44 0.193744 0.23744
2.68995 -2.68995 1.96 0.194065 0.150748
2.82704 -2.54548 1.96 0.174981 0.157002
2.82704 -2.54548 1.96 0.174981 0.157002
2.68995 -2.68995 1.96 0.194065 0.150748
2.97567 -2.67931 2.56 0.179523 0.0719151
2.68995 -2.68995 1.96 0.194065 0.150748
2.83137 -2.83137 2.56 0.198591 0.0658938
2.97567 -2.67931 2.56 0.179523 0.0719151
0.155429 -0.464281 -0 0.448724 0.99772
0.148629 -0.464281 -0 0.449925 0.997829
0.310858 -0.464281 -0 0.40371 0.989943
0.148629 -0.464281 -0 0.449925 0.997829
0.297258 -0.464281 -0 0.407186 0.990673
0.310858 -0.464281 -0 0.40371 0.989943
0.310858 -0.464281 -0 0.40371 0.989943
0.297258 -0.464281 -0 0.407186 0.990673
0.466288 -0.464281 -0 0.360074 0.977905
0.297258 -0.464281 -0 0.407186 0.990673
0.445887 -0.464281 -0 0.365488 0.979694
0.466288 -0.464281 -0 0.360074 0.977905
0.466288 -0.464281 -0 0.360074 0.977905
0.445887 -0.464281 -0 0.365488 0.979694
0.621717 -0.503456 -0 0.322135 0.947987
0.445887 -0.464281 -0 0.365488 0.979694
0.594516 -0.535304 -0 0.330245 0.939999
0.621717 -0.503456 -0 0.322135 0.947987
0.621717 -0.503456 -0 0.322135 0.947987
0.594516 -0.535304 -0 0.330245 0.939999
0.777146 -0.62932 -0 0.293412 0.888015
0.594516 -0.535304 -0 0.330245 0.939999
0.743145 -0.669131 -0 0.303577 0.879649
0.777146 -0.62932 -0 0.293412 0.888015
0.777146 -0.62932 -0 0.293412 0.888015
0.743145 -0.669131 -0 0.303577 0.879649
0.932575 -0.755184 -0 0.270258 0.832214
0.743145 -0.669131 -0 0.303577 0.879649
0.891774 -0.802957 -0 0.281423 0.823516
0.932575 -0.755184 -0 0.270258 0.832214
0.932575 -0.755184 -0 0.270258 0.832214
0.891774 -0.802957 -0 0.281423 0.823516
1.088 -0.881049 -0 0.252681 0.78221
0.891774 -0.802957 -0 0.281423 0.823516
1.0404 -0.936783 -0 0.264593 0.771841
1.088 -0.881049 -0 0.252681 0.78221
1.088 -0.881049 -0 0.252681 0.78221
1.0404 -0.936783 -0 0.264593 0.771841
1.24343 -1.00691 -0 0.238323 0.737387
1.0404 -0.936783 -0 0.264593 0.771841
1.18903 -1.07061 -0 0.251225 0.727416
1.24343 -1.00691 -0 0.238323 0.737387
1.24343 -1.00691 -0 0.238323 0.737387
1.18903 -1.07061 -0 0.251225 0.727416
1.39886 -1.13278 -0 0.226833 0.698215
1.18903 -1.07061 -0 0.251225 0.727416
1.33766 -1.20444 -0 0.240413 0.686971
1.39886 -1.13278 -0 0.226833 0.698215
1.39886 -1.13278 -0 0.226833 0.698215
1.33766 -1.20444 -0 0.240413 0.686971
1.55429 -1.25864 -0 0.218595 0.664477
1.33766 -1.20444 -0 0.240413 0.686971
1.48629 -1.33826 -0 0.232209 0.653849
1.55429 -1.25864 -0 0.218595 0.664477
1.55429 -1.25864 -0 0.218595 0.664477
1.48629 -1.33826 -0 0.232209 0.653849
1.70972 -1.3845 -0 0.211399 0.634096
1.48629 -1.33826 -0 0.232209 0.653849
1.63492 -1.47209 -0 0.225722 0.622497
1.70972 -1.3845 -0 0.211399 0.634096
1.70972 -1.3845 -0 0.211399 0.634096
1.63492 -1.47209 -0 0.225722 0.622497
2.02381 -1.63885 0.04 0.19906 0.576716
1.63492 -1.47209 -0 0.225722 0.622497
1.93527 -1.74253 0.04 0.214811 0.565342
2.02381 -1.63885 0.04 0.19906 0.576716
2.02381 -1.63885 0.04 0.19906 0.576716
1.93527 -1.74253 0.04 0.214811 0.565342
2.17924 -1.76472 0.16 0.190228 0.534628
1.93527 -1.74253 0.04 0.214811 0.565342
2.0839 -1.87635 0.16 0.206348 0.523862
2.17924 -1.76472 0.16 0.190228 0.534628
2.17924 -1.76472 0.16 0.190228 0.534628
2.0839 -1.87635 0.16 0.206348 0.523862
2.33467 -1.89058 0.36 0.1799 0.48065
2.0839 -1.87635 0.16 0.206348 0.523862
2.23253 -2.01018 0.36 0.196764 0.469906
2.33467 -1.89058 0.36 0.1799 0.48065
2.33467 -1.89058 0.36 0.1799 0.48065
2.23253 -2.01018 0.36 0.196764 0.469906
2.4901 -2.01645 0.64 0.169881 0.415641
2.23253 -2.01018 0.36 0.196764 0.469906
2.38116 -2.144 0.64 0.187023 0.40409
2.4901 -2.01645 0.64 0.169881 0.415641
2.4901 -2.01645 0.64 0.169881 0.415641
2.38116 -2.144 0.64 0.187023 0.40409
2.64553 -2.14231 1 0.161352 0.339242
2.38116 -2.144 0.64 0.187023 0.40409
2.52979 -2.27783 1 0.179252 0.329414
2.64553 -2.14231 1 0.161352 0.339242
2.64553 -2.14231 1 0.161352 0.339242
2.52979 -2.27783 1 0.179252 0.329414
2.80096 -2.26817 1.44 0.155833 0.25449
2.52979 -2.27783 1 0.179252 0.329414
2.67842 -2.41166 1.44 0.174419 0.245374
2.80096 -2.26817 1.44 0.155833 0.25449
2.80096 -2.26817 1.44 0.155833 0.25449
2.67842 -2.41166 1.44 0.174419 0.245374
2.95639 -2.39404 1.96 0.155603 0.166354
2.67842 -2.41166 1.44 0.174419 0.245374
2.82704 -2.54548 1.96 0.174981 0.157002
2.95639 -2.39404 1.96 0.155603 0.166354
2.95639 -2.39404 1.96 0.155603 0.166354
2.82704 -2.54548 1.96 0.174981 0.157002
3.11182 -2.5199 2.56 0.161036 0.0779567
2.82704 -2.54548 1.96 0.174981 0.157002
2.97567 -2.67931 2.56 0.179523 0.0719151
3.11182 -2.5199 2.56 0.161036 0.0779567
0.161803 -0.464281 -0 0.446323 0.99749
0.155429 -0.464281 -0 0.448724 0.99772
0.323607 -0.464281 -0 0.400249 0.989184
0.155429 -0.464281 -0 0.448724 0.99772
0.310858 -0.464281 -0 0.40371 0.989943
0.323607 -0.464281 -0 0.400249 0.989184
0.323607 -0.464281 -0 0.400249 0.989184
0.310858 -0.464281 -0 0.40371 0.989943
0.48541 -0.464281 -0 0.355548 0.975487
0.310858 -0.464281 -0 0.40371 0.989943
0.466288 -0.464281 -0 0.360074 0.977905
0.48541 -0.464281 -0 0.355548 0.975487
0.48541 -0.464281 -0 0.355548 0.975487
0.466288 -0.464281 -0 0.360074 0.977905
0.647214 -0.470228 -0 0.314901 0.956205
0.466288 -0.464281 -0 0.360074 0.977905
0.621717 -0.503456 -0 0.322135 0.947987
0.647214 -0.470228 -0 0.314901 0.956205
0.647214 -0.470228 -0 0.314901 0.956205
0.621717 -0.503456 -0 0.322135 0.947987
0.809017 -0.587785 -0 0.284709 0.897974
0.621717 -0.503456 -0 0.322135 0.947987
0.777146 -0.62932 -0 0.293412 0.888015
0.809017 -0.587785 -0 0.284709 0.897974
0.809017 -0.587785 -0 0.284709 0.897974
0.777146 -0.62932 -0 0.293412 0.888015
0.97082 -0.705342 -0 0.26011 0.843812
0.777146 -0.62932 -0 0.293412 0.888015
0.932575 -0.755184 -0 0.270258 0.832214
0.97082 -0.705342 -0 0.26011 0.843812
0.97082 -0.705342 -0 0.26011 0.843812
0.932575 -0.755184 -0 0.270258 0.832214
1.13262 -0.822899 -0 0.240747 0.79371
0.932575 -0.755184 -0 0.270258 0.832214
1.088 -0.881049 -0 0.252681 0.78221
1.13262 -0.822899 -0 0.240747 0.79371
1.13262 -0.822899 -0 0.240747 0.79371
1.088 -0.881049 -0 0.252681 0.78221
1.29443 -0.940456 -0 0.225574 0.74886
1.088 -0.881049 -0 0.252681 0.78221
1.24343 -1.00691 -0 0.238323 0.737387
1.29443 -0.940456 -0 0.225574 0.74886
1.29443 -0.940456 -0 0.225574 0.74886
1.24343 -1.00691 -0 0.238323 0.737387
1.45623 -1.05801 -0 0.214131 0.70969
1.24343 -1.00691 -0 0.238323 0.737387
1.39886 -1.13278 -0 0.226833 0.698215
1.45623 -1.05801 -0 0.214131 0.70969
1.45623 -1.05801 -0 0.214131 0.70969
1.39886 -1.13278 -0 0.226833 0.698215
1.61803 -1.17557 -0 0.204511 0.676738
1.39886 -1.13278 -0 0.226833 0.698215
1.55429 -1.25864 -0 0.218595 0.664477
1.61803 -1.17557 -0 0.204511 0.676738
1.61803 -1.17557 -0 0.204511 0.676738
1.55429 -1.25864 -0 0.218595 0.664477
1.77984 -1.29313 -0 0.197335 0.645836
1.55429 -1.25864 -0 0.218595 0.664477
1.70972 -1.3845 -0 0.211399 0.634096
1.77984 -1.29313 -0 0.197335 0.645836
1.77984 -1.29313 -0 0.197335 0.645836
1.70972 -1.3845 -0 0.211399 0.634096
2.10681 -1.53069 0.04 0.184595 0.588749
1.70972 -1.3845 -0 0.211399 0.634096
2.02381 -1.63885 0.04 0.19906 0.576716
2.10681 -1.53069 0.04 0.184595 0.588749
2.10681 -1.53069 0.04 0.184595 0.588749
2.02381 -1.63885 0.04 0.19906 0.576716
2.26862 -1.64825 0.16 0.174819 0.546102
2.02381 -1.63885 0.04 0.19906 0.576716
2.17924 -1.76472 0.16 0.190228 0.534628
2.26862 -1.64825 0.16 0.174819 0.546102
2.26862 -1.64825 0.16 0.174819 0.546102
2.17924 -1.76472 0.16 0.190228 0.534628
2.43042 -1.7658 0.36 0.163405 0.492299
2.17924 -1.76472 0.16 0.190228 0.534628
2.33467 -1.89058 0.36 0.1799 0.48065
2.43042 -1.7658 0.36 0.163405 0.492299
2.43042 -1.7658 0.36 0.163405 0.492299
2.33467 -1.89058 0.36 0.1799 0.48065
2.59222 -1.88336 0.64 0.152317 0.426694
2.33467 -1.89058 0.36 0.1799 0.48065
2.4901 -2.01645 0.64 0.169881 0.415641
2.59222 -1.88336 0.64 0.152317 0.426694
2.59222 -1.88336 0.64 0.152317 0.426694
2.4901 -2.01645 0.64 0.169881 0.415641
2.75403 -2.00092 1 0.143126 0.349737
2.4901 -2.01645 0.64 0.169881 0.415641
2.64553 -2.14231 1 0.161352 0.339242
2.75403 -2.00092 1 0.143126 0.349737
2.75403 -2.00092 1 0.143126 0.349737
2.64553 -2.14231 1 0.161352 0.339242
2.91583 -2.11847 1.44 0.137378 0.263993
2.64553 -2.14231 1 0.161352 0.339242
2.80096 -2.26817 1.44 0.155833 0.25449
2.91583 -2.11847 1.44 0.137378 0.263993
2.91583 -2.11847 1.44 0.137378 0.263993
2.80096 -2.26817 1.44 0.155833 0.25449
3.07763 -2.23603 1.96 0.136795 0.174658
2.80096 -2.26817 1.44 0.155833 0.25449
2.95639 -2.39404 1.96 0.155603 0.166354
3.07763 -2.23603 1.96 0.136795 0.174658
3.07763 -2.23603 1.96 0.136795 0.174658
2.95639 -2.39404 1.96 0.155603 0.166354
3.23944 -2.35359 2.56 0.142254 0.0855814
2.95639 -2.39404 1.96 0.155603 0.166354
3.11182 -2.5199 2.56 0.161036 0.0779567
3.23944 -2.35359 2.56 0.142254 0.0855814
0.167734 -0.464281 -0 0.445124 0.997369
0.161803 -0.464281 -0 0.446323 0.99749
0.335468 -0.464281 -0 0.396803 0.988395
0.161803 -0.464281 -0 0.446323 0.99749
0.323607 -0.464281 -0 0.400249 0.989184
0.335468 -0.464281 -0 0.396803 0.988395
0.335468 -0.464281 -0 0.396803 0.988395
0.323607 -0.464281 -0 0.400249 0.989184
0.503202 -0.464281 -0 0.350232 0.973579
0.323607 -0.464281 -0 0.400249 0.989184
0.48541 -0.464281 -0 0.355548 0.975487
0.503202 -0.464281 -0 0.350232 0.973579
0.503202 -0.464281 -0 0.350232 0.973579
0.48541 -0.464281 -0 0.355548 0.975487
0.670936 -0.464281 -0 0.309045 0.955917
0.48541 -0.464281 -0 0.355548 0.975487
0.647214 -0.470228 -0 0.314901 0.956205
0.670936 -0.464281 -0 0.309045 0.955917
0.670936 -0.464281 -0 0.309045 0.955917
0.647214 -0.470228 -0 0.314901 0.956205
0.838671 -0.544639 -0 0.275612 0.9082
0.647214 -0.470228 -0 0.314901 0.956205
0.809017 -0.587785 -0 0.284709 0.897974
0.838671 -0.544639 -0 0.275612 0.9082
0.838671 -0.544639 -0 0.275612 0.9082
0.809017 -0.587785 -0 0.284709 0.897974
1.0064 -0.653567 -0 0.250445 0.854961
0.809017 -0.587785 -0 0.284709 0.897974
0.97082 -0.705342 -0 0.26011 0.843812
1.0064 -0.653567 -0 0.250445 0.854961
1.0064 -0.653567 -0 0.250445 0.854961
0.97082 -0.705342 -0 0.26011 0.843812
1.17414 -0.762495 -0 0.229599 0.804874
0.97082 -0.705342 -0 0.26011 0.843812
1.13262 -0.822899 -0 0.240747 0.79371
1.17414 -0.762495 -0 0.229599 0.804874
1.17414 -0.762495 -0 0.229599 0.804874
1.13262 -0.822899 -0 0.240747 0.79371
1.34187 -0.871422 -0 0.214073 0.761815
1.13262 -0.822899 -0 0.240747 0.79371
1.29443 -0.940456 -0 0.225574 0.74886
1.34187 -0.871422 -0 0.214073 0.761815
1.34187 -0.871422 -0 0.214073 0.761815
1.29443 -0.940456 -0 0.225574 0.74886
1.50961 -0.98035 -0 0.201167 0.722077
1.29443 -0.940456 -0 0.225574 0.74886
1.45623 -1.05801 -0 0.214131 0.70969
1.50961 -0.98035 -0 0.201167 0.722077
1.50961 -0.98035 -0 0.201167 0.722077
1.45623 -1.05801 -0 0.214131 0.70969
1.67734 -1.08928 -0 0.191671 0.688999
1.45623 -1.05801 -0 0.214131 0.70969
1.61803 -1.17557 -0 0.204511 0.676738
1.67734 -1.08928 -0 0.191671 0.688999
1.67734 -1.08928 -0 0.191671 0.688999
1.61803 -1.17557 -0 0.204511 0.676738
1.84508 -1.19821 -0 0.18403 0.659307
1.61803 -1.17557 -0 0.204511 0.676738
1.77984 -1.29313 -0 0.197335 0.645836
1.84508 -1.19821 -0 0.18403 0.659307
1.84508 -1.19821 -0 0.18403 0.659307
1.77984 -1.29313 -0 0.197335 0.645836
2.18404 -1.41833 0.04 0.169579 0.600458
1.77984 -1.29313 -0 0.197335 0.645836
2.10681 -1.53069 0.04 0.184595 0.588749
2.18404 -1.41833 0.04 0.169579 0.600458
2.18404 -1.41833 0.04 0.169579 0.600458
2.10681 -1.53069 0.04 0.184595 0.588749
2.35177 -1.52726 0.16 0.159222 0.557639
2.10681 -1.53069 0.04 0.184595 0.588749
2.26862 -1.64825 0.16 0.174819 0.546102
2.35177 -1.52726 0.16 0.159222 0.557639
2.35177 -1.52726 0.16 0.159222 0.557639
2.26862 -1.64825 0.16 0.174819 0.546102
2.5195 -1.63618 0.36 0.147715 0.50444
2.26862 -1.64825 0.16 0.174819 0.546102
2.43042 -1.7658 0.36 0.163405 0.492299
2.5195 -1.63618 0.36 0.147715 0.50444
2.5195 -1.63618 0.36 0.147715 0.50444
2.43042 -1.7658 0.36 0.163405 0.492299
2.68724 -1.74511 0.64 0.136014 0.438617
2.43042 -1.7658 0.36 0.163405 0.492299
2.59222 -1.88336 0.64 0.152317 0.426694
2.68724 -1.74511 0.64 0.136014 0.438617
2.68724 -1.74511 0.64 0.136014 0.438617
2.59222 -1.88336 0.64 0.152317 0.426694
2.85497 -1.85404 1 0.12577 0.361861
2.59222 -1.88336 0.64 0.152317 0.426694
2.75403 -2.00092 1 0.143126 0.349737
2.85497 -1.85404 1 0.12577 0.361861
2.85497 -1.85404 1 0.12577 0.361861
2.75403 -2.00092 1 0.143126 0.349737
3.02271 -1.96297 1.44 0.119383 0.275202
2.75403 -2.00092 1 0.143126 0.349737
2.91583 -2.11847 1.44 0.137378 0.263993
3.02271 -1.96297 1.44 0.119383 0.275202
3.02271 -1.96297 1.44 0.119383 0.275202
2.91583 -2.11847 1.44 0.137378 0.263993
3.19044 -2.0719 1.96 0.118378 0.184036
2.91583 -2.11847 1.44 0.137378 0.263993
3.07763 -2.23603 1.96 0.136795 0.174658
3.19044 -2.0719 1.96 0.118378 0.184036
3.19044 -2.0719 1.96 0.118378 0.184036
3.07763 -2.23603 1.96 0.136795 0.174658
3.35817 -2.18082 2.56 0.123493 0.0941488
3.07763 -2.23603 1.96 0.136795 0.174658
3.23944 -2.35359 2.56 0.142254 0.0855814
3.35817 -2.18082 2.56 0.123493 0.0941488
0.173205 -0.464281 -0 0.442728 0.997117
0.167734 -0.464281 -0 0.445124 0.997369
0.34641 -0.464281 -0 0.393374 0.987576
0.167734 -0.464281 -0 0.445124 0.997369
0.335468 -0.464281 -0 0.396803 0.988395
0.34641 -0.464281 -0 0.393374 0.987576
0.34641 -0.464281 -0 0.393374 0.987576
0.335468 -0.464281 -0 0.396803 0.988395
0.519615 -0.464281 -0 0.346022 0.97201
0.335468 -0.464281 -0 0.396803 0.988395
0.503202 -0.464281 -0 0.350232 0.973579
0.519615 -0.464281 -0 0.346022 0.97201
0.519615 -0.464281 -0 0.346022 0.97201
0.503202 -0.464281 -0 0.350232 0.973579
0.69282 -0.464281 -0 0.303396 0.953081
0.503202 -0.464281 -0 0.350232 0.973579
0.670936 -0.464281 -0 0.309045 0.955917
0.69282 -0.464281 -0 0.303396 0.953081
0.69282 -0.464281 -0 0.303396 0.953081
0.670936 -0.464281 -0 0.309045 0.955917
0.866025 -0.5 -0 0.267219 0.918912
0.670936 -0.464281 -0 0.309045 0.955917
0.838671 -0.544639 -0 0.275612 0.9082
0.866025 -0.5 -0 0.267219 0.918912
0.866025 -0.5 -0 0.267219 0.918912
0.838671 -0.544639 -0 0.275612 0.9082
1.03923 -0.6 -0 0.240854 0.866315
0.838671 -0.544639 -0 0.275612 0.9082
1.0064 -0.653567 -0 0.250445 0.854961
1.03923 -0.6 -0 0.240854 0.866315
1.03923 -0.6 -0 0.240854 0.866315
1.0064 -0.653567 -0 0.250445 0.854961
1.21244 -0.7 -0 0.219177 0.817939
1.0064 -0.653567 -0 0.250445 0.854961
1.17414 -0.762495 -0 0.229599 0.804874
1.21244 -0.7 -0 0.219177 0.817939
1.21244 -0.7 -0 0.219177 0.817939
1.17414 -0.762495 -0 0.229599 0.804874
1.38564 -0.8 -0 0.202443 0.774841
1.17414 -0.762495 -0 0.229599 0.804874
1.34187 -0.871422 -0 0.214073 0.761815
1.38564 -0.8 -0 0.202443 0.774841
1.38564 -0.8 -0 0.202443 0.774841
1.34187 -0.871422 -0 0.214073 0.761815
1.55885 -0.9 -0 0.189075 0.735296
1.34187 -0.871422 -0 0.214073 0.761815
1.50961 -0.98035 -0 0.201167 0.722077
1.55885 -0.9 -0 0.189075 0.735296
1.55885 -0.9 -0 0.189075 0.735296
1.50961 -0.98035 -0 0.201167 0.722077
1.73205 -1 -0 0.179053 0.701987
1.50961 -0.98035 -0 0.201167 0.722077
1.67734 -1.08928 -0 0.191671 0.688999
1.73205 -1 -0 0.179053 0.701987
1.73205 -1 -0 0.179053 0.701987
1.67734 -1.08928 -0 0.191671 0.688999
1.90526 -1.1 -0 0.170292 0.671488
1.67734 -1.08928 -0 0.191671 0.688999
1.84508 -1.19821 -0 0.18403 0.659307
1.90526 -1.1 -0 0.170292 0.671488
1.90526 -1.1 -0 0.170292 0.671488
1.84508 -1.19821 -0 0.18403 0.659307
2.25527 -1.30208 0.04 0.155364 0.613548
1.84508 -1.19821 -0 0.18403 0.659307
2.18404 -1.41833 0.04 0.169579 0.600458
2.25527 -1.30208 0.04 0.155364 0.613548
2.25527 -1.30208 0.04 0.155364 0.613548
2.18404 -1.41833 0.04 0.169579 0.600458
2.42848 -1.40208 0.16 0.144763 0.572617
2.18404 -1.41833 0.04 0.169579 0.600458
2.35177 -1.52726 0.16 0.159222 0.557639
2.42848 -1.40208 0.16 0.144763 0.572617
2.42848 -1.40208 0.16 0.144763 0.572617
2.35177 -1.52726 0.16 0.159222 0.557639
2.60168 -1.50208 0.36 0.132313 0.518301
2.35177 -1.52726 0.16 0.159222 0.557639
2.5195 -1.63618 0.36 0.147715 0.50444
2.60168 -1.50208 0.36 0.132313 0.518301
2.60168 -1.50208 0.36 0.132313 0.518301
2.5195 -1.63618 0.36 0.147715 0.50444
2.77489 -1.60208 0.64 0.119671 0.451176
2.5195 -1.63618 0.36 0.147715 0.50444
2.68724 -1.74511 0.64 0.136014 0.438617
2.77489 -1.60208 0.64 0.119671 0.451176
2.77489 -1.60208 0.64 0.119671 0.451176
2.68724 -1.74511 0.64 0.136014 0.438617
2.94809 -1.70208 1 0.108605 0.374155
2.68724 -1.74511 0.64 0.136014 0.438617
2.85497 -1.85404 1 0.12577 0.361861
2.94809 -1.70208 1 0.108605 0.374155
2.94809 -1.70208 1 0.108605 0.374155
2.85497 -1.85404 1 0.12577 0.361861
3.1213 -1.80208 1.44 0.101652 0.286261
2.85497 -1.85404 1 0.12577 0.361861
3.02271 -1.96297 1.44 0.119383 0.275202
3.1213 -1.80208 1.44 0.101652 0.286261
3.1213 -1.80208 1.44 0.101652 0.286261
3.02271 -1.96297 1.44 0.119383 0.275202
3.2945 -1.90208 1.96 0.100259 0.194876
3.02271 -1.96297 1.44 0.119383 0.275202
3.19044 -2.0719 1.96 0.118378 0.184036
3.2945 -1.90208 1.96 0.100259 0.194876
0.178201 -0.464281 -0 0.441532 0.996985
0.173205 -0.464281 -0 0.442728 0.997117
0.356403 -0.464281 -0 0.389961 0.98673
0.173205 -0.464281 -0 0.442728 0.997117
0.34641 -0.464281 -0 0.393374 0.987576
0.356403 -0.464281 -0 0.389961 0.98673
0.356403 -0.464281 -0 0.389961 0.98673
0.34641 -0.464281 -0 0.393374 0.987576
0.534604 -0.464281 -0 0.342891 0.970809
0.34641 -0.464281 -0 0.393374 0.987576
0.519615 -0.464281 -0 0.346022 0.97201
0.534604 -0.464281 -0 0.342891 0.970809
0.534604 -0.464281 -0 0.342891 0.970809
0.519615 -0.464281 -0 0.346022 0.97201
0.712805 -0.464281 -0 0.298763 0.95068
0.519615 -0.464281 -0 0.346022 0.97201
0.69282 -0.464281 -0 0.303396 0.953081
0.712805 -0.464281 -0 0.298763 0.95068
0.712805 -0.464281 -0 0.298763 0.95068
0.69282 -0.464281 -0 0.303396 0.953081
0.891007 -0.464281 -0 0.259847 0.926851
0.69282 -0.464281 -0 0.303396 0.953081
0.866025 -0.5 -0 0.267219 0.918912
0.891007 -0.464281 -0 0.259847 0.926851
0.891007 -0.464281 -0 0.259847 0.926851
0.866025 -0.5 -0 0.267219 0.918912
1.06921 -0.544789 -0 0.231883 0.878754
0.866025 -0.5 -0 0.267219 0.918912
1.03923 -0.6 -0 0.240854 0.866315
1.06921 -0.544789 -0 0.231883 0.878754
1.06921 -0.544789 -0 0.231883 0.878754
1.03923 -0.6 -0 0.240854 0.866315
1.24741 -0.635587 -0 0.209347 0.830938
1.03923 -0.6 -0 0.240854 0.866315
1.21244 -0.7 -0 0.219177 0.817939
1.24741 -0.635587 -0 0.209347 0.830938
1.24741 -0.635587 -0 0.209347 0.830938
1.21244 -0.7 -0 0.219177 0.817939
1.42561 -0.726385 -0 0.191698 0.788029
1.21244 -0.7 -0 0.219177 0.817939
1.38564 -0.8 -0 0.202443 0.774841
1.42561 -0.726385 -0 0.191698 0.788029
1.42561 -0.726385 -0 0.191698 0.788029
1.38564 -0.8 -0 0.202443 0.774841
1.60381 -0.817183 -0 0.177699 0.749973
1.38564 -0.8 -0 0.202443 0.774841
1.55885 -0.9 -0 0.189075 0.735296
1.60381 -0.817183 -0 0.177699 0.749973
1.60381 -0.817183 -0 0.177699 0.749973
1.55885 -0.9 -0 0.189075 0.735296
1.78201 -0.907981 -0 0.166726 0.71636
1.55885 -0.9 -0 0.189075 0.735296
1.73205 -1 -0 0.179053 0.701987
1.78201 -0.907981 -0 0.166726 0.71636
1.78201 -0.907981 -0 0.166726 0.71636
1.73205 -1 -0 0.179053 0.701987
1.96021 -0.998779 -0 0.157654 0.685779
1.73205 -1 -0 0.179053 0.701987
1.90526 -1.1 -0 0.170292 0.671488
1.96021 -0.998779 -0 0.157654 0.685779
1.96021 -0.998779 -0 0.157654 0.685779
1.90526 -1.1 -0 0.170292 0.671488
2.32033 -1.18227 0.04 0.141959 0.628818
1.90526 -1.1 -0 0.170292 0.671488
2.25527 -1.30208 0.04 0.155364 0.613548
2.32033 -1.18227 0.04 0.141959 0.628818
2.32033 -1.18227 0.04 0.141959 0.628818
2.25527 -1.30208 0.04 0.155364 0.613548
2.49853 -1.27306 0.16 0.130636 0.586319
2.25527 -1.30208 0.04 0.155364 0.613548
2.42848 -1.40208 0.16 0.144763 0.572617
2.49853 -1.27306 0.16 0.130636 0.586319
2.49853 -1.27306 0.16 0.130636 0.586319
2.42848 -1.40208 0.16 0.144763 0.572617
2.67673 -1.36386 0.36 0.11704 0.531266
2.42848 -1.40208 0.16 0.144763 0.572617
2.60168 -1.50208 0.36 0.132313 0.518301
2.67673 -1.36386 0.36 0.11704 0.531266
2.67673 -1.36386 0.36 0.11704 0.531266
2.60168 -1.50208 0.36 0.132313 0.518301
2.85493 -1.45466 0.64 0.103839 0.465281
2.60168 -1.50208 0.36 0.132313 0.518301
2.77489 -1.60208 0.64 0.119671 0.451176
2.85493 -1.45466 0.64 0.103839 0.465281
2.85493 -1.45466 0.64 0.103839 0.465281
2.77489 -1.60208 0.64 0.119671 0.451176
3.03313 -1.54546 1 0.0920052 0.387675
2.77489 -1.60208 0.64 0.119671 0.451176
2.94809 -1.70208 1 0.108605 0.374155
3.03313 -1.54546 1 0.0920052 0.387675
3.03313 -1.54546 1 0.0920052 0.387675
2.94809 -1.70208 1 0.108605 0.374155
3.21133 -1.63626 1.44 0.0843885 0.298715
2.94809 -1.70208 1 0.108605 0.374155
3.1213 -1.80208 1.44 0.101652 0.286261
3.21133 -1.63626 1.44 0.0843885 0.298715
0.182709 -0.464281 -0 0.440336 0.996849
0.178201 -0.464281 -0 0.441532 0.996985
0.365418 -0.464281 -0 0.387695 0.986149
0.178201 -0.464281 -0 0.441532 0.996985
0.356403 -0.464281 -0 0.389961 0.98673
0.365418 -0.464281 -0 0.387695 0.986149
0.365418 -0.464281 -0 0.387695 0.986149
0.356403 -0.464281 -0 0.389961 0.98673
0.548127 -0.464281 -0 0.338752 0.969176
0.356403 -0.464281 -0 0.389961 0.98673
0.534604 -0.464281 -0 0.342891 0.970809
0.548127 -0.464281 -0 0.338752 0.969176
0.548127 -0.464281 -0 0.338752 0.969176
0.534604 -0.464281 -0 0.342891 0.970809
0.730836 -0.464281 -0 0.295107 0.948735
0.534604 -0.464281 -0 0.342891 0.970809
0.712805 -0.464281 -0 0.298763 0.95068
0.730836 -0.464281 -0 0.295107 0.948735
0.730836 -0.464281 -0 0.295107 0.948735
0.712805 -0.464281 -0 0.298763 0.95068
0.913545 -0.464281 -0 0.255118 0.923695
0.712805 -0.464281 -0 0.298763 0.95068
0.891007 -0.464281 -0 0.259847 0.926851
0.913545 -0.464281 -0 0.255118 0.923695
0.913545 -0.464281 -0 0.255118 0.923695
0.891007 -0.464281 -0 0.259847 0.926851
1.09625 -0.488084 -0 0.222998 0.891242
0.891007 -0.464281 -0 0.259847 0.926851
1.06921 -0.544789 -0 0.231883 0.878754
1.09625 -0.488084 -0 0.222998 0.891242
1.09625 -0.488084 -0 0.222998 0.891242
1.06921 -0.544789 -0 0.231883 0.878754
1.27896 -0.569431 -0 0.199932 0.844298
1.06921 -0.544789 -0 0.231883 0.878754
1.24741 -0.635587 -0 0.209347 0.830938
1.27896 -0.569431 -0 0.199932 0.844298
1.27896 -0.569431 -0 0.199932 0.844298
1.24741 -0.635587 -0 0.209347 0.830938
1.46167 -0.650779 -0 0.181659 0.801899
1.24741 -0.635587 -0 0.209347 0.830938
1.42561 -0.726385 -0 0.191698 0.788029
1.46167 -0.650779 -0 0.181659 0.801899
1.46167 -0.650779 -0 0.181659 0.801899
1.42561 -0.726385 -0 0.191698 0.788029
1.64438 -0.732126 -0 0.16701 0.764021
1.42561 -0.726385 -0 0.191698 0.788029
1.60381 -0.817183 -0 0.177699 0.749973
1.64438 -0.732126 -0 0.16701 0.764021
1.64438 -0.732126 -0 0.16701 0.764021
1.60381 -0.817183 -0 0.177699 0.749973
1.82709 -0.813473 -0 0.155622 0.731777
1.60381 -0.817183 -0 0.177699 0.749973
1.78201 -0.907981 -0 0.166726 0.71636
1.82709 -0.813473 -0 0.155622 0.731777
1.82709 -0.813473 -0 0.155622 0.731777
1.78201 -0.907981 -0 0.166726 0.71636
2.0098 -0.894821 -0 0.145875 0.701013
1.78201 -0.907981 -0 0.166726 0.71636
1.96021 -0.998779 -0 0.157654 0.685779
2.0098 -0.894821 -0 0.145875 0.701013
2.0098 -0.894821 -0 0.145875 0.701013
1.96021 -0.998779 -0 0.157654 0.685779
2.37902 -1.05921 0.04 0.129157 0.643547
1.96021 -0.998779 -0 0.157654 0.685779
2.32033 -1.18227 0.04 0.141959 0.628818
2.37902 -1.05921 0.04 0.129157 0.643547
2.37902 -1.05921 0.04 0.129157 0.643547
2.32033 -1.18227 0.04 0.141959 0.628818
2.56173 -1.14056 0.16 0.116883 0.601134
2.32033 -1.18227 0.04 0.141959 0.628818
2.49853 -1.27306 0.16 0.130636 0.586319
2.56173 -1.14056 0.16 0.116883 0.601134
2.56173 -1.14056 0.16 0.116883 0.601134
2.49853 -1.27306 0.16 0.130636 0.586319
2.74444 -1.2219 0.36 0.10284 0.547403
2.49853 -1.27306 0.16 0.130636 0.586319
2.67673 -1.36386 0.36 0.11704 0.531266
2.74444 -1.2219 0.36 0.10284 0.547403
2.74444 -1.2219 0.36 0.10284 0.547403
2.67673 -1.36386 0.36 0.11704 0.531266
2.92715 -1.30325 0.64 0.0883316 0.479946
2.67673 -1.36386 0.36 0.11704 0.531266
2.85493 -1.45466 0.64 0.103839 0.465281
2.92715 -1.30325 0.64 0.0883316 0.479946
2.92715 -1.30325 0.64 0.0883316 0.479946
2.85493 -1.45466 0.64 0.103839 0.465281
3.10986 -1.3846 1 0.0758356 0.400868
2.85493 -1.45466 0.64 0.103839 0.465281
3.03313 -1.54546 1 0.0920052 0.387675
3.10986 -1.3846 1 0.0758356 0.400868
0.186716 -0.464281 -0 0.439142 0.996709
0.182709 -0.464281 -0 0.440336 0.996849
0.373432 -0.464281 -0 0.385437 0.985557
0.182709 -0.464281 -0 0.440336 0.996849
0.365418 -0.464281 -0 0.387695 0.986149
0.373432 -0.464281 -0 0.385437 0.985557
0.373432 -0.464281 -0 0.385437 0.985557
0.365418 -0.464281 -0 0.387695 0.986149
0.560148 -0.464281 -0 0.335675 0.967928
0.365418 -0.464281 -0 0.387695 0.986149
0.548127 -0.464281 -0 0.338752 0.969176
0.560148 -0.464281 -0 0.335675 0.967928
0.560148 -0.464281 -0 0.335675 0.967928
0.548127 -0.464281 -0 0.338752 0.969176
0.746864 -0.464281 -0 0.291185 0.945772
0.548127 -0.464281 -0 0.338752 0.969176
0.730836 -0.464281 -0 0.295107 0.948735
0.746864 -0.464281 -0 0.291185 0.945772
0.746864 -0.464281 -0 0.291185 0.945772
0.730836 -0.464281 -0 0.295107 0.948735
0.93358 -0.464281 -0 0.251251 0.921053
0.730836 -0.464281 -0 0.295107 0.948735
0.913545 -0.464281 -0 0.255118 0.923695
0.93358 -0.464281 -0 0.251251 0.921053
0.93358 -0.464281 -0 0.251251 0.921053
0.913545 -0.464281 -0 0.255118 0.923695
1.1203 -0.464281 -0 0.217717 0.894962
0.913545 -0.464281 -0 0.255118 0.923695
1.09625 -0.488084 -0 0.222998 0.891242
1.1203 -0.464281 -0 0.217717 0.894962
1.1203 -0.464281 -0 0.217717 0.894962
1.09625 -0.488084 -0 0.222998 0.891242
1.30701 -0.501715 -0 0.190903 0.858156
1.09625 -0.488084 -0 0.222998 0.891242
1.27896 -0.569431 -0 0.199932 0.844298
1.30701 -0.501715 -0 0.190903 0.858156
1.30701 -0.501715 -0 0.190903 0.858156
1.27896 -0.569431 -0 0.199932 0.844298
1.49373 -0.573389 -0 0.172099 0.817347
1.27896 -0.569431 -0 0.199932 0.844298
1.46167 -0.650779 -0 0.181659 0.801899
1.49373 -0.573389 -0 0.172099 0.817347
1.49373 -0.573389 -0 0.172099 0.817347
1.46167 -0.650779 -0 0.181659 0.801899
1.68044 -0.645062 -0 0.156609 0.77965
1.46167 -0.650779 -0 0.181659 0.801899
1.64438 -0.732126 -0 0.16701 0.764021
1.68044 -0.645062 -0 0.156609 0.77965
1.68044 -0.645062 -0 0.156609 0.77965
1.64438 -0.732126 -0 0.16701 0.764021
1.86716 -0.716736 -0 0.144124 0.745927
1.64438 -0.732126 -0 0.16701 0.764021
1.82709 -0.813473 -0 0.155622 0.731777
1.86716 -0.716736 -0 0.144124 0.745927
1.86716 -0.716736 -0 0.144124 0.745927
1.82709 -0.813473 -0 0.155622 0.731777
2.05388 -0.788409 -0 0.13466 0.717101
1.82709 -0.813473 -0 0.155622 0.731777
2.0098 -0.894821 -0 0.145875 0.701013
2.05388 -0.788409 -0 0.13466 0.717101
2.05388 -0.788409 -0 0.13466 0.717101
2.0098 -0.894821 -0 0.145875 0.701013
2.4312 -0.933249 0.04 0.116683 0.659231
2.0098 -0.894821 -0 0.145875 0.701013
2.37902 -1.05921 0.04 0.129157 0.643547
2.4312 -0.933249 0.04 0.116683 0.659231
2.4312 -0.933249 0.04 0.116683 0.659231
2.37902 -1.05921 0.04 0.129157 0.643547
2.61791 -1.00492 0.16 0.103994 0.617315
2.37902 -1.05921 0.04 0.129157 0.643547
2.56173 -1.14056 0.16 0.116883 0.601134
2.61791 -1.00492 0.16 0.103994 0.617315
2.61791 -1.00492 0.16 0.103994 0.617315
2.56173 -1.14056 0.16 0.116883 0.601134
2.80463 -1.0766 0.36 0.0889562 0.563284
2.56173 -1.14056 0.16 0.116883 0.601134
2.74444 -1.2219 0.36 0.10284 0.547403
2.80463 -1.0766 0.36 0.0889562 0.563284
2.80463 -1.0766 0.36 0.0889562 0.563284
2.74444 -1.2219 0.36 0.10284 0.547403
2.99134 -1.14827 0.64 0.0736411 0.496559
2.74444 -1.2219 0.36 0.10284 0.547403
2.92715 -1.30325 0.64 0.0883316 0.479946
2.99134 -1.14827 0.64 0.0736411 0.496559
2.99134 -1.14827 0.64 0.0736411 0.496559
2.92715 -1.30325 0.64 0.0883316 0.479946
3.17806 -1.21994 1 0.0599555 0.416826
2.92715 -1.30325 0.64 0.0883316 0.479946
3.10986 -1.3846 1 0.0758356 0.400868
3.17806 -1.21994 1 0.0599555 0.416826
0.190211 -0.464281 -0 0.437948 0.996566
0.186716 -0.464281 -0 0.439142 0.996709
0.380423 -0.464281 -0 0.384311 0.985256
0.186716 -0.464281 -0 0.439142 0.996709
0.373432 -0.464281 -0 0.385437 0.985557
0.380423 -0.464281 -0 0.384311 0.985256
0.380423 -0.464281 -0 0.384311 0.985256
0.373432 -0.464281 -0 0.385437 0.985557
0.570634 -0.464281 -0 0.333636 0.967085
0.373432 -0.464281 -0 0.385437 0.985557
0.560148 -0.464281 -0 0.335675 0.967928
0.570634 -0.464281 -0 0.333636 0.967085
0.570634 -0.464281 -0 0.333636 0.967085
0.560148 -0.464281 -0 0.335675 0.967928
0.760845 -0.464281 -0 0.287615 0.943786
0.560148 -0.464281 -0 0.335675 0.967928
0.746864 -0.464281 -0 0.291185 0.945772
0.760845 -0.464281 -0 0.287615 0.943786
0.760845 -0.464281 -0 0.287615 0.943786
0.746864 -0.464281 -0 0.291185 0.945772
0.951057 -0.464281 -0 0.248205 0.918933
0.746864 -0.464281 -0 0.291185 0.945772
0.93358 -0.464281 -0 0.251251 0.921053
0.951057 -0.464281 -0 0.248205 0.918933
0.951057 -0.464281 -0 0.248205 0.918933
0.93358 -0.464281 -0 0.251251 0.921053
1.14127 -0.464281 -0 0.21387 0.891772
0.93358 -0.464281 -0 0.251251 0.921053
1.1203 -0.464281 -0 0.217717 0.894962
1.14127 -0.464281 -0 0.21387 0.891772
1.14127 -0.464281 -0 0.21387 0.891772
1.1203 -0.464281 -0 0.217717 0.894962
1.33148 -0.464281 -0 0.185132 0.865144
1.1203 -0.464281 -0 0.217717 0.894962
1.30701 -0.501715 -0 0.190903 0.858156
1.33148 -0.464281 -0 0.185132 0.865144
1.33148 -0.464281 -0 0.185132 0.865144
1.30701 -0.501715 -0 0.190903 0.858156
1.52169 -0.494427 -0 0.163381 0.833378
1.30701 -0.501715 -0 0.190903 0.858156
1.49373 -0.573389 -0 0.172099 0.817347
1.52169 -0.494427 -0 0.163381 0.833378
1.52169 -0.494427 -0 0.163381 0.833378
1.49373 -0.573389 -0 0.172099 0.817347
1.7119 -0.556231 -0 0.146987 0.795785
1.49373 -0.573389 -0 0.172099 0.817347
1.68044 -0.645062 -0 0.156609 0.77965
1.7119 -0.556231 -0 0.146987 0.795785
1.7119 -0.556231 -0 0.146987 0.795785
1.68044 -0.645062 -0 0.156609 0.77965
1.90211 -0.618034 -0 0.134018 0.762402
1.68044 -0.645062 -0 0.156609 0.77965
1.86716 -0.716736 -0 0.144124 0.745927
1.90211 -0.618034 -0 0.134018 0.762402
1.90211 -0.618034 -0 0.134018 0.762402
1.86716 -0.716736 -0 0.144124 0.745927
2.09232 -0.679837 -0 0.123641 0.733255
1.86716 -0.716736 -0 0.144124 0.745927
2.05388 -0.788409 -0 0.13466 0.717101
2.09232 -0.679837 -0 0.123641 0.733255
2.09232 -0.679837 -0 0.123641 0.733255
2.05388 -0.788409 -0 0.13466 0.717101
2.47671 -0.804731 0.04 0.10508 0.67582
2.05388 -0.788409 -0 0.13466 0.717101
2.4312 -0.933249 0.04 0.116683 0.659231
2.47671 -0.804731 0.04 0.10508 0.67582
2.47671 -0.804731 0.04 0.10508 0.67582
2.4312 -0.933249 0.04 0.116683 0.659231
2.66692 -0.866534 0.16 0.0914432 0.633845
2.4312 -0.933249 0.04 0.116683 0.659231
2.61791 -1.00492 0.16 0.103994 0.617315
2.66692 -0.866534 0.16 0.0914432 0.633845
2.66692 -0.866534 0.16 0.0914432 0.633845
2.61791 -1.00492 0.16 0.103994 0.617315
2.85713 -0.928337 0.36 0.0755349 0.579665
2.61791 -1.00492 0.16 0.103994 0.617315
2.80463 -1.0766 0.36 0.0889562 0.563284
2.85713 -0.928337 0.36 0.0755349 0.579665
2.85713 -0.928337 0.36 0.0755349 0.579665
2.80463 -1.0766 0.36 0.0889562 0.563284
3.04734 -0.990141 0.64 0.0593659 0.513004
2.80463 -1.0766 0.36 0.0889562 0.563284
2.99134 -1.14827 0.64 0.0736411 0.496559
3.04734 -0.990141 0.64 0.0593659 0.513004
0.193185 -0.464281 -0 0.436755 0.996419
0.190211 -0.464281 -0 0.437948 0.996566
0.38637 -0.464281 -0 0.382065 0.984645
0.190211 -0.464281 -0 0.437948 0.996566
0.380423 -0.464281 -0 0.384311 0.985256
0.38637 -0.464281 -0 0.382065 0.984645
0.38637 -0.464281 -0 0.382065 0.984645
0.380423 -0.464281 -0 0.384311 0.985256
0.579556 -0.464281 -0 0.330597 0.965806
0.380423 -0.464281 -0 0.384311 0.985256
0.570634 -0.464281 -0 0.333636 0.967085
0.579556 -0.464281 -0 0.330597 0.965806
0.579556 -0.464281 -0 0.330597 0.965806
0.570634 -0.464281 -0 0.333636 0.967085
0.772741 -0.464281 -0 0.284966 0.942285
0.570634 -0.464281 -0 0.333636 0.967085
0.760845 -0.464281 -0 0.287615 0.943786
0.772741 -0.464281 -0 0.284966 0.942285
0.772741 -0.464281 -0 0.284966 0.942285
0.760845 -0.464281 -0 0.287615 0.943786
0.965926 -0.464281 -0 0.245201 0.916808
0.760845 -0.464281 -0 0.287615 0.943786
0.951057 -0.464281 -0 0.248205 0.918933
0.965926 -0.464281 -0 0.245201 0.916808
0.965926 -0.464281 -0 0.245201 0.916808
0.951057 -0.464281 -0 0.248205 0.918933
1.15911 -0.464281 -0 0.211352 0.88965
0.951057 -0.464281 -0 0.248205 0.918933
1.14127 -0.464281 -0 0.21387 0.891772
1.15911 -0.464281 -0 0.211352 0.88965
1.15911 -0.464281 -0 0.211352 0.88965
1.14127 -0.464281 -0 0.21387 0.891772
1.3523 -0.464281 -0 0.182514 0.8626
1.14127 -0.464281 -0 0.21387 0.891772
1.33148 -0.464281 -0 0.185132 0.865144
1.3523 -0.464281 -0 0.182514 0.8626
1.3523 -0.464281 -0 0.182514 0.8626
1.33148 -0.464281 -0 0.185132 0.865144
1.54548 -0.464281 -0 0.158118 0.836524
1.33148 -0.464281 -0 0.185132 0.865144
1.52169 -0.494427 -0 0.163381 0.833378
1.54548 -0.464281 -0 0.158118 0.836524
1.54548 -0.464281 -0 0.158118 0.836524
1.52169 -0.494427 -0 0.163381 0.833378
1.73867 -0.465874 -0 0.138238 0.812796
1.52169 -0.494427 -0 0.163381 0.833378
1.7119 -0.556231 -0 0.146987 0.795785
1.73867 -0.465874 -0 0.138238 0.812796
1.73867 -0.465874 -0 0.138238 0.812796
1.7119 -0.556231 -0 0.146987 0.795785
1.93185 -0.517638 -0 0.124454 0.779382
1.7119 -0.556231 -0 0.146987 0.795785
1.90211 -0.618034 -0 0.134018 0.762402
1.93185 -0.517638 -0 0.124454 0.779382
1.93185 -0.517638 -0 0.124454 0.779382
1.90211 -0.618034 -0 0.134018 0.762402
2.12504 -0.569402 -0 0.113595 0.750382
1.90211 -0.618034 -0 0.134018 0.762402
2.09232 -0.679837 -0 0.123641 0.733255
2.12504 -0.569402 -0 0.113595 0.750382
2.12504 -0.569402 -0 0.113595 0.750382
2.09232 -0.679837 -0 0.123641 0.733255
2.51543 -0.674007 0.04 0.0939646 0.693787
2.09232 -0.679837 -0 0.123641 0.733255
2.47671 -0.804731 0.04 0.10508 0.67582
2.51543 -0.674007 0.04 0.0939646 0.693787
2.51543 -0.674007 0.04 0.0939646 0.693787
2.47671 -0.804731 0.04 0.10508 0.67582
2.70861 -0.725771 0.16 0.07956 0.651653
2.47671 -0.804731 0.04 0.10508 0.67582
2.66692 -0.866534 0.16 0.0914432 0.633845
2.70861 -0.725771 0.16 0.07956 0.651653
0.19563 -0.464281 -0 0.436755 0.996419
0.193185 -0.464281 -0 0.436755 0.996419
0.391259 -0.464281 -0 0.380945 0.984335
0.193185 -0.464281 -0 0.436755 0.996419
0.38637 -0.464281 -0 0.382065 0.984645
0.391259 -0.464281 -0 0.380945 0.984335
0.391259 -0.464281 -0 0.380945 0.984335
0.38637 -0.464281 -0 0.382065 0.984645
0.586889 -0.464281 -0 0.32959 0.965376
0.38637 -0.464281 -0 0.382065 0.984645
0.579556 -0.464281 -0 0.330597 0.965806
0.586889 -0.464281 -0 0.32959 0.965376
0.586889 -0.464281 -0 0.32959 0.965376
0.579556 -0.464281 -0 0.330597 0.965806
0.782518 -0.464281 -0 0.283214 0.941279
0.579556 -0.464281 -0 0.330597 0.965806
0.772741 -0.464281 -0 0.284966 0.942285
0.782518 -0.464281 -0 0.283214 0.941279
0.782518 -0.464281 -0 0.283214 0.941279
0.772741 -0.464281 -0 0.284966 0.942285
0.978148 -0.464281 -0 0.242976 0.915212
0.772741 -0.464281 -0 0.284966 0.942285
0.965926 -0.464281 -0 0.245201 0.916808
0.978148 -0.464281 -0 0.242976 0.915212
0.978148 -0.464281 -0 0.242976 0.915212
0.965926 -0.464281 -0 0.245201 0.916808
1.17378 -0.464281 -0 0.208871 0.887532
0.965926 -0.464281 -0 0.245201 0.916808
1.15911 -0.464281 -0 0.211352 0.88965
1.17378 -0.464281 -0 0.208871 0.887532
1.17378 -0.464281 -0 0.208871 0.887532
1.15911 -0.464281 -0 0.211352 0.88965
1.36941 -0.464281 -0 0.179945 0.86007
1.15911 -0.464281 -0 0.211352 0.88965
1.3523 -0.464281 -0 0.182514 0.8626
1.36941 -0.464281 -0 0.179945 0.86007
1.36941 -0.464281 -0 0.179945 0.86007
1.3523 -0.464281 -0 0.182514 0.8626
1.56504 -0.464281 -0 0.155993 0.834168
1.3523 -0.464281 -0 0.182514 0.8626
1.54548 -0.464281 -0 0.158118 0.836524
1.56504 -0.464281 -0 0.155993 0.834168
1.56504 -0.464281 -0 0.155993 0.834168
1.54548 -0.464281 -0 0.158118 0.836524
1.76067 -0.464281 -0 0.135767 0.809772
1.54548 -0.464281 -0 0.158118 0.836524
1.73867 -0.465874 -0 0.138238 0.812796
1.76067 -0.464281 -0 0.135767 0.809772
1.76067 -0.464281 -0 0.135767 0.809772
1.73867 -0.465874 -0 0.138238 0.812796
1.9563 -0.464281 -0 0.118909 0.788083
1.73867 -0.465874 -0 0.138238 0.812796
1.93185 -0.517638 -0 0.124454 0.779382
1.9563 -0.464281 -0 0.118909 0.788083
1.9563 -0.464281 -0 0.118909 0.788083
1.93185 -0.517638 -0 0.124454 0.779382
2.15192 -0.464281 -0 0.104616 0.767516
1.93185 -0.517638 -0 0.124454 0.779382
2.12504 -0.569402 -0 0.113595 0.750382
2.15192 -0.464281 -0 0.104616 0.767516
2.15192 -0.464281 -0 0.104616 0.767516
2.12504 -0.569402 -0 0.113595 0.750382
2.54726 -0.541436 0.04 0.0833558 0.711654
2.12504 -0.569402 -0 0.113595 0.750382
2.51543 -0.674007 0.04 0.0939646 0.693787
2.54726 -0.541436 0.04 0.0833558 0.711654
